sample_id,modality,bin_index,bin_start_sec,bin_end_sec,source_count,valid,aggregation,alignment_method,quality_status,source_time_min,source_time_max
-3g5yACwYnA_13,audio,0,0.0,0.11019999999999999,10,1,mean,equal_duration_50_bins,PASS,,
-3g5yACwYnA_13,audio,1,0.11019999999999999,0.22039999999999998,11,1,mean,equal_duration_50_bins,PASS,,
-3g5yACwYnA_13,audio,2,0.22039999999999998,0.3306,11,1,mean,equal_duration_50_bins,PASS,,
-3g5yACwYnA_13,audio,3,0.3306,0.44079999999999997,11,1,mean,equal_duration_50_bins,PASS,,
-3g5yACwYnA_13,audio,4,0.44079999999999997,0.5509999999999999,11,1,mean,equal_duration_50_bins,PASS,,
-3g5yACwYnA_13,audio,5,0.5509999999999999,0.6612,11,1,mean,equal_duration_50_bins,PASS,,
-3g5yACwYnA_13,audio,6,0.6612,0.7714,11,1,mean,equal_duration_50_bins,PASS,,
-3g5yACwYnA_13,audio,7,0.7714,0.8815999999999999,11,1,mean,equal_duration_50_bins,PASS,,
-3g5yACwYnA_13,audio,8,0.8815999999999999,0.9917999999999999,11,1,mean,equal_duration_50_bins,PASS,,
-3g5yACwYnA_13,audio,9,0.9917999999999999,1.1019999999999999,11,1,mean,equal_duration_50_bins,PASS,,
-3g5yACwYnA_13,audio,10,1.1019999999999999,1.2122,11,1,mean,equal_duration_50_bins,PASS,,
-3g5yACwYnA_13,audio,11,1.2122,1.3224,11,1,mean,equal_duration_50_bins,PASS,,
-3g5yACwYnA_13,audio,12,1.3224,1.4325999999999999,12,1,mean,equal_duration_50_bins,PASS,,
-3g5yACwYnA_13,audio,13,1.4325999999999999,1.5428,11,1,mean,equal_duration_50_bins,PASS,,
-3g5yACwYnA_13,audio,14,1.5428,1.6529999999999998,11,1,mean,equal_duration_50_bins,PASS,,
-3g5yACwYnA_13,audio,15,1.6529999999999998,1.7631999999999999,11,1,mean,equal_duration_50_bins,PASS,,
-3g5yACwYnA_13,audio,16,1.7631999999999999,1.8734,11,1,mean,equal_duration_50_bins,PASS,,
-3g5yACwYnA_13,audio,17,1.8734,1.9835999999999998,11,1,mean,equal_duration_50_bins,PASS,,
-3g5yACwYnA_13,audio,18,1.9835999999999998,2.0938,11,1,mean,equal_duration_50_bins,PASS,,
-3g5yACwYnA_13,audio,19,2.0938,2.2039999999999997,11,1,mean,equal_duration_50_bins,PASS,,
-3g5yACwYnA_13,audio,20,2.2039999999999997,2.3142,11,1,mean,equal_duration_50_bins,PASS,,
-3g5yACwYnA_13,audio,21,2.3142,2.4244,11,1,mean,equal_duration_50_bins,PASS,,
-3g5yACwYnA_13,audio,22,2.4244,2.5345999999999997,11,1,mean,equal_duration_50_bins,PASS,,
-3g5yACwYnA_13,audio,23,2.5345999999999997,2.6448,11,1,mean,equal_duration_50_bins,PASS,,
-3g5yACwYnA_13,audio,24,2.6448,2.755,11,1,mean,equal_duration_50_bins,PASS,,
-3g5yACwYnA_13,audio,25,2.755,2.8651999999999997,11,1,mean,equal_duration_50_bins,PASS,,
-3g5yACwYnA_13,audio,26,2.8651999999999997,2.9753999999999996,11,1,mean,equal_duration_50_bins,PASS,,
-3g5yACwYnA_13,audio,27,2.9753999999999996,3.0856,11,1,mean,equal_duration_50_bins,PASS,,
-3g5yACwYnA_13,audio,28,3.0856,3.1957999999999998,11,1,mean,equal_duration_50_bins,PASS,,
-3g5yACwYnA_13,audio,29,3.1957999999999998,3.3059999999999996,11,1,mean,equal_duration_50_bins,PASS,,
-3g5yACwYnA_13,audio,30,3.3059999999999996,3.4162,11,1,mean,equal_duration_50_bins,PASS,,
-3g5yACwYnA_13,audio,31,3.4162,3.5263999999999998,11,1,mean,equal_duration_50_bins,PASS,,
-3g5yACwYnA_13,audio,32,3.5263999999999998,3.6365999999999996,11,1,mean,equal_duration_50_bins,PASS,,
-3g5yACwYnA_13,audio,33,3.6365999999999996,3.7468,11,1,mean,equal_duration_50_bins,PASS,,
-3g5yACwYnA_13,audio,34,3.7468,3.8569999999999998,11,1,mean,equal_duration_50_bins,PASS,,
-3g5yACwYnA_13,audio,35,3.8569999999999998,3.9671999999999996,11,1,mean,equal_duration_50_bins,PASS,,
-3g5yACwYnA_13,audio,36,3.9671999999999996,4.0774,11,1,mean,equal_duration_50_bins,PASS,,
-3g5yACwYnA_13,audio,37,4.0774,4.1876,11,1,mean,equal_duration_50_bins,PASS,,
-3g5yACwYnA_13,audio,38,4.1876,4.2978,11,1,mean,equal_duration_50_bins,PASS,,
-3g5yACwYnA_13,audio,39,4.2978,4.4079999999999995,11,1,mean,equal_duration_50_bins,PASS,,
-3g5yACwYnA_13,audio,40,4.4079999999999995,4.5182,11,1,mean,equal_duration_50_bins,PASS,,
-3g5yACwYnA_13,audio,41,4.5182,4.6284,11,1,mean,equal_duration_50_bins,PASS,,
-3g5yACwYnA_13,audio,42,4.6284,4.7386,11,1,mean,equal_duration_50_bins,PASS,,
-3g5yACwYnA_13,audio,43,4.7386,4.8488,11,1,mean,equal_duration_50_bins,PASS,,
-3g5yACwYnA_13,audio,44,4.8488,4.959,11,1,mean,equal_duration_50_bins,PASS,,
-3g5yACwYnA_13,audio,45,4.959,5.0691999999999995,11,1,mean,equal_duration_50_bins,PASS,,
-3g5yACwYnA_13,audio,46,5.0691999999999995,5.179399999999999,11,1,mean,equal_duration_50_bins,PASS,,
-3g5yACwYnA_13,audio,47,5.179399999999999,5.2896,11,1,mean,equal_duration_50_bins,PASS,,
-3g5yACwYnA_13,audio,48,5.2896,5.3998,10,1,mean,equal_duration_50_bins,PASS,,
-3g5yACwYnA_13,audio,49,5.3998,5.51,0,0,mean,equal_duration_50_bins,PASS,,
-3g5yACwYnA_3,audio,0,0.0,0.2878,28,1,mean,equal_duration_50_bins,PASS,,
-3g5yACwYnA_3,audio,1,0.2878,0.5756,29,1,mean,equal_duration_50_bins,PASS,,
-3g5yACwYnA_3,audio,2,0.5756,0.8634000000000001,29,1,mean,equal_duration_50_bins,PASS,,
-3g5yACwYnA_3,audio,3,0.8634000000000001,1.1512,28,1,mean,equal_duration_50_bins,PASS,,
-3g5yACwYnA_3,audio,4,1.1512,1.439,29,1,mean,equal_duration_50_bins,PASS,,
-3g5yACwYnA_3,audio,5,1.439,1.7268000000000001,29,1,mean,equal_duration_50_bins,PASS,,
-3g5yACwYnA_3,audio,6,1.7268000000000001,2.0146,29,1,mean,equal_duration_50_bins,PASS,,
-3g5yACwYnA_3,audio,7,2.0146,2.3024,28,1,mean,equal_duration_50_bins,PASS,,
-3g5yACwYnA_3,audio,8,2.3024,2.5902,29,1,mean,equal_duration_50_bins,PASS,,
-3g5yACwYnA_3,audio,9,2.5902,2.878,29,1,mean,equal_duration_50_bins,PASS,,
-3g5yACwYnA_3,audio,10,2.878,3.1658000000000004,29,1,mean,equal_duration_50_bins,PASS,,
-3g5yACwYnA_3,audio,11,3.1658000000000004,3.4536000000000002,29,1,mean,equal_duration_50_bins,PASS,,
-3g5yACwYnA_3,audio,12,3.4536000000000002,3.7414,28,1,mean,equal_duration_50_bins,PASS,,
-3g5yACwYnA_3,audio,13,3.7414,4.0292,29,1,mean,equal_duration_50_bins,PASS,,
-3g5yACwYnA_3,audio,14,4.0292,4.317,29,1,mean,equal_duration_50_bins,PASS,,
-3g5yACwYnA_3,audio,15,4.317,4.6048,29,1,mean,equal_duration_50_bins,PASS,,
-3g5yACwYnA_3,audio,16,4.6048,4.8926,29,1,mean,equal_duration_50_bins,PASS,,
-3g5yACwYnA_3,audio,17,4.8926,5.1804,28,1,mean,equal_duration_50_bins,PASS,,
-3g5yACwYnA_3,audio,18,5.1804,5.4682,29,1,mean,equal_duration_50_bins,PASS,,
-3g5yACwYnA_3,audio,19,5.4682,5.756,29,1,mean,equal_duration_50_bins,PASS,,
-3g5yACwYnA_3,audio,20,5.756,6.0438,29,1,mean,equal_duration_50_bins,PASS,,
-3g5yACwYnA_3,audio,21,6.0438,6.331600000000001,28,1,mean,equal_duration_50_bins,PASS,,
-3g5yACwYnA_3,audio,22,6.331600000000001,6.619400000000001,29,1,mean,equal_duration_50_bins,PASS,,
-3g5yACwYnA_3,audio,23,6.619400000000001,6.9072000000000005,29,1,mean,equal_duration_50_bins,PASS,,
-3g5yACwYnA_3,audio,24,6.9072000000000005,7.195,29,1,mean,equal_duration_50_bins,PASS,,
-3g5yACwYnA_3,audio,25,7.195,7.4828,29,1,mean,equal_duration_50_bins,PASS,,
-3g5yACwYnA_3,audio,26,7.4828,7.770600000000001,28,1,mean,equal_duration_50_bins,PASS,,
-3g5yACwYnA_3,audio,27,7.770600000000001,8.0584,29,1,mean,equal_duration_50_bins,PASS,,
-3g5yACwYnA_3,audio,28,8.0584,8.3462,29,1,mean,equal_duration_50_bins,PASS,,
-3g5yACwYnA_3,audio,29,8.3462,8.634,29,1,mean,equal_duration_50_bins,PASS,,
-3g5yACwYnA_3,audio,30,8.634,8.921800000000001,28,1,mean,equal_duration_50_bins,PASS,,
-3g5yACwYnA_3,audio,31,8.921800000000001,9.2096,29,1,mean,equal_duration_50_bins,PASS,,
-3g5yACwYnA_3,audio,32,9.2096,9.4974,29,1,mean,equal_duration_50_bins,PASS,,
-3g5yACwYnA_3,audio,33,9.4974,9.7852,29,1,mean,equal_duration_50_bins,PASS,,
-3g5yACwYnA_3,audio,34,9.7852,10.073,29,1,mean,equal_duration_50_bins,PASS,,
-3g5yACwYnA_3,audio,35,10.073,10.3608,28,1,mean,equal_duration_50_bins,PASS,,
-3g5yACwYnA_3,audio,36,10.3608,10.648600000000002,29,1,mean,equal_duration_50_bins,PASS,,
-3g5yACwYnA_3,audio,37,10.648600000000002,10.9364,29,1,mean,equal_duration_50_bins,PASS,,
-3g5yACwYnA_3,audio,38,10.9364,11.224200000000002,29,1,mean,equal_duration_50_bins,PASS,,
-3g5yACwYnA_3,audio,39,11.224200000000002,11.512,28,1,mean,equal_duration_50_bins,PASS,,
-3g5yACwYnA_3,audio,40,11.512,11.7998,29,1,mean,equal_duration_50_bins,PASS,,
-3g5yACwYnA_3,audio,41,11.7998,12.0876,29,1,mean,equal_duration_50_bins,PASS,,
-3g5yACwYnA_3,audio,42,12.0876,12.375399999999999,29,1,mean,equal_duration_50_bins,PASS,,
-3g5yACwYnA_3,audio,43,12.375399999999999,12.663200000000002,29,1,mean,equal_duration_50_bins,PASS,,
-3g5yACwYnA_3,audio,44,12.663200000000002,12.951,28,1,mean,equal_duration_50_bins,PASS,,
-3g5yACwYnA_3,audio,45,12.951,13.238800000000001,29,1,mean,equal_duration_50_bins,PASS,,
-3g5yACwYnA_3,audio,46,13.238800000000001,13.5266,29,1,mean,equal_duration_50_bins,PASS,,
-3g5yACwYnA_3,audio,47,13.5266,13.814400000000001,29,1,mean,equal_duration_50_bins,PASS,,
-3g5yACwYnA_3,audio,48,13.814400000000001,14.1022,28,1,mean,equal_duration_50_bins,PASS,,
-3g5yACwYnA_3,audio,49,14.1022,14.39,22,1,mean,equal_duration_50_bins,PASS,,
-3g5yACwYnA_2,audio,0,0.0,0.18780000000000002,18,1,mean,equal_duration_50_bins,PASS,,
-3g5yACwYnA_2,audio,1,0.18780000000000002,0.37560000000000004,19,1,mean,equal_duration_50_bins,PASS,,
-3g5yACwYnA_2,audio,2,0.37560000000000004,0.5634,19,1,mean,equal_duration_50_bins,PASS,,
-3g5yACwYnA_2,audio,3,0.5634,0.7512000000000001,18,1,mean,equal_duration_50_bins,PASS,,
-3g5yACwYnA_2,audio,4,0.7512000000000001,0.9390000000000001,19,1,mean,equal_duration_50_bins,PASS,,
-3g5yACwYnA_2,audio,5,0.9390000000000001,1.1268,19,1,mean,equal_duration_50_bins,PASS,,
-3g5yACwYnA_2,audio,6,1.1268,1.3146,19,1,mean,equal_duration_50_bins,PASS,,
-3g5yACwYnA_2,audio,7,1.3146,1.5024000000000002,18,1,mean,equal_duration_50_bins,PASS,,
-3g5yACwYnA_2,audio,8,1.5024000000000002,1.6902000000000001,19,1,mean,equal_duration_50_bins,PASS,,
-3g5yACwYnA_2,audio,9,1.6902000000000001,1.8780000000000001,19,1,mean,equal_duration_50_bins,PASS,,
-3g5yACwYnA_2,audio,10,1.8780000000000001,2.0658000000000003,19,1,mean,equal_duration_50_bins,PASS,,
-3g5yACwYnA_2,audio,11,2.0658000000000003,2.2536,19,1,mean,equal_duration_50_bins,PASS,,
-3g5yACwYnA_2,audio,12,2.2536,2.4414000000000002,18,1,mean,equal_duration_50_bins,PASS,,
-3g5yACwYnA_2,audio,13,2.4414000000000002,2.6292,19,1,mean,equal_duration_50_bins,PASS,,
-3g5yACwYnA_2,audio,14,2.6292,2.8170000000000006,19,1,mean,equal_duration_50_bins,PASS,,
-3g5yACwYnA_2,audio,15,2.8170000000000006,3.0048000000000004,19,1,mean,equal_duration_50_bins,PASS,,
-3g5yACwYnA_2,audio,16,3.0048000000000004,3.1926,19,1,mean,equal_duration_50_bins,PASS,,
-3g5yACwYnA_2,audio,17,3.1926,3.3804000000000003,18,1,mean,equal_duration_50_bins,PASS,,
-3g5yACwYnA_2,audio,18,3.3804000000000003,3.5682000000000005,19,1,mean,equal_duration_50_bins,PASS,,
-3g5yACwYnA_2,audio,19,3.5682000000000005,3.7560000000000002,19,1,mean,equal_duration_50_bins,PASS,,
-3g5yACwYnA_2,audio,20,3.7560000000000002,3.9438,19,1,mean,equal_duration_50_bins,PASS,,
-3g5yACwYnA_2,audio,21,3.9438,4.131600000000001,18,1,mean,equal_duration_50_bins,PASS,,
-3g5yACwYnA_2,audio,22,4.131600000000001,4.319400000000001,19,1,mean,equal_duration_50_bins,PASS,,
-3g5yACwYnA_2,audio,23,4.319400000000001,4.5072,19,1,mean,equal_duration_50_bins,PASS,,
-3g5yACwYnA_2,audio,24,4.5072,4.695,19,1,mean,equal_duration_50_bins,PASS,,
-3g5yACwYnA_2,audio,25,4.695,4.8828000000000005,19,1,mean,equal_duration_50_bins,PASS,,
-3g5yACwYnA_2,audio,26,4.8828000000000005,5.070600000000001,18,1,mean,equal_duration_50_bins,PASS,,
-3g5yACwYnA_2,audio,27,5.070600000000001,5.2584,19,1,mean,equal_duration_50_bins,PASS,,
-3g5yACwYnA_2,audio,28,5.2584,5.4462,19,1,mean,equal_duration_50_bins,PASS,,
-3g5yACwYnA_2,audio,29,5.4462,5.634000000000001,19,1,mean,equal_duration_50_bins,PASS,,
-3g5yACwYnA_2,audio,30,5.634000000000001,5.8218000000000005,18,1,mean,equal_duration_50_bins,PASS,,
-3g5yACwYnA_2,audio,31,5.8218000000000005,6.009600000000001,19,1,mean,equal_duration_50_bins,PASS,,
-3g5yACwYnA_2,audio,32,6.009600000000001,6.1974,19,1,mean,equal_duration_50_bins,PASS,,
-3g5yACwYnA_2,audio,33,6.1974,6.3852,19,1,mean,equal_duration_50_bins,PASS,,
-3g5yACwYnA_2,audio,34,6.3852,6.573,19,1,mean,equal_duration_50_bins,PASS,,
-3g5yACwYnA_2,audio,35,6.573,6.760800000000001,18,1,mean,equal_duration_50_bins,PASS,,
-3g5yACwYnA_2,audio,36,6.760800000000001,6.9486,19,1,mean,equal_duration_50_bins,PASS,,
-3g5yACwYnA_2,audio,37,6.9486,7.136400000000001,19,1,mean,equal_duration_50_bins,PASS,,
-3g5yACwYnA_2,audio,38,7.136400000000001,7.324200000000001,19,1,mean,equal_duration_50_bins,PASS,,
-3g5yACwYnA_2,audio,39,7.324200000000001,7.5120000000000005,18,1,mean,equal_duration_50_bins,PASS,,
-3g5yACwYnA_2,audio,40,7.5120000000000005,7.6998,19,1,mean,equal_duration_50_bins,PASS,,
-3g5yACwYnA_2,audio,41,7.6998,7.8876,19,1,mean,equal_duration_50_bins,PASS,,
-3g5yACwYnA_2,audio,42,7.8876,8.0754,19,1,mean,equal_duration_50_bins,PASS,,
-3g5yACwYnA_2,audio,43,8.0754,8.263200000000001,19,1,mean,equal_duration_50_bins,PASS,,
-3g5yACwYnA_2,audio,44,8.263200000000001,8.451,18,1,mean,equal_duration_50_bins,PASS,,
-3g5yACwYnA_2,audio,45,8.451,8.638800000000002,19,1,mean,equal_duration_50_bins,PASS,,
-3g5yACwYnA_2,audio,46,8.638800000000002,8.826600000000001,19,1,mean,equal_duration_50_bins,PASS,,
-3g5yACwYnA_2,audio,47,8.826600000000001,9.0144,19,1,mean,equal_duration_50_bins,PASS,,
-3g5yACwYnA_2,audio,48,9.0144,9.2022,18,1,mean,equal_duration_50_bins,PASS,,
-3g5yACwYnA_2,audio,49,9.2022,9.39,2,1,mean,equal_duration_50_bins,PASS,,
-3g5yACwYnA_9,audio,0,0.0,0.1764,17,1,mean,equal_duration_50_bins,PASS,,
-3g5yACwYnA_9,audio,1,0.1764,0.3528,18,1,mean,equal_duration_50_bins,PASS,,
-3g5yACwYnA_9,audio,2,0.3528,0.5292,17,1,mean,equal_duration_50_bins,PASS,,
-3g5yACwYnA_9,audio,3,0.5292,0.7056,18,1,mean,equal_duration_50_bins,PASS,,
-3g5yACwYnA_9,audio,4,0.7056,0.882,17,1,mean,equal_duration_50_bins,PASS,,
-3g5yACwYnA_9,audio,5,0.882,1.0584,18,1,mean,equal_duration_50_bins,PASS,,
-3g5yACwYnA_9,audio,6,1.0584,1.2348000000000001,18,1,mean,equal_duration_50_bins,PASS,,
-3g5yACwYnA_9,audio,7,1.2348000000000001,1.4112,17,1,mean,equal_duration_50_bins,PASS,,
-3g5yACwYnA_9,audio,8,1.4112,1.5876,18,1,mean,equal_duration_50_bins,PASS,,
-3g5yACwYnA_9,audio,9,1.5876,1.764,18,1,mean,equal_duration_50_bins,PASS,,
-3g5yACwYnA_9,audio,10,1.764,1.9404000000000001,17,1,mean,equal_duration_50_bins,PASS,,
-3g5yACwYnA_9,audio,11,1.9404000000000001,2.1168,18,1,mean,equal_duration_50_bins,PASS,,
-3g5yACwYnA_9,audio,12,2.1168,2.2932,18,1,mean,equal_duration_50_bins,PASS,,
-3g5yACwYnA_9,audio,13,2.2932,2.4696000000000002,17,1,mean,equal_duration_50_bins,PASS,,
-3g5yACwYnA_9,audio,14,2.4696000000000002,2.6460000000000004,18,1,mean,equal_duration_50_bins,PASS,,
-3g5yACwYnA_9,audio,15,2.6460000000000004,2.8224,17,1,mean,equal_duration_50_bins,PASS,,
-3g5yACwYnA_9,audio,16,2.8224,2.9988,18,1,mean,equal_duration_50_bins,PASS,,
-3g5yACwYnA_9,audio,17,2.9988,3.1752,18,1,mean,equal_duration_50_bins,PASS,,
-3g5yACwYnA_9,audio,18,3.1752,3.3516000000000004,17,1,mean,equal_duration_50_bins,PASS,,
-3g5yACwYnA_9,audio,19,3.3516000000000004,3.528,18,1,mean,equal_duration_50_bins,PASS,,
-3g5yACwYnA_9,audio,20,3.528,3.7044,18,1,mean,equal_duration_50_bins,PASS,,
-3g5yACwYnA_9,audio,21,3.7044,3.8808000000000002,17,1,mean,equal_duration_50_bins,PASS,,
-3g5yACwYnA_9,audio,22,3.8808000000000002,4.0572,18,1,mean,equal_duration_50_bins,PASS,,
-3g5yACwYnA_9,audio,23,4.0572,4.2336,18,1,mean,equal_duration_50_bins,PASS,,
-3g5yACwYnA_9,audio,24,4.2336,4.41,17,1,mean,equal_duration_50_bins,PASS,,
-3g5yACwYnA_9,audio,25,4.41,4.5864,18,1,mean,equal_duration_50_bins,PASS,,
-3g5yACwYnA_9,audio,26,4.5864,4.7628,18,1,mean,equal_duration_50_bins,PASS,,
-3g5yACwYnA_9,audio,27,4.7628,4.9392000000000005,17,1,mean,equal_duration_50_bins,PASS,,
-3g5yACwYnA_9,audio,28,4.9392000000000005,5.1156,18,1,mean,equal_duration_50_bins,PASS,,
-3g5yACwYnA_9,audio,29,5.1156,5.292000000000001,17,1,mean,equal_duration_50_bins,PASS,,
-3g5yACwYnA_9,audio,30,5.292000000000001,5.4684,18,1,mean,equal_duration_50_bins,PASS,,
-3g5yACwYnA_9,audio,31,5.4684,5.6448,18,1,mean,equal_duration_50_bins,PASS,,
-3g5yACwYnA_9,audio,32,5.6448,5.8212,17,1,mean,equal_duration_50_bins,PASS,,
-3g5yACwYnA_9,audio,33,5.8212,5.9976,18,1,mean,equal_duration_50_bins,PASS,,
-3g5yACwYnA_9,audio,34,5.9976,6.1739999999999995,18,1,mean,equal_duration_50_bins,PASS,,
-3g5yACwYnA_9,audio,35,6.1739999999999995,6.3504,17,1,mean,equal_duration_50_bins,PASS,,
-3g5yACwYnA_9,audio,36,6.3504,6.526800000000001,18,1,mean,equal_duration_50_bins,PASS,,
-3g5yACwYnA_9,audio,37,6.526800000000001,6.703200000000001,18,1,mean,equal_duration_50_bins,PASS,,
-3g5yACwYnA_9,audio,38,6.703200000000001,6.8796,17,1,mean,equal_duration_50_bins,PASS,,
-3g5yACwYnA_9,audio,39,6.8796,7.056,18,1,mean,equal_duration_50_bins,PASS,,
-3g5yACwYnA_9,audio,40,7.056,7.2324,17,1,mean,equal_duration_50_bins,PASS,,
-3g5yACwYnA_9,audio,41,7.2324,7.4088,18,1,mean,equal_duration_50_bins,PASS,,
-3g5yACwYnA_9,audio,42,7.4088,7.5851999999999995,18,1,mean,equal_duration_50_bins,PASS,,
-3g5yACwYnA_9,audio,43,7.5851999999999995,7.7616000000000005,17,1,mean,equal_duration_50_bins,PASS,,
-3g5yACwYnA_9,audio,44,7.7616000000000005,7.938000000000001,18,1,mean,equal_duration_50_bins,PASS,,
-3g5yACwYnA_9,audio,45,7.938000000000001,8.1144,18,1,mean,equal_duration_50_bins,PASS,,
-3g5yACwYnA_9,audio,46,8.1144,8.2908,17,1,mean,equal_duration_50_bins,PASS,,
-3g5yACwYnA_9,audio,47,8.2908,8.4672,18,1,mean,equal_duration_50_bins,PASS,,
-3g5yACwYnA_9,audio,48,8.4672,8.6436,18,1,mean,equal_duration_50_bins,PASS,,
-3g5yACwYnA_9,audio,49,8.6436,8.82,4,1,mean,equal_duration_50_bins,PASS,,
-3nNcZdcdvU_5,audio,0,0.0,0.1574,15,1,mean,equal_duration_50_bins,PASS,,
-3nNcZdcdvU_5,audio,1,0.1574,0.3148,16,1,mean,equal_duration_50_bins,PASS,,
-3nNcZdcdvU_5,audio,2,0.3148,0.4722,15,1,mean,equal_duration_50_bins,PASS,,
-3nNcZdcdvU_5,audio,3,0.4722,0.6296,16,1,mean,equal_duration_50_bins,PASS,,
-3nNcZdcdvU_5,audio,4,0.6296,0.787,16,1,mean,equal_duration_50_bins,PASS,,
-3nNcZdcdvU_5,audio,5,0.787,0.9444,16,1,mean,equal_duration_50_bins,PASS,,
-3nNcZdcdvU_5,audio,6,0.9444,1.1018000000000001,15,1,mean,equal_duration_50_bins,PASS,,
-3nNcZdcdvU_5,audio,7,1.1018000000000001,1.2592,16,1,mean,equal_duration_50_bins,PASS,,
-3nNcZdcdvU_5,audio,8,1.2592,1.4165999999999999,16,1,mean,equal_duration_50_bins,PASS,,
-3nNcZdcdvU_5,audio,9,1.4165999999999999,1.574,16,1,mean,equal_duration_50_bins,PASS,,
-3nNcZdcdvU_5,audio,10,1.574,1.7314,15,1,mean,equal_duration_50_bins,PASS,,
-3nNcZdcdvU_5,audio,11,1.7314,1.8888,16,1,mean,equal_duration_50_bins,PASS,,
-3nNcZdcdvU_5,audio,12,1.8888,2.0462000000000002,16,1,mean,equal_duration_50_bins,PASS,,
-3nNcZdcdvU_5,audio,13,2.0462000000000002,2.2036000000000002,16,1,mean,equal_duration_50_bins,PASS,,
-3nNcZdcdvU_5,audio,14,2.2036000000000002,2.3609999999999998,15,1,mean,equal_duration_50_bins,PASS,,
-3nNcZdcdvU_5,audio,15,2.3609999999999998,2.5184,16,1,mean,equal_duration_50_bins,PASS,,
-3nNcZdcdvU_5,audio,16,2.5184,2.6757999999999997,16,1,mean,equal_duration_50_bins,PASS,,
-3nNcZdcdvU_5,audio,17,2.6757999999999997,2.8331999999999997,16,1,mean,equal_duration_50_bins,PASS,,
-3nNcZdcdvU_5,audio,18,2.8331999999999997,2.9906,15,1,mean,equal_duration_50_bins,PASS,,
-3nNcZdcdvU_5,audio,19,2.9906,3.148,16,1,mean,equal_duration_50_bins,PASS,,
-3nNcZdcdvU_5,audio,20,3.148,3.3054,16,1,mean,equal_duration_50_bins,PASS,,
-3nNcZdcdvU_5,audio,21,3.3054,3.4628,16,1,mean,equal_duration_50_bins,PASS,,
-3nNcZdcdvU_5,audio,22,3.4628,3.6201999999999996,15,1,mean,equal_duration_50_bins,PASS,,
-3nNcZdcdvU_5,audio,23,3.6201999999999996,3.7776,16,1,mean,equal_duration_50_bins,PASS,,
-3nNcZdcdvU_5,audio,24,3.7776,3.935,16,1,mean,equal_duration_50_bins,PASS,,
-3nNcZdcdvU_5,audio,25,3.935,4.0924000000000005,15,1,mean,equal_duration_50_bins,PASS,,
-3nNcZdcdvU_5,audio,26,4.0924000000000005,4.2498000000000005,16,1,mean,equal_duration_50_bins,PASS,,
-3nNcZdcdvU_5,audio,27,4.2498000000000005,4.4072000000000005,16,1,mean,equal_duration_50_bins,PASS,,
-3nNcZdcdvU_5,audio,28,4.4072000000000005,4.5645999999999995,16,1,mean,equal_duration_50_bins,PASS,,
-3nNcZdcdvU_5,audio,29,4.5645999999999995,4.7219999999999995,15,1,mean,equal_duration_50_bins,PASS,,
-3nNcZdcdvU_5,audio,30,4.7219999999999995,4.8794,16,1,mean,equal_duration_50_bins,PASS,,
-3nNcZdcdvU_5,audio,31,4.8794,5.0368,16,1,mean,equal_duration_50_bins,PASS,,
-3nNcZdcdvU_5,audio,32,5.0368,5.1941999999999995,16,1,mean,equal_duration_50_bins,PASS,,
-3nNcZdcdvU_5,audio,33,5.1941999999999995,5.3515999999999995,15,1,mean,equal_duration_50_bins,PASS,,
-3nNcZdcdvU_5,audio,34,5.3515999999999995,5.5089999999999995,16,1,mean,equal_duration_50_bins,PASS,,
-3nNcZdcdvU_5,audio,35,5.5089999999999995,5.666399999999999,16,1,mean,equal_duration_50_bins,PASS,,
-3nNcZdcdvU_5,audio,36,5.666399999999999,5.8238,16,1,mean,equal_duration_50_bins,PASS,,
-3nNcZdcdvU_5,audio,37,5.8238,5.9812,15,1,mean,equal_duration_50_bins,PASS,,
-3nNcZdcdvU_5,audio,38,5.9812,6.1386,16,1,mean,equal_duration_50_bins,PASS,,
-3nNcZdcdvU_5,audio,39,6.1386,6.296,16,1,mean,equal_duration_50_bins,PASS,,
-3nNcZdcdvU_5,audio,40,6.296,6.4534,16,1,mean,equal_duration_50_bins,PASS,,
-3nNcZdcdvU_5,audio,41,6.4534,6.6108,15,1,mean,equal_duration_50_bins,PASS,,
-3nNcZdcdvU_5,audio,42,6.6108,6.7682,16,1,mean,equal_duration_50_bins,PASS,,
-3nNcZdcdvU_5,audio,43,6.7682,6.9256,16,1,mean,equal_duration_50_bins,PASS,,
-3nNcZdcdvU_5,audio,44,6.9256,7.082999999999999,16,1,mean,equal_duration_50_bins,PASS,,
-3nNcZdcdvU_5,audio,45,7.082999999999999,7.240399999999999,15,1,mean,equal_duration_50_bins,PASS,,
-3nNcZdcdvU_5,audio,46,7.240399999999999,7.3978,16,1,mean,equal_duration_50_bins,PASS,,
-3nNcZdcdvU_5,audio,47,7.3978,7.5552,16,1,mean,equal_duration_50_bins,PASS,,
-3nNcZdcdvU_5,audio,48,7.5552,7.7126,16,1,mean,equal_duration_50_bins,PASS,,
-3nNcZdcdvU_5,audio,49,7.7126,7.87,6,1,mean,equal_duration_50_bins,PASS,,
-HwX2H8Z4hY_2,audio,0,0.0,0.0796,7,1,mean,equal_duration_50_bins,PASS,,
-HwX2H8Z4hY_2,audio,1,0.0796,0.1592,8,1,mean,equal_duration_50_bins,PASS,,
-HwX2H8Z4hY_2,audio,2,0.1592,0.23879999999999998,8,1,mean,equal_duration_50_bins,PASS,,
-HwX2H8Z4hY_2,audio,3,0.23879999999999998,0.3184,8,1,mean,equal_duration_50_bins,PASS,,
-HwX2H8Z4hY_2,audio,4,0.3184,0.39799999999999996,8,1,mean,equal_duration_50_bins,PASS,,
-HwX2H8Z4hY_2,audio,5,0.39799999999999996,0.47759999999999997,8,1,mean,equal_duration_50_bins,PASS,,
-HwX2H8Z4hY_2,audio,6,0.47759999999999997,0.5572,8,1,mean,equal_duration_50_bins,PASS,,
-HwX2H8Z4hY_2,audio,7,0.5572,0.6368,8,1,mean,equal_duration_50_bins,PASS,,
-HwX2H8Z4hY_2,audio,8,0.6368,0.7164,8,1,mean,equal_duration_50_bins,PASS,,
-HwX2H8Z4hY_2,audio,9,0.7164,0.7959999999999999,8,1,mean,equal_duration_50_bins,PASS,,
-HwX2H8Z4hY_2,audio,10,0.7959999999999999,0.8756,8,1,mean,equal_duration_50_bins,PASS,,
-HwX2H8Z4hY_2,audio,11,0.8756,0.9551999999999999,8,1,mean,equal_duration_50_bins,PASS,,
-HwX2H8Z4hY_2,audio,12,0.9551999999999999,1.0348,8,1,mean,equal_duration_50_bins,PASS,,
-HwX2H8Z4hY_2,audio,13,1.0348,1.1144,8,1,mean,equal_duration_50_bins,PASS,,
-HwX2H8Z4hY_2,audio,14,1.1144,1.194,8,1,mean,equal_duration_50_bins,PASS,,
-HwX2H8Z4hY_2,audio,15,1.194,1.2736,8,1,mean,equal_duration_50_bins,PASS,,
-HwX2H8Z4hY_2,audio,16,1.2736,1.3532,8,1,mean,equal_duration_50_bins,PASS,,
-HwX2H8Z4hY_2,audio,17,1.3532,1.4328,8,1,mean,equal_duration_50_bins,PASS,,
-HwX2H8Z4hY_2,audio,18,1.4328,1.5124000000000002,7,1,mean,equal_duration_50_bins,PASS,,
-HwX2H8Z4hY_2,audio,19,1.5124000000000002,1.5919999999999999,8,1,mean,equal_duration_50_bins,PASS,,
-HwX2H8Z4hY_2,audio,20,1.5919999999999999,1.6716,8,1,mean,equal_duration_50_bins,PASS,,
-HwX2H8Z4hY_2,audio,21,1.6716,1.7512,8,1,mean,equal_duration_50_bins,PASS,,
-HwX2H8Z4hY_2,audio,22,1.7512,1.8308000000000002,8,1,mean,equal_duration_50_bins,PASS,,
-HwX2H8Z4hY_2,audio,23,1.8308000000000002,1.9103999999999999,8,1,mean,equal_duration_50_bins,PASS,,
-HwX2H8Z4hY_2,audio,24,1.9103999999999999,1.99,8,1,mean,equal_duration_50_bins,PASS,,
-HwX2H8Z4hY_2,audio,25,1.99,2.0696,8,1,mean,equal_duration_50_bins,PASS,,
-HwX2H8Z4hY_2,audio,26,2.0696,2.1492,8,1,mean,equal_duration_50_bins,PASS,,
-HwX2H8Z4hY_2,audio,27,2.1492,2.2288,8,1,mean,equal_duration_50_bins,PASS,,
-HwX2H8Z4hY_2,audio,28,2.2288,2.3084000000000002,8,1,mean,equal_duration_50_bins,PASS,,
-HwX2H8Z4hY_2,audio,29,2.3084000000000002,2.388,8,1,mean,equal_duration_50_bins,PASS,,
-HwX2H8Z4hY_2,audio,30,2.388,2.4676,8,1,mean,equal_duration_50_bins,PASS,,
-HwX2H8Z4hY_2,audio,31,2.4676,2.5472,8,1,mean,equal_duration_50_bins,PASS,,
-HwX2H8Z4hY_2,audio,32,2.5472,2.6268000000000002,8,1,mean,equal_duration_50_bins,PASS,,
-HwX2H8Z4hY_2,audio,33,2.6268000000000002,2.7064,8,1,mean,equal_duration_50_bins,PASS,,
-HwX2H8Z4hY_2,audio,34,2.7064,2.786,8,1,mean,equal_duration_50_bins,PASS,,
-HwX2H8Z4hY_2,audio,35,2.786,2.8656,8,1,mean,equal_duration_50_bins,PASS,,
-HwX2H8Z4hY_2,audio,36,2.8656,2.9452,8,1,mean,equal_duration_50_bins,PASS,,
-HwX2H8Z4hY_2,audio,37,2.9452,3.0248000000000004,8,1,mean,equal_duration_50_bins,PASS,,
-HwX2H8Z4hY_2,audio,38,3.0248000000000004,3.1044,8,1,mean,equal_duration_50_bins,PASS,,
-HwX2H8Z4hY_2,audio,39,3.1044,3.1839999999999997,8,1,mean,equal_duration_50_bins,PASS,,
-HwX2H8Z4hY_2,audio,40,3.1839999999999997,3.2636000000000003,8,1,mean,equal_duration_50_bins,PASS,,
-HwX2H8Z4hY_2,audio,41,3.2636000000000003,3.3432,8,1,mean,equal_duration_50_bins,PASS,,
-HwX2H8Z4hY_2,audio,42,3.3432,3.4227999999999996,8,1,mean,equal_duration_50_bins,PASS,,
-HwX2H8Z4hY_2,audio,43,3.4227999999999996,3.5024,7,1,mean,equal_duration_50_bins,PASS,,
-HwX2H8Z4hY_2,audio,44,3.5024,3.582,8,1,mean,equal_duration_50_bins,PASS,,
-HwX2H8Z4hY_2,audio,45,3.582,3.6616000000000004,8,1,mean,equal_duration_50_bins,PASS,,
-HwX2H8Z4hY_2,audio,46,3.6616000000000004,3.7412,8,1,mean,equal_duration_50_bins,PASS,,
-HwX2H8Z4hY_2,audio,47,3.7412,3.8207999999999998,8,1,mean,equal_duration_50_bins,PASS,,
-HwX2H8Z4hY_2,audio,48,3.8207999999999998,3.9004000000000003,8,1,mean,equal_duration_50_bins,PASS,,
-HwX2H8Z4hY_2,audio,49,3.9004000000000003,3.98,1,1,mean,equal_duration_50_bins,PASS,,
-HwX2H8Z4hY_5,audio,0,0.0,0.113,11,1,mean,equal_duration_50_bins,PASS,,
-HwX2H8Z4hY_5,audio,1,0.113,0.226,11,1,mean,equal_duration_50_bins,PASS,,
-HwX2H8Z4hY_5,audio,2,0.226,0.3390000000000001,11,1,mean,equal_duration_50_bins,PASS,,
-HwX2H8Z4hY_5,audio,3,0.3390000000000001,0.452,11,1,mean,equal_duration_50_bins,PASS,,
-HwX2H8Z4hY_5,audio,4,0.452,0.565,12,1,mean,equal_duration_50_bins,PASS,,
-HwX2H8Z4hY_5,audio,5,0.565,0.6780000000000002,11,1,mean,equal_duration_50_bins,PASS,,
-HwX2H8Z4hY_5,audio,6,0.6780000000000002,0.791,11,1,mean,equal_duration_50_bins,PASS,,
-HwX2H8Z4hY_5,audio,7,0.791,0.904,12,1,mean,equal_duration_50_bins,PASS,,
-HwX2H8Z4hY_5,audio,8,0.904,1.0170000000000001,11,1,mean,equal_duration_50_bins,PASS,,
-HwX2H8Z4hY_5,audio,9,1.0170000000000001,1.13,11,1,mean,equal_duration_50_bins,PASS,,
-HwX2H8Z4hY_5,audio,10,1.13,1.243,12,1,mean,equal_duration_50_bins,PASS,,
-HwX2H8Z4hY_5,audio,11,1.243,1.3560000000000003,11,1,mean,equal_duration_50_bins,PASS,,
-HwX2H8Z4hY_5,audio,12,1.3560000000000003,1.469,11,1,mean,equal_duration_50_bins,PASS,,
-HwX2H8Z4hY_5,audio,13,1.469,1.582,11,1,mean,equal_duration_50_bins,PASS,,
-HwX2H8Z4hY_5,audio,14,1.582,1.695,12,1,mean,equal_duration_50_bins,PASS,,
-HwX2H8Z4hY_5,audio,15,1.695,1.808,11,1,mean,equal_duration_50_bins,PASS,,
-HwX2H8Z4hY_5,audio,16,1.808,1.9210000000000003,11,1,mean,equal_duration_50_bins,PASS,,
-HwX2H8Z4hY_5,audio,17,1.9210000000000003,2.0340000000000003,12,1,mean,equal_duration_50_bins,PASS,,
-HwX2H8Z4hY_5,audio,18,2.0340000000000003,2.1470000000000002,11,1,mean,equal_duration_50_bins,PASS,,
-HwX2H8Z4hY_5,audio,19,2.1470000000000002,2.26,11,1,mean,equal_duration_50_bins,PASS,,
-HwX2H8Z4hY_5,audio,20,2.26,2.373,12,1,mean,equal_duration_50_bins,PASS,,
-HwX2H8Z4hY_5,audio,21,2.373,2.486,11,1,mean,equal_duration_50_bins,PASS,,
-HwX2H8Z4hY_5,audio,22,2.486,2.599,11,1,mean,equal_duration_50_bins,PASS,,
-HwX2H8Z4hY_5,audio,23,2.599,2.7120000000000006,11,1,mean,equal_duration_50_bins,PASS,,
-HwX2H8Z4hY_5,audio,24,2.7120000000000006,2.825,12,1,mean,equal_duration_50_bins,PASS,,
-HwX2H8Z4hY_5,audio,25,2.825,2.938,11,1,mean,equal_duration_50_bins,PASS,,
-HwX2H8Z4hY_5,audio,26,2.938,3.051,11,1,mean,equal_duration_50_bins,PASS,,
-HwX2H8Z4hY_5,audio,27,3.051,3.164,12,1,mean,equal_duration_50_bins,PASS,,
-HwX2H8Z4hY_5,audio,28,3.164,3.2770000000000006,11,1,mean,equal_duration_50_bins,PASS,,
-HwX2H8Z4hY_5,audio,29,3.2770000000000006,3.39,11,1,mean,equal_duration_50_bins,PASS,,
-HwX2H8Z4hY_5,audio,30,3.39,3.503,12,1,mean,equal_duration_50_bins,PASS,,
-HwX2H8Z4hY_5,audio,31,3.503,3.616,11,1,mean,equal_duration_50_bins,PASS,,
-HwX2H8Z4hY_5,audio,32,3.616,3.7290000000000005,11,1,mean,equal_duration_50_bins,PASS,,
-HwX2H8Z4hY_5,audio,33,3.7290000000000005,3.8420000000000005,11,1,mean,equal_duration_50_bins,PASS,,
-HwX2H8Z4hY_5,audio,34,3.8420000000000005,3.955,12,1,mean,equal_duration_50_bins,PASS,,
-HwX2H8Z4hY_5,audio,35,3.955,4.0680000000000005,11,1,mean,equal_duration_50_bins,PASS,,
-HwX2H8Z4hY_5,audio,36,4.0680000000000005,4.181,11,1,mean,equal_duration_50_bins,PASS,,
-HwX2H8Z4hY_5,audio,37,4.181,4.2940000000000005,12,1,mean,equal_duration_50_bins,PASS,,
-HwX2H8Z4hY_5,audio,38,4.2940000000000005,4.407,11,1,mean,equal_duration_50_bins,PASS,,
-HwX2H8Z4hY_5,audio,39,4.407,4.52,11,1,mean,equal_duration_50_bins,PASS,,
-HwX2H8Z4hY_5,audio,40,4.52,4.633,12,1,mean,equal_duration_50_bins,PASS,,
-HwX2H8Z4hY_5,audio,41,4.633,4.746,11,1,mean,equal_duration_50_bins,PASS,,
-HwX2H8Z4hY_5,audio,42,4.746,4.859,11,1,mean,equal_duration_50_bins,PASS,,
-HwX2H8Z4hY_5,audio,43,4.859,4.972,11,1,mean,equal_duration_50_bins,PASS,,
-HwX2H8Z4hY_5,audio,44,4.972,5.085000000000001,12,1,mean,equal_duration_50_bins,PASS,,
-HwX2H8Z4hY_5,audio,45,5.085000000000001,5.198,11,1,mean,equal_duration_50_bins,PASS,,
-HwX2H8Z4hY_5,audio,46,5.198,5.311,11,1,mean,equal_duration_50_bins,PASS,,
-HwX2H8Z4hY_5,audio,47,5.311,5.424000000000001,12,1,mean,equal_duration_50_bins,PASS,,
-HwX2H8Z4hY_5,audio,48,5.424000000000001,5.537000000000001,10,1,mean,equal_duration_50_bins,PASS,,
-HwX2H8Z4hY_5,audio,49,5.537000000000001,5.65,0,0,mean,equal_duration_50_bins,PASS,,
-HwX2H8Z4hY_6,audio,0,0.0,0.0672,6,1,mean,equal_duration_50_bins,PASS,,
-HwX2H8Z4hY_6,audio,1,0.0672,0.1344,7,1,mean,equal_duration_50_bins,PASS,,
-HwX2H8Z4hY_6,audio,2,0.1344,0.2016,6,1,mean,equal_duration_50_bins,PASS,,
-HwX2H8Z4hY_6,audio,3,0.2016,0.2688,7,1,mean,equal_duration_50_bins,PASS,,
-HwX2H8Z4hY_6,audio,4,0.2688,0.336,7,1,mean,equal_duration_50_bins,PASS,,
-HwX2H8Z4hY_6,audio,5,0.336,0.4032,7,1,mean,equal_duration_50_bins,PASS,,
-HwX2H8Z4hY_6,audio,6,0.4032,0.4704,6,1,mean,equal_duration_50_bins,PASS,,
-HwX2H8Z4hY_6,audio,7,0.4704,0.5376,7,1,mean,equal_duration_50_bins,PASS,,
-HwX2H8Z4hY_6,audio,8,0.5376,0.6048,7,1,mean,equal_duration_50_bins,PASS,,
-HwX2H8Z4hY_6,audio,9,0.6048,0.672,6,1,mean,equal_duration_50_bins,PASS,,
-HwX2H8Z4hY_6,audio,10,0.672,0.7392,7,1,mean,equal_duration_50_bins,PASS,,
-HwX2H8Z4hY_6,audio,11,0.7392,0.8064,7,1,mean,equal_duration_50_bins,PASS,,
-HwX2H8Z4hY_6,audio,12,0.8064,0.8736,7,1,mean,equal_duration_50_bins,PASS,,
-HwX2H8Z4hY_6,audio,13,0.8736,0.9408,6,1,mean,equal_duration_50_bins,PASS,,
-HwX2H8Z4hY_6,audio,14,0.9408,1.008,7,1,mean,equal_duration_50_bins,PASS,,
-HwX2H8Z4hY_6,audio,15,1.008,1.0752,7,1,mean,equal_duration_50_bins,PASS,,
-HwX2H8Z4hY_6,audio,16,1.0752,1.1423999999999999,6,1,mean,equal_duration_50_bins,PASS,,
-HwX2H8Z4hY_6,audio,17,1.1423999999999999,1.2096,7,1,mean,equal_duration_50_bins,PASS,,
-HwX2H8Z4hY_6,audio,18,1.2096,1.2768,7,1,mean,equal_duration_50_bins,PASS,,
-HwX2H8Z4hY_6,audio,19,1.2768,1.344,7,1,mean,equal_duration_50_bins,PASS,,
-HwX2H8Z4hY_6,audio,20,1.344,1.4112,6,1,mean,equal_duration_50_bins,PASS,,
-HwX2H8Z4hY_6,audio,21,1.4112,1.4784,7,1,mean,equal_duration_50_bins,PASS,,
-HwX2H8Z4hY_6,audio,22,1.4784,1.5456,7,1,mean,equal_duration_50_bins,PASS,,
-HwX2H8Z4hY_6,audio,23,1.5456,1.6128,7,1,mean,equal_duration_50_bins,PASS,,
-HwX2H8Z4hY_6,audio,24,1.6128,1.68,6,1,mean,equal_duration_50_bins,PASS,,
-HwX2H8Z4hY_6,audio,25,1.68,1.7472,7,1,mean,equal_duration_50_bins,PASS,,
-HwX2H8Z4hY_6,audio,26,1.7472,1.8144,7,1,mean,equal_duration_50_bins,PASS,,
-HwX2H8Z4hY_6,audio,27,1.8144,1.8816,6,1,mean,equal_duration_50_bins,PASS,,
-HwX2H8Z4hY_6,audio,28,1.8816,1.9487999999999999,7,1,mean,equal_duration_50_bins,PASS,,
-HwX2H8Z4hY_6,audio,29,1.9487999999999999,2.016,7,1,mean,equal_duration_50_bins,PASS,,
-HwX2H8Z4hY_6,audio,30,2.016,2.0831999999999997,7,1,mean,equal_duration_50_bins,PASS,,
-HwX2H8Z4hY_6,audio,31,2.0831999999999997,2.1504,6,1,mean,equal_duration_50_bins,PASS,,
-HwX2H8Z4hY_6,audio,32,2.1504,2.2176,7,1,mean,equal_duration_50_bins,PASS,,
-HwX2H8Z4hY_6,audio,33,2.2176,2.2847999999999997,7,1,mean,equal_duration_50_bins,PASS,,
-HwX2H8Z4hY_6,audio,34,2.2847999999999997,2.352,6,1,mean,equal_duration_50_bins,PASS,,
-HwX2H8Z4hY_6,audio,35,2.352,2.4192,7,1,mean,equal_duration_50_bins,PASS,,
-HwX2H8Z4hY_6,audio,36,2.4192,2.4863999999999997,7,1,mean,equal_duration_50_bins,PASS,,
-HwX2H8Z4hY_6,audio,37,2.4863999999999997,2.5536,7,1,mean,equal_duration_50_bins,PASS,,
-HwX2H8Z4hY_6,audio,38,2.5536,2.6208,6,1,mean,equal_duration_50_bins,PASS,,
-HwX2H8Z4hY_6,audio,39,2.6208,2.688,7,1,mean,equal_duration_50_bins,PASS,,
-HwX2H8Z4hY_6,audio,40,2.688,2.7552,7,1,mean,equal_duration_50_bins,PASS,,
-HwX2H8Z4hY_6,audio,41,2.7552,2.8224,6,1,mean,equal_duration_50_bins,PASS,,
-HwX2H8Z4hY_6,audio,42,2.8224,2.8895999999999997,7,1,mean,equal_duration_50_bins,PASS,,
-HwX2H8Z4hY_6,audio,43,2.8895999999999997,2.9568,7,1,mean,equal_duration_50_bins,PASS,,
-HwX2H8Z4hY_6,audio,44,2.9568,3.0239999999999996,7,1,mean,equal_duration_50_bins,PASS,,
-HwX2H8Z4hY_6,audio,45,3.0239999999999996,3.0912,6,1,mean,equal_duration_50_bins,PASS,,
-HwX2H8Z4hY_6,audio,46,3.0912,3.1584,7,1,mean,equal_duration_50_bins,PASS,,
-HwX2H8Z4hY_6,audio,47,3.1584,3.2256,7,1,mean,equal_duration_50_bins,PASS,,
-HwX2H8Z4hY_6,audio,48,3.2256,3.2927999999999997,2,1,mean,equal_duration_50_bins,PASS,,
-HwX2H8Z4hY_6,audio,49,3.2927999999999997,3.36,0,0,mean,equal_duration_50_bins,PASS,,
-HwX2H8Z4hY_9,audio,0,0.0,0.15460000000000002,15,1,mean,equal_duration_50_bins,PASS,,
-HwX2H8Z4hY_9,audio,1,0.15460000000000002,0.30920000000000003,15,1,mean,equal_duration_50_bins,PASS,,
-HwX2H8Z4hY_9,audio,2,0.30920000000000003,0.46380000000000005,16,1,mean,equal_duration_50_bins,PASS,,
-HwX2H8Z4hY_9,audio,3,0.46380000000000005,0.6184000000000001,15,1,mean,equal_duration_50_bins,PASS,,
-HwX2H8Z4hY_9,audio,4,0.6184000000000001,0.7730000000000001,16,1,mean,equal_duration_50_bins,PASS,,
-HwX2H8Z4hY_9,audio,5,0.7730000000000001,0.9276000000000001,15,1,mean,equal_duration_50_bins,PASS,,
-HwX2H8Z4hY_9,audio,6,0.9276000000000001,1.0822,15,1,mean,equal_duration_50_bins,PASS,,
-HwX2H8Z4hY_9,audio,7,1.0822,1.2368000000000001,16,1,mean,equal_duration_50_bins,PASS,,
-HwX2H8Z4hY_9,audio,8,1.2368000000000001,1.3914000000000002,15,1,mean,equal_duration_50_bins,PASS,,
-HwX2H8Z4hY_9,audio,9,1.3914000000000002,1.5460000000000003,16,1,mean,equal_duration_50_bins,PASS,,
-HwX2H8Z4hY_9,audio,10,1.5460000000000003,1.7006000000000001,15,1,mean,equal_duration_50_bins,PASS,,
-HwX2H8Z4hY_9,audio,11,1.7006000000000001,1.8552000000000002,16,1,mean,equal_duration_50_bins,PASS,,
-HwX2H8Z4hY_9,audio,12,1.8552000000000002,2.0098000000000003,15,1,mean,equal_duration_50_bins,PASS,,
-HwX2H8Z4hY_9,audio,13,2.0098000000000003,2.1644,16,1,mean,equal_duration_50_bins,PASS,,
-HwX2H8Z4hY_9,audio,14,2.1644,2.319,15,1,mean,equal_duration_50_bins,PASS,,
-HwX2H8Z4hY_9,audio,15,2.319,2.4736000000000002,16,1,mean,equal_duration_50_bins,PASS,,
-HwX2H8Z4hY_9,audio,16,2.4736000000000002,2.6282,15,1,mean,equal_duration_50_bins,PASS,,
-HwX2H8Z4hY_9,audio,17,2.6282,2.7828000000000004,16,1,mean,equal_duration_50_bins,PASS,,
-HwX2H8Z4hY_9,audio,18,2.7828000000000004,2.9374000000000002,15,1,mean,equal_duration_50_bins,PASS,,
-HwX2H8Z4hY_9,audio,19,2.9374000000000002,3.0920000000000005,15,1,mean,equal_duration_50_bins,PASS,,
-HwX2H8Z4hY_9,audio,20,3.0920000000000005,3.2466000000000004,16,1,mean,equal_duration_50_bins,PASS,,
-HwX2H8Z4hY_9,audio,21,3.2466000000000004,3.4012000000000002,15,1,mean,equal_duration_50_bins,PASS,,
-HwX2H8Z4hY_9,audio,22,3.4012000000000002,3.5558000000000005,16,1,mean,equal_duration_50_bins,PASS,,
-HwX2H8Z4hY_9,audio,23,3.5558000000000005,3.7104000000000004,15,1,mean,equal_duration_50_bins,PASS,,
-HwX2H8Z4hY_9,audio,24,3.7104000000000004,3.865,16,1,mean,equal_duration_50_bins,PASS,,
-HwX2H8Z4hY_9,audio,25,3.865,4.0196000000000005,15,1,mean,equal_duration_50_bins,PASS,,
-HwX2H8Z4hY_9,audio,26,4.0196000000000005,4.1742,16,1,mean,equal_duration_50_bins,PASS,,
-HwX2H8Z4hY_9,audio,27,4.1742,4.3288,15,1,mean,equal_duration_50_bins,PASS,,
-HwX2H8Z4hY_9,audio,28,4.3288,4.4834000000000005,16,1,mean,equal_duration_50_bins,PASS,,
-HwX2H8Z4hY_9,audio,29,4.4834000000000005,4.638,15,1,mean,equal_duration_50_bins,PASS,,
-HwX2H8Z4hY_9,audio,30,4.638,4.7926,16,1,mean,equal_duration_50_bins,PASS,,
-HwX2H8Z4hY_9,audio,31,4.7926,4.9472000000000005,15,1,mean,equal_duration_50_bins,PASS,,
-HwX2H8Z4hY_9,audio,32,4.9472000000000005,5.1018,15,1,mean,equal_duration_50_bins,PASS,,
-HwX2H8Z4hY_9,audio,33,5.1018,5.2564,16,1,mean,equal_duration_50_bins,PASS,,
-HwX2H8Z4hY_9,audio,34,5.2564,5.4110000000000005,15,1,mean,equal_duration_50_bins,PASS,,
-HwX2H8Z4hY_9,audio,35,5.4110000000000005,5.565600000000001,16,1,mean,equal_duration_50_bins,PASS,,
-HwX2H8Z4hY_9,audio,36,5.565600000000001,5.7202,15,1,mean,equal_duration_50_bins,PASS,,
-HwX2H8Z4hY_9,audio,37,5.7202,5.8748000000000005,16,1,mean,equal_duration_50_bins,PASS,,
-HwX2H8Z4hY_9,audio,38,5.8748000000000005,6.029400000000001,15,1,mean,equal_duration_50_bins,PASS,,
-HwX2H8Z4hY_9,audio,39,6.029400000000001,6.184000000000001,16,1,mean,equal_duration_50_bins,PASS,,
-HwX2H8Z4hY_9,audio,40,6.184000000000001,6.3386000000000005,15,1,mean,equal_duration_50_bins,PASS,,
-HwX2H8Z4hY_9,audio,41,6.3386000000000005,6.493200000000001,16,1,mean,equal_duration_50_bins,PASS,,
-HwX2H8Z4hY_9,audio,42,6.493200000000001,6.647800000000001,15,1,mean,equal_duration_50_bins,PASS,,
-HwX2H8Z4hY_9,audio,43,6.647800000000001,6.8024000000000004,15,1,mean,equal_duration_50_bins,PASS,,
-HwX2H8Z4hY_9,audio,44,6.8024000000000004,6.957000000000001,16,1,mean,equal_duration_50_bins,PASS,,
-HwX2H8Z4hY_9,audio,45,6.957000000000001,7.111600000000001,15,1,mean,equal_duration_50_bins,PASS,,
-HwX2H8Z4hY_9,audio,46,7.111600000000001,7.2662,16,1,mean,equal_duration_50_bins,PASS,,
-HwX2H8Z4hY_9,audio,47,7.2662,7.420800000000001,15,1,mean,equal_duration_50_bins,PASS,,
-HwX2H8Z4hY_9,audio,48,7.420800000000001,7.575400000000001,16,1,mean,equal_duration_50_bins,PASS,,
-HwX2H8Z4hY_9,audio,49,7.575400000000001,7.73,5,1,mean,equal_duration_50_bins,PASS,,
-NFrJFQijFE_1,audio,0,0.0,0.115,11,1,mean,equal_duration_50_bins,PASS,,
-NFrJFQijFE_1,audio,1,0.115,0.23,11,1,mean,equal_duration_50_bins,PASS,,
-NFrJFQijFE_1,audio,2,0.23,0.345,12,1,mean,equal_duration_50_bins,PASS,,
-NFrJFQijFE_1,audio,3,0.345,0.46,11,1,mean,equal_duration_50_bins,PASS,,
-NFrJFQijFE_1,audio,4,0.46,0.575,12,1,mean,equal_duration_50_bins,PASS,,
-NFrJFQijFE_1,audio,5,0.575,0.69,11,1,mean,equal_duration_50_bins,PASS,,
-NFrJFQijFE_1,audio,6,0.69,0.805,12,1,mean,equal_duration_50_bins,PASS,,
-NFrJFQijFE_1,audio,7,0.805,0.92,11,1,mean,equal_duration_50_bins,PASS,,
-NFrJFQijFE_1,audio,8,0.92,1.035,12,1,mean,equal_duration_50_bins,PASS,,
-NFrJFQijFE_1,audio,9,1.035,1.15,11,1,mean,equal_duration_50_bins,PASS,,
-NFrJFQijFE_1,audio,10,1.15,1.265,12,1,mean,equal_duration_50_bins,PASS,,
-NFrJFQijFE_1,audio,11,1.265,1.38,11,1,mean,equal_duration_50_bins,PASS,,
-NFrJFQijFE_1,audio,12,1.38,1.495,12,1,mean,equal_duration_50_bins,PASS,,
-NFrJFQijFE_1,audio,13,1.495,1.61,11,1,mean,equal_duration_50_bins,PASS,,
-NFrJFQijFE_1,audio,14,1.61,1.725,12,1,mean,equal_duration_50_bins,PASS,,
-NFrJFQijFE_1,audio,15,1.725,1.84,11,1,mean,equal_duration_50_bins,PASS,,
-NFrJFQijFE_1,audio,16,1.84,1.955,12,1,mean,equal_duration_50_bins,PASS,,
-NFrJFQijFE_1,audio,17,1.955,2.07,11,1,mean,equal_duration_50_bins,PASS,,
-NFrJFQijFE_1,audio,18,2.07,2.185,12,1,mean,equal_duration_50_bins,PASS,,
-NFrJFQijFE_1,audio,19,2.185,2.3,11,1,mean,equal_duration_50_bins,PASS,,
-NFrJFQijFE_1,audio,20,2.3,2.415,12,1,mean,equal_duration_50_bins,PASS,,
-NFrJFQijFE_1,audio,21,2.415,2.53,11,1,mean,equal_duration_50_bins,PASS,,
-NFrJFQijFE_1,audio,22,2.53,2.645,12,1,mean,equal_duration_50_bins,PASS,,
-NFrJFQijFE_1,audio,23,2.645,2.76,11,1,mean,equal_duration_50_bins,PASS,,
-NFrJFQijFE_1,audio,24,2.76,2.875,12,1,mean,equal_duration_50_bins,PASS,,
-NFrJFQijFE_1,audio,25,2.875,2.99,11,1,mean,equal_duration_50_bins,PASS,,
-NFrJFQijFE_1,audio,26,2.99,3.105,12,1,mean,equal_duration_50_bins,PASS,,
-NFrJFQijFE_1,audio,27,3.105,3.22,11,1,mean,equal_duration_50_bins,PASS,,
-NFrJFQijFE_1,audio,28,3.22,3.335,12,1,mean,equal_duration_50_bins,PASS,,
-NFrJFQijFE_1,audio,29,3.335,3.45,11,1,mean,equal_duration_50_bins,PASS,,
-NFrJFQijFE_1,audio,30,3.45,3.565,12,1,mean,equal_duration_50_bins,PASS,,
-NFrJFQijFE_1,audio,31,3.565,3.68,11,1,mean,equal_duration_50_bins,PASS,,
-NFrJFQijFE_1,audio,32,3.68,3.795,12,1,mean,equal_duration_50_bins,PASS,,
-NFrJFQijFE_1,audio,33,3.795,3.91,11,1,mean,equal_duration_50_bins,PASS,,
-NFrJFQijFE_1,audio,34,3.91,4.025,12,1,mean,equal_duration_50_bins,PASS,,
-NFrJFQijFE_1,audio,35,4.025,4.14,11,1,mean,equal_duration_50_bins,PASS,,
-NFrJFQijFE_1,audio,36,4.14,4.255,12,1,mean,equal_duration_50_bins,PASS,,
-NFrJFQijFE_1,audio,37,4.255,4.37,11,1,mean,equal_duration_50_bins,PASS,,
-NFrJFQijFE_1,audio,38,4.37,4.485,12,1,mean,equal_duration_50_bins,PASS,,
-NFrJFQijFE_1,audio,39,4.485,4.6,11,1,mean,equal_duration_50_bins,PASS,,
-NFrJFQijFE_1,audio,40,4.6,4.715,12,1,mean,equal_duration_50_bins,PASS,,
-NFrJFQijFE_1,audio,41,4.715,4.83,11,1,mean,equal_duration_50_bins,PASS,,
-NFrJFQijFE_1,audio,42,4.83,4.945,12,1,mean,equal_duration_50_bins,PASS,,
-NFrJFQijFE_1,audio,43,4.945,5.06,11,1,mean,equal_duration_50_bins,PASS,,
-NFrJFQijFE_1,audio,44,5.06,5.175,12,1,mean,equal_duration_50_bins,PASS,,
-NFrJFQijFE_1,audio,45,5.175,5.29,11,1,mean,equal_duration_50_bins,PASS,,
-NFrJFQijFE_1,audio,46,5.29,5.405,12,1,mean,equal_duration_50_bins,PASS,,
-NFrJFQijFE_1,audio,47,5.405,5.52,11,1,mean,equal_duration_50_bins,PASS,,
-NFrJFQijFE_1,audio,48,5.52,5.635,12,1,mean,equal_duration_50_bins,PASS,,
-NFrJFQijFE_1,audio,49,5.635,5.75,1,1,mean,equal_duration_50_bins,PASS,,
-NFrJFQijFE_2,audio,0,0.0,0.13720000000000002,13,1,mean,equal_duration_50_bins,PASS,,
-NFrJFQijFE_2,audio,1,0.13720000000000002,0.27440000000000003,14,1,mean,equal_duration_50_bins,PASS,,
-NFrJFQijFE_2,audio,2,0.27440000000000003,0.4116,13,1,mean,equal_duration_50_bins,PASS,,
-NFrJFQijFE_2,audio,3,0.4116,0.5488000000000001,14,1,mean,equal_duration_50_bins,PASS,,
-NFrJFQijFE_2,audio,4,0.5488000000000001,0.686,14,1,mean,equal_duration_50_bins,PASS,,
-NFrJFQijFE_2,audio,5,0.686,0.8232,14,1,mean,equal_duration_50_bins,PASS,,
-NFrJFQijFE_2,audio,6,0.8232,0.9604,13,1,mean,equal_duration_50_bins,PASS,,
-NFrJFQijFE_2,audio,7,0.9604,1.0976000000000001,14,1,mean,equal_duration_50_bins,PASS,,
-NFrJFQijFE_2,audio,8,1.0976000000000001,1.2348000000000001,14,1,mean,equal_duration_50_bins,PASS,,
-NFrJFQijFE_2,audio,9,1.2348000000000001,1.372,13,1,mean,equal_duration_50_bins,PASS,,
-NFrJFQijFE_2,audio,10,1.372,1.5092,14,1,mean,equal_duration_50_bins,PASS,,
-NFrJFQijFE_2,audio,11,1.5092,1.6464,14,1,mean,equal_duration_50_bins,PASS,,
-NFrJFQijFE_2,audio,12,1.6464,1.7836,14,1,mean,equal_duration_50_bins,PASS,,
-NFrJFQijFE_2,audio,13,1.7836,1.9208,13,1,mean,equal_duration_50_bins,PASS,,
-NFrJFQijFE_2,audio,14,1.9208,2.0580000000000003,14,1,mean,equal_duration_50_bins,PASS,,
-NFrJFQijFE_2,audio,15,2.0580000000000003,2.1952000000000003,14,1,mean,equal_duration_50_bins,PASS,,
-NFrJFQijFE_2,audio,16,2.1952000000000003,2.3324000000000003,13,1,mean,equal_duration_50_bins,PASS,,
-NFrJFQijFE_2,audio,17,2.3324000000000003,2.4696000000000002,14,1,mean,equal_duration_50_bins,PASS,,
-NFrJFQijFE_2,audio,18,2.4696000000000002,2.6068000000000002,14,1,mean,equal_duration_50_bins,PASS,,
-NFrJFQijFE_2,audio,19,2.6068000000000002,2.744,14,1,mean,equal_duration_50_bins,PASS,,
-NFrJFQijFE_2,audio,20,2.744,2.8812,13,1,mean,equal_duration_50_bins,PASS,,
-NFrJFQijFE_2,audio,21,2.8812,3.0184,14,1,mean,equal_duration_50_bins,PASS,,
-NFrJFQijFE_2,audio,22,3.0184,3.1556,14,1,mean,equal_duration_50_bins,PASS,,
-NFrJFQijFE_2,audio,23,3.1556,3.2928,14,1,mean,equal_duration_50_bins,PASS,,
-NFrJFQijFE_2,audio,24,3.2928,3.43,13,1,mean,equal_duration_50_bins,PASS,,
-NFrJFQijFE_2,audio,25,3.43,3.5672,14,1,mean,equal_duration_50_bins,PASS,,
-NFrJFQijFE_2,audio,26,3.5672,3.7044,14,1,mean,equal_duration_50_bins,PASS,,
-NFrJFQijFE_2,audio,27,3.7044,3.8416,13,1,mean,equal_duration_50_bins,PASS,,
-NFrJFQijFE_2,audio,28,3.8416,3.9788,14,1,mean,equal_duration_50_bins,PASS,,
-NFrJFQijFE_2,audio,29,3.9788,4.1160000000000005,14,1,mean,equal_duration_50_bins,PASS,,
-NFrJFQijFE_2,audio,30,4.1160000000000005,4.2532,14,1,mean,equal_duration_50_bins,PASS,,
-NFrJFQijFE_2,audio,31,4.2532,4.3904000000000005,13,1,mean,equal_duration_50_bins,PASS,,
-NFrJFQijFE_2,audio,32,4.3904000000000005,4.5276000000000005,14,1,mean,equal_duration_50_bins,PASS,,
-NFrJFQijFE_2,audio,33,4.5276000000000005,4.6648000000000005,14,1,mean,equal_duration_50_bins,PASS,,
-NFrJFQijFE_2,audio,34,4.6648000000000005,4.8020000000000005,13,1,mean,equal_duration_50_bins,PASS,,
-NFrJFQijFE_2,audio,35,4.8020000000000005,4.9392000000000005,14,1,mean,equal_duration_50_bins,PASS,,
-NFrJFQijFE_2,audio,36,4.9392000000000005,5.0764000000000005,14,1,mean,equal_duration_50_bins,PASS,,
-NFrJFQijFE_2,audio,37,5.0764000000000005,5.2136000000000005,14,1,mean,equal_duration_50_bins,PASS,,
-NFrJFQijFE_2,audio,38,5.2136000000000005,5.3508000000000004,13,1,mean,equal_duration_50_bins,PASS,,
-NFrJFQijFE_2,audio,39,5.3508000000000004,5.488,14,1,mean,equal_duration_50_bins,PASS,,
-NFrJFQijFE_2,audio,40,5.488,5.6251999999999995,14,1,mean,equal_duration_50_bins,PASS,,
-NFrJFQijFE_2,audio,41,5.6251999999999995,5.7624,13,1,mean,equal_duration_50_bins,PASS,,
-NFrJFQijFE_2,audio,42,5.7624,5.8996,14,1,mean,equal_duration_50_bins,PASS,,
-NFrJFQijFE_2,audio,43,5.8996,6.0368,14,1,mean,equal_duration_50_bins,PASS,,
-NFrJFQijFE_2,audio,44,6.0368,6.1739999999999995,14,1,mean,equal_duration_50_bins,PASS,,
-NFrJFQijFE_2,audio,45,6.1739999999999995,6.3112,13,1,mean,equal_duration_50_bins,PASS,,
-NFrJFQijFE_2,audio,46,6.3112,6.4484,14,1,mean,equal_duration_50_bins,PASS,,
-NFrJFQijFE_2,audio,47,6.4484,6.5856,14,1,mean,equal_duration_50_bins,PASS,,
-NFrJFQijFE_2,audio,48,6.5856,6.722800000000001,10,1,mean,equal_duration_50_bins,PASS,,
-NFrJFQijFE_2,audio,49,6.722800000000001,6.86,0,0,mean,equal_duration_50_bins,PASS,,
-THoVjtIkeU_12,audio,0,0.0,0.298,29,1,mean,equal_duration_50_bins,PASS,,
-THoVjtIkeU_12,audio,1,0.298,0.596,30,1,mean,equal_duration_50_bins,PASS,,
-THoVjtIkeU_12,audio,2,0.596,0.894,30,1,mean,equal_duration_50_bins,PASS,,
-THoVjtIkeU_12,audio,3,0.894,1.192,29,1,mean,equal_duration_50_bins,PASS,,
-THoVjtIkeU_12,audio,4,1.192,1.49,30,1,mean,equal_duration_50_bins,PASS,,
-THoVjtIkeU_12,audio,5,1.49,1.788,30,1,mean,equal_duration_50_bins,PASS,,
-THoVjtIkeU_12,audio,6,1.788,2.086,30,1,mean,equal_duration_50_bins,PASS,,
-THoVjtIkeU_12,audio,7,2.086,2.384,30,1,mean,equal_duration_50_bins,PASS,,
-THoVjtIkeU_12,audio,8,2.384,2.682,29,1,mean,equal_duration_50_bins,PASS,,
-THoVjtIkeU_12,audio,9,2.682,2.98,30,1,mean,equal_duration_50_bins,PASS,,
-THoVjtIkeU_12,audio,10,2.98,3.278,30,1,mean,equal_duration_50_bins,PASS,,
-THoVjtIkeU_12,audio,11,3.278,3.576,30,1,mean,equal_duration_50_bins,PASS,,
-THoVjtIkeU_12,audio,12,3.576,3.8740000000000006,30,1,mean,equal_duration_50_bins,PASS,,
-THoVjtIkeU_12,audio,13,3.8740000000000006,4.172,29,1,mean,equal_duration_50_bins,PASS,,
-THoVjtIkeU_12,audio,14,4.172,4.47,30,1,mean,equal_duration_50_bins,PASS,,
-THoVjtIkeU_12,audio,15,4.47,4.768,30,1,mean,equal_duration_50_bins,PASS,,
-THoVjtIkeU_12,audio,16,4.768,5.066,30,1,mean,equal_duration_50_bins,PASS,,
-THoVjtIkeU_12,audio,17,5.066,5.364,30,1,mean,equal_duration_50_bins,PASS,,
-THoVjtIkeU_12,audio,18,5.364,5.662000000000001,29,1,mean,equal_duration_50_bins,PASS,,
-THoVjtIkeU_12,audio,19,5.662000000000001,5.96,30,1,mean,equal_duration_50_bins,PASS,,
-THoVjtIkeU_12,audio,20,5.96,6.258000000000001,30,1,mean,equal_duration_50_bins,PASS,,
-THoVjtIkeU_12,audio,21,6.258000000000001,6.556,30,1,mean,equal_duration_50_bins,PASS,,
-THoVjtIkeU_12,audio,22,6.556,6.854,30,1,mean,equal_duration_50_bins,PASS,,
-THoVjtIkeU_12,audio,23,6.854,7.152,29,1,mean,equal_duration_50_bins,PASS,,
-THoVjtIkeU_12,audio,24,7.152,7.45,30,1,mean,equal_duration_50_bins,PASS,,
-THoVjtIkeU_12,audio,25,7.45,7.748000000000001,30,1,mean,equal_duration_50_bins,PASS,,
-THoVjtIkeU_12,audio,26,7.748000000000001,8.046,30,1,mean,equal_duration_50_bins,PASS,,
-THoVjtIkeU_12,audio,27,8.046,8.344,30,1,mean,equal_duration_50_bins,PASS,,
-THoVjtIkeU_12,audio,28,8.344,8.642000000000001,29,1,mean,equal_duration_50_bins,PASS,,
-THoVjtIkeU_12,audio,29,8.642000000000001,8.94,30,1,mean,equal_duration_50_bins,PASS,,
-THoVjtIkeU_12,audio,30,8.94,9.238000000000001,30,1,mean,equal_duration_50_bins,PASS,,
-THoVjtIkeU_12,audio,31,9.238000000000001,9.536,30,1,mean,equal_duration_50_bins,PASS,,
-THoVjtIkeU_12,audio,32,9.536,9.834,30,1,mean,equal_duration_50_bins,PASS,,
-THoVjtIkeU_12,audio,33,9.834,10.132,29,1,mean,equal_duration_50_bins,PASS,,
-THoVjtIkeU_12,audio,34,10.132,10.43,30,1,mean,equal_duration_50_bins,PASS,,
-THoVjtIkeU_12,audio,35,10.43,10.728,30,1,mean,equal_duration_50_bins,PASS,,
-THoVjtIkeU_12,audio,36,10.728,11.026000000000002,30,1,mean,equal_duration_50_bins,PASS,,
-THoVjtIkeU_12,audio,37,11.026000000000002,11.324000000000002,30,1,mean,equal_duration_50_bins,PASS,,
-THoVjtIkeU_12,audio,38,11.324000000000002,11.622,29,1,mean,equal_duration_50_bins,PASS,,
-THoVjtIkeU_12,audio,39,11.622,11.92,30,1,mean,equal_duration_50_bins,PASS,,
-THoVjtIkeU_12,audio,40,11.92,12.218,30,1,mean,equal_duration_50_bins,PASS,,
-THoVjtIkeU_12,audio,41,12.218,12.516000000000002,30,1,mean,equal_duration_50_bins,PASS,,
-THoVjtIkeU_12,audio,42,12.516000000000002,12.814,30,1,mean,equal_duration_50_bins,PASS,,
-THoVjtIkeU_12,audio,43,12.814,13.112,29,1,mean,equal_duration_50_bins,PASS,,
-THoVjtIkeU_12,audio,44,13.112,13.41,30,1,mean,equal_duration_50_bins,PASS,,
-THoVjtIkeU_12,audio,45,13.41,13.708,30,1,mean,equal_duration_50_bins,PASS,,
-THoVjtIkeU_12,audio,46,13.708,14.006000000000002,30,1,mean,equal_duration_50_bins,PASS,,
-THoVjtIkeU_12,audio,47,14.006000000000002,14.304,30,1,mean,equal_duration_50_bins,PASS,,
-THoVjtIkeU_12,audio,48,14.304,14.602,29,1,mean,equal_duration_50_bins,PASS,,
-THoVjtIkeU_12,audio,49,14.602,14.9,20,1,mean,equal_duration_50_bins,PASS,,
-THoVjtIkeU_2,audio,0,0.0,0.0858,8,1,mean,equal_duration_50_bins,PASS,,
-THoVjtIkeU_2,audio,1,0.0858,0.1716,8,1,mean,equal_duration_50_bins,PASS,,
-THoVjtIkeU_2,audio,2,0.1716,0.2574,9,1,mean,equal_duration_50_bins,PASS,,
-THoVjtIkeU_2,audio,3,0.2574,0.3432,9,1,mean,equal_duration_50_bins,PASS,,
-THoVjtIkeU_2,audio,4,0.3432,0.429,8,1,mean,equal_duration_50_bins,PASS,,
-THoVjtIkeU_2,audio,5,0.429,0.5148,9,1,mean,equal_duration_50_bins,PASS,,
-THoVjtIkeU_2,audio,6,0.5148,0.6006,8,1,mean,equal_duration_50_bins,PASS,,
-THoVjtIkeU_2,audio,7,0.6006,0.6864,9,1,mean,equal_duration_50_bins,PASS,,
-THoVjtIkeU_2,audio,8,0.6864,0.7722,8,1,mean,equal_duration_50_bins,PASS,,
-THoVjtIkeU_2,audio,9,0.7722,0.858,9,1,mean,equal_duration_50_bins,PASS,,
-THoVjtIkeU_2,audio,10,0.858,0.9438,9,1,mean,equal_duration_50_bins,PASS,,
-THoVjtIkeU_2,audio,11,0.9438,1.0296,8,1,mean,equal_duration_50_bins,PASS,,
-THoVjtIkeU_2,audio,12,1.0296,1.1154000000000002,9,1,mean,equal_duration_50_bins,PASS,,
-THoVjtIkeU_2,audio,13,1.1154000000000002,1.2012,8,1,mean,equal_duration_50_bins,PASS,,
-THoVjtIkeU_2,audio,14,1.2012,1.287,9,1,mean,equal_duration_50_bins,PASS,,
-THoVjtIkeU_2,audio,15,1.287,1.3728,9,1,mean,equal_duration_50_bins,PASS,,
-THoVjtIkeU_2,audio,16,1.3728,1.4586000000000001,8,1,mean,equal_duration_50_bins,PASS,,
-THoVjtIkeU_2,audio,17,1.4586000000000001,1.5444,9,1,mean,equal_duration_50_bins,PASS,,
-THoVjtIkeU_2,audio,18,1.5444,1.6302,8,1,mean,equal_duration_50_bins,PASS,,
-THoVjtIkeU_2,audio,19,1.6302,1.716,9,1,mean,equal_duration_50_bins,PASS,,
-THoVjtIkeU_2,audio,20,1.716,1.8018,8,1,mean,equal_duration_50_bins,PASS,,
-THoVjtIkeU_2,audio,21,1.8018,1.8876,9,1,mean,equal_duration_50_bins,PASS,,
-THoVjtIkeU_2,audio,22,1.8876,1.9734,9,1,mean,equal_duration_50_bins,PASS,,
-THoVjtIkeU_2,audio,23,1.9734,2.0592,8,1,mean,equal_duration_50_bins,PASS,,
-THoVjtIkeU_2,audio,24,2.0592,2.145,9,1,mean,equal_duration_50_bins,PASS,,
-THoVjtIkeU_2,audio,25,2.145,2.2308000000000003,8,1,mean,equal_duration_50_bins,PASS,,
-THoVjtIkeU_2,audio,26,2.2308000000000003,2.3165999999999998,9,1,mean,equal_duration_50_bins,PASS,,
-THoVjtIkeU_2,audio,27,2.3165999999999998,2.4024,8,1,mean,equal_duration_50_bins,PASS,,
-THoVjtIkeU_2,audio,28,2.4024,2.4882,9,1,mean,equal_duration_50_bins,PASS,,
-THoVjtIkeU_2,audio,29,2.4882,2.574,9,1,mean,equal_duration_50_bins,PASS,,
-THoVjtIkeU_2,audio,30,2.574,2.6598,8,1,mean,equal_duration_50_bins,PASS,,
-THoVjtIkeU_2,audio,31,2.6598,2.7456,9,1,mean,equal_duration_50_bins,PASS,,
-THoVjtIkeU_2,audio,32,2.7456,2.8314,8,1,mean,equal_duration_50_bins,PASS,,
-THoVjtIkeU_2,audio,33,2.8314,2.9172000000000002,9,1,mean,equal_duration_50_bins,PASS,,
-THoVjtIkeU_2,audio,34,2.9172000000000002,3.003,9,1,mean,equal_duration_50_bins,PASS,,
-THoVjtIkeU_2,audio,35,3.003,3.0888,8,1,mean,equal_duration_50_bins,PASS,,
-THoVjtIkeU_2,audio,36,3.0888,3.1746,9,1,mean,equal_duration_50_bins,PASS,,
-THoVjtIkeU_2,audio,37,3.1746,3.2604,8,1,mean,equal_duration_50_bins,PASS,,
-THoVjtIkeU_2,audio,38,3.2604,3.3462,9,1,mean,equal_duration_50_bins,PASS,,
-THoVjtIkeU_2,audio,39,3.3462,3.432,8,1,mean,equal_duration_50_bins,PASS,,
-THoVjtIkeU_2,audio,40,3.432,3.5178000000000003,9,1,mean,equal_duration_50_bins,PASS,,
-THoVjtIkeU_2,audio,41,3.5178000000000003,3.6036,9,1,mean,equal_duration_50_bins,PASS,,
-THoVjtIkeU_2,audio,42,3.6036,3.6894,8,1,mean,equal_duration_50_bins,PASS,,
-THoVjtIkeU_2,audio,43,3.6894,3.7752,9,1,mean,equal_duration_50_bins,PASS,,
-THoVjtIkeU_2,audio,44,3.7752,3.861,8,1,mean,equal_duration_50_bins,PASS,,
-THoVjtIkeU_2,audio,45,3.861,3.9468,9,1,mean,equal_duration_50_bins,PASS,,
-THoVjtIkeU_2,audio,46,3.9468,4.0325999999999995,9,1,mean,equal_duration_50_bins,PASS,,
-THoVjtIkeU_2,audio,47,4.0325999999999995,4.1184,8,1,mean,equal_duration_50_bins,PASS,,
-THoVjtIkeU_2,audio,48,4.1184,4.2042,9,1,mean,equal_duration_50_bins,PASS,,
-THoVjtIkeU_2,audio,49,4.2042,4.29,1,1,mean,equal_duration_50_bins,PASS,,
-THoVjtIkeU_6,audio,0,0.0,0.162,15,1,mean,equal_duration_50_bins,PASS,,
-THoVjtIkeU_6,audio,1,0.162,0.324,17,1,mean,equal_duration_50_bins,PASS,,
-THoVjtIkeU_6,audio,2,0.324,0.48599999999999993,16,1,mean,equal_duration_50_bins,PASS,,
-THoVjtIkeU_6,audio,3,0.48599999999999993,0.648,16,1,mean,equal_duration_50_bins,PASS,,
-THoVjtIkeU_6,audio,4,0.648,0.81,16,1,mean,equal_duration_50_bins,PASS,,
-THoVjtIkeU_6,audio,5,0.81,0.9719999999999999,16,1,mean,equal_duration_50_bins,PASS,,
-THoVjtIkeU_6,audio,6,0.9719999999999999,1.134,17,1,mean,equal_duration_50_bins,PASS,,
-THoVjtIkeU_6,audio,7,1.134,1.296,16,1,mean,equal_duration_50_bins,PASS,,
-THoVjtIkeU_6,audio,8,1.296,1.4579999999999997,16,1,mean,equal_duration_50_bins,PASS,,
-THoVjtIkeU_6,audio,9,1.4579999999999997,1.62,16,1,mean,equal_duration_50_bins,PASS,,
-THoVjtIkeU_6,audio,10,1.62,1.7819999999999998,16,1,mean,equal_duration_50_bins,PASS,,
-THoVjtIkeU_6,audio,11,1.7819999999999998,1.9439999999999997,17,1,mean,equal_duration_50_bins,PASS,,
-THoVjtIkeU_6,audio,12,1.9439999999999997,2.106,16,1,mean,equal_duration_50_bins,PASS,,
-THoVjtIkeU_6,audio,13,2.106,2.268,16,1,mean,equal_duration_50_bins,PASS,,
-THoVjtIkeU_6,audio,14,2.268,2.43,16,1,mean,equal_duration_50_bins,PASS,,
-THoVjtIkeU_6,audio,15,2.43,2.592,16,1,mean,equal_duration_50_bins,PASS,,
-THoVjtIkeU_6,audio,16,2.592,2.7539999999999996,17,1,mean,equal_duration_50_bins,PASS,,
-THoVjtIkeU_6,audio,17,2.7539999999999996,2.9159999999999995,16,1,mean,equal_duration_50_bins,PASS,,
-THoVjtIkeU_6,audio,18,2.9159999999999995,3.0780000000000003,16,1,mean,equal_duration_50_bins,PASS,,
-THoVjtIkeU_6,audio,19,3.0780000000000003,3.24,16,1,mean,equal_duration_50_bins,PASS,,
-THoVjtIkeU_6,audio,20,3.24,3.4019999999999997,16,1,mean,equal_duration_50_bins,PASS,,
-THoVjtIkeU_6,audio,21,3.4019999999999997,3.5639999999999996,17,1,mean,equal_duration_50_bins,PASS,,
-THoVjtIkeU_6,audio,22,3.5639999999999996,3.7259999999999995,16,1,mean,equal_duration_50_bins,PASS,,
-THoVjtIkeU_6,audio,23,3.7259999999999995,3.8879999999999995,16,1,mean,equal_duration_50_bins,PASS,,
-THoVjtIkeU_6,audio,24,3.8879999999999995,4.05,16,1,mean,equal_duration_50_bins,PASS,,
-THoVjtIkeU_6,audio,25,4.05,4.212,16,1,mean,equal_duration_50_bins,PASS,,
-THoVjtIkeU_6,audio,26,4.212,4.374,17,1,mean,equal_duration_50_bins,PASS,,
-THoVjtIkeU_6,audio,27,4.374,4.536,16,1,mean,equal_duration_50_bins,PASS,,
-THoVjtIkeU_6,audio,28,4.536,4.6979999999999995,16,1,mean,equal_duration_50_bins,PASS,,
-THoVjtIkeU_6,audio,29,4.6979999999999995,4.86,16,1,mean,equal_duration_50_bins,PASS,,
-THoVjtIkeU_6,audio,30,4.86,5.022,16,1,mean,equal_duration_50_bins,PASS,,
-THoVjtIkeU_6,audio,31,5.022,5.184,17,1,mean,equal_duration_50_bins,PASS,,
-THoVjtIkeU_6,audio,32,5.184,5.346,16,1,mean,equal_duration_50_bins,PASS,,
-THoVjtIkeU_6,audio,33,5.346,5.507999999999999,16,1,mean,equal_duration_50_bins,PASS,,
-THoVjtIkeU_6,audio,34,5.507999999999999,5.67,16,1,mean,equal_duration_50_bins,PASS,,
-THoVjtIkeU_6,audio,35,5.67,5.831999999999999,16,1,mean,equal_duration_50_bins,PASS,,
-THoVjtIkeU_6,audio,36,5.831999999999999,5.994,17,1,mean,equal_duration_50_bins,PASS,,
-THoVjtIkeU_6,audio,37,5.994,6.156000000000001,16,1,mean,equal_duration_50_bins,PASS,,
-THoVjtIkeU_6,audio,38,6.156000000000001,6.318,16,1,mean,equal_duration_50_bins,PASS,,
-THoVjtIkeU_6,audio,39,6.318,6.48,16,1,mean,equal_duration_50_bins,PASS,,
-THoVjtIkeU_6,audio,40,6.48,6.6419999999999995,16,1,mean,equal_duration_50_bins,PASS,,
-THoVjtIkeU_6,audio,41,6.6419999999999995,6.803999999999999,17,1,mean,equal_duration_50_bins,PASS,,
-THoVjtIkeU_6,audio,42,6.803999999999999,6.966,16,1,mean,equal_duration_50_bins,PASS,,
-THoVjtIkeU_6,audio,43,6.966,7.127999999999999,16,1,mean,equal_duration_50_bins,PASS,,
-THoVjtIkeU_6,audio,44,7.127999999999999,7.29,16,1,mean,equal_duration_50_bins,PASS,,
-THoVjtIkeU_6,audio,45,7.29,7.451999999999999,16,1,mean,equal_duration_50_bins,PASS,,
-THoVjtIkeU_6,audio,46,7.451999999999999,7.614,17,1,mean,equal_duration_50_bins,PASS,,
-THoVjtIkeU_6,audio,47,7.614,7.775999999999999,16,1,mean,equal_duration_50_bins,PASS,,
-THoVjtIkeU_6,audio,48,7.775999999999999,7.938,16,1,mean,equal_duration_50_bins,PASS,,
-THoVjtIkeU_6,audio,49,7.938,8.1,3,1,mean,equal_duration_50_bins,PASS,,
-UuX1xuaiiE_1,audio,0,0.0,0.207,20,1,mean,equal_duration_50_bins,PASS,,
-UuX1xuaiiE_1,audio,1,0.207,0.414,21,1,mean,equal_duration_50_bins,PASS,,
-UuX1xuaiiE_1,audio,2,0.414,0.621,20,1,mean,equal_duration_50_bins,PASS,,
-UuX1xuaiiE_1,audio,3,0.621,0.828,21,1,mean,equal_duration_50_bins,PASS,,
-UuX1xuaiiE_1,audio,4,0.828,1.035,21,1,mean,equal_duration_50_bins,PASS,,
-UuX1xuaiiE_1,audio,5,1.035,1.242,20,1,mean,equal_duration_50_bins,PASS,,
-UuX1xuaiiE_1,audio,6,1.242,1.449,21,1,mean,equal_duration_50_bins,PASS,,
-UuX1xuaiiE_1,audio,7,1.449,1.656,21,1,mean,equal_duration_50_bins,PASS,,
-UuX1xuaiiE_1,audio,8,1.656,1.8629999999999998,21,1,mean,equal_duration_50_bins,PASS,,
-UuX1xuaiiE_1,audio,9,1.8629999999999998,2.07,20,1,mean,equal_duration_50_bins,PASS,,
-UuX1xuaiiE_1,audio,10,2.07,2.2769999999999997,21,1,mean,equal_duration_50_bins,PASS,,
-UuX1xuaiiE_1,audio,11,2.2769999999999997,2.484,21,1,mean,equal_duration_50_bins,PASS,,
-UuX1xuaiiE_1,audio,12,2.484,2.691,20,1,mean,equal_duration_50_bins,PASS,,
-UuX1xuaiiE_1,audio,13,2.691,2.898,21,1,mean,equal_duration_50_bins,PASS,,
-UuX1xuaiiE_1,audio,14,2.898,3.105,21,1,mean,equal_duration_50_bins,PASS,,
-UuX1xuaiiE_1,audio,15,3.105,3.312,20,1,mean,equal_duration_50_bins,PASS,,
-UuX1xuaiiE_1,audio,16,3.312,3.5189999999999997,21,1,mean,equal_duration_50_bins,PASS,,
-UuX1xuaiiE_1,audio,17,3.5189999999999997,3.7259999999999995,21,1,mean,equal_duration_50_bins,PASS,,
-UuX1xuaiiE_1,audio,18,3.7259999999999995,3.9330000000000003,21,1,mean,equal_duration_50_bins,PASS,,
-UuX1xuaiiE_1,audio,19,3.9330000000000003,4.14,20,1,mean,equal_duration_50_bins,PASS,,
-UuX1xuaiiE_1,audio,20,4.14,4.3469999999999995,21,1,mean,equal_duration_50_bins,PASS,,
-UuX1xuaiiE_1,audio,21,4.3469999999999995,4.553999999999999,21,1,mean,equal_duration_50_bins,PASS,,
-UuX1xuaiiE_1,audio,22,4.553999999999999,4.760999999999999,20,1,mean,equal_duration_50_bins,PASS,,
-UuX1xuaiiE_1,audio,23,4.760999999999999,4.968,21,1,mean,equal_duration_50_bins,PASS,,
-UuX1xuaiiE_1,audio,24,4.968,5.175,21,1,mean,equal_duration_50_bins,PASS,,
-UuX1xuaiiE_1,audio,25,5.175,5.382,20,1,mean,equal_duration_50_bins,PASS,,
-UuX1xuaiiE_1,audio,26,5.382,5.5889999999999995,21,1,mean,equal_duration_50_bins,PASS,,
-UuX1xuaiiE_1,audio,27,5.5889999999999995,5.796,21,1,mean,equal_duration_50_bins,PASS,,
-UuX1xuaiiE_1,audio,28,5.796,6.002999999999999,21,1,mean,equal_duration_50_bins,PASS,,
-UuX1xuaiiE_1,audio,29,6.002999999999999,6.21,20,1,mean,equal_duration_50_bins,PASS,,
-UuX1xuaiiE_1,audio,30,6.21,6.416999999999999,21,1,mean,equal_duration_50_bins,PASS,,
-UuX1xuaiiE_1,audio,31,6.416999999999999,6.624,21,1,mean,equal_duration_50_bins,PASS,,
-UuX1xuaiiE_1,audio,32,6.624,6.831,20,1,mean,equal_duration_50_bins,PASS,,
-UuX1xuaiiE_1,audio,33,6.831,7.037999999999999,21,1,mean,equal_duration_50_bins,PASS,,
-UuX1xuaiiE_1,audio,34,7.037999999999999,7.245,21,1,mean,equal_duration_50_bins,PASS,,
-UuX1xuaiiE_1,audio,35,7.245,7.451999999999999,20,1,mean,equal_duration_50_bins,PASS,,
-UuX1xuaiiE_1,audio,36,7.451999999999999,7.659,21,1,mean,equal_duration_50_bins,PASS,,
-UuX1xuaiiE_1,audio,37,7.659,7.8660000000000005,21,1,mean,equal_duration_50_bins,PASS,,
-UuX1xuaiiE_1,audio,38,7.8660000000000005,8.073,21,1,mean,equal_duration_50_bins,PASS,,
-UuX1xuaiiE_1,audio,39,8.073,8.28,20,1,mean,equal_duration_50_bins,PASS,,
-UuX1xuaiiE_1,audio,40,8.28,8.487,21,1,mean,equal_duration_50_bins,PASS,,
-UuX1xuaiiE_1,audio,41,8.487,8.693999999999999,21,1,mean,equal_duration_50_bins,PASS,,
-UuX1xuaiiE_1,audio,42,8.693999999999999,8.901,20,1,mean,equal_duration_50_bins,PASS,,
-UuX1xuaiiE_1,audio,43,8.901,9.107999999999999,21,1,mean,equal_duration_50_bins,PASS,,
-UuX1xuaiiE_1,audio,44,9.107999999999999,9.315,21,1,mean,equal_duration_50_bins,PASS,,
-UuX1xuaiiE_1,audio,45,9.315,9.521999999999998,20,1,mean,equal_duration_50_bins,PASS,,
-UuX1xuaiiE_1,audio,46,9.521999999999998,9.729,21,1,mean,equal_duration_50_bins,PASS,,
-UuX1xuaiiE_1,audio,47,9.729,9.936,21,1,mean,equal_duration_50_bins,PASS,,
-UuX1xuaiiE_1,audio,48,9.936,10.142999999999999,21,1,mean,equal_duration_50_bins,PASS,,
-UuX1xuaiiE_1,audio,49,10.142999999999999,10.35,11,1,mean,equal_duration_50_bins,PASS,,
-UuX1xuaiiE_0,audio,0,0.0,0.0726,7,1,mean,equal_duration_50_bins,PASS,,
-UuX1xuaiiE_0,audio,1,0.0726,0.1452,7,1,mean,equal_duration_50_bins,PASS,,
-UuX1xuaiiE_0,audio,2,0.1452,0.21780000000000002,7,1,mean,equal_duration_50_bins,PASS,,
-UuX1xuaiiE_0,audio,3,0.21780000000000002,0.2904,7,1,mean,equal_duration_50_bins,PASS,,
-UuX1xuaiiE_0,audio,4,0.2904,0.363,8,1,mean,equal_duration_50_bins,PASS,,
-UuX1xuaiiE_0,audio,5,0.363,0.43560000000000004,7,1,mean,equal_duration_50_bins,PASS,,
-UuX1xuaiiE_0,audio,6,0.43560000000000004,0.5082,7,1,mean,equal_duration_50_bins,PASS,,
-UuX1xuaiiE_0,audio,7,0.5082,0.5808,7,1,mean,equal_duration_50_bins,PASS,,
-UuX1xuaiiE_0,audio,8,0.5808,0.6534,8,1,mean,equal_duration_50_bins,PASS,,
-UuX1xuaiiE_0,audio,9,0.6534,0.726,7,1,mean,equal_duration_50_bins,PASS,,
-UuX1xuaiiE_0,audio,10,0.726,0.7986,7,1,mean,equal_duration_50_bins,PASS,,
-UuX1xuaiiE_0,audio,11,0.7986,0.8712000000000001,7,1,mean,equal_duration_50_bins,PASS,,
-UuX1xuaiiE_0,audio,12,0.8712000000000001,0.9438,8,1,mean,equal_duration_50_bins,PASS,,
-UuX1xuaiiE_0,audio,13,0.9438,1.0164,7,1,mean,equal_duration_50_bins,PASS,,
-UuX1xuaiiE_0,audio,14,1.0164,1.089,7,1,mean,equal_duration_50_bins,PASS,,
-UuX1xuaiiE_0,audio,15,1.089,1.1616,7,1,mean,equal_duration_50_bins,PASS,,
-UuX1xuaiiE_0,audio,16,1.1616,1.2342,8,1,mean,equal_duration_50_bins,PASS,,
-UuX1xuaiiE_0,audio,17,1.2342,1.3068,7,1,mean,equal_duration_50_bins,PASS,,
-UuX1xuaiiE_0,audio,18,1.3068,1.3794,7,1,mean,equal_duration_50_bins,PASS,,
-UuX1xuaiiE_0,audio,19,1.3794,1.452,7,1,mean,equal_duration_50_bins,PASS,,
-UuX1xuaiiE_0,audio,20,1.452,1.5246000000000002,8,1,mean,equal_duration_50_bins,PASS,,
-UuX1xuaiiE_0,audio,21,1.5246000000000002,1.5972,7,1,mean,equal_duration_50_bins,PASS,,
-UuX1xuaiiE_0,audio,22,1.5972,1.6698,7,1,mean,equal_duration_50_bins,PASS,,
-UuX1xuaiiE_0,audio,23,1.6698,1.7424000000000002,7,1,mean,equal_duration_50_bins,PASS,,
-UuX1xuaiiE_0,audio,24,1.7424000000000002,1.815,8,1,mean,equal_duration_50_bins,PASS,,
-UuX1xuaiiE_0,audio,25,1.815,1.8876,7,1,mean,equal_duration_50_bins,PASS,,
-UuX1xuaiiE_0,audio,26,1.8876,1.9601999999999997,7,1,mean,equal_duration_50_bins,PASS,,
-UuX1xuaiiE_0,audio,27,1.9601999999999997,2.0328,8,1,mean,equal_duration_50_bins,PASS,,
-UuX1xuaiiE_0,audio,28,2.0328,2.1054,7,1,mean,equal_duration_50_bins,PASS,,
-UuX1xuaiiE_0,audio,29,2.1054,2.178,7,1,mean,equal_duration_50_bins,PASS,,
-UuX1xuaiiE_0,audio,30,2.178,2.2506,7,1,mean,equal_duration_50_bins,PASS,,
-UuX1xuaiiE_0,audio,31,2.2506,2.3232,8,1,mean,equal_duration_50_bins,PASS,,
-UuX1xuaiiE_0,audio,32,2.3232,2.3958,7,1,mean,equal_duration_50_bins,PASS,,
-UuX1xuaiiE_0,audio,33,2.3958,2.4684,7,1,mean,equal_duration_50_bins,PASS,,
-UuX1xuaiiE_0,audio,34,2.4684,2.541,7,1,mean,equal_duration_50_bins,PASS,,
-UuX1xuaiiE_0,audio,35,2.541,2.6136,8,1,mean,equal_duration_50_bins,PASS,,
-UuX1xuaiiE_0,audio,36,2.6136,2.6862,7,1,mean,equal_duration_50_bins,PASS,,
-UuX1xuaiiE_0,audio,37,2.6862,2.7588,7,1,mean,equal_duration_50_bins,PASS,,
-UuX1xuaiiE_0,audio,38,2.7588,2.8314,7,1,mean,equal_duration_50_bins,PASS,,
-UuX1xuaiiE_0,audio,39,2.8314,2.904,8,1,mean,equal_duration_50_bins,PASS,,
-UuX1xuaiiE_0,audio,40,2.904,2.9765999999999995,7,1,mean,equal_duration_50_bins,PASS,,
-UuX1xuaiiE_0,audio,41,2.9765999999999995,3.0492000000000004,7,1,mean,equal_duration_50_bins,PASS,,
-UuX1xuaiiE_0,audio,42,3.0492000000000004,3.1218,7,1,mean,equal_duration_50_bins,PASS,,
-UuX1xuaiiE_0,audio,43,3.1218,3.1944,8,1,mean,equal_duration_50_bins,PASS,,
-UuX1xuaiiE_0,audio,44,3.1944,3.267,7,1,mean,equal_duration_50_bins,PASS,,
-UuX1xuaiiE_0,audio,45,3.267,3.3396,7,1,mean,equal_duration_50_bins,PASS,,
-UuX1xuaiiE_0,audio,46,3.3396,3.4122,7,1,mean,equal_duration_50_bins,PASS,,
-UuX1xuaiiE_0,audio,47,3.4122,3.4848000000000003,8,1,mean,equal_duration_50_bins,PASS,,
-UuX1xuaiiE_0,audio,48,3.4848000000000003,3.5574,7,1,mean,equal_duration_50_bins,PASS,,
-UuX1xuaiiE_0,audio,49,3.5574,3.63,1,1,mean,equal_duration_50_bins,PASS,,
-UuX1xuaiiE_3,audio,0,0.0,0.08259999999999999,8,1,mean,equal_duration_50_bins,PASS,,
-UuX1xuaiiE_3,audio,1,0.08259999999999999,0.16519999999999999,8,1,mean,equal_duration_50_bins,PASS,,
-UuX1xuaiiE_3,audio,2,0.16519999999999999,0.24780000000000002,8,1,mean,equal_duration_50_bins,PASS,,
-UuX1xuaiiE_3,audio,3,0.24780000000000002,0.33039999999999997,8,1,mean,equal_duration_50_bins,PASS,,
-UuX1xuaiiE_3,audio,4,0.33039999999999997,0.413,9,1,mean,equal_duration_50_bins,PASS,,
-UuX1xuaiiE_3,audio,5,0.413,0.49560000000000004,8,1,mean,equal_duration_50_bins,PASS,,
-UuX1xuaiiE_3,audio,6,0.49560000000000004,0.5782,8,1,mean,equal_duration_50_bins,PASS,,
-UuX1xuaiiE_3,audio,7,0.5782,0.6607999999999999,8,1,mean,equal_duration_50_bins,PASS,,
-UuX1xuaiiE_3,audio,8,0.6607999999999999,0.7434000000000001,9,1,mean,equal_duration_50_bins,PASS,,
-UuX1xuaiiE_3,audio,9,0.7434000000000001,0.826,8,1,mean,equal_duration_50_bins,PASS,,
-UuX1xuaiiE_3,audio,10,0.826,0.9086,8,1,mean,equal_duration_50_bins,PASS,,
-UuX1xuaiiE_3,audio,11,0.9086,0.9912000000000001,8,1,mean,equal_duration_50_bins,PASS,,
-UuX1xuaiiE_3,audio,12,0.9912000000000001,1.0737999999999999,9,1,mean,equal_duration_50_bins,PASS,,
-UuX1xuaiiE_3,audio,13,1.0737999999999999,1.1564,8,1,mean,equal_duration_50_bins,PASS,,
-UuX1xuaiiE_3,audio,14,1.1564,1.2389999999999999,8,1,mean,equal_duration_50_bins,PASS,,
-UuX1xuaiiE_3,audio,15,1.2389999999999999,1.3215999999999999,8,1,mean,equal_duration_50_bins,PASS,,
-UuX1xuaiiE_3,audio,16,1.3215999999999999,1.4042,9,1,mean,equal_duration_50_bins,PASS,,
-UuX1xuaiiE_3,audio,17,1.4042,1.4868000000000001,8,1,mean,equal_duration_50_bins,PASS,,
-UuX1xuaiiE_3,audio,18,1.4868000000000001,1.5694,8,1,mean,equal_duration_50_bins,PASS,,
-UuX1xuaiiE_3,audio,19,1.5694,1.652,8,1,mean,equal_duration_50_bins,PASS,,
-UuX1xuaiiE_3,audio,20,1.652,1.7346000000000001,9,1,mean,equal_duration_50_bins,PASS,,
-UuX1xuaiiE_3,audio,21,1.7346000000000001,1.8172,8,1,mean,equal_duration_50_bins,PASS,,
-UuX1xuaiiE_3,audio,22,1.8172,1.8998,8,1,mean,equal_duration_50_bins,PASS,,
-UuX1xuaiiE_3,audio,23,1.8998,1.9824000000000002,8,1,mean,equal_duration_50_bins,PASS,,
-UuX1xuaiiE_3,audio,24,1.9824000000000002,2.065,9,1,mean,equal_duration_50_bins,PASS,,
-UuX1xuaiiE_3,audio,25,2.065,2.1475999999999997,8,1,mean,equal_duration_50_bins,PASS,,
-UuX1xuaiiE_3,audio,26,2.1475999999999997,2.2302,8,1,mean,equal_duration_50_bins,PASS,,
-UuX1xuaiiE_3,audio,27,2.2302,2.3128,9,1,mean,equal_duration_50_bins,PASS,,
-UuX1xuaiiE_3,audio,28,2.3128,2.3954,8,1,mean,equal_duration_50_bins,PASS,,
-UuX1xuaiiE_3,audio,29,2.3954,2.4779999999999998,8,1,mean,equal_duration_50_bins,PASS,,
-UuX1xuaiiE_3,audio,30,2.4779999999999998,2.5606,8,1,mean,equal_duration_50_bins,PASS,,
-UuX1xuaiiE_3,audio,31,2.5606,2.6431999999999998,9,1,mean,equal_duration_50_bins,PASS,,
-UuX1xuaiiE_3,audio,32,2.6431999999999998,2.7258,8,1,mean,equal_duration_50_bins,PASS,,
-UuX1xuaiiE_3,audio,33,2.7258,2.8084,8,1,mean,equal_duration_50_bins,PASS,,
-UuX1xuaiiE_3,audio,34,2.8084,2.8909999999999996,8,1,mean,equal_duration_50_bins,PASS,,
-UuX1xuaiiE_3,audio,35,2.8909999999999996,2.9736000000000002,9,1,mean,equal_duration_50_bins,PASS,,
-UuX1xuaiiE_3,audio,36,2.9736000000000002,3.0562,8,1,mean,equal_duration_50_bins,PASS,,
-UuX1xuaiiE_3,audio,37,3.0562,3.1388,8,1,mean,equal_duration_50_bins,PASS,,
-UuX1xuaiiE_3,audio,38,3.1388,3.2214,8,1,mean,equal_duration_50_bins,PASS,,
-UuX1xuaiiE_3,audio,39,3.2214,3.304,9,1,mean,equal_duration_50_bins,PASS,,
-UuX1xuaiiE_3,audio,40,3.304,3.3865999999999996,8,1,mean,equal_duration_50_bins,PASS,,
-UuX1xuaiiE_3,audio,41,3.3865999999999996,3.4692000000000003,8,1,mean,equal_duration_50_bins,PASS,,
-UuX1xuaiiE_3,audio,42,3.4692000000000003,3.5518,8,1,mean,equal_duration_50_bins,PASS,,
-UuX1xuaiiE_3,audio,43,3.5518,3.6344,9,1,mean,equal_duration_50_bins,PASS,,
-UuX1xuaiiE_3,audio,44,3.6344,3.717,8,1,mean,equal_duration_50_bins,PASS,,
-UuX1xuaiiE_3,audio,45,3.717,3.7996,8,1,mean,equal_duration_50_bins,PASS,,
-UuX1xuaiiE_3,audio,46,3.7996,3.8821999999999997,8,1,mean,equal_duration_50_bins,PASS,,
-UuX1xuaiiE_3,audio,47,3.8821999999999997,3.9648000000000003,9,1,mean,equal_duration_50_bins,PASS,,
-UuX1xuaiiE_3,audio,48,3.9648000000000003,4.0474,6,1,mean,equal_duration_50_bins,PASS,,
-UuX1xuaiiE_3,audio,49,4.0474,4.13,0,0,mean,equal_duration_50_bins,PASS,,
-UuX1xuaiiE_6,audio,0,0.0,0.16219999999999998,15,1,mean,equal_duration_50_bins,PASS,,
-UuX1xuaiiE_6,audio,1,0.16219999999999998,0.32439999999999997,17,1,mean,equal_duration_50_bins,PASS,,
-UuX1xuaiiE_6,audio,2,0.32439999999999997,0.4866,16,1,mean,equal_duration_50_bins,PASS,,
-UuX1xuaiiE_6,audio,3,0.4866,0.6487999999999999,16,1,mean,equal_duration_50_bins,PASS,,
-UuX1xuaiiE_6,audio,4,0.6487999999999999,0.8109999999999999,16,1,mean,equal_duration_50_bins,PASS,,
-UuX1xuaiiE_6,audio,5,0.8109999999999999,0.9732,17,1,mean,equal_duration_50_bins,PASS,,
-UuX1xuaiiE_6,audio,6,0.9732,1.1354,16,1,mean,equal_duration_50_bins,PASS,,
-UuX1xuaiiE_6,audio,7,1.1354,1.2975999999999999,16,1,mean,equal_duration_50_bins,PASS,,
-UuX1xuaiiE_6,audio,8,1.2975999999999999,1.4598,16,1,mean,equal_duration_50_bins,PASS,,
-UuX1xuaiiE_6,audio,9,1.4598,1.6219999999999999,16,1,mean,equal_duration_50_bins,PASS,,
-UuX1xuaiiE_6,audio,10,1.6219999999999999,1.7841999999999998,17,1,mean,equal_duration_50_bins,PASS,,
-UuX1xuaiiE_6,audio,11,1.7841999999999998,1.9464,16,1,mean,equal_duration_50_bins,PASS,,
-UuX1xuaiiE_6,audio,12,1.9464,2.1086,16,1,mean,equal_duration_50_bins,PASS,,
-UuX1xuaiiE_6,audio,13,2.1086,2.2708,16,1,mean,equal_duration_50_bins,PASS,,
-UuX1xuaiiE_6,audio,14,2.2708,2.433,17,1,mean,equal_duration_50_bins,PASS,,
-UuX1xuaiiE_6,audio,15,2.433,2.5951999999999997,16,1,mean,equal_duration_50_bins,PASS,,
-UuX1xuaiiE_6,audio,16,2.5951999999999997,2.7574,16,1,mean,equal_duration_50_bins,PASS,,
-UuX1xuaiiE_6,audio,17,2.7574,2.9196,16,1,mean,equal_duration_50_bins,PASS,,
-UuX1xuaiiE_6,audio,18,2.9196,3.0817999999999994,16,1,mean,equal_duration_50_bins,PASS,,
-UuX1xuaiiE_6,audio,19,3.0817999999999994,3.2439999999999998,17,1,mean,equal_duration_50_bins,PASS,,
-UuX1xuaiiE_6,audio,20,3.2439999999999998,3.4062,16,1,mean,equal_duration_50_bins,PASS,,
-UuX1xuaiiE_6,audio,21,3.4062,3.5683999999999996,16,1,mean,equal_duration_50_bins,PASS,,
-UuX1xuaiiE_6,audio,22,3.5683999999999996,3.7305999999999995,16,1,mean,equal_duration_50_bins,PASS,,
-UuX1xuaiiE_6,audio,23,3.7305999999999995,3.8928,17,1,mean,equal_duration_50_bins,PASS,,
-UuX1xuaiiE_6,audio,24,3.8928,4.055,16,1,mean,equal_duration_50_bins,PASS,,
-UuX1xuaiiE_6,audio,25,4.055,4.2172,16,1,mean,equal_duration_50_bins,PASS,,
-UuX1xuaiiE_6,audio,26,4.2172,4.3793999999999995,16,1,mean,equal_duration_50_bins,PASS,,
-UuX1xuaiiE_6,audio,27,4.3793999999999995,4.5416,16,1,mean,equal_duration_50_bins,PASS,,
-UuX1xuaiiE_6,audio,28,4.5416,4.7038,17,1,mean,equal_duration_50_bins,PASS,,
-UuX1xuaiiE_6,audio,29,4.7038,4.866,16,1,mean,equal_duration_50_bins,PASS,,
-UuX1xuaiiE_6,audio,30,4.866,5.028199999999999,16,1,mean,equal_duration_50_bins,PASS,,
-UuX1xuaiiE_6,audio,31,5.028199999999999,5.1903999999999995,16,1,mean,equal_duration_50_bins,PASS,,
-UuX1xuaiiE_6,audio,32,5.1903999999999995,5.3526,17,1,mean,equal_duration_50_bins,PASS,,
-UuX1xuaiiE_6,audio,33,5.3526,5.5148,16,1,mean,equal_duration_50_bins,PASS,,
-UuX1xuaiiE_6,audio,34,5.5148,5.677,16,1,mean,equal_duration_50_bins,PASS,,
-UuX1xuaiiE_6,audio,35,5.677,5.8392,16,1,mean,equal_duration_50_bins,PASS,,
-UuX1xuaiiE_6,audio,36,5.8392,6.0014,16,1,mean,equal_duration_50_bins,PASS,,
-UuX1xuaiiE_6,audio,37,6.0014,6.163599999999999,17,1,mean,equal_duration_50_bins,PASS,,
-UuX1xuaiiE_6,audio,38,6.163599999999999,6.325799999999999,16,1,mean,equal_duration_50_bins,PASS,,
-UuX1xuaiiE_6,audio,39,6.325799999999999,6.4879999999999995,16,1,mean,equal_duration_50_bins,PASS,,
-UuX1xuaiiE_6,audio,40,6.4879999999999995,6.6502,16,1,mean,equal_duration_50_bins,PASS,,
-UuX1xuaiiE_6,audio,41,6.6502,6.8124,16,1,mean,equal_duration_50_bins,PASS,,
-UuX1xuaiiE_6,audio,42,6.8124,6.974599999999999,17,1,mean,equal_duration_50_bins,PASS,,
-UuX1xuaiiE_6,audio,43,6.974599999999999,7.136799999999999,16,1,mean,equal_duration_50_bins,PASS,,
-UuX1xuaiiE_6,audio,44,7.136799999999999,7.2989999999999995,16,1,mean,equal_duration_50_bins,PASS,,
-UuX1xuaiiE_6,audio,45,7.2989999999999995,7.461199999999999,16,1,mean,equal_duration_50_bins,PASS,,
-UuX1xuaiiE_6,audio,46,7.461199999999999,7.623399999999999,17,1,mean,equal_duration_50_bins,PASS,,
-UuX1xuaiiE_6,audio,47,7.623399999999999,7.7856,16,1,mean,equal_duration_50_bins,PASS,,
-UuX1xuaiiE_6,audio,48,7.7856,7.9478,14,1,mean,equal_duration_50_bins,PASS,,
-UuX1xuaiiE_6,audio,49,7.9478,8.11,0,0,mean,equal_duration_50_bins,PASS,,
-a55Q6RWvTA_3,audio,0,0.0,0.44299999999999995,44,1,mean,equal_duration_50_bins,PASS,,
-a55Q6RWvTA_3,audio,1,0.44299999999999995,0.8859999999999999,44,1,mean,equal_duration_50_bins,PASS,,
-a55Q6RWvTA_3,audio,2,0.8859999999999999,1.3289999999999997,44,1,mean,equal_duration_50_bins,PASS,,
-a55Q6RWvTA_3,audio,3,1.3289999999999997,1.7719999999999998,44,1,mean,equal_duration_50_bins,PASS,,
-a55Q6RWvTA_3,audio,4,1.7719999999999998,2.215,45,1,mean,equal_duration_50_bins,PASS,,
-a55Q6RWvTA_3,audio,5,2.215,2.6579999999999995,44,1,mean,equal_duration_50_bins,PASS,,
-a55Q6RWvTA_3,audio,6,2.6579999999999995,3.1009999999999995,44,1,mean,equal_duration_50_bins,PASS,,
-a55Q6RWvTA_3,audio,7,3.1009999999999995,3.5439999999999996,45,1,mean,equal_duration_50_bins,PASS,,
-a55Q6RWvTA_3,audio,8,3.5439999999999996,3.987,44,1,mean,equal_duration_50_bins,PASS,,
-a55Q6RWvTA_3,audio,9,3.987,4.43,44,1,mean,equal_duration_50_bins,PASS,,
-a55Q6RWvTA_3,audio,10,4.43,4.872999999999999,45,1,mean,equal_duration_50_bins,PASS,,
-a55Q6RWvTA_3,audio,11,4.872999999999999,5.315999999999999,44,1,mean,equal_duration_50_bins,PASS,,
-a55Q6RWvTA_3,audio,12,5.315999999999999,5.7589999999999995,44,1,mean,equal_duration_50_bins,PASS,,
-a55Q6RWvTA_3,audio,13,5.7589999999999995,6.201999999999999,44,1,mean,equal_duration_50_bins,PASS,,
-a55Q6RWvTA_3,audio,14,6.201999999999999,6.645,45,1,mean,equal_duration_50_bins,PASS,,
-a55Q6RWvTA_3,audio,15,6.645,7.087999999999999,44,1,mean,equal_duration_50_bins,PASS,,
-a55Q6RWvTA_3,audio,16,7.087999999999999,7.530999999999999,44,1,mean,equal_duration_50_bins,PASS,,
-a55Q6RWvTA_3,audio,17,7.530999999999999,7.974,45,1,mean,equal_duration_50_bins,PASS,,
-a55Q6RWvTA_3,audio,18,7.974,8.417,44,1,mean,equal_duration_50_bins,PASS,,
-a55Q6RWvTA_3,audio,19,8.417,8.86,44,1,mean,equal_duration_50_bins,PASS,,
-a55Q6RWvTA_3,audio,20,8.86,9.302999999999999,45,1,mean,equal_duration_50_bins,PASS,,
-a55Q6RWvTA_3,audio,21,9.302999999999999,9.745999999999999,44,1,mean,equal_duration_50_bins,PASS,,
-a55Q6RWvTA_3,audio,22,9.745999999999999,10.189,44,1,mean,equal_duration_50_bins,PASS,,
-a55Q6RWvTA_3,audio,23,10.189,10.631999999999998,44,1,mean,equal_duration_50_bins,PASS,,
-a55Q6RWvTA_3,audio,24,10.631999999999998,11.075,45,1,mean,equal_duration_50_bins,PASS,,
-a55Q6RWvTA_3,audio,25,11.075,11.517999999999999,44,1,mean,equal_duration_50_bins,PASS,,
-a55Q6RWvTA_3,audio,26,11.517999999999999,11.960999999999999,44,1,mean,equal_duration_50_bins,PASS,,
-a55Q6RWvTA_3,audio,27,11.960999999999999,12.403999999999998,45,1,mean,equal_duration_50_bins,PASS,,
-a55Q6RWvTA_3,audio,28,12.403999999999998,12.846999999999998,44,1,mean,equal_duration_50_bins,PASS,,
-a55Q6RWvTA_3,audio,29,12.846999999999998,13.29,44,1,mean,equal_duration_50_bins,PASS,,
-a55Q6RWvTA_3,audio,30,13.29,13.732999999999999,45,1,mean,equal_duration_50_bins,PASS,,
-a55Q6RWvTA_3,audio,31,13.732999999999999,14.175999999999998,44,1,mean,equal_duration_50_bins,PASS,,
-a55Q6RWvTA_3,audio,32,14.175999999999998,14.618999999999998,44,1,mean,equal_duration_50_bins,PASS,,
-a55Q6RWvTA_3,audio,33,14.618999999999998,15.061999999999998,44,1,mean,equal_duration_50_bins,PASS,,
-a55Q6RWvTA_3,audio,34,15.061999999999998,15.505,45,1,mean,equal_duration_50_bins,PASS,,
-a55Q6RWvTA_3,audio,35,15.505,15.948,44,1,mean,equal_duration_50_bins,PASS,,
-a55Q6RWvTA_3,audio,36,15.948,16.391,44,1,mean,equal_duration_50_bins,PASS,,
-a55Q6RWvTA_3,audio,37,16.391,16.834,45,1,mean,equal_duration_50_bins,PASS,,
-a55Q6RWvTA_3,audio,38,16.834,17.276999999999997,44,1,mean,equal_duration_50_bins,PASS,,
-a55Q6RWvTA_3,audio,39,17.276999999999997,17.72,44,1,mean,equal_duration_50_bins,PASS,,
-a55Q6RWvTA_3,audio,40,17.72,18.163,45,1,mean,equal_duration_50_bins,PASS,,
-a55Q6RWvTA_3,audio,41,18.163,18.605999999999998,44,1,mean,equal_duration_50_bins,PASS,,
-a55Q6RWvTA_3,audio,42,18.605999999999998,19.049,44,1,mean,equal_duration_50_bins,PASS,,
-a55Q6RWvTA_3,audio,43,19.049,19.491999999999997,44,1,mean,equal_duration_50_bins,PASS,,
-a55Q6RWvTA_3,audio,44,19.491999999999997,19.935,45,1,mean,equal_duration_50_bins,PASS,,
-a55Q6RWvTA_3,audio,45,19.935,20.378,44,1,mean,equal_duration_50_bins,PASS,,
-a55Q6RWvTA_3,audio,46,20.378,20.820999999999998,44,1,mean,equal_duration_50_bins,PASS,,
-a55Q6RWvTA_3,audio,47,20.820999999999998,21.263999999999996,45,1,mean,equal_duration_50_bins,PASS,,
-a55Q6RWvTA_3,audio,48,21.263999999999996,21.706999999999997,44,1,mean,equal_duration_50_bins,PASS,,
-a55Q6RWvTA_3,audio,49,21.706999999999997,22.15,36,1,mean,equal_duration_50_bins,PASS,,
-aNfi7CP8vM_7,audio,0,0.0,0.17379999999999998,17,1,mean,equal_duration_50_bins,PASS,,
-aNfi7CP8vM_7,audio,1,0.17379999999999998,0.34759999999999996,17,1,mean,equal_duration_50_bins,PASS,,
-aNfi7CP8vM_7,audio,2,0.34759999999999996,0.5214,17,1,mean,equal_duration_50_bins,PASS,,
-aNfi7CP8vM_7,audio,3,0.5214,0.6951999999999999,18,1,mean,equal_duration_50_bins,PASS,,
-aNfi7CP8vM_7,audio,4,0.6951999999999999,0.8689999999999999,17,1,mean,equal_duration_50_bins,PASS,,
-aNfi7CP8vM_7,audio,5,0.8689999999999999,1.0428,18,1,mean,equal_duration_50_bins,PASS,,
-aNfi7CP8vM_7,audio,6,1.0428,1.2166,17,1,mean,equal_duration_50_bins,PASS,,
-aNfi7CP8vM_7,audio,7,1.2166,1.3903999999999999,17,1,mean,equal_duration_50_bins,PASS,,
-aNfi7CP8vM_7,audio,8,1.3903999999999999,1.5641999999999998,18,1,mean,equal_duration_50_bins,PASS,,
-aNfi7CP8vM_7,audio,9,1.5641999999999998,1.7379999999999998,17,1,mean,equal_duration_50_bins,PASS,,
-aNfi7CP8vM_7,audio,10,1.7379999999999998,1.9117999999999997,17,1,mean,equal_duration_50_bins,PASS,,
-aNfi7CP8vM_7,audio,11,1.9117999999999997,2.0856,18,1,mean,equal_duration_50_bins,PASS,,
-aNfi7CP8vM_7,audio,12,2.0856,2.2594,17,1,mean,equal_duration_50_bins,PASS,,
-aNfi7CP8vM_7,audio,13,2.2594,2.4332,18,1,mean,equal_duration_50_bins,PASS,,
-aNfi7CP8vM_7,audio,14,2.4332,2.6069999999999998,17,1,mean,equal_duration_50_bins,PASS,,
-aNfi7CP8vM_7,audio,15,2.6069999999999998,2.7807999999999997,17,1,mean,equal_duration_50_bins,PASS,,
-aNfi7CP8vM_7,audio,16,2.7807999999999997,2.9545999999999997,18,1,mean,equal_duration_50_bins,PASS,,
-aNfi7CP8vM_7,audio,17,2.9545999999999997,3.1283999999999996,17,1,mean,equal_duration_50_bins,PASS,,
-aNfi7CP8vM_7,audio,18,3.1283999999999996,3.3021999999999996,17,1,mean,equal_duration_50_bins,PASS,,
-aNfi7CP8vM_7,audio,19,3.3021999999999996,3.4759999999999995,18,1,mean,equal_duration_50_bins,PASS,,
-aNfi7CP8vM_7,audio,20,3.4759999999999995,3.6497999999999995,17,1,mean,equal_duration_50_bins,PASS,,
-aNfi7CP8vM_7,audio,21,3.6497999999999995,3.8235999999999994,18,1,mean,equal_duration_50_bins,PASS,,
-aNfi7CP8vM_7,audio,22,3.8235999999999994,3.9973999999999994,17,1,mean,equal_duration_50_bins,PASS,,
-aNfi7CP8vM_7,audio,23,3.9973999999999994,4.1712,17,1,mean,equal_duration_50_bins,PASS,,
-aNfi7CP8vM_7,audio,24,4.1712,4.345,18,1,mean,equal_duration_50_bins,PASS,,
-aNfi7CP8vM_7,audio,25,4.345,4.5188,17,1,mean,equal_duration_50_bins,PASS,,
-aNfi7CP8vM_7,audio,26,4.5188,4.6926,18,1,mean,equal_duration_50_bins,PASS,,
-aNfi7CP8vM_7,audio,27,4.6926,4.8664,17,1,mean,equal_duration_50_bins,PASS,,
-aNfi7CP8vM_7,audio,28,4.8664,5.0402,17,1,mean,equal_duration_50_bins,PASS,,
-aNfi7CP8vM_7,audio,29,5.0402,5.2139999999999995,18,1,mean,equal_duration_50_bins,PASS,,
-aNfi7CP8vM_7,audio,30,5.2139999999999995,5.3877999999999995,17,1,mean,equal_duration_50_bins,PASS,,
-aNfi7CP8vM_7,audio,31,5.3877999999999995,5.561599999999999,17,1,mean,equal_duration_50_bins,PASS,,
-aNfi7CP8vM_7,audio,32,5.561599999999999,5.735399999999999,18,1,mean,equal_duration_50_bins,PASS,,
-aNfi7CP8vM_7,audio,33,5.735399999999999,5.909199999999999,17,1,mean,equal_duration_50_bins,PASS,,
-aNfi7CP8vM_7,audio,34,5.909199999999999,6.082999999999999,18,1,mean,equal_duration_50_bins,PASS,,
-aNfi7CP8vM_7,audio,35,6.082999999999999,6.256799999999999,17,1,mean,equal_duration_50_bins,PASS,,
-aNfi7CP8vM_7,audio,36,6.256799999999999,6.430599999999999,17,1,mean,equal_duration_50_bins,PASS,,
-aNfi7CP8vM_7,audio,37,6.430599999999999,6.604399999999999,18,1,mean,equal_duration_50_bins,PASS,,
-aNfi7CP8vM_7,audio,38,6.604399999999999,6.778199999999999,17,1,mean,equal_duration_50_bins,PASS,,
-aNfi7CP8vM_7,audio,39,6.778199999999999,6.951999999999999,17,1,mean,equal_duration_50_bins,PASS,,
-aNfi7CP8vM_7,audio,40,6.951999999999999,7.125799999999999,18,1,mean,equal_duration_50_bins,PASS,,
-aNfi7CP8vM_7,audio,41,7.125799999999999,7.299599999999999,17,1,mean,equal_duration_50_bins,PASS,,
-aNfi7CP8vM_7,audio,42,7.299599999999999,7.473399999999999,18,1,mean,equal_duration_50_bins,PASS,,
-aNfi7CP8vM_7,audio,43,7.473399999999999,7.647199999999999,17,1,mean,equal_duration_50_bins,PASS,,
-aNfi7CP8vM_7,audio,44,7.647199999999999,7.820999999999999,17,1,mean,equal_duration_50_bins,PASS,,
-aNfi7CP8vM_7,audio,45,7.820999999999999,7.994799999999999,18,1,mean,equal_duration_50_bins,PASS,,
-aNfi7CP8vM_7,audio,46,7.994799999999999,8.1686,17,1,mean,equal_duration_50_bins,PASS,,
-aNfi7CP8vM_7,audio,47,8.1686,8.3424,17,1,mean,equal_duration_50_bins,PASS,,
-aNfi7CP8vM_7,audio,48,8.3424,8.5162,18,1,mean,equal_duration_50_bins,PASS,,
-aNfi7CP8vM_7,audio,49,8.5162,8.69,1,1,mean,equal_duration_50_bins,PASS,,
-aqamKhZ1Ec_0,audio,0,0.0,0.2194,21,1,mean,equal_duration_50_bins,PASS,,
-aqamKhZ1Ec_0,audio,1,0.2194,0.4388,22,1,mean,equal_duration_50_bins,PASS,,
-aqamKhZ1Ec_0,audio,2,0.4388,0.6582000000000001,22,1,mean,equal_duration_50_bins,PASS,,
-aqamKhZ1Ec_0,audio,3,0.6582000000000001,0.8776,22,1,mean,equal_duration_50_bins,PASS,,
-aqamKhZ1Ec_0,audio,4,0.8776,1.097,22,1,mean,equal_duration_50_bins,PASS,,
-aqamKhZ1Ec_0,audio,5,1.097,1.3164000000000002,22,1,mean,equal_duration_50_bins,PASS,,
-aqamKhZ1Ec_0,audio,6,1.3164000000000002,1.5358,22,1,mean,equal_duration_50_bins,PASS,,
-aqamKhZ1Ec_0,audio,7,1.5358,1.7552,22,1,mean,equal_duration_50_bins,PASS,,
-aqamKhZ1Ec_0,audio,8,1.7552,1.9746000000000001,22,1,mean,equal_duration_50_bins,PASS,,
-aqamKhZ1Ec_0,audio,9,1.9746000000000001,2.194,22,1,mean,equal_duration_50_bins,PASS,,
-aqamKhZ1Ec_0,audio,10,2.194,2.4134,22,1,mean,equal_duration_50_bins,PASS,,
-aqamKhZ1Ec_0,audio,11,2.4134,2.6328000000000005,22,1,mean,equal_duration_50_bins,PASS,,
-aqamKhZ1Ec_0,audio,12,2.6328000000000005,2.8522000000000003,21,1,mean,equal_duration_50_bins,PASS,,
-aqamKhZ1Ec_0,audio,13,2.8522000000000003,3.0716,22,1,mean,equal_duration_50_bins,PASS,,
-aqamKhZ1Ec_0,audio,14,3.0716,3.2910000000000004,22,1,mean,equal_duration_50_bins,PASS,,
-aqamKhZ1Ec_0,audio,15,3.2910000000000004,3.5104,22,1,mean,equal_duration_50_bins,PASS,,
-aqamKhZ1Ec_0,audio,16,3.5104,3.7298,22,1,mean,equal_duration_50_bins,PASS,,
-aqamKhZ1Ec_0,audio,17,3.7298,3.9492000000000003,22,1,mean,equal_duration_50_bins,PASS,,
-aqamKhZ1Ec_0,audio,18,3.9492000000000003,4.1686000000000005,22,1,mean,equal_duration_50_bins,PASS,,
-aqamKhZ1Ec_0,audio,19,4.1686000000000005,4.388,22,1,mean,equal_duration_50_bins,PASS,,
-aqamKhZ1Ec_0,audio,20,4.388,4.6074,22,1,mean,equal_duration_50_bins,PASS,,
-aqamKhZ1Ec_0,audio,21,4.6074,4.8268,22,1,mean,equal_duration_50_bins,PASS,,
-aqamKhZ1Ec_0,audio,22,4.8268,5.0462,22,1,mean,equal_duration_50_bins,PASS,,
-aqamKhZ1Ec_0,audio,23,5.0462,5.265600000000001,22,1,mean,equal_duration_50_bins,PASS,,
-aqamKhZ1Ec_0,audio,24,5.265600000000001,5.485,22,1,mean,equal_duration_50_bins,PASS,,
-aqamKhZ1Ec_0,audio,25,5.485,5.704400000000001,22,1,mean,equal_duration_50_bins,PASS,,
-aqamKhZ1Ec_0,audio,26,5.704400000000001,5.9238,22,1,mean,equal_duration_50_bins,PASS,,
-aqamKhZ1Ec_0,audio,27,5.9238,6.1432,22,1,mean,equal_duration_50_bins,PASS,,
-aqamKhZ1Ec_0,audio,28,6.1432,6.3626,22,1,mean,equal_duration_50_bins,PASS,,
-aqamKhZ1Ec_0,audio,29,6.3626,6.582000000000001,21,1,mean,equal_duration_50_bins,PASS,,
-aqamKhZ1Ec_0,audio,30,6.582000000000001,6.8014,22,1,mean,equal_duration_50_bins,PASS,,
-aqamKhZ1Ec_0,audio,31,6.8014,7.0208,22,1,mean,equal_duration_50_bins,PASS,,
-aqamKhZ1Ec_0,audio,32,7.0208,7.240200000000001,22,1,mean,equal_duration_50_bins,PASS,,
-aqamKhZ1Ec_0,audio,33,7.240200000000001,7.4596,22,1,mean,equal_duration_50_bins,PASS,,
-aqamKhZ1Ec_0,audio,34,7.4596,7.679000000000001,22,1,mean,equal_duration_50_bins,PASS,,
-aqamKhZ1Ec_0,audio,35,7.679000000000001,7.8984000000000005,22,1,mean,equal_duration_50_bins,PASS,,
-aqamKhZ1Ec_0,audio,36,7.8984000000000005,8.1178,22,1,mean,equal_duration_50_bins,PASS,,
-aqamKhZ1Ec_0,audio,37,8.1178,8.337200000000001,22,1,mean,equal_duration_50_bins,PASS,,
-aqamKhZ1Ec_0,audio,38,8.337200000000001,8.556600000000001,22,1,mean,equal_duration_50_bins,PASS,,
-aqamKhZ1Ec_0,audio,39,8.556600000000001,8.776,22,1,mean,equal_duration_50_bins,PASS,,
-aqamKhZ1Ec_0,audio,40,8.776,8.9954,22,1,mean,equal_duration_50_bins,PASS,,
-aqamKhZ1Ec_0,audio,41,8.9954,9.2148,22,1,mean,equal_duration_50_bins,PASS,,
-aqamKhZ1Ec_0,audio,42,9.2148,9.4342,22,1,mean,equal_duration_50_bins,PASS,,
-aqamKhZ1Ec_0,audio,43,9.4342,9.6536,22,1,mean,equal_duration_50_bins,PASS,,
-aqamKhZ1Ec_0,audio,44,9.6536,9.873000000000001,22,1,mean,equal_duration_50_bins,PASS,,
-aqamKhZ1Ec_0,audio,45,9.873000000000001,10.0924,21,1,mean,equal_duration_50_bins,PASS,,
-aqamKhZ1Ec_0,audio,46,10.0924,10.3118,22,1,mean,equal_duration_50_bins,PASS,,
-aqamKhZ1Ec_0,audio,47,10.3118,10.531200000000002,22,1,mean,equal_duration_50_bins,PASS,,
-aqamKhZ1Ec_0,audio,48,10.531200000000002,10.750600000000002,22,1,mean,equal_duration_50_bins,PASS,,
-aqamKhZ1Ec_0,audio,49,10.750600000000002,10.97,13,1,mean,equal_duration_50_bins,PASS,,
-dxfTGcXJoc_1,audio,0,0.0,0.3232,32,1,mean,equal_duration_50_bins,PASS,,
-dxfTGcXJoc_1,audio,1,0.3232,0.6464,32,1,mean,equal_duration_50_bins,PASS,,
-dxfTGcXJoc_1,audio,2,0.6464,0.9696000000000001,32,1,mean,equal_duration_50_bins,PASS,,
-dxfTGcXJoc_1,audio,3,0.9696000000000001,1.2928,33,1,mean,equal_duration_50_bins,PASS,,
-dxfTGcXJoc_1,audio,4,1.2928,1.6159999999999999,32,1,mean,equal_duration_50_bins,PASS,,
-dxfTGcXJoc_1,audio,5,1.6159999999999999,1.9392000000000003,32,1,mean,equal_duration_50_bins,PASS,,
-dxfTGcXJoc_1,audio,6,1.9392000000000003,2.2624,32,1,mean,equal_duration_50_bins,PASS,,
-dxfTGcXJoc_1,audio,7,2.2624,2.5856,33,1,mean,equal_duration_50_bins,PASS,,
-dxfTGcXJoc_1,audio,8,2.5856,2.9088,32,1,mean,equal_duration_50_bins,PASS,,
-dxfTGcXJoc_1,audio,9,2.9088,3.2319999999999998,32,1,mean,equal_duration_50_bins,PASS,,
-dxfTGcXJoc_1,audio,10,3.2319999999999998,3.5551999999999997,33,1,mean,equal_duration_50_bins,PASS,,
-dxfTGcXJoc_1,audio,11,3.5551999999999997,3.8784000000000005,32,1,mean,equal_duration_50_bins,PASS,,
-dxfTGcXJoc_1,audio,12,3.8784000000000005,4.2016,32,1,mean,equal_duration_50_bins,PASS,,
-dxfTGcXJoc_1,audio,13,4.2016,4.5248,33,1,mean,equal_duration_50_bins,PASS,,
-dxfTGcXJoc_1,audio,14,4.5248,4.848,32,1,mean,equal_duration_50_bins,PASS,,
-dxfTGcXJoc_1,audio,15,4.848,5.1712,32,1,mean,equal_duration_50_bins,PASS,,
-dxfTGcXJoc_1,audio,16,5.1712,5.494400000000001,33,1,mean,equal_duration_50_bins,PASS,,
-dxfTGcXJoc_1,audio,17,5.494400000000001,5.8176,32,1,mean,equal_duration_50_bins,PASS,,
-dxfTGcXJoc_1,audio,18,5.8176,6.1408000000000005,32,1,mean,equal_duration_50_bins,PASS,,
-dxfTGcXJoc_1,audio,19,6.1408000000000005,6.4639999999999995,33,1,mean,equal_duration_50_bins,PASS,,
-dxfTGcXJoc_1,audio,20,6.4639999999999995,6.7872,32,1,mean,equal_duration_50_bins,PASS,,
-dxfTGcXJoc_1,audio,21,6.7872,7.110399999999999,32,1,mean,equal_duration_50_bins,PASS,,
-dxfTGcXJoc_1,audio,22,7.110399999999999,7.4336,33,1,mean,equal_duration_50_bins,PASS,,
-dxfTGcXJoc_1,audio,23,7.4336,7.756800000000001,32,1,mean,equal_duration_50_bins,PASS,,
-dxfTGcXJoc_1,audio,24,7.756800000000001,8.08,32,1,mean,equal_duration_50_bins,PASS,,
-dxfTGcXJoc_1,audio,25,8.08,8.4032,33,1,mean,equal_duration_50_bins,PASS,,
-dxfTGcXJoc_1,audio,26,8.4032,8.7264,32,1,mean,equal_duration_50_bins,PASS,,
-dxfTGcXJoc_1,audio,27,8.7264,9.0496,32,1,mean,equal_duration_50_bins,PASS,,
-dxfTGcXJoc_1,audio,28,9.0496,9.3728,33,1,mean,equal_duration_50_bins,PASS,,
-dxfTGcXJoc_1,audio,29,9.3728,9.696,32,1,mean,equal_duration_50_bins,PASS,,
-dxfTGcXJoc_1,audio,30,9.696,10.0192,32,1,mean,equal_duration_50_bins,PASS,,
-dxfTGcXJoc_1,audio,31,10.0192,10.3424,32,1,mean,equal_duration_50_bins,PASS,,
-dxfTGcXJoc_1,audio,32,10.3424,10.6656,33,1,mean,equal_duration_50_bins,PASS,,
-dxfTGcXJoc_1,audio,33,10.6656,10.988800000000001,32,1,mean,equal_duration_50_bins,PASS,,
-dxfTGcXJoc_1,audio,34,10.988800000000001,11.312000000000001,32,1,mean,equal_duration_50_bins,PASS,,
-dxfTGcXJoc_1,audio,35,11.312000000000001,11.6352,33,1,mean,equal_duration_50_bins,PASS,,
-dxfTGcXJoc_1,audio,36,11.6352,11.9584,32,1,mean,equal_duration_50_bins,PASS,,
-dxfTGcXJoc_1,audio,37,11.9584,12.281600000000001,32,1,mean,equal_duration_50_bins,PASS,,
-dxfTGcXJoc_1,audio,38,12.281600000000001,12.604800000000001,33,1,mean,equal_duration_50_bins,PASS,,
-dxfTGcXJoc_1,audio,39,12.604800000000001,12.927999999999999,32,1,mean,equal_duration_50_bins,PASS,,
-dxfTGcXJoc_1,audio,40,12.927999999999999,13.2512,32,1,mean,equal_duration_50_bins,PASS,,
-dxfTGcXJoc_1,audio,41,13.2512,13.5744,33,1,mean,equal_duration_50_bins,PASS,,
-dxfTGcXJoc_1,audio,42,13.5744,13.8976,32,1,mean,equal_duration_50_bins,PASS,,
-dxfTGcXJoc_1,audio,43,13.8976,14.220799999999999,32,1,mean,equal_duration_50_bins,PASS,,
-dxfTGcXJoc_1,audio,44,14.220799999999999,14.544,33,1,mean,equal_duration_50_bins,PASS,,
-dxfTGcXJoc_1,audio,45,14.544,14.8672,32,1,mean,equal_duration_50_bins,PASS,,
-dxfTGcXJoc_1,audio,46,14.8672,15.1904,32,1,mean,equal_duration_50_bins,PASS,,
-dxfTGcXJoc_1,audio,47,15.1904,15.513600000000002,33,1,mean,equal_duration_50_bins,PASS,,
-dxfTGcXJoc_1,audio,48,15.513600000000002,15.8368,32,1,mean,equal_duration_50_bins,PASS,,
-dxfTGcXJoc_1,audio,49,15.8368,16.16,17,1,mean,equal_duration_50_bins,PASS,,
-dxfTGcXJoc_0,audio,0,0.0,0.41,40,1,mean,equal_duration_50_bins,PASS,,
-dxfTGcXJoc_0,audio,1,0.41,0.82,41,1,mean,equal_duration_50_bins,PASS,,
-dxfTGcXJoc_0,audio,2,0.82,1.23,41,1,mean,equal_duration_50_bins,PASS,,
-dxfTGcXJoc_0,audio,3,1.23,1.64,41,1,mean,equal_duration_50_bins,PASS,,
-dxfTGcXJoc_0,audio,4,1.64,2.05,41,1,mean,equal_duration_50_bins,PASS,,
-dxfTGcXJoc_0,audio,5,2.05,2.46,41,1,mean,equal_duration_50_bins,PASS,,
-dxfTGcXJoc_0,audio,6,2.46,2.87,41,1,mean,equal_duration_50_bins,PASS,,
-dxfTGcXJoc_0,audio,7,2.87,3.28,41,1,mean,equal_duration_50_bins,PASS,,
-dxfTGcXJoc_0,audio,8,3.28,3.69,41,1,mean,equal_duration_50_bins,PASS,,
-dxfTGcXJoc_0,audio,9,3.69,4.1,41,1,mean,equal_duration_50_bins,PASS,,
-dxfTGcXJoc_0,audio,10,4.1,4.51,41,1,mean,equal_duration_50_bins,PASS,,
-dxfTGcXJoc_0,audio,11,4.51,4.92,41,1,mean,equal_duration_50_bins,PASS,,
-dxfTGcXJoc_0,audio,12,4.92,5.33,41,1,mean,equal_duration_50_bins,PASS,,
-dxfTGcXJoc_0,audio,13,5.33,5.74,41,1,mean,equal_duration_50_bins,PASS,,
-dxfTGcXJoc_0,audio,14,5.74,6.15,41,1,mean,equal_duration_50_bins,PASS,,
-dxfTGcXJoc_0,audio,15,6.15,6.56,41,1,mean,equal_duration_50_bins,PASS,,
-dxfTGcXJoc_0,audio,16,6.56,6.97,41,1,mean,equal_duration_50_bins,PASS,,
-dxfTGcXJoc_0,audio,17,6.97,7.38,41,1,mean,equal_duration_50_bins,PASS,,
-dxfTGcXJoc_0,audio,18,7.38,7.79,41,1,mean,equal_duration_50_bins,PASS,,
-dxfTGcXJoc_0,audio,19,7.79,8.2,41,1,mean,equal_duration_50_bins,PASS,,
-dxfTGcXJoc_0,audio,20,8.2,8.61,41,1,mean,equal_duration_50_bins,PASS,,
-dxfTGcXJoc_0,audio,21,8.61,9.02,41,1,mean,equal_duration_50_bins,PASS,,
-dxfTGcXJoc_0,audio,22,9.02,9.43,41,1,mean,equal_duration_50_bins,PASS,,
-dxfTGcXJoc_0,audio,23,9.43,9.84,41,1,mean,equal_duration_50_bins,PASS,,
-dxfTGcXJoc_0,audio,24,9.84,10.25,41,1,mean,equal_duration_50_bins,PASS,,
-dxfTGcXJoc_0,audio,25,10.25,10.66,41,1,mean,equal_duration_50_bins,PASS,,
-dxfTGcXJoc_0,audio,26,10.66,11.07,41,1,mean,equal_duration_50_bins,PASS,,
-dxfTGcXJoc_0,audio,27,11.07,11.48,41,1,mean,equal_duration_50_bins,PASS,,
-dxfTGcXJoc_0,audio,28,11.48,11.89,41,1,mean,equal_duration_50_bins,PASS,,
-dxfTGcXJoc_0,audio,29,11.89,12.3,41,1,mean,equal_duration_50_bins,PASS,,
-dxfTGcXJoc_0,audio,30,12.3,12.71,41,1,mean,equal_duration_50_bins,PASS,,
-dxfTGcXJoc_0,audio,31,12.71,13.12,41,1,mean,equal_duration_50_bins,PASS,,
-dxfTGcXJoc_0,audio,32,13.12,13.53,41,1,mean,equal_duration_50_bins,PASS,,
-dxfTGcXJoc_0,audio,33,13.53,13.94,41,1,mean,equal_duration_50_bins,PASS,,
-dxfTGcXJoc_0,audio,34,13.94,14.35,41,1,mean,equal_duration_50_bins,PASS,,
-dxfTGcXJoc_0,audio,35,14.35,14.76,41,1,mean,equal_duration_50_bins,PASS,,
-dxfTGcXJoc_0,audio,36,14.76,15.17,41,1,mean,equal_duration_50_bins,PASS,,
-dxfTGcXJoc_0,audio,37,15.17,15.58,41,1,mean,equal_duration_50_bins,PASS,,
-dxfTGcXJoc_0,audio,38,15.58,15.99,41,1,mean,equal_duration_50_bins,PASS,,
-dxfTGcXJoc_0,audio,39,15.99,16.4,41,1,mean,equal_duration_50_bins,PASS,,
-dxfTGcXJoc_0,audio,40,16.4,16.81,41,1,mean,equal_duration_50_bins,PASS,,
-dxfTGcXJoc_0,audio,41,16.81,17.22,41,1,mean,equal_duration_50_bins,PASS,,
-dxfTGcXJoc_0,audio,42,17.22,17.63,41,1,mean,equal_duration_50_bins,PASS,,
-dxfTGcXJoc_0,audio,43,17.63,18.04,41,1,mean,equal_duration_50_bins,PASS,,
-dxfTGcXJoc_0,audio,44,18.04,18.45,41,1,mean,equal_duration_50_bins,PASS,,
-dxfTGcXJoc_0,audio,45,18.45,18.86,41,1,mean,equal_duration_50_bins,PASS,,
-dxfTGcXJoc_0,audio,46,18.86,19.27,41,1,mean,equal_duration_50_bins,PASS,,
-dxfTGcXJoc_0,audio,47,19.27,19.68,41,1,mean,equal_duration_50_bins,PASS,,
-dxfTGcXJoc_0,audio,48,19.68,20.09,41,1,mean,equal_duration_50_bins,PASS,,
-dxfTGcXJoc_0,audio,49,20.09,20.5,31,1,mean,equal_duration_50_bins,PASS,,
-dxfTGcXJoc_2,audio,0,0.0,0.33399999999999996,33,1,mean,equal_duration_50_bins,PASS,,
-dxfTGcXJoc_2,audio,1,0.33399999999999996,0.6679999999999999,33,1,mean,equal_duration_50_bins,PASS,,
-dxfTGcXJoc_2,audio,2,0.6679999999999999,1.0019999999999998,33,1,mean,equal_duration_50_bins,PASS,,
-dxfTGcXJoc_2,audio,3,1.0019999999999998,1.3359999999999999,34,1,mean,equal_duration_50_bins,PASS,,
-dxfTGcXJoc_2,audio,4,1.3359999999999999,1.67,33,1,mean,equal_duration_50_bins,PASS,,
-dxfTGcXJoc_2,audio,5,1.67,2.0039999999999996,34,1,mean,equal_duration_50_bins,PASS,,
-dxfTGcXJoc_2,audio,6,2.0039999999999996,2.3379999999999996,33,1,mean,equal_duration_50_bins,PASS,,
-dxfTGcXJoc_2,audio,7,2.3379999999999996,2.6719999999999997,33,1,mean,equal_duration_50_bins,PASS,,
-dxfTGcXJoc_2,audio,8,2.6719999999999997,3.006,34,1,mean,equal_duration_50_bins,PASS,,
-dxfTGcXJoc_2,audio,9,3.006,3.34,33,1,mean,equal_duration_50_bins,PASS,,
-dxfTGcXJoc_2,audio,10,3.34,3.674,34,1,mean,equal_duration_50_bins,PASS,,
-dxfTGcXJoc_2,audio,11,3.674,4.007999999999999,33,1,mean,equal_duration_50_bins,PASS,,
-dxfTGcXJoc_2,audio,12,4.007999999999999,4.342,33,1,mean,equal_duration_50_bins,PASS,,
-dxfTGcXJoc_2,audio,13,4.342,4.675999999999999,34,1,mean,equal_duration_50_bins,PASS,,
-dxfTGcXJoc_2,audio,14,4.675999999999999,5.01,33,1,mean,equal_duration_50_bins,PASS,,
-dxfTGcXJoc_2,audio,15,5.01,5.343999999999999,34,1,mean,equal_duration_50_bins,PASS,,
-dxfTGcXJoc_2,audio,16,5.343999999999999,5.678,33,1,mean,equal_duration_50_bins,PASS,,
-dxfTGcXJoc_2,audio,17,5.678,6.012,33,1,mean,equal_duration_50_bins,PASS,,
-dxfTGcXJoc_2,audio,18,6.012,6.346,34,1,mean,equal_duration_50_bins,PASS,,
-dxfTGcXJoc_2,audio,19,6.346,6.68,33,1,mean,equal_duration_50_bins,PASS,,
-dxfTGcXJoc_2,audio,20,6.68,7.013999999999999,34,1,mean,equal_duration_50_bins,PASS,,
-dxfTGcXJoc_2,audio,21,7.013999999999999,7.348,33,1,mean,equal_duration_50_bins,PASS,,
-dxfTGcXJoc_2,audio,22,7.348,7.6819999999999995,33,1,mean,equal_duration_50_bins,PASS,,
-dxfTGcXJoc_2,audio,23,7.6819999999999995,8.015999999999998,34,1,mean,equal_duration_50_bins,PASS,,
-dxfTGcXJoc_2,audio,24,8.015999999999998,8.35,33,1,mean,equal_duration_50_bins,PASS,,
-dxfTGcXJoc_2,audio,25,8.35,8.684,34,1,mean,equal_duration_50_bins,PASS,,
-dxfTGcXJoc_2,audio,26,8.684,9.017999999999999,33,1,mean,equal_duration_50_bins,PASS,,
-dxfTGcXJoc_2,audio,27,9.017999999999999,9.351999999999999,33,1,mean,equal_duration_50_bins,PASS,,
-dxfTGcXJoc_2,audio,28,9.351999999999999,9.686,34,1,mean,equal_duration_50_bins,PASS,,
-dxfTGcXJoc_2,audio,29,9.686,10.02,33,1,mean,equal_duration_50_bins,PASS,,
-dxfTGcXJoc_2,audio,30,10.02,10.354,34,1,mean,equal_duration_50_bins,PASS,,
-dxfTGcXJoc_2,audio,31,10.354,10.687999999999999,33,1,mean,equal_duration_50_bins,PASS,,
-dxfTGcXJoc_2,audio,32,10.687999999999999,11.022,33,1,mean,equal_duration_50_bins,PASS,,
-dxfTGcXJoc_2,audio,33,11.022,11.356,34,1,mean,equal_duration_50_bins,PASS,,
-dxfTGcXJoc_2,audio,34,11.356,11.69,33,1,mean,equal_duration_50_bins,PASS,,
-dxfTGcXJoc_2,audio,35,11.69,12.024,34,1,mean,equal_duration_50_bins,PASS,,
-dxfTGcXJoc_2,audio,36,12.024,12.357999999999999,33,1,mean,equal_duration_50_bins,PASS,,
-dxfTGcXJoc_2,audio,37,12.357999999999999,12.692,33,1,mean,equal_duration_50_bins,PASS,,
-dxfTGcXJoc_2,audio,38,12.692,13.026,34,1,mean,equal_duration_50_bins,PASS,,
-dxfTGcXJoc_2,audio,39,13.026,13.36,33,1,mean,equal_duration_50_bins,PASS,,
-dxfTGcXJoc_2,audio,40,13.36,13.693999999999999,34,1,mean,equal_duration_50_bins,PASS,,
-dxfTGcXJoc_2,audio,41,13.693999999999999,14.027999999999999,33,1,mean,equal_duration_50_bins,PASS,,
-dxfTGcXJoc_2,audio,42,14.027999999999999,14.362,33,1,mean,equal_duration_50_bins,PASS,,
-dxfTGcXJoc_2,audio,43,14.362,14.696,34,1,mean,equal_duration_50_bins,PASS,,
-dxfTGcXJoc_2,audio,44,14.696,15.03,33,1,mean,equal_duration_50_bins,PASS,,
-dxfTGcXJoc_2,audio,45,15.03,15.363999999999999,34,1,mean,equal_duration_50_bins,PASS,,
-dxfTGcXJoc_2,audio,46,15.363999999999999,15.698,33,1,mean,equal_duration_50_bins,PASS,,
-dxfTGcXJoc_2,audio,47,15.698,16.031999999999996,33,1,mean,equal_duration_50_bins,PASS,,
-dxfTGcXJoc_2,audio,48,16.031999999999996,16.366,34,1,mean,equal_duration_50_bins,PASS,,
-dxfTGcXJoc_2,audio,49,16.366,16.7,25,1,mean,equal_duration_50_bins,PASS,,
-dxfTGcXJoc_6,audio,0,0.0,0.2548,25,1,mean,equal_duration_50_bins,PASS,,
-dxfTGcXJoc_6,audio,1,0.2548,0.5096,25,1,mean,equal_duration_50_bins,PASS,,
-dxfTGcXJoc_6,audio,2,0.5096,0.7644,26,1,mean,equal_duration_50_bins,PASS,,
-dxfTGcXJoc_6,audio,3,0.7644,1.0192,25,1,mean,equal_duration_50_bins,PASS,,
-dxfTGcXJoc_6,audio,4,1.0192,1.274,26,1,mean,equal_duration_50_bins,PASS,,
-dxfTGcXJoc_6,audio,5,1.274,1.5288,25,1,mean,equal_duration_50_bins,PASS,,
-dxfTGcXJoc_6,audio,6,1.5288,1.7836,26,1,mean,equal_duration_50_bins,PASS,,
-dxfTGcXJoc_6,audio,7,1.7836,2.0384,25,1,mean,equal_duration_50_bins,PASS,,
-dxfTGcXJoc_6,audio,8,2.0384,2.2932,26,1,mean,equal_duration_50_bins,PASS,,
-dxfTGcXJoc_6,audio,9,2.2932,2.548,25,1,mean,equal_duration_50_bins,PASS,,
-dxfTGcXJoc_6,audio,10,2.548,2.8028000000000004,26,1,mean,equal_duration_50_bins,PASS,,
-dxfTGcXJoc_6,audio,11,2.8028000000000004,3.0576,25,1,mean,equal_duration_50_bins,PASS,,
-dxfTGcXJoc_6,audio,12,3.0576,3.3124000000000002,25,1,mean,equal_duration_50_bins,PASS,,
-dxfTGcXJoc_6,audio,13,3.3124000000000002,3.5672,26,1,mean,equal_duration_50_bins,PASS,,
-dxfTGcXJoc_6,audio,14,3.5672,3.822,25,1,mean,equal_duration_50_bins,PASS,,
-dxfTGcXJoc_6,audio,15,3.822,4.0768,26,1,mean,equal_duration_50_bins,PASS,,
-dxfTGcXJoc_6,audio,16,4.0768,4.3316,25,1,mean,equal_duration_50_bins,PASS,,
-dxfTGcXJoc_6,audio,17,4.3316,4.5864,26,1,mean,equal_duration_50_bins,PASS,,
-dxfTGcXJoc_6,audio,18,4.5864,4.8412,25,1,mean,equal_duration_50_bins,PASS,,
-dxfTGcXJoc_6,audio,19,4.8412,5.096,26,1,mean,equal_duration_50_bins,PASS,,
-dxfTGcXJoc_6,audio,20,5.096,5.3508000000000004,25,1,mean,equal_duration_50_bins,PASS,,
-dxfTGcXJoc_6,audio,21,5.3508000000000004,5.605600000000001,26,1,mean,equal_duration_50_bins,PASS,,
-dxfTGcXJoc_6,audio,22,5.605600000000001,5.860399999999999,25,1,mean,equal_duration_50_bins,PASS,,
-dxfTGcXJoc_6,audio,23,5.860399999999999,6.1152,26,1,mean,equal_duration_50_bins,PASS,,
-dxfTGcXJoc_6,audio,24,6.1152,6.37,25,1,mean,equal_duration_50_bins,PASS,,
-dxfTGcXJoc_6,audio,25,6.37,6.6248000000000005,26,1,mean,equal_duration_50_bins,PASS,,
-dxfTGcXJoc_6,audio,26,6.6248000000000005,6.8796,25,1,mean,equal_duration_50_bins,PASS,,
-dxfTGcXJoc_6,audio,27,6.8796,7.1344,26,1,mean,equal_duration_50_bins,PASS,,
-dxfTGcXJoc_6,audio,28,7.1344,7.3892,25,1,mean,equal_duration_50_bins,PASS,,
-dxfTGcXJoc_6,audio,29,7.3892,7.644,26,1,mean,equal_duration_50_bins,PASS,,
-dxfTGcXJoc_6,audio,30,7.644,7.8988,25,1,mean,equal_duration_50_bins,PASS,,
-dxfTGcXJoc_6,audio,31,7.8988,8.1536,26,1,mean,equal_duration_50_bins,PASS,,
-dxfTGcXJoc_6,audio,32,8.1536,8.4084,25,1,mean,equal_duration_50_bins,PASS,,
-dxfTGcXJoc_6,audio,33,8.4084,8.6632,26,1,mean,equal_duration_50_bins,PASS,,
-dxfTGcXJoc_6,audio,34,8.6632,8.918000000000001,25,1,mean,equal_duration_50_bins,PASS,,
-dxfTGcXJoc_6,audio,35,8.918000000000001,9.1728,26,1,mean,equal_duration_50_bins,PASS,,
-dxfTGcXJoc_6,audio,36,9.1728,9.4276,25,1,mean,equal_duration_50_bins,PASS,,
-dxfTGcXJoc_6,audio,37,9.4276,9.6824,25,1,mean,equal_duration_50_bins,PASS,,
-dxfTGcXJoc_6,audio,38,9.6824,9.9372,26,1,mean,equal_duration_50_bins,PASS,,
-dxfTGcXJoc_6,audio,39,9.9372,10.192,25,1,mean,equal_duration_50_bins,PASS,,
-dxfTGcXJoc_6,audio,40,10.192,10.446800000000001,26,1,mean,equal_duration_50_bins,PASS,,
-dxfTGcXJoc_6,audio,41,10.446800000000001,10.701600000000001,25,1,mean,equal_duration_50_bins,PASS,,
-dxfTGcXJoc_6,audio,42,10.701600000000001,10.9564,26,1,mean,equal_duration_50_bins,PASS,,
-dxfTGcXJoc_6,audio,43,10.9564,11.211200000000002,25,1,mean,equal_duration_50_bins,PASS,,
-dxfTGcXJoc_6,audio,44,11.211200000000002,11.466,26,1,mean,equal_duration_50_bins,PASS,,
-dxfTGcXJoc_6,audio,45,11.466,11.720799999999999,25,1,mean,equal_duration_50_bins,PASS,,
-dxfTGcXJoc_6,audio,46,11.720799999999999,11.9756,26,1,mean,equal_duration_50_bins,PASS,,
-dxfTGcXJoc_6,audio,47,11.9756,12.2304,25,1,mean,equal_duration_50_bins,PASS,,
-dxfTGcXJoc_6,audio,48,12.2304,12.485199999999999,26,1,mean,equal_duration_50_bins,PASS,,
-dxfTGcXJoc_6,audio,49,12.485199999999999,12.74,13,1,mean,equal_duration_50_bins,PASS,,
-egA8-b7-3M_26,audio,0,0.0,0.1206,11,1,mean,equal_duration_50_bins,PASS,,
-egA8-b7-3M_26,audio,1,0.1206,0.2412,12,1,mean,equal_duration_50_bins,PASS,,
-egA8-b7-3M_26,audio,2,0.2412,0.3618,12,1,mean,equal_duration_50_bins,PASS,,
-egA8-b7-3M_26,audio,3,0.3618,0.4824,12,1,mean,equal_duration_50_bins,PASS,,
-egA8-b7-3M_26,audio,4,0.4824,0.6030000000000001,13,1,mean,equal_duration_50_bins,PASS,,
-egA8-b7-3M_26,audio,5,0.6030000000000001,0.7236,12,1,mean,equal_duration_50_bins,PASS,,
-egA8-b7-3M_26,audio,6,0.7236,0.8442000000000001,12,1,mean,equal_duration_50_bins,PASS,,
-egA8-b7-3M_26,audio,7,0.8442000000000001,0.9648,12,1,mean,equal_duration_50_bins,PASS,,
-egA8-b7-3M_26,audio,8,0.9648,1.0854000000000001,12,1,mean,equal_duration_50_bins,PASS,,
-egA8-b7-3M_26,audio,9,1.0854000000000001,1.2060000000000002,12,1,mean,equal_duration_50_bins,PASS,,
-egA8-b7-3M_26,audio,10,1.2060000000000002,1.3266,12,1,mean,equal_duration_50_bins,PASS,,
-egA8-b7-3M_26,audio,11,1.3266,1.4472,12,1,mean,equal_duration_50_bins,PASS,,
-egA8-b7-3M_26,audio,12,1.4472,1.5678,12,1,mean,equal_duration_50_bins,PASS,,
-egA8-b7-3M_26,audio,13,1.5678,1.6884000000000001,12,1,mean,equal_duration_50_bins,PASS,,
-egA8-b7-3M_26,audio,14,1.6884000000000001,1.8090000000000002,12,1,mean,equal_duration_50_bins,PASS,,
-egA8-b7-3M_26,audio,15,1.8090000000000002,1.9296,12,1,mean,equal_duration_50_bins,PASS,,
-egA8-b7-3M_26,audio,16,1.9296,2.0502000000000002,12,1,mean,equal_duration_50_bins,PASS,,
-egA8-b7-3M_26,audio,17,2.0502000000000002,2.1708000000000003,12,1,mean,equal_duration_50_bins,PASS,,
-egA8-b7-3M_26,audio,18,2.1708000000000003,2.2914000000000003,12,1,mean,equal_duration_50_bins,PASS,,
-egA8-b7-3M_26,audio,19,2.2914000000000003,2.4120000000000004,12,1,mean,equal_duration_50_bins,PASS,,
-egA8-b7-3M_26,audio,20,2.4120000000000004,2.5326000000000004,13,1,mean,equal_duration_50_bins,PASS,,
-egA8-b7-3M_26,audio,21,2.5326000000000004,2.6532,12,1,mean,equal_duration_50_bins,PASS,,
-egA8-b7-3M_26,audio,22,2.6532,2.7738,12,1,mean,equal_duration_50_bins,PASS,,
-egA8-b7-3M_26,audio,23,2.7738,2.8944,12,1,mean,equal_duration_50_bins,PASS,,
-egA8-b7-3M_26,audio,24,2.8944,3.015,12,1,mean,equal_duration_50_bins,PASS,,
-egA8-b7-3M_26,audio,25,3.015,3.1356,12,1,mean,equal_duration_50_bins,PASS,,
-egA8-b7-3M_26,audio,26,3.1356,3.2562,12,1,mean,equal_duration_50_bins,PASS,,
-egA8-b7-3M_26,audio,27,3.2562,3.3768000000000002,12,1,mean,equal_duration_50_bins,PASS,,
-egA8-b7-3M_26,audio,28,3.3768000000000002,3.4974000000000003,12,1,mean,equal_duration_50_bins,PASS,,
-egA8-b7-3M_26,audio,29,3.4974000000000003,3.6180000000000003,12,1,mean,equal_duration_50_bins,PASS,,
-egA8-b7-3M_26,audio,30,3.6180000000000003,3.7386,12,1,mean,equal_duration_50_bins,PASS,,
-egA8-b7-3M_26,audio,31,3.7386,3.8592,12,1,mean,equal_duration_50_bins,PASS,,
-egA8-b7-3M_26,audio,32,3.8592,3.9798,12,1,mean,equal_duration_50_bins,PASS,,
-egA8-b7-3M_26,audio,33,3.9798,4.1004000000000005,12,1,mean,equal_duration_50_bins,PASS,,
-egA8-b7-3M_26,audio,34,4.1004000000000005,4.221,12,1,mean,equal_duration_50_bins,PASS,,
-egA8-b7-3M_26,audio,35,4.221,4.341600000000001,12,1,mean,equal_duration_50_bins,PASS,,
-egA8-b7-3M_26,audio,36,4.341600000000001,4.4622,12,1,mean,equal_duration_50_bins,PASS,,
-egA8-b7-3M_26,audio,37,4.4622,4.582800000000001,13,1,mean,equal_duration_50_bins,PASS,,
-egA8-b7-3M_26,audio,38,4.582800000000001,4.7034,12,1,mean,equal_duration_50_bins,PASS,,
-egA8-b7-3M_26,audio,39,4.7034,4.824000000000001,12,1,mean,equal_duration_50_bins,PASS,,
-egA8-b7-3M_26,audio,40,4.824000000000001,4.9446,12,1,mean,equal_duration_50_bins,PASS,,
-egA8-b7-3M_26,audio,41,4.9446,5.065200000000001,12,1,mean,equal_duration_50_bins,PASS,,
-egA8-b7-3M_26,audio,42,5.065200000000001,5.1858,12,1,mean,equal_duration_50_bins,PASS,,
-egA8-b7-3M_26,audio,43,5.1858,5.3064,12,1,mean,equal_duration_50_bins,PASS,,
-egA8-b7-3M_26,audio,44,5.3064,5.4270000000000005,12,1,mean,equal_duration_50_bins,PASS,,
-egA8-b7-3M_26,audio,45,5.4270000000000005,5.5476,12,1,mean,equal_duration_50_bins,PASS,,
-egA8-b7-3M_26,audio,46,5.5476,5.668200000000001,12,1,mean,equal_duration_50_bins,PASS,,
-egA8-b7-3M_26,audio,47,5.668200000000001,5.7888,12,1,mean,equal_duration_50_bins,PASS,,
-egA8-b7-3M_26,audio,48,5.7888,5.909400000000001,12,1,mean,equal_duration_50_bins,PASS,,
-egA8-b7-3M_26,audio,49,5.909400000000001,6.03,0,0,mean,equal_duration_50_bins,PASS,,
-egA8-b7-3M_17,audio,0,0.0,0.1454,14,1,mean,equal_duration_50_bins,PASS,,
-egA8-b7-3M_17,audio,1,0.1454,0.2908,14,1,mean,equal_duration_50_bins,PASS,,
-egA8-b7-3M_17,audio,2,0.2908,0.4362,15,1,mean,equal_duration_50_bins,PASS,,
-egA8-b7-3M_17,audio,3,0.4362,0.5816,14,1,mean,equal_duration_50_bins,PASS,,
-egA8-b7-3M_17,audio,4,0.5816,0.7269999999999999,15,1,mean,equal_duration_50_bins,PASS,,
-egA8-b7-3M_17,audio,5,0.7269999999999999,0.8724,14,1,mean,equal_duration_50_bins,PASS,,
-egA8-b7-3M_17,audio,6,0.8724,1.0178,15,1,mean,equal_duration_50_bins,PASS,,
-egA8-b7-3M_17,audio,7,1.0178,1.1632,15,1,mean,equal_duration_50_bins,PASS,,
-egA8-b7-3M_17,audio,8,1.1632,1.3085999999999998,14,1,mean,equal_duration_50_bins,PASS,,
-egA8-b7-3M_17,audio,9,1.3085999999999998,1.4539999999999997,15,1,mean,equal_duration_50_bins,PASS,,
-egA8-b7-3M_17,audio,10,1.4539999999999997,1.5994,14,1,mean,equal_duration_50_bins,PASS,,
-egA8-b7-3M_17,audio,11,1.5994,1.7448,15,1,mean,equal_duration_50_bins,PASS,,
-egA8-b7-3M_17,audio,12,1.7448,1.8901999999999999,14,1,mean,equal_duration_50_bins,PASS,,
-egA8-b7-3M_17,audio,13,1.8901999999999999,2.0356,15,1,mean,equal_duration_50_bins,PASS,,
-egA8-b7-3M_17,audio,14,2.0356,2.181,14,1,mean,equal_duration_50_bins,PASS,,
-egA8-b7-3M_17,audio,15,2.181,2.3264,15,1,mean,equal_duration_50_bins,PASS,,
-egA8-b7-3M_17,audio,16,2.3264,2.4718,14,1,mean,equal_duration_50_bins,PASS,,
-egA8-b7-3M_17,audio,17,2.4718,2.6171999999999995,15,1,mean,equal_duration_50_bins,PASS,,
-egA8-b7-3M_17,audio,18,2.6171999999999995,2.7626,15,1,mean,equal_duration_50_bins,PASS,,
-egA8-b7-3M_17,audio,19,2.7626,2.9079999999999995,14,1,mean,equal_duration_50_bins,PASS,,
-egA8-b7-3M_17,audio,20,2.9079999999999995,3.0534,15,1,mean,equal_duration_50_bins,PASS,,
-egA8-b7-3M_17,audio,21,3.0534,3.1988,14,1,mean,equal_duration_50_bins,PASS,,
-egA8-b7-3M_17,audio,22,3.1988,3.3441999999999994,15,1,mean,equal_duration_50_bins,PASS,,
-egA8-b7-3M_17,audio,23,3.3441999999999994,3.4896,14,1,mean,equal_duration_50_bins,PASS,,
-egA8-b7-3M_17,audio,24,3.4896,3.635,15,1,mean,equal_duration_50_bins,PASS,,
-egA8-b7-3M_17,audio,25,3.635,3.7803999999999998,14,1,mean,equal_duration_50_bins,PASS,,
-egA8-b7-3M_17,audio,26,3.7803999999999998,3.9257999999999997,15,1,mean,equal_duration_50_bins,PASS,,
-egA8-b7-3M_17,audio,27,3.9257999999999997,4.0712,14,1,mean,equal_duration_50_bins,PASS,,
-egA8-b7-3M_17,audio,28,4.0712,4.2166,15,1,mean,equal_duration_50_bins,PASS,,
-egA8-b7-3M_17,audio,29,4.2166,4.362,14,1,mean,equal_duration_50_bins,PASS,,
-egA8-b7-3M_17,audio,30,4.362,4.5074,15,1,mean,equal_duration_50_bins,PASS,,
-egA8-b7-3M_17,audio,31,4.5074,4.6528,15,1,mean,equal_duration_50_bins,PASS,,
-egA8-b7-3M_17,audio,32,4.6528,4.7982,14,1,mean,equal_duration_50_bins,PASS,,
-egA8-b7-3M_17,audio,33,4.7982,4.9436,15,1,mean,equal_duration_50_bins,PASS,,
-egA8-b7-3M_17,audio,34,4.9436,5.0889999999999995,14,1,mean,equal_duration_50_bins,PASS,,
-egA8-b7-3M_17,audio,35,5.0889999999999995,5.234399999999999,15,1,mean,equal_duration_50_bins,PASS,,
-egA8-b7-3M_17,audio,36,5.234399999999999,5.3798,14,1,mean,equal_duration_50_bins,PASS,,
-egA8-b7-3M_17,audio,37,5.3798,5.5252,15,1,mean,equal_duration_50_bins,PASS,,
-egA8-b7-3M_17,audio,38,5.5252,5.670599999999999,14,1,mean,equal_duration_50_bins,PASS,,
-egA8-b7-3M_17,audio,39,5.670599999999999,5.815999999999999,15,1,mean,equal_duration_50_bins,PASS,,
-egA8-b7-3M_17,audio,40,5.815999999999999,5.9614,14,1,mean,equal_duration_50_bins,PASS,,
-egA8-b7-3M_17,audio,41,5.9614,6.1068,15,1,mean,equal_duration_50_bins,PASS,,
-egA8-b7-3M_17,audio,42,6.1068,6.252199999999999,14,1,mean,equal_duration_50_bins,PASS,,
-egA8-b7-3M_17,audio,43,6.252199999999999,6.3976,15,1,mean,equal_duration_50_bins,PASS,,
-egA8-b7-3M_17,audio,44,6.3976,6.542999999999999,15,1,mean,equal_duration_50_bins,PASS,,
-egA8-b7-3M_17,audio,45,6.542999999999999,6.688399999999999,14,1,mean,equal_duration_50_bins,PASS,,
-egA8-b7-3M_17,audio,46,6.688399999999999,6.8338,15,1,mean,equal_duration_50_bins,PASS,,
-egA8-b7-3M_17,audio,47,6.8338,6.9792,14,1,mean,equal_duration_50_bins,PASS,,
-egA8-b7-3M_17,audio,48,6.9792,7.124599999999999,11,1,mean,equal_duration_50_bins,PASS,,
-egA8-b7-3M_17,audio,49,7.124599999999999,7.27,0,0,mean,equal_duration_50_bins,PASS,,
-egA8-b7-3M_18,audio,0,0.0,0.1678,16,1,mean,equal_duration_50_bins,PASS,,
-egA8-b7-3M_18,audio,1,0.1678,0.3356,17,1,mean,equal_duration_50_bins,PASS,,
-egA8-b7-3M_18,audio,2,0.3356,0.5034000000000001,17,1,mean,equal_duration_50_bins,PASS,,
-egA8-b7-3M_18,audio,3,0.5034000000000001,0.6712,16,1,mean,equal_duration_50_bins,PASS,,
-egA8-b7-3M_18,audio,4,0.6712,0.8390000000000001,17,1,mean,equal_duration_50_bins,PASS,,
-egA8-b7-3M_18,audio,5,0.8390000000000001,1.0068000000000001,17,1,mean,equal_duration_50_bins,PASS,,
-egA8-b7-3M_18,audio,6,1.0068000000000001,1.1746,17,1,mean,equal_duration_50_bins,PASS,,
-egA8-b7-3M_18,audio,7,1.1746,1.3424,16,1,mean,equal_duration_50_bins,PASS,,
-egA8-b7-3M_18,audio,8,1.3424,1.5102000000000002,17,1,mean,equal_duration_50_bins,PASS,,
-egA8-b7-3M_18,audio,9,1.5102000000000002,1.6780000000000002,17,1,mean,equal_duration_50_bins,PASS,,
-egA8-b7-3M_18,audio,10,1.6780000000000002,1.8458,17,1,mean,equal_duration_50_bins,PASS,,
-egA8-b7-3M_18,audio,11,1.8458,2.0136000000000003,17,1,mean,equal_duration_50_bins,PASS,,
-egA8-b7-3M_18,audio,12,2.0136000000000003,2.1814,16,1,mean,equal_duration_50_bins,PASS,,
-egA8-b7-3M_18,audio,13,2.1814,2.3492,17,1,mean,equal_duration_50_bins,PASS,,
-egA8-b7-3M_18,audio,14,2.3492,2.5170000000000003,17,1,mean,equal_duration_50_bins,PASS,,
-egA8-b7-3M_18,audio,15,2.5170000000000003,2.6848,17,1,mean,equal_duration_50_bins,PASS,,
-egA8-b7-3M_18,audio,16,2.6848,2.8526,17,1,mean,equal_duration_50_bins,PASS,,
-egA8-b7-3M_18,audio,17,2.8526,3.0204000000000004,16,1,mean,equal_duration_50_bins,PASS,,
-egA8-b7-3M_18,audio,18,3.0204000000000004,3.1882000000000006,17,1,mean,equal_duration_50_bins,PASS,,
-egA8-b7-3M_18,audio,19,3.1882000000000006,3.3560000000000003,17,1,mean,equal_duration_50_bins,PASS,,
-egA8-b7-3M_18,audio,20,3.3560000000000003,3.5238,17,1,mean,equal_duration_50_bins,PASS,,
-egA8-b7-3M_18,audio,21,3.5238,3.6916,16,1,mean,equal_duration_50_bins,PASS,,
-egA8-b7-3M_18,audio,22,3.6916,3.8594000000000004,17,1,mean,equal_duration_50_bins,PASS,,
-egA8-b7-3M_18,audio,23,3.8594000000000004,4.027200000000001,17,1,mean,equal_duration_50_bins,PASS,,
-egA8-b7-3M_18,audio,24,4.027200000000001,4.195,17,1,mean,equal_duration_50_bins,PASS,,
-egA8-b7-3M_18,audio,25,4.195,4.3628,17,1,mean,equal_duration_50_bins,PASS,,
-egA8-b7-3M_18,audio,26,4.3628,4.530600000000001,16,1,mean,equal_duration_50_bins,PASS,,
-egA8-b7-3M_18,audio,27,4.530600000000001,4.6984,17,1,mean,equal_duration_50_bins,PASS,,
-egA8-b7-3M_18,audio,28,4.6984,4.8662,17,1,mean,equal_duration_50_bins,PASS,,
-egA8-b7-3M_18,audio,29,4.8662,5.034000000000001,17,1,mean,equal_duration_50_bins,PASS,,
-egA8-b7-3M_18,audio,30,5.034000000000001,5.2018,16,1,mean,equal_duration_50_bins,PASS,,
-egA8-b7-3M_18,audio,31,5.2018,5.3696,17,1,mean,equal_duration_50_bins,PASS,,
-egA8-b7-3M_18,audio,32,5.3696,5.5374,17,1,mean,equal_duration_50_bins,PASS,,
-egA8-b7-3M_18,audio,33,5.5374,5.7052,17,1,mean,equal_duration_50_bins,PASS,,
-egA8-b7-3M_18,audio,34,5.7052,5.873000000000001,17,1,mean,equal_duration_50_bins,PASS,,
-egA8-b7-3M_18,audio,35,5.873000000000001,6.040800000000001,16,1,mean,equal_duration_50_bins,PASS,,
-egA8-b7-3M_18,audio,36,6.040800000000001,6.208600000000001,17,1,mean,equal_duration_50_bins,PASS,,
-egA8-b7-3M_18,audio,37,6.208600000000001,6.376400000000001,17,1,mean,equal_duration_50_bins,PASS,,
-egA8-b7-3M_18,audio,38,6.376400000000001,6.544200000000001,17,1,mean,equal_duration_50_bins,PASS,,
-egA8-b7-3M_18,audio,39,6.544200000000001,6.712000000000001,16,1,mean,equal_duration_50_bins,PASS,,
-egA8-b7-3M_18,audio,40,6.712000000000001,6.8798,17,1,mean,equal_duration_50_bins,PASS,,
-egA8-b7-3M_18,audio,41,6.8798,7.0476,17,1,mean,equal_duration_50_bins,PASS,,
-egA8-b7-3M_18,audio,42,7.0476,7.215400000000001,17,1,mean,equal_duration_50_bins,PASS,,
-egA8-b7-3M_18,audio,43,7.215400000000001,7.3832,17,1,mean,equal_duration_50_bins,PASS,,
-egA8-b7-3M_18,audio,44,7.3832,7.551,16,1,mean,equal_duration_50_bins,PASS,,
-egA8-b7-3M_18,audio,45,7.551,7.718800000000001,17,1,mean,equal_duration_50_bins,PASS,,
-egA8-b7-3M_18,audio,46,7.718800000000001,7.8866000000000005,17,1,mean,equal_duration_50_bins,PASS,,
-egA8-b7-3M_18,audio,47,7.8866000000000005,8.054400000000001,17,1,mean,equal_duration_50_bins,PASS,,
-egA8-b7-3M_18,audio,48,8.054400000000001,8.2222,16,1,mean,equal_duration_50_bins,PASS,,
-egA8-b7-3M_18,audio,49,8.2222,8.39,4,1,mean,equal_duration_50_bins,PASS,,
-egA8-b7-3M_16,audio,0,0.0,0.1108,10,1,mean,equal_duration_50_bins,PASS,,
-egA8-b7-3M_16,audio,1,0.1108,0.2216,11,1,mean,equal_duration_50_bins,PASS,,
-egA8-b7-3M_16,audio,2,0.2216,0.33240000000000003,11,1,mean,equal_duration_50_bins,PASS,,
-egA8-b7-3M_16,audio,3,0.33240000000000003,0.4432,12,1,mean,equal_duration_50_bins,PASS,,
-egA8-b7-3M_16,audio,4,0.4432,0.5539999999999999,11,1,mean,equal_duration_50_bins,PASS,,
-egA8-b7-3M_16,audio,5,0.5539999999999999,0.6648000000000001,11,1,mean,equal_duration_50_bins,PASS,,
-egA8-b7-3M_16,audio,6,0.6648000000000001,0.7756000000000001,11,1,mean,equal_duration_50_bins,PASS,,
-egA8-b7-3M_16,audio,7,0.7756000000000001,0.8864,11,1,mean,equal_duration_50_bins,PASS,,
-egA8-b7-3M_16,audio,8,0.8864,0.9972,11,1,mean,equal_duration_50_bins,PASS,,
-egA8-b7-3M_16,audio,9,0.9972,1.1079999999999999,11,1,mean,equal_duration_50_bins,PASS,,
-egA8-b7-3M_16,audio,10,1.1079999999999999,1.2187999999999999,11,1,mean,equal_duration_50_bins,PASS,,
-egA8-b7-3M_16,audio,11,1.2187999999999999,1.3296000000000001,11,1,mean,equal_duration_50_bins,PASS,,
-egA8-b7-3M_16,audio,12,1.3296000000000001,1.4404,11,1,mean,equal_duration_50_bins,PASS,,
-egA8-b7-3M_16,audio,13,1.4404,1.5512000000000001,11,1,mean,equal_duration_50_bins,PASS,,
-egA8-b7-3M_16,audio,14,1.5512000000000001,1.662,11,1,mean,equal_duration_50_bins,PASS,,
-egA8-b7-3M_16,audio,15,1.662,1.7728,12,1,mean,equal_duration_50_bins,PASS,,
-egA8-b7-3M_16,audio,16,1.7728,1.8836000000000002,11,1,mean,equal_duration_50_bins,PASS,,
-egA8-b7-3M_16,audio,17,1.8836000000000002,1.9944,11,1,mean,equal_duration_50_bins,PASS,,
-egA8-b7-3M_16,audio,18,1.9944,2.1052,11,1,mean,equal_duration_50_bins,PASS,,
-egA8-b7-3M_16,audio,19,2.1052,2.2159999999999997,11,1,mean,equal_duration_50_bins,PASS,,
-egA8-b7-3M_16,audio,20,2.2159999999999997,2.3268,11,1,mean,equal_duration_50_bins,PASS,,
-egA8-b7-3M_16,audio,21,2.3268,2.4375999999999998,11,1,mean,equal_duration_50_bins,PASS,,
-egA8-b7-3M_16,audio,22,2.4375999999999998,2.5484,11,1,mean,equal_duration_50_bins,PASS,,
-egA8-b7-3M_16,audio,23,2.5484,2.6592000000000002,11,1,mean,equal_duration_50_bins,PASS,,
-egA8-b7-3M_16,audio,24,2.6592000000000002,2.77,11,1,mean,equal_duration_50_bins,PASS,,
-egA8-b7-3M_16,audio,25,2.77,2.8808,11,1,mean,equal_duration_50_bins,PASS,,
-egA8-b7-3M_16,audio,26,2.8808,2.9916,11,1,mean,equal_duration_50_bins,PASS,,
-egA8-b7-3M_16,audio,27,2.9916,3.1024000000000003,11,1,mean,equal_duration_50_bins,PASS,,
-egA8-b7-3M_16,audio,28,3.1024000000000003,3.2132,12,1,mean,equal_duration_50_bins,PASS,,
-egA8-b7-3M_16,audio,29,3.2132,3.324,11,1,mean,equal_duration_50_bins,PASS,,
-egA8-b7-3M_16,audio,30,3.324,3.4348,11,1,mean,equal_duration_50_bins,PASS,,
-egA8-b7-3M_16,audio,31,3.4348,3.5456,11,1,mean,equal_duration_50_bins,PASS,,
-egA8-b7-3M_16,audio,32,3.5456,3.6563999999999997,11,1,mean,equal_duration_50_bins,PASS,,
-egA8-b7-3M_16,audio,33,3.6563999999999997,3.7672000000000003,11,1,mean,equal_duration_50_bins,PASS,,
-egA8-b7-3M_16,audio,34,3.7672000000000003,3.878,11,1,mean,equal_duration_50_bins,PASS,,
-egA8-b7-3M_16,audio,35,3.878,3.9888,11,1,mean,equal_duration_50_bins,PASS,,
-egA8-b7-3M_16,audio,36,3.9888,4.0996,11,1,mean,equal_duration_50_bins,PASS,,
-egA8-b7-3M_16,audio,37,4.0996,4.2104,11,1,mean,equal_duration_50_bins,PASS,,
-egA8-b7-3M_16,audio,38,4.2104,4.3212,11,1,mean,equal_duration_50_bins,PASS,,
-egA8-b7-3M_16,audio,39,4.3212,4.4319999999999995,11,1,mean,equal_duration_50_bins,PASS,,
-egA8-b7-3M_16,audio,40,4.4319999999999995,4.542800000000001,12,1,mean,equal_duration_50_bins,PASS,,
-egA8-b7-3M_16,audio,41,4.542800000000001,4.6536,11,1,mean,equal_duration_50_bins,PASS,,
-egA8-b7-3M_16,audio,42,4.6536,4.7644,11,1,mean,equal_duration_50_bins,PASS,,
-egA8-b7-3M_16,audio,43,4.7644,4.8751999999999995,11,1,mean,equal_duration_50_bins,PASS,,
-egA8-b7-3M_16,audio,44,4.8751999999999995,4.986000000000001,11,1,mean,equal_duration_50_bins,PASS,,
-egA8-b7-3M_16,audio,45,4.986000000000001,5.0968,11,1,mean,equal_duration_50_bins,PASS,,
-egA8-b7-3M_16,audio,46,5.0968,5.2076,11,1,mean,equal_duration_50_bins,PASS,,
-egA8-b7-3M_16,audio,47,5.2076,5.3184000000000005,11,1,mean,equal_duration_50_bins,PASS,,
-egA8-b7-3M_16,audio,48,5.3184000000000005,5.4292,11,1,mean,equal_duration_50_bins,PASS,,
-egA8-b7-3M_16,audio,49,5.4292,5.54,4,1,mean,equal_duration_50_bins,PASS,,
-egA8-b7-3M_13,audio,0,0.0,0.0836,8,1,mean,equal_duration_50_bins,PASS,,
-egA8-b7-3M_13,audio,1,0.0836,0.1672,8,1,mean,equal_duration_50_bins,PASS,,
-egA8-b7-3M_13,audio,2,0.1672,0.25079999999999997,8,1,mean,equal_duration_50_bins,PASS,,
-egA8-b7-3M_13,audio,3,0.25079999999999997,0.3344,9,1,mean,equal_duration_50_bins,PASS,,
-egA8-b7-3M_13,audio,4,0.3344,0.418,8,1,mean,equal_duration_50_bins,PASS,,
-egA8-b7-3M_13,audio,5,0.418,0.5015999999999999,8,1,mean,equal_duration_50_bins,PASS,,
-egA8-b7-3M_13,audio,6,0.5015999999999999,0.5851999999999999,9,1,mean,equal_duration_50_bins,PASS,,
-egA8-b7-3M_13,audio,7,0.5851999999999999,0.6688,8,1,mean,equal_duration_50_bins,PASS,,
-egA8-b7-3M_13,audio,8,0.6688,0.7524,8,1,mean,equal_duration_50_bins,PASS,,
-egA8-b7-3M_13,audio,9,0.7524,0.836,9,1,mean,equal_duration_50_bins,PASS,,
-egA8-b7-3M_13,audio,10,0.836,0.9196,8,1,mean,equal_duration_50_bins,PASS,,
-egA8-b7-3M_13,audio,11,0.9196,1.0031999999999999,9,1,mean,equal_duration_50_bins,PASS,,
-egA8-b7-3M_13,audio,12,1.0031999999999999,1.0868,8,1,mean,equal_duration_50_bins,PASS,,
-egA8-b7-3M_13,audio,13,1.0868,1.1703999999999999,8,1,mean,equal_duration_50_bins,PASS,,
-egA8-b7-3M_13,audio,14,1.1703999999999999,1.254,9,1,mean,equal_duration_50_bins,PASS,,
-egA8-b7-3M_13,audio,15,1.254,1.3376,8,1,mean,equal_duration_50_bins,PASS,,
-egA8-b7-3M_13,audio,16,1.3376,1.4212,8,1,mean,equal_duration_50_bins,PASS,,
-egA8-b7-3M_13,audio,17,1.4212,1.5048,9,1,mean,equal_duration_50_bins,PASS,,
-egA8-b7-3M_13,audio,18,1.5048,1.5883999999999998,8,1,mean,equal_duration_50_bins,PASS,,
-egA8-b7-3M_13,audio,19,1.5883999999999998,1.672,8,1,mean,equal_duration_50_bins,PASS,,
-egA8-b7-3M_13,audio,20,1.672,1.7556,9,1,mean,equal_duration_50_bins,PASS,,
-egA8-b7-3M_13,audio,21,1.7556,1.8392,8,1,mean,equal_duration_50_bins,PASS,,
-egA8-b7-3M_13,audio,22,1.8392,1.9227999999999996,9,1,mean,equal_duration_50_bins,PASS,,
-egA8-b7-3M_13,audio,23,1.9227999999999996,2.0063999999999997,8,1,mean,equal_duration_50_bins,PASS,,
-egA8-b7-3M_13,audio,24,2.0063999999999997,2.09,8,1,mean,equal_duration_50_bins,PASS,,
-egA8-b7-3M_13,audio,25,2.09,2.1736,9,1,mean,equal_duration_50_bins,PASS,,
-egA8-b7-3M_13,audio,26,2.1736,2.2571999999999997,8,1,mean,equal_duration_50_bins,PASS,,
-egA8-b7-3M_13,audio,27,2.2571999999999997,2.3407999999999998,8,1,mean,equal_duration_50_bins,PASS,,
-egA8-b7-3M_13,audio,28,2.3407999999999998,2.4244,9,1,mean,equal_duration_50_bins,PASS,,
-egA8-b7-3M_13,audio,29,2.4244,2.508,8,1,mean,equal_duration_50_bins,PASS,,
-egA8-b7-3M_13,audio,30,2.508,2.5915999999999997,8,1,mean,equal_duration_50_bins,PASS,,
-egA8-b7-3M_13,audio,31,2.5915999999999997,2.6752,9,1,mean,equal_duration_50_bins,PASS,,
-egA8-b7-3M_13,audio,32,2.6752,2.7588,8,1,mean,equal_duration_50_bins,PASS,,
-egA8-b7-3M_13,audio,33,2.7588,2.8424,8,1,mean,equal_duration_50_bins,PASS,,
-egA8-b7-3M_13,audio,34,2.8424,2.9259999999999997,9,1,mean,equal_duration_50_bins,PASS,,
-egA8-b7-3M_13,audio,35,2.9259999999999997,3.0096,8,1,mean,equal_duration_50_bins,PASS,,
-egA8-b7-3M_13,audio,36,3.0096,3.0932,9,1,mean,equal_duration_50_bins,PASS,,
-egA8-b7-3M_13,audio,37,3.0932,3.1767999999999996,8,1,mean,equal_duration_50_bins,PASS,,
-egA8-b7-3M_13,audio,38,3.1767999999999996,3.2603999999999997,8,1,mean,equal_duration_50_bins,PASS,,
-egA8-b7-3M_13,audio,39,3.2603999999999997,3.344,9,1,mean,equal_duration_50_bins,PASS,,
-egA8-b7-3M_13,audio,40,3.344,3.4276,8,1,mean,equal_duration_50_bins,PASS,,
-egA8-b7-3M_13,audio,41,3.4276,3.5112,8,1,mean,equal_duration_50_bins,PASS,,
-egA8-b7-3M_13,audio,42,3.5112,3.5947999999999998,9,1,mean,equal_duration_50_bins,PASS,,
-egA8-b7-3M_13,audio,43,3.5947999999999998,3.6784,8,1,mean,equal_duration_50_bins,PASS,,
-egA8-b7-3M_13,audio,44,3.6784,3.762,8,1,mean,equal_duration_50_bins,PASS,,
-egA8-b7-3M_13,audio,45,3.762,3.8455999999999992,9,1,mean,equal_duration_50_bins,PASS,,
-egA8-b7-3M_13,audio,46,3.8455999999999992,3.9292,8,1,mean,equal_duration_50_bins,PASS,,
-egA8-b7-3M_13,audio,47,3.9292,4.0127999999999995,8,1,mean,equal_duration_50_bins,PASS,,
-egA8-b7-3M_13,audio,48,4.0127999999999995,4.0964,0,0,mean,equal_duration_50_bins,PASS,,
-egA8-b7-3M_13,audio,49,4.0964,4.18,0,0,mean,equal_duration_50_bins,PASS,,
-egA8-b7-3M_1,audio,0,0.0,0.2054,20,1,mean,equal_duration_50_bins,PASS,,
-egA8-b7-3M_1,audio,1,0.2054,0.4108,20,1,mean,equal_duration_50_bins,PASS,,
-egA8-b7-3M_1,audio,2,0.4108,0.6162,21,1,mean,equal_duration_50_bins,PASS,,
-egA8-b7-3M_1,audio,3,0.6162,0.8216,20,1,mean,equal_duration_50_bins,PASS,,
-egA8-b7-3M_1,audio,4,0.8216,1.027,21,1,mean,equal_duration_50_bins,PASS,,
-egA8-b7-3M_1,audio,5,1.027,1.2324,20,1,mean,equal_duration_50_bins,PASS,,
-egA8-b7-3M_1,audio,6,1.2324,1.4378,21,1,mean,equal_duration_50_bins,PASS,,
-egA8-b7-3M_1,audio,7,1.4378,1.6432,21,1,mean,equal_duration_50_bins,PASS,,
-egA8-b7-3M_1,audio,8,1.6432,1.8485999999999998,20,1,mean,equal_duration_50_bins,PASS,,
-egA8-b7-3M_1,audio,9,1.8485999999999998,2.054,21,1,mean,equal_duration_50_bins,PASS,,
-egA8-b7-3M_1,audio,10,2.054,2.2594,20,1,mean,equal_duration_50_bins,PASS,,
-egA8-b7-3M_1,audio,11,2.2594,2.4648,21,1,mean,equal_duration_50_bins,PASS,,
-egA8-b7-3M_1,audio,12,2.4648,2.6702,20,1,mean,equal_duration_50_bins,PASS,,
-egA8-b7-3M_1,audio,13,2.6702,2.8756,21,1,mean,equal_duration_50_bins,PASS,,
-egA8-b7-3M_1,audio,14,2.8756,3.0809999999999995,20,1,mean,equal_duration_50_bins,PASS,,
-egA8-b7-3M_1,audio,15,3.0809999999999995,3.2864,21,1,mean,equal_duration_50_bins,PASS,,
-egA8-b7-3M_1,audio,16,3.2864,3.4918,20,1,mean,equal_duration_50_bins,PASS,,
-egA8-b7-3M_1,audio,17,3.4918,3.6971999999999996,21,1,mean,equal_duration_50_bins,PASS,,
-egA8-b7-3M_1,audio,18,3.6971999999999996,3.9026,21,1,mean,equal_duration_50_bins,PASS,,
-egA8-b7-3M_1,audio,19,3.9026,4.108,20,1,mean,equal_duration_50_bins,PASS,,
-egA8-b7-3M_1,audio,20,4.108,4.3134,21,1,mean,equal_duration_50_bins,PASS,,
-egA8-b7-3M_1,audio,21,4.3134,4.5188,20,1,mean,equal_duration_50_bins,PASS,,
-egA8-b7-3M_1,audio,22,4.5188,4.7242,21,1,mean,equal_duration_50_bins,PASS,,
-egA8-b7-3M_1,audio,23,4.7242,4.9296,20,1,mean,equal_duration_50_bins,PASS,,
-egA8-b7-3M_1,audio,24,4.9296,5.135,21,1,mean,equal_duration_50_bins,PASS,,
-egA8-b7-3M_1,audio,25,5.135,5.3404,20,1,mean,equal_duration_50_bins,PASS,,
-egA8-b7-3M_1,audio,26,5.3404,5.545799999999999,21,1,mean,equal_duration_50_bins,PASS,,
-egA8-b7-3M_1,audio,27,5.545799999999999,5.7512,20,1,mean,equal_duration_50_bins,PASS,,
-egA8-b7-3M_1,audio,28,5.7512,5.9566,21,1,mean,equal_duration_50_bins,PASS,,
-egA8-b7-3M_1,audio,29,5.9566,6.161999999999999,20,1,mean,equal_duration_50_bins,PASS,,
-egA8-b7-3M_1,audio,30,6.161999999999999,6.3674,21,1,mean,equal_duration_50_bins,PASS,,
-egA8-b7-3M_1,audio,31,6.3674,6.5728,21,1,mean,equal_duration_50_bins,PASS,,
-egA8-b7-3M_1,audio,32,6.5728,6.778199999999999,20,1,mean,equal_duration_50_bins,PASS,,
-egA8-b7-3M_1,audio,33,6.778199999999999,6.9836,21,1,mean,equal_duration_50_bins,PASS,,
-egA8-b7-3M_1,audio,34,6.9836,7.189,20,1,mean,equal_duration_50_bins,PASS,,
-egA8-b7-3M_1,audio,35,7.189,7.394399999999999,21,1,mean,equal_duration_50_bins,PASS,,
-egA8-b7-3M_1,audio,36,7.394399999999999,7.5998,20,1,mean,equal_duration_50_bins,PASS,,
-egA8-b7-3M_1,audio,37,7.5998,7.8052,21,1,mean,equal_duration_50_bins,PASS,,
-egA8-b7-3M_1,audio,38,7.8052,8.0106,20,1,mean,equal_duration_50_bins,PASS,,
-egA8-b7-3M_1,audio,39,8.0106,8.216,21,1,mean,equal_duration_50_bins,PASS,,
-egA8-b7-3M_1,audio,40,8.216,8.4214,20,1,mean,equal_duration_50_bins,PASS,,
-egA8-b7-3M_1,audio,41,8.4214,8.6268,21,1,mean,equal_duration_50_bins,PASS,,
-egA8-b7-3M_1,audio,42,8.6268,8.832199999999998,20,1,mean,equal_duration_50_bins,PASS,,
-egA8-b7-3M_1,audio,43,8.832199999999998,9.0376,21,1,mean,equal_duration_50_bins,PASS,,
-egA8-b7-3M_1,audio,44,9.0376,9.243,21,1,mean,equal_duration_50_bins,PASS,,
-egA8-b7-3M_1,audio,45,9.243,9.4484,20,1,mean,equal_duration_50_bins,PASS,,
-egA8-b7-3M_1,audio,46,9.4484,9.6538,21,1,mean,equal_duration_50_bins,PASS,,
-egA8-b7-3M_1,audio,47,9.6538,9.8592,20,1,mean,equal_duration_50_bins,PASS,,
-egA8-b7-3M_1,audio,48,9.8592,10.064599999999999,21,1,mean,equal_duration_50_bins,PASS,,
-egA8-b7-3M_1,audio,49,10.064599999999999,10.27,8,1,mean,equal_duration_50_bins,PASS,,
-egA8-b7-3M_6,audio,0,0.0,0.1252,12,1,mean,equal_duration_50_bins,PASS,,
-egA8-b7-3M_6,audio,1,0.1252,0.2504,12,1,mean,equal_duration_50_bins,PASS,,
-egA8-b7-3M_6,audio,2,0.2504,0.37560000000000004,13,1,mean,equal_duration_50_bins,PASS,,
-egA8-b7-3M_6,audio,3,0.37560000000000004,0.5008,12,1,mean,equal_duration_50_bins,PASS,,
-egA8-b7-3M_6,audio,4,0.5008,0.6259999999999999,13,1,mean,equal_duration_50_bins,PASS,,
-egA8-b7-3M_6,audio,5,0.6259999999999999,0.7512000000000001,12,1,mean,equal_duration_50_bins,PASS,,
-egA8-b7-3M_6,audio,6,0.7512000000000001,0.8764,13,1,mean,equal_duration_50_bins,PASS,,
-egA8-b7-3M_6,audio,7,0.8764,1.0016,12,1,mean,equal_duration_50_bins,PASS,,
-egA8-b7-3M_6,audio,8,1.0016,1.1268,13,1,mean,equal_duration_50_bins,PASS,,
-egA8-b7-3M_6,audio,9,1.1268,1.2519999999999998,12,1,mean,equal_duration_50_bins,PASS,,
-egA8-b7-3M_6,audio,10,1.2519999999999998,1.3772,13,1,mean,equal_duration_50_bins,PASS,,
-egA8-b7-3M_6,audio,11,1.3772,1.5024000000000002,12,1,mean,equal_duration_50_bins,PASS,,
-egA8-b7-3M_6,audio,12,1.5024000000000002,1.6276,13,1,mean,equal_duration_50_bins,PASS,,
-egA8-b7-3M_6,audio,13,1.6276,1.7528,13,1,mean,equal_duration_50_bins,PASS,,
-egA8-b7-3M_6,audio,14,1.7528,1.878,12,1,mean,equal_duration_50_bins,PASS,,
-egA8-b7-3M_6,audio,15,1.878,2.0032,13,1,mean,equal_duration_50_bins,PASS,,
-egA8-b7-3M_6,audio,16,2.0032,2.1284,12,1,mean,equal_duration_50_bins,PASS,,
-egA8-b7-3M_6,audio,17,2.1284,2.2536,13,1,mean,equal_duration_50_bins,PASS,,
-egA8-b7-3M_6,audio,18,2.2536,2.3788,12,1,mean,equal_duration_50_bins,PASS,,
-egA8-b7-3M_6,audio,19,2.3788,2.5039999999999996,13,1,mean,equal_duration_50_bins,PASS,,
-egA8-b7-3M_6,audio,20,2.5039999999999996,2.6292,12,1,mean,equal_duration_50_bins,PASS,,
-egA8-b7-3M_6,audio,21,2.6292,2.7544,13,1,mean,equal_duration_50_bins,PASS,,
-egA8-b7-3M_6,audio,22,2.7544,2.8796,12,1,mean,equal_duration_50_bins,PASS,,
-egA8-b7-3M_6,audio,23,2.8796,3.0048000000000004,13,1,mean,equal_duration_50_bins,PASS,,
-egA8-b7-3M_6,audio,24,3.0048000000000004,3.13,12,1,mean,equal_duration_50_bins,PASS,,
-egA8-b7-3M_6,audio,25,3.13,3.2552,13,1,mean,equal_duration_50_bins,PASS,,
-egA8-b7-3M_6,audio,26,3.2552,3.3804,12,1,mean,equal_duration_50_bins,PASS,,
-egA8-b7-3M_6,audio,27,3.3804,3.5056,13,1,mean,equal_duration_50_bins,PASS,,
-egA8-b7-3M_6,audio,28,3.5056,3.6308,12,1,mean,equal_duration_50_bins,PASS,,
-egA8-b7-3M_6,audio,29,3.6308,3.756,13,1,mean,equal_duration_50_bins,PASS,,
-egA8-b7-3M_6,audio,30,3.756,3.8812,12,1,mean,equal_duration_50_bins,PASS,,
-egA8-b7-3M_6,audio,31,3.8812,4.0064,13,1,mean,equal_duration_50_bins,PASS,,
-egA8-b7-3M_6,audio,32,4.0064,4.1316,12,1,mean,equal_duration_50_bins,PASS,,
-egA8-b7-3M_6,audio,33,4.1316,4.2568,13,1,mean,equal_duration_50_bins,PASS,,
-egA8-b7-3M_6,audio,34,4.2568,4.382,12,1,mean,equal_duration_50_bins,PASS,,
-egA8-b7-3M_6,audio,35,4.382,4.5072,13,1,mean,equal_duration_50_bins,PASS,,
-egA8-b7-3M_6,audio,36,4.5072,4.6324000000000005,12,1,mean,equal_duration_50_bins,PASS,,
-egA8-b7-3M_6,audio,37,4.6324000000000005,4.7576,13,1,mean,equal_duration_50_bins,PASS,,
-egA8-b7-3M_6,audio,38,4.7576,4.8828,13,1,mean,equal_duration_50_bins,PASS,,
-egA8-b7-3M_6,audio,39,4.8828,5.007999999999999,12,1,mean,equal_duration_50_bins,PASS,,
-egA8-b7-3M_6,audio,40,5.007999999999999,5.1331999999999995,13,1,mean,equal_duration_50_bins,PASS,,
-egA8-b7-3M_6,audio,41,5.1331999999999995,5.2584,12,1,mean,equal_duration_50_bins,PASS,,
-egA8-b7-3M_6,audio,42,5.2584,5.3836,13,1,mean,equal_duration_50_bins,PASS,,
-egA8-b7-3M_6,audio,43,5.3836,5.5088,12,1,mean,equal_duration_50_bins,PASS,,
-egA8-b7-3M_6,audio,44,5.5088,5.6339999999999995,13,1,mean,equal_duration_50_bins,PASS,,
-egA8-b7-3M_6,audio,45,5.6339999999999995,5.7592,12,1,mean,equal_duration_50_bins,PASS,,
-egA8-b7-3M_6,audio,46,5.7592,5.884399999999999,13,1,mean,equal_duration_50_bins,PASS,,
-egA8-b7-3M_6,audio,47,5.884399999999999,6.009600000000001,12,1,mean,equal_duration_50_bins,PASS,,
-egA8-b7-3M_6,audio,48,6.009600000000001,6.1348,13,1,mean,equal_duration_50_bins,PASS,,
-egA8-b7-3M_6,audio,49,6.1348,6.26,3,1,mean,equal_duration_50_bins,PASS,,
-egA8-b7-3M_9,audio,0,0.0,0.1018,9,1,mean,equal_duration_50_bins,PASS,,
-egA8-b7-3M_9,audio,1,0.1018,0.2036,11,1,mean,equal_duration_50_bins,PASS,,
-egA8-b7-3M_9,audio,2,0.2036,0.3054,10,1,mean,equal_duration_50_bins,PASS,,
-egA8-b7-3M_9,audio,3,0.3054,0.4072,10,1,mean,equal_duration_50_bins,PASS,,
-egA8-b7-3M_9,audio,4,0.4072,0.509,10,1,mean,equal_duration_50_bins,PASS,,
-egA8-b7-3M_9,audio,5,0.509,0.6108,10,1,mean,equal_duration_50_bins,PASS,,
-egA8-b7-3M_9,audio,6,0.6108,0.7125999999999999,11,1,mean,equal_duration_50_bins,PASS,,
-egA8-b7-3M_9,audio,7,0.7125999999999999,0.8144,10,1,mean,equal_duration_50_bins,PASS,,
-egA8-b7-3M_9,audio,8,0.8144,0.9162,10,1,mean,equal_duration_50_bins,PASS,,
-egA8-b7-3M_9,audio,9,0.9162,1.018,10,1,mean,equal_duration_50_bins,PASS,,
-egA8-b7-3M_9,audio,10,1.018,1.1198,10,1,mean,equal_duration_50_bins,PASS,,
-egA8-b7-3M_9,audio,11,1.1198,1.2216,10,1,mean,equal_duration_50_bins,PASS,,
-egA8-b7-3M_9,audio,12,1.2216,1.3234000000000001,11,1,mean,equal_duration_50_bins,PASS,,
-egA8-b7-3M_9,audio,13,1.3234000000000001,1.4251999999999998,10,1,mean,equal_duration_50_bins,PASS,,
-egA8-b7-3M_9,audio,14,1.4251999999999998,1.527,10,1,mean,equal_duration_50_bins,PASS,,
-egA8-b7-3M_9,audio,15,1.527,1.6288,10,1,mean,equal_duration_50_bins,PASS,,
-egA8-b7-3M_9,audio,16,1.6288,1.7306,10,1,mean,equal_duration_50_bins,PASS,,
-egA8-b7-3M_9,audio,17,1.7306,1.8324,10,1,mean,equal_duration_50_bins,PASS,,
-egA8-b7-3M_9,audio,18,1.8324,1.9342,11,1,mean,equal_duration_50_bins,PASS,,
-egA8-b7-3M_9,audio,19,1.9342,2.036,10,1,mean,equal_duration_50_bins,PASS,,
-egA8-b7-3M_9,audio,20,2.036,2.1378,10,1,mean,equal_duration_50_bins,PASS,,
-egA8-b7-3M_9,audio,21,2.1378,2.2396,10,1,mean,equal_duration_50_bins,PASS,,
-egA8-b7-3M_9,audio,22,2.2396,2.3413999999999997,10,1,mean,equal_duration_50_bins,PASS,,
-egA8-b7-3M_9,audio,23,2.3413999999999997,2.4432,11,1,mean,equal_duration_50_bins,PASS,,
-egA8-b7-3M_9,audio,24,2.4432,2.545,10,1,mean,equal_duration_50_bins,PASS,,
-egA8-b7-3M_9,audio,25,2.545,2.6468000000000003,10,1,mean,equal_duration_50_bins,PASS,,
-egA8-b7-3M_9,audio,26,2.6468000000000003,2.7486,10,1,mean,equal_duration_50_bins,PASS,,
-egA8-b7-3M_9,audio,27,2.7486,2.8503999999999996,10,1,mean,equal_duration_50_bins,PASS,,
-egA8-b7-3M_9,audio,28,2.8503999999999996,2.9521999999999995,10,1,mean,equal_duration_50_bins,PASS,,
-egA8-b7-3M_9,audio,29,2.9521999999999995,3.054,11,1,mean,equal_duration_50_bins,PASS,,
-egA8-b7-3M_9,audio,30,3.054,3.1557999999999997,10,1,mean,equal_duration_50_bins,PASS,,
-egA8-b7-3M_9,audio,31,3.1557999999999997,3.2576,10,1,mean,equal_duration_50_bins,PASS,,
-egA8-b7-3M_9,audio,32,3.2576,3.3594,10,1,mean,equal_duration_50_bins,PASS,,
-egA8-b7-3M_9,audio,33,3.3594,3.4612,10,1,mean,equal_duration_50_bins,PASS,,
-egA8-b7-3M_9,audio,34,3.4612,3.563,11,1,mean,equal_duration_50_bins,PASS,,
-egA8-b7-3M_9,audio,35,3.563,3.6648,10,1,mean,equal_duration_50_bins,PASS,,
-egA8-b7-3M_9,audio,36,3.6648,3.7665999999999995,10,1,mean,equal_duration_50_bins,PASS,,
-egA8-b7-3M_9,audio,37,3.7665999999999995,3.8684,10,1,mean,equal_duration_50_bins,PASS,,
-egA8-b7-3M_9,audio,38,3.8684,3.9701999999999997,10,1,mean,equal_duration_50_bins,PASS,,
-egA8-b7-3M_9,audio,39,3.9701999999999997,4.072,10,1,mean,equal_duration_50_bins,PASS,,
-egA8-b7-3M_9,audio,40,4.072,4.1738,11,1,mean,equal_duration_50_bins,PASS,,
-egA8-b7-3M_9,audio,41,4.1738,4.2756,10,1,mean,equal_duration_50_bins,PASS,,
-egA8-b7-3M_9,audio,42,4.2756,4.3774,10,1,mean,equal_duration_50_bins,PASS,,
-egA8-b7-3M_9,audio,43,4.3774,4.4792,10,1,mean,equal_duration_50_bins,PASS,,
-egA8-b7-3M_9,audio,44,4.4792,4.5809999999999995,10,1,mean,equal_duration_50_bins,PASS,,
-egA8-b7-3M_9,audio,45,4.5809999999999995,4.682799999999999,11,1,mean,equal_duration_50_bins,PASS,,
-egA8-b7-3M_9,audio,46,4.682799999999999,4.7846,10,1,mean,equal_duration_50_bins,PASS,,
-egA8-b7-3M_9,audio,47,4.7846,4.8864,10,1,mean,equal_duration_50_bins,PASS,,
-egA8-b7-3M_9,audio,48,4.8864,4.9882,4,1,mean,equal_duration_50_bins,PASS,,
-egA8-b7-3M_9,audio,49,4.9882,5.09,0,0,mean,equal_duration_50_bins,PASS,,
-egA8-b7-3M_20,audio,0,0.0,0.1328,13,1,mean,equal_duration_50_bins,PASS,,
-egA8-b7-3M_20,audio,1,0.1328,0.2656,13,1,mean,equal_duration_50_bins,PASS,,
-egA8-b7-3M_20,audio,2,0.2656,0.3984,13,1,mean,equal_duration_50_bins,PASS,,
-egA8-b7-3M_20,audio,3,0.3984,0.5312,13,1,mean,equal_duration_50_bins,PASS,,
-egA8-b7-3M_20,audio,4,0.5312,0.6639999999999999,14,1,mean,equal_duration_50_bins,PASS,,
-egA8-b7-3M_20,audio,5,0.6639999999999999,0.7968,13,1,mean,equal_duration_50_bins,PASS,,
-egA8-b7-3M_20,audio,6,0.7968,0.9296,13,1,mean,equal_duration_50_bins,PASS,,
-egA8-b7-3M_20,audio,7,0.9296,1.0624,13,1,mean,equal_duration_50_bins,PASS,,
-egA8-b7-3M_20,audio,8,1.0624,1.1952,14,1,mean,equal_duration_50_bins,PASS,,
-egA8-b7-3M_20,audio,9,1.1952,1.3279999999999998,13,1,mean,equal_duration_50_bins,PASS,,
-egA8-b7-3M_20,audio,10,1.3279999999999998,1.4607999999999999,13,1,mean,equal_duration_50_bins,PASS,,
-egA8-b7-3M_20,audio,11,1.4607999999999999,1.5936,14,1,mean,equal_duration_50_bins,PASS,,
-egA8-b7-3M_20,audio,12,1.5936,1.7264,13,1,mean,equal_duration_50_bins,PASS,,
-egA8-b7-3M_20,audio,13,1.7264,1.8592,13,1,mean,equal_duration_50_bins,PASS,,
-egA8-b7-3M_20,audio,14,1.8592,1.992,13,1,mean,equal_duration_50_bins,PASS,,
-egA8-b7-3M_20,audio,15,1.992,2.1248,14,1,mean,equal_duration_50_bins,PASS,,
-egA8-b7-3M_20,audio,16,2.1248,2.2576,13,1,mean,equal_duration_50_bins,PASS,,
-egA8-b7-3M_20,audio,17,2.2576,2.3904,13,1,mean,equal_duration_50_bins,PASS,,
-egA8-b7-3M_20,audio,18,2.3904,2.5232,14,1,mean,equal_duration_50_bins,PASS,,
-egA8-b7-3M_20,audio,19,2.5232,2.6559999999999997,13,1,mean,equal_duration_50_bins,PASS,,
-egA8-b7-3M_20,audio,20,2.6559999999999997,2.7888,13,1,mean,equal_duration_50_bins,PASS,,
-egA8-b7-3M_20,audio,21,2.7888,2.9215999999999998,13,1,mean,equal_duration_50_bins,PASS,,
-egA8-b7-3M_20,audio,22,2.9215999999999998,3.0544,14,1,mean,equal_duration_50_bins,PASS,,
-egA8-b7-3M_20,audio,23,3.0544,3.1872,13,1,mean,equal_duration_50_bins,PASS,,
-egA8-b7-3M_20,audio,24,3.1872,3.32,13,1,mean,equal_duration_50_bins,PASS,,
-egA8-b7-3M_20,audio,25,3.32,3.4528,14,1,mean,equal_duration_50_bins,PASS,,
-egA8-b7-3M_20,audio,26,3.4528,3.5856,13,1,mean,equal_duration_50_bins,PASS,,
-egA8-b7-3M_20,audio,27,3.5856,3.7184,13,1,mean,equal_duration_50_bins,PASS,,
-egA8-b7-3M_20,audio,28,3.7184,3.8512,13,1,mean,equal_duration_50_bins,PASS,,
-egA8-b7-3M_20,audio,29,3.8512,3.984,14,1,mean,equal_duration_50_bins,PASS,,
-egA8-b7-3M_20,audio,30,3.984,4.1168000000000005,13,1,mean,equal_duration_50_bins,PASS,,
-egA8-b7-3M_20,audio,31,4.1168000000000005,4.2496,13,1,mean,equal_duration_50_bins,PASS,,
-egA8-b7-3M_20,audio,32,4.2496,4.3824,13,1,mean,equal_duration_50_bins,PASS,,
-egA8-b7-3M_20,audio,33,4.3824,4.5152,14,1,mean,equal_duration_50_bins,PASS,,
-egA8-b7-3M_20,audio,34,4.5152,4.648,13,1,mean,equal_duration_50_bins,PASS,,
-egA8-b7-3M_20,audio,35,4.648,4.7808,13,1,mean,equal_duration_50_bins,PASS,,
-egA8-b7-3M_20,audio,36,4.7808,4.9136,14,1,mean,equal_duration_50_bins,PASS,,
-egA8-b7-3M_20,audio,37,4.9136,5.0464,13,1,mean,equal_duration_50_bins,PASS,,
-egA8-b7-3M_20,audio,38,5.0464,5.1792,13,1,mean,equal_duration_50_bins,PASS,,
-egA8-b7-3M_20,audio,39,5.1792,5.311999999999999,13,1,mean,equal_duration_50_bins,PASS,,
-egA8-b7-3M_20,audio,40,5.311999999999999,5.4448,14,1,mean,equal_duration_50_bins,PASS,,
-egA8-b7-3M_20,audio,41,5.4448,5.5776,13,1,mean,equal_duration_50_bins,PASS,,
-egA8-b7-3M_20,audio,42,5.5776,5.7104,13,1,mean,equal_duration_50_bins,PASS,,
-egA8-b7-3M_20,audio,43,5.7104,5.8431999999999995,14,1,mean,equal_duration_50_bins,PASS,,
-egA8-b7-3M_20,audio,44,5.8431999999999995,5.976,13,1,mean,equal_duration_50_bins,PASS,,
-egA8-b7-3M_20,audio,45,5.976,6.1088,13,1,mean,equal_duration_50_bins,PASS,,
-egA8-b7-3M_20,audio,46,6.1088,6.2416,13,1,mean,equal_duration_50_bins,PASS,,
-egA8-b7-3M_20,audio,47,6.2416,6.3744,14,1,mean,equal_duration_50_bins,PASS,,
-egA8-b7-3M_20,audio,48,6.3744,6.507199999999999,8,1,mean,equal_duration_50_bins,PASS,,
-egA8-b7-3M_20,audio,49,6.507199999999999,6.64,0,0,mean,equal_duration_50_bins,PASS,,
-iRBcNs9oI8_3,audio,0,0.0,0.1124,10,1,mean,equal_duration_50_bins,PASS,,
-iRBcNs9oI8_3,audio,1,0.1124,0.2248,12,1,mean,equal_duration_50_bins,PASS,,
-iRBcNs9oI8_3,audio,2,0.2248,0.3372,11,1,mean,equal_duration_50_bins,PASS,,
-iRBcNs9oI8_3,audio,3,0.3372,0.4496,11,1,mean,equal_duration_50_bins,PASS,,
-iRBcNs9oI8_3,audio,4,0.4496,0.562,11,1,mean,equal_duration_50_bins,PASS,,
-iRBcNs9oI8_3,audio,5,0.562,0.6744,12,1,mean,equal_duration_50_bins,PASS,,
-iRBcNs9oI8_3,audio,6,0.6744,0.7868,11,1,mean,equal_duration_50_bins,PASS,,
-iRBcNs9oI8_3,audio,7,0.7868,0.8992,11,1,mean,equal_duration_50_bins,PASS,,
-iRBcNs9oI8_3,audio,8,0.8992,1.0116,11,1,mean,equal_duration_50_bins,PASS,,
-iRBcNs9oI8_3,audio,9,1.0116,1.124,12,1,mean,equal_duration_50_bins,PASS,,
-iRBcNs9oI8_3,audio,10,1.124,1.2364,11,1,mean,equal_duration_50_bins,PASS,,
-iRBcNs9oI8_3,audio,11,1.2364,1.3488,11,1,mean,equal_duration_50_bins,PASS,,
-iRBcNs9oI8_3,audio,12,1.3488,1.4612,11,1,mean,equal_duration_50_bins,PASS,,
-iRBcNs9oI8_3,audio,13,1.4612,1.5736,12,1,mean,equal_duration_50_bins,PASS,,
-iRBcNs9oI8_3,audio,14,1.5736,1.686,11,1,mean,equal_duration_50_bins,PASS,,
-iRBcNs9oI8_3,audio,15,1.686,1.7984,11,1,mean,equal_duration_50_bins,PASS,,
-iRBcNs9oI8_3,audio,16,1.7984,1.9108,11,1,mean,equal_duration_50_bins,PASS,,
-iRBcNs9oI8_3,audio,17,1.9108,2.0232,12,1,mean,equal_duration_50_bins,PASS,,
-iRBcNs9oI8_3,audio,18,2.0232,2.1356,11,1,mean,equal_duration_50_bins,PASS,,
-iRBcNs9oI8_3,audio,19,2.1356,2.248,11,1,mean,equal_duration_50_bins,PASS,,
-iRBcNs9oI8_3,audio,20,2.248,2.3604,11,1,mean,equal_duration_50_bins,PASS,,
-iRBcNs9oI8_3,audio,21,2.3604,2.4728,12,1,mean,equal_duration_50_bins,PASS,,
-iRBcNs9oI8_3,audio,22,2.4728,2.5852,11,1,mean,equal_duration_50_bins,PASS,,
-iRBcNs9oI8_3,audio,23,2.5852,2.6976,11,1,mean,equal_duration_50_bins,PASS,,
-iRBcNs9oI8_3,audio,24,2.6976,2.81,11,1,mean,equal_duration_50_bins,PASS,,
-iRBcNs9oI8_3,audio,25,2.81,2.9224,11,1,mean,equal_duration_50_bins,PASS,,
-iRBcNs9oI8_3,audio,26,2.9224,3.0348,12,1,mean,equal_duration_50_bins,PASS,,
-iRBcNs9oI8_3,audio,27,3.0348,3.1472,11,1,mean,equal_duration_50_bins,PASS,,
-iRBcNs9oI8_3,audio,28,3.1472,3.2596,11,1,mean,equal_duration_50_bins,PASS,,
-iRBcNs9oI8_3,audio,29,3.2596,3.372,11,1,mean,equal_duration_50_bins,PASS,,
-iRBcNs9oI8_3,audio,30,3.372,3.4844,12,1,mean,equal_duration_50_bins,PASS,,
-iRBcNs9oI8_3,audio,31,3.4844,3.5968,11,1,mean,equal_duration_50_bins,PASS,,
-iRBcNs9oI8_3,audio,32,3.5968,3.7092,11,1,mean,equal_duration_50_bins,PASS,,
-iRBcNs9oI8_3,audio,33,3.7092,3.8216,11,1,mean,equal_duration_50_bins,PASS,,
-iRBcNs9oI8_3,audio,34,3.8216,3.934,12,1,mean,equal_duration_50_bins,PASS,,
-iRBcNs9oI8_3,audio,35,3.934,4.0464,11,1,mean,equal_duration_50_bins,PASS,,
-iRBcNs9oI8_3,audio,36,4.0464,4.1588,11,1,mean,equal_duration_50_bins,PASS,,
-iRBcNs9oI8_3,audio,37,4.1588,4.2712,11,1,mean,equal_duration_50_bins,PASS,,
-iRBcNs9oI8_3,audio,38,4.2712,4.3836,12,1,mean,equal_duration_50_bins,PASS,,
-iRBcNs9oI8_3,audio,39,4.3836,4.496,11,1,mean,equal_duration_50_bins,PASS,,
-iRBcNs9oI8_3,audio,40,4.496,4.6084000000000005,11,1,mean,equal_duration_50_bins,PASS,,
-iRBcNs9oI8_3,audio,41,4.6084000000000005,4.7208,11,1,mean,equal_duration_50_bins,PASS,,
-iRBcNs9oI8_3,audio,42,4.7208,4.8332,12,1,mean,equal_duration_50_bins,PASS,,
-iRBcNs9oI8_3,audio,43,4.8332,4.9456,11,1,mean,equal_duration_50_bins,PASS,,
-iRBcNs9oI8_3,audio,44,4.9456,5.058,11,1,mean,equal_duration_50_bins,PASS,,
-iRBcNs9oI8_3,audio,45,5.058,5.1704,11,1,mean,equal_duration_50_bins,PASS,,
-iRBcNs9oI8_3,audio,46,5.1704,5.2828,12,1,mean,equal_duration_50_bins,PASS,,
-iRBcNs9oI8_3,audio,47,5.2828,5.3952,11,1,mean,equal_duration_50_bins,PASS,,
-iRBcNs9oI8_3,audio,48,5.3952,5.5076,11,1,mean,equal_duration_50_bins,PASS,,
-iRBcNs9oI8_3,audio,49,5.5076,5.62,2,1,mean,equal_duration_50_bins,PASS,,
-iRBcNs9oI8_7,audio,0,0.0,0.08199999999999999,7,1,mean,equal_duration_50_bins,PASS,,
-iRBcNs9oI8_7,audio,1,0.08199999999999999,0.16399999999999998,9,1,mean,equal_duration_50_bins,PASS,,
-iRBcNs9oI8_7,audio,2,0.16399999999999998,0.24599999999999997,8,1,mean,equal_duration_50_bins,PASS,,
-iRBcNs9oI8_7,audio,3,0.24599999999999997,0.32799999999999996,8,1,mean,equal_duration_50_bins,PASS,,
-iRBcNs9oI8_7,audio,4,0.32799999999999996,0.41,8,1,mean,equal_duration_50_bins,PASS,,
-iRBcNs9oI8_7,audio,5,0.41,0.49199999999999994,8,1,mean,equal_duration_50_bins,PASS,,
-iRBcNs9oI8_7,audio,6,0.49199999999999994,0.574,9,1,mean,equal_duration_50_bins,PASS,,
-iRBcNs9oI8_7,audio,7,0.574,0.6559999999999999,8,1,mean,equal_duration_50_bins,PASS,,
-iRBcNs9oI8_7,audio,8,0.6559999999999999,0.738,8,1,mean,equal_duration_50_bins,PASS,,
-iRBcNs9oI8_7,audio,9,0.738,0.82,8,1,mean,equal_duration_50_bins,PASS,,
-iRBcNs9oI8_7,audio,10,0.82,0.9019999999999999,8,1,mean,equal_duration_50_bins,PASS,,
-iRBcNs9oI8_7,audio,11,0.9019999999999999,0.9839999999999999,9,1,mean,equal_duration_50_bins,PASS,,
-iRBcNs9oI8_7,audio,12,0.9839999999999999,1.0659999999999998,8,1,mean,equal_duration_50_bins,PASS,,
-iRBcNs9oI8_7,audio,13,1.0659999999999998,1.148,8,1,mean,equal_duration_50_bins,PASS,,
-iRBcNs9oI8_7,audio,14,1.148,1.2299999999999998,8,1,mean,equal_duration_50_bins,PASS,,
-iRBcNs9oI8_7,audio,15,1.2299999999999998,1.3119999999999998,8,1,mean,equal_duration_50_bins,PASS,,
-iRBcNs9oI8_7,audio,16,1.3119999999999998,1.3939999999999997,9,1,mean,equal_duration_50_bins,PASS,,
-iRBcNs9oI8_7,audio,17,1.3939999999999997,1.476,8,1,mean,equal_duration_50_bins,PASS,,
-iRBcNs9oI8_7,audio,18,1.476,1.5579999999999998,8,1,mean,equal_duration_50_bins,PASS,,
-iRBcNs9oI8_7,audio,19,1.5579999999999998,1.64,8,1,mean,equal_duration_50_bins,PASS,,
-iRBcNs9oI8_7,audio,20,1.64,1.722,8,1,mean,equal_duration_50_bins,PASS,,
-iRBcNs9oI8_7,audio,21,1.722,1.8039999999999998,9,1,mean,equal_duration_50_bins,PASS,,
-iRBcNs9oI8_7,audio,22,1.8039999999999998,1.886,8,1,mean,equal_duration_50_bins,PASS,,
-iRBcNs9oI8_7,audio,23,1.886,1.9679999999999997,8,1,mean,equal_duration_50_bins,PASS,,
-iRBcNs9oI8_7,audio,24,1.9679999999999997,2.05,8,1,mean,equal_duration_50_bins,PASS,,
-iRBcNs9oI8_7,audio,25,2.05,2.1319999999999997,8,1,mean,equal_duration_50_bins,PASS,,
-iRBcNs9oI8_7,audio,26,2.1319999999999997,2.214,9,1,mean,equal_duration_50_bins,PASS,,
-iRBcNs9oI8_7,audio,27,2.214,2.296,8,1,mean,equal_duration_50_bins,PASS,,
-iRBcNs9oI8_7,audio,28,2.296,2.3779999999999997,8,1,mean,equal_duration_50_bins,PASS,,
-iRBcNs9oI8_7,audio,29,2.3779999999999997,2.4599999999999995,8,1,mean,equal_duration_50_bins,PASS,,
-iRBcNs9oI8_7,audio,30,2.4599999999999995,2.542,8,1,mean,equal_duration_50_bins,PASS,,
-iRBcNs9oI8_7,audio,31,2.542,2.6239999999999997,9,1,mean,equal_duration_50_bins,PASS,,
-iRBcNs9oI8_7,audio,32,2.6239999999999997,2.7059999999999995,8,1,mean,equal_duration_50_bins,PASS,,
-iRBcNs9oI8_7,audio,33,2.7059999999999995,2.7879999999999994,8,1,mean,equal_duration_50_bins,PASS,,
-iRBcNs9oI8_7,audio,34,2.7879999999999994,2.87,8,1,mean,equal_duration_50_bins,PASS,,
-iRBcNs9oI8_7,audio,35,2.87,2.952,8,1,mean,equal_duration_50_bins,PASS,,
-iRBcNs9oI8_7,audio,36,2.952,3.034,9,1,mean,equal_duration_50_bins,PASS,,
-iRBcNs9oI8_7,audio,37,3.034,3.1159999999999997,8,1,mean,equal_duration_50_bins,PASS,,
-iRBcNs9oI8_7,audio,38,3.1159999999999997,3.1979999999999995,8,1,mean,equal_duration_50_bins,PASS,,
-iRBcNs9oI8_7,audio,39,3.1979999999999995,3.28,8,1,mean,equal_duration_50_bins,PASS,,
-iRBcNs9oI8_7,audio,40,3.28,3.362,8,1,mean,equal_duration_50_bins,PASS,,
-iRBcNs9oI8_7,audio,41,3.362,3.444,9,1,mean,equal_duration_50_bins,PASS,,
-iRBcNs9oI8_7,audio,42,3.444,3.526,8,1,mean,equal_duration_50_bins,PASS,,
-iRBcNs9oI8_7,audio,43,3.526,3.6079999999999997,8,1,mean,equal_duration_50_bins,PASS,,
-iRBcNs9oI8_7,audio,44,3.6079999999999997,3.6899999999999995,8,1,mean,equal_duration_50_bins,PASS,,
-iRBcNs9oI8_7,audio,45,3.6899999999999995,3.772,8,1,mean,equal_duration_50_bins,PASS,,
-iRBcNs9oI8_7,audio,46,3.772,3.8539999999999996,9,1,mean,equal_duration_50_bins,PASS,,
-iRBcNs9oI8_7,audio,47,3.8539999999999996,3.9359999999999995,8,1,mean,equal_duration_50_bins,PASS,,
-iRBcNs9oI8_7,audio,48,3.9359999999999995,4.018,6,1,mean,equal_duration_50_bins,PASS,,
-iRBcNs9oI8_7,audio,49,4.018,4.1,0,0,mean,equal_duration_50_bins,PASS,,
-iRBcNs9oI8_6,audio,0,0.0,0.057999999999999996,5,1,mean,equal_duration_50_bins,PASS,,
-iRBcNs9oI8_6,audio,1,0.057999999999999996,0.11599999999999999,6,1,mean,equal_duration_50_bins,PASS,,
-iRBcNs9oI8_6,audio,2,0.11599999999999999,0.174,6,1,mean,equal_duration_50_bins,PASS,,
-iRBcNs9oI8_6,audio,3,0.174,0.23199999999999998,5,1,mean,equal_duration_50_bins,PASS,,
-iRBcNs9oI8_6,audio,4,0.23199999999999998,0.29,6,1,mean,equal_duration_50_bins,PASS,,
-iRBcNs9oI8_6,audio,5,0.29,0.348,6,1,mean,equal_duration_50_bins,PASS,,
-iRBcNs9oI8_6,audio,6,0.348,0.406,6,1,mean,equal_duration_50_bins,PASS,,
-iRBcNs9oI8_6,audio,7,0.406,0.46399999999999997,6,1,mean,equal_duration_50_bins,PASS,,
-iRBcNs9oI8_6,audio,8,0.46399999999999997,0.5219999999999999,5,1,mean,equal_duration_50_bins,PASS,,
-iRBcNs9oI8_6,audio,9,0.5219999999999999,0.58,6,1,mean,equal_duration_50_bins,PASS,,
-iRBcNs9oI8_6,audio,10,0.58,0.638,6,1,mean,equal_duration_50_bins,PASS,,
-iRBcNs9oI8_6,audio,11,0.638,0.696,6,1,mean,equal_duration_50_bins,PASS,,
-iRBcNs9oI8_6,audio,12,0.696,0.7539999999999999,6,1,mean,equal_duration_50_bins,PASS,,
-iRBcNs9oI8_6,audio,13,0.7539999999999999,0.812,5,1,mean,equal_duration_50_bins,PASS,,
-iRBcNs9oI8_6,audio,14,0.812,0.87,6,1,mean,equal_duration_50_bins,PASS,,
-iRBcNs9oI8_6,audio,15,0.87,0.9279999999999999,6,1,mean,equal_duration_50_bins,PASS,,
-iRBcNs9oI8_6,audio,16,0.9279999999999999,0.986,6,1,mean,equal_duration_50_bins,PASS,,
-iRBcNs9oI8_6,audio,17,0.986,1.0439999999999998,6,1,mean,equal_duration_50_bins,PASS,,
-iRBcNs9oI8_6,audio,18,1.0439999999999998,1.102,5,1,mean,equal_duration_50_bins,PASS,,
-iRBcNs9oI8_6,audio,19,1.102,1.16,6,1,mean,equal_duration_50_bins,PASS,,
-iRBcNs9oI8_6,audio,20,1.16,1.218,6,1,mean,equal_duration_50_bins,PASS,,
-iRBcNs9oI8_6,audio,21,1.218,1.276,6,1,mean,equal_duration_50_bins,PASS,,
-iRBcNs9oI8_6,audio,22,1.276,1.334,6,1,mean,equal_duration_50_bins,PASS,,
-iRBcNs9oI8_6,audio,23,1.334,1.392,5,1,mean,equal_duration_50_bins,PASS,,
-iRBcNs9oI8_6,audio,24,1.392,1.45,6,1,mean,equal_duration_50_bins,PASS,,
-iRBcNs9oI8_6,audio,25,1.45,1.5079999999999998,6,1,mean,equal_duration_50_bins,PASS,,
-iRBcNs9oI8_6,audio,26,1.5079999999999998,1.5659999999999998,6,1,mean,equal_duration_50_bins,PASS,,
-iRBcNs9oI8_6,audio,27,1.5659999999999998,1.624,6,1,mean,equal_duration_50_bins,PASS,,
-iRBcNs9oI8_6,audio,28,1.624,1.682,5,1,mean,equal_duration_50_bins,PASS,,
-iRBcNs9oI8_6,audio,29,1.682,1.74,6,1,mean,equal_duration_50_bins,PASS,,
-iRBcNs9oI8_6,audio,30,1.74,1.7979999999999998,6,1,mean,equal_duration_50_bins,PASS,,
-iRBcNs9oI8_6,audio,31,1.7979999999999998,1.8559999999999999,6,1,mean,equal_duration_50_bins,PASS,,
-iRBcNs9oI8_6,audio,32,1.8559999999999999,1.9140000000000001,6,1,mean,equal_duration_50_bins,PASS,,
-iRBcNs9oI8_6,audio,33,1.9140000000000001,1.972,5,1,mean,equal_duration_50_bins,PASS,,
-iRBcNs9oI8_6,audio,34,1.972,2.03,6,1,mean,equal_duration_50_bins,PASS,,
-iRBcNs9oI8_6,audio,35,2.03,2.0879999999999996,6,1,mean,equal_duration_50_bins,PASS,,
-iRBcNs9oI8_6,audio,36,2.0879999999999996,2.146,6,1,mean,equal_duration_50_bins,PASS,,
-iRBcNs9oI8_6,audio,37,2.146,2.204,6,1,mean,equal_duration_50_bins,PASS,,
-iRBcNs9oI8_6,audio,38,2.204,2.262,5,1,mean,equal_duration_50_bins,PASS,,
-iRBcNs9oI8_6,audio,39,2.262,2.32,6,1,mean,equal_duration_50_bins,PASS,,
-iRBcNs9oI8_6,audio,40,2.32,2.3779999999999997,6,1,mean,equal_duration_50_bins,PASS,,
-iRBcNs9oI8_6,audio,41,2.3779999999999997,2.436,6,1,mean,equal_duration_50_bins,PASS,,
-iRBcNs9oI8_6,audio,42,2.436,2.494,6,1,mean,equal_duration_50_bins,PASS,,
-iRBcNs9oI8_6,audio,43,2.494,2.552,5,1,mean,equal_duration_50_bins,PASS,,
-iRBcNs9oI8_6,audio,44,2.552,2.61,6,1,mean,equal_duration_50_bins,PASS,,
-iRBcNs9oI8_6,audio,45,2.61,2.668,6,1,mean,equal_duration_50_bins,PASS,,
-iRBcNs9oI8_6,audio,46,2.668,2.7259999999999995,6,1,mean,equal_duration_50_bins,PASS,,
-iRBcNs9oI8_6,audio,47,2.7259999999999995,2.784,6,1,mean,equal_duration_50_bins,PASS,,
-iRBcNs9oI8_6,audio,48,2.784,2.842,2,1,mean,equal_duration_50_bins,PASS,,
-iRBcNs9oI8_6,audio,49,2.842,2.9,0,0,mean,equal_duration_50_bins,PASS,,
-iRBcNs9oI8_9,audio,0,0.0,0.0684,6,1,mean,equal_duration_50_bins,PASS,,
-iRBcNs9oI8_9,audio,1,0.0684,0.1368,7,1,mean,equal_duration_50_bins,PASS,,
-iRBcNs9oI8_9,audio,2,0.1368,0.2052,7,1,mean,equal_duration_50_bins,PASS,,
-iRBcNs9oI8_9,audio,3,0.2052,0.2736,7,1,mean,equal_duration_50_bins,PASS,,
-iRBcNs9oI8_9,audio,4,0.2736,0.342,6,1,mean,equal_duration_50_bins,PASS,,
-iRBcNs9oI8_9,audio,5,0.342,0.4104,7,1,mean,equal_duration_50_bins,PASS,,
-iRBcNs9oI8_9,audio,6,0.4104,0.47879999999999995,7,1,mean,equal_duration_50_bins,PASS,,
-iRBcNs9oI8_9,audio,7,0.47879999999999995,0.5472,7,1,mean,equal_duration_50_bins,PASS,,
-iRBcNs9oI8_9,audio,8,0.5472,0.6156,7,1,mean,equal_duration_50_bins,PASS,,
-iRBcNs9oI8_9,audio,9,0.6156,0.684,7,1,mean,equal_duration_50_bins,PASS,,
-iRBcNs9oI8_9,audio,10,0.684,0.7524,6,1,mean,equal_duration_50_bins,PASS,,
-iRBcNs9oI8_9,audio,11,0.7524,0.8208,7,1,mean,equal_duration_50_bins,PASS,,
-iRBcNs9oI8_9,audio,12,0.8208,0.8892,7,1,mean,equal_duration_50_bins,PASS,,
-iRBcNs9oI8_9,audio,13,0.8892,0.9575999999999999,7,1,mean,equal_duration_50_bins,PASS,,
-iRBcNs9oI8_9,audio,14,0.9575999999999999,1.026,7,1,mean,equal_duration_50_bins,PASS,,
-iRBcNs9oI8_9,audio,15,1.026,1.0944,7,1,mean,equal_duration_50_bins,PASS,,
-iRBcNs9oI8_9,audio,16,1.0944,1.1628,7,1,mean,equal_duration_50_bins,PASS,,
-iRBcNs9oI8_9,audio,17,1.1628,1.2312,6,1,mean,equal_duration_50_bins,PASS,,
-iRBcNs9oI8_9,audio,18,1.2312,1.2996,7,1,mean,equal_duration_50_bins,PASS,,
-iRBcNs9oI8_9,audio,19,1.2996,1.368,7,1,mean,equal_duration_50_bins,PASS,,
-iRBcNs9oI8_9,audio,20,1.368,1.4364,7,1,mean,equal_duration_50_bins,PASS,,
-iRBcNs9oI8_9,audio,21,1.4364,1.5048,7,1,mean,equal_duration_50_bins,PASS,,
-iRBcNs9oI8_9,audio,22,1.5048,1.5732,7,1,mean,equal_duration_50_bins,PASS,,
-iRBcNs9oI8_9,audio,23,1.5732,1.6416,6,1,mean,equal_duration_50_bins,PASS,,
-iRBcNs9oI8_9,audio,24,1.6416,1.71,7,1,mean,equal_duration_50_bins,PASS,,
-iRBcNs9oI8_9,audio,25,1.71,1.7784,7,1,mean,equal_duration_50_bins,PASS,,
-iRBcNs9oI8_9,audio,26,1.7784,1.8468,7,1,mean,equal_duration_50_bins,PASS,,
-iRBcNs9oI8_9,audio,27,1.8468,1.9151999999999998,7,1,mean,equal_duration_50_bins,PASS,,
-iRBcNs9oI8_9,audio,28,1.9151999999999998,1.9835999999999998,7,1,mean,equal_duration_50_bins,PASS,,
-iRBcNs9oI8_9,audio,29,1.9835999999999998,2.052,6,1,mean,equal_duration_50_bins,PASS,,
-iRBcNs9oI8_9,audio,30,2.052,2.1204,7,1,mean,equal_duration_50_bins,PASS,,
-iRBcNs9oI8_9,audio,31,2.1204,2.1888,7,1,mean,equal_duration_50_bins,PASS,,
-iRBcNs9oI8_9,audio,32,2.1888,2.2572,7,1,mean,equal_duration_50_bins,PASS,,
-iRBcNs9oI8_9,audio,33,2.2572,2.3256,7,1,mean,equal_duration_50_bins,PASS,,
-iRBcNs9oI8_9,audio,34,2.3256,2.394,7,1,mean,equal_duration_50_bins,PASS,,
-iRBcNs9oI8_9,audio,35,2.394,2.4624,6,1,mean,equal_duration_50_bins,PASS,,
-iRBcNs9oI8_9,audio,36,2.4624,2.5307999999999997,7,1,mean,equal_duration_50_bins,PASS,,
-iRBcNs9oI8_9,audio,37,2.5307999999999997,2.5992,7,1,mean,equal_duration_50_bins,PASS,,
-iRBcNs9oI8_9,audio,38,2.5992,2.6675999999999997,7,1,mean,equal_duration_50_bins,PASS,,
-iRBcNs9oI8_9,audio,39,2.6675999999999997,2.736,7,1,mean,equal_duration_50_bins,PASS,,
-iRBcNs9oI8_9,audio,40,2.736,2.8044,7,1,mean,equal_duration_50_bins,PASS,,
-iRBcNs9oI8_9,audio,41,2.8044,2.8728,7,1,mean,equal_duration_50_bins,PASS,,
-iRBcNs9oI8_9,audio,42,2.8728,2.9412000000000003,6,1,mean,equal_duration_50_bins,PASS,,
-iRBcNs9oI8_9,audio,43,2.9412000000000003,3.0096,7,1,mean,equal_duration_50_bins,PASS,,
-iRBcNs9oI8_9,audio,44,3.0096,3.0780000000000003,7,1,mean,equal_duration_50_bins,PASS,,
-iRBcNs9oI8_9,audio,45,3.0780000000000003,3.1464,7,1,mean,equal_duration_50_bins,PASS,,
-iRBcNs9oI8_9,audio,46,3.1464,3.2148000000000003,7,1,mean,equal_duration_50_bins,PASS,,
-iRBcNs9oI8_9,audio,47,3.2148000000000003,3.2832,7,1,mean,equal_duration_50_bins,PASS,,
-iRBcNs9oI8_9,audio,48,3.2832,3.3515999999999995,6,1,mean,equal_duration_50_bins,PASS,,
-iRBcNs9oI8_9,audio,49,3.3515999999999995,3.42,1,1,mean,equal_duration_50_bins,PASS,,
-iRBcNs9oI8_8,audio,0,0.0,0.1618,15,1,mean,equal_duration_50_bins,PASS,,
-iRBcNs9oI8_8,audio,1,0.1618,0.3236,17,1,mean,equal_duration_50_bins,PASS,,
-iRBcNs9oI8_8,audio,2,0.3236,0.4854,16,1,mean,equal_duration_50_bins,PASS,,
-iRBcNs9oI8_8,audio,3,0.4854,0.6472,16,1,mean,equal_duration_50_bins,PASS,,
-iRBcNs9oI8_8,audio,4,0.6472,0.809,16,1,mean,equal_duration_50_bins,PASS,,
-iRBcNs9oI8_8,audio,5,0.809,0.9708,16,1,mean,equal_duration_50_bins,PASS,,
-iRBcNs9oI8_8,audio,6,0.9708,1.1325999999999998,17,1,mean,equal_duration_50_bins,PASS,,
-iRBcNs9oI8_8,audio,7,1.1325999999999998,1.2944,16,1,mean,equal_duration_50_bins,PASS,,
-iRBcNs9oI8_8,audio,8,1.2944,1.4562,16,1,mean,equal_duration_50_bins,PASS,,
-iRBcNs9oI8_8,audio,9,1.4562,1.618,16,1,mean,equal_duration_50_bins,PASS,,
-iRBcNs9oI8_8,audio,10,1.618,1.7797999999999998,16,1,mean,equal_duration_50_bins,PASS,,
-iRBcNs9oI8_8,audio,11,1.7797999999999998,1.9416,16,1,mean,equal_duration_50_bins,PASS,,
-iRBcNs9oI8_8,audio,12,1.9416,2.1034,17,1,mean,equal_duration_50_bins,PASS,,
-iRBcNs9oI8_8,audio,13,2.1034,2.2651999999999997,16,1,mean,equal_duration_50_bins,PASS,,
-iRBcNs9oI8_8,audio,14,2.2651999999999997,2.427,16,1,mean,equal_duration_50_bins,PASS,,
-iRBcNs9oI8_8,audio,15,2.427,2.5888,16,1,mean,equal_duration_50_bins,PASS,,
-iRBcNs9oI8_8,audio,16,2.5888,2.7506,16,1,mean,equal_duration_50_bins,PASS,,
-iRBcNs9oI8_8,audio,17,2.7506,2.9124,16,1,mean,equal_duration_50_bins,PASS,,
-iRBcNs9oI8_8,audio,18,2.9124,3.0742000000000003,17,1,mean,equal_duration_50_bins,PASS,,
-iRBcNs9oI8_8,audio,19,3.0742000000000003,3.236,16,1,mean,equal_duration_50_bins,PASS,,
-iRBcNs9oI8_8,audio,20,3.236,3.3977999999999997,16,1,mean,equal_duration_50_bins,PASS,,
-iRBcNs9oI8_8,audio,21,3.3977999999999997,3.5595999999999997,16,1,mean,equal_duration_50_bins,PASS,,
-iRBcNs9oI8_8,audio,22,3.5595999999999997,3.7214,16,1,mean,equal_duration_50_bins,PASS,,
-iRBcNs9oI8_8,audio,23,3.7214,3.8832,17,1,mean,equal_duration_50_bins,PASS,,
-iRBcNs9oI8_8,audio,24,3.8832,4.045,16,1,mean,equal_duration_50_bins,PASS,,
-iRBcNs9oI8_8,audio,25,4.045,4.2068,16,1,mean,equal_duration_50_bins,PASS,,
-iRBcNs9oI8_8,audio,26,4.2068,4.3686,16,1,mean,equal_duration_50_bins,PASS,,
-iRBcNs9oI8_8,audio,27,4.3686,4.530399999999999,16,1,mean,equal_duration_50_bins,PASS,,
-iRBcNs9oI8_8,audio,28,4.530399999999999,4.6922,16,1,mean,equal_duration_50_bins,PASS,,
-iRBcNs9oI8_8,audio,29,4.6922,4.854,17,1,mean,equal_duration_50_bins,PASS,,
-iRBcNs9oI8_8,audio,30,4.854,5.0158,16,1,mean,equal_duration_50_bins,PASS,,
-iRBcNs9oI8_8,audio,31,5.0158,5.1776,16,1,mean,equal_duration_50_bins,PASS,,
-iRBcNs9oI8_8,audio,32,5.1776,5.3393999999999995,16,1,mean,equal_duration_50_bins,PASS,,
-iRBcNs9oI8_8,audio,33,5.3393999999999995,5.5012,16,1,mean,equal_duration_50_bins,PASS,,
-iRBcNs9oI8_8,audio,34,5.5012,5.662999999999999,17,1,mean,equal_duration_50_bins,PASS,,
-iRBcNs9oI8_8,audio,35,5.662999999999999,5.8248,16,1,mean,equal_duration_50_bins,PASS,,
-iRBcNs9oI8_8,audio,36,5.8248,5.986599999999999,16,1,mean,equal_duration_50_bins,PASS,,
-iRBcNs9oI8_8,audio,37,5.986599999999999,6.1484000000000005,16,1,mean,equal_duration_50_bins,PASS,,
-iRBcNs9oI8_8,audio,38,6.1484000000000005,6.3102,16,1,mean,equal_duration_50_bins,PASS,,
-iRBcNs9oI8_8,audio,39,6.3102,6.472,16,1,mean,equal_duration_50_bins,PASS,,
-iRBcNs9oI8_8,audio,40,6.472,6.6338,17,1,mean,equal_duration_50_bins,PASS,,
-iRBcNs9oI8_8,audio,41,6.6338,6.795599999999999,16,1,mean,equal_duration_50_bins,PASS,,
-iRBcNs9oI8_8,audio,42,6.795599999999999,6.9574,16,1,mean,equal_duration_50_bins,PASS,,
-iRBcNs9oI8_8,audio,43,6.9574,7.119199999999999,16,1,mean,equal_duration_50_bins,PASS,,
-iRBcNs9oI8_8,audio,44,7.119199999999999,7.281000000000001,16,1,mean,equal_duration_50_bins,PASS,,
-iRBcNs9oI8_8,audio,45,7.281000000000001,7.4428,17,1,mean,equal_duration_50_bins,PASS,,
-iRBcNs9oI8_8,audio,46,7.4428,7.6046000000000005,16,1,mean,equal_duration_50_bins,PASS,,
-iRBcNs9oI8_8,audio,47,7.6046000000000005,7.7664,16,1,mean,equal_duration_50_bins,PASS,,
-iRBcNs9oI8_8,audio,48,7.7664,7.9281999999999995,16,1,mean,equal_duration_50_bins,PASS,,
-iRBcNs9oI8_8,audio,49,7.9281999999999995,8.09,9,1,mean,equal_duration_50_bins,PASS,,
-lzEya4AM_4_5,audio,0,0.0,0.1536,15,1,mean,equal_duration_50_bins,PASS,,
-lzEya4AM_4_5,audio,1,0.1536,0.3072,15,1,mean,equal_duration_50_bins,PASS,,
-lzEya4AM_4_5,audio,2,0.3072,0.4608,15,1,mean,equal_duration_50_bins,PASS,,
-lzEya4AM_4_5,audio,3,0.4608,0.6144,16,1,mean,equal_duration_50_bins,PASS,,
-lzEya4AM_4_5,audio,4,0.6144,0.768,15,1,mean,equal_duration_50_bins,PASS,,
-lzEya4AM_4_5,audio,5,0.768,0.9216,15,1,mean,equal_duration_50_bins,PASS,,
-lzEya4AM_4_5,audio,6,0.9216,1.0752,16,1,mean,equal_duration_50_bins,PASS,,
-lzEya4AM_4_5,audio,7,1.0752,1.2288,15,1,mean,equal_duration_50_bins,PASS,,
-lzEya4AM_4_5,audio,8,1.2288,1.3824,15,1,mean,equal_duration_50_bins,PASS,,
-lzEya4AM_4_5,audio,9,1.3824,1.536,16,1,mean,equal_duration_50_bins,PASS,,
-lzEya4AM_4_5,audio,10,1.536,1.6895999999999998,15,1,mean,equal_duration_50_bins,PASS,,
-lzEya4AM_4_5,audio,11,1.6895999999999998,1.8432,16,1,mean,equal_duration_50_bins,PASS,,
-lzEya4AM_4_5,audio,12,1.8432,1.9968000000000001,15,1,mean,equal_duration_50_bins,PASS,,
-lzEya4AM_4_5,audio,13,1.9968000000000001,2.1504,15,1,mean,equal_duration_50_bins,PASS,,
-lzEya4AM_4_5,audio,14,2.1504,2.304,16,1,mean,equal_duration_50_bins,PASS,,
-lzEya4AM_4_5,audio,15,2.304,2.4576,15,1,mean,equal_duration_50_bins,PASS,,
-lzEya4AM_4_5,audio,16,2.4576,2.6112,15,1,mean,equal_duration_50_bins,PASS,,
-lzEya4AM_4_5,audio,17,2.6112,2.7648,16,1,mean,equal_duration_50_bins,PASS,,
-lzEya4AM_4_5,audio,18,2.7648,2.9183999999999997,15,1,mean,equal_duration_50_bins,PASS,,
-lzEya4AM_4_5,audio,19,2.9183999999999997,3.072,15,1,mean,equal_duration_50_bins,PASS,,
-lzEya4AM_4_5,audio,20,3.072,3.2256,16,1,mean,equal_duration_50_bins,PASS,,
-lzEya4AM_4_5,audio,21,3.2256,3.3791999999999995,15,1,mean,equal_duration_50_bins,PASS,,
-lzEya4AM_4_5,audio,22,3.3791999999999995,3.5328,16,1,mean,equal_duration_50_bins,PASS,,
-lzEya4AM_4_5,audio,23,3.5328,3.6864,15,1,mean,equal_duration_50_bins,PASS,,
-lzEya4AM_4_5,audio,24,3.6864,3.84,15,1,mean,equal_duration_50_bins,PASS,,
-lzEya4AM_4_5,audio,25,3.84,3.9936000000000003,16,1,mean,equal_duration_50_bins,PASS,,
-lzEya4AM_4_5,audio,26,3.9936000000000003,4.1472,15,1,mean,equal_duration_50_bins,PASS,,
-lzEya4AM_4_5,audio,27,4.1472,4.3008,15,1,mean,equal_duration_50_bins,PASS,,
-lzEya4AM_4_5,audio,28,4.3008,4.4544,16,1,mean,equal_duration_50_bins,PASS,,
-lzEya4AM_4_5,audio,29,4.4544,4.608,15,1,mean,equal_duration_50_bins,PASS,,
-lzEya4AM_4_5,audio,30,4.608,4.7616,15,1,mean,equal_duration_50_bins,PASS,,
-lzEya4AM_4_5,audio,31,4.7616,4.9152,16,1,mean,equal_duration_50_bins,PASS,,
-lzEya4AM_4_5,audio,32,4.9152,5.0687999999999995,15,1,mean,equal_duration_50_bins,PASS,,
-lzEya4AM_4_5,audio,33,5.0687999999999995,5.2224,15,1,mean,equal_duration_50_bins,PASS,,
-lzEya4AM_4_5,audio,34,5.2224,5.376,16,1,mean,equal_duration_50_bins,PASS,,
-lzEya4AM_4_5,audio,35,5.376,5.5296,15,1,mean,equal_duration_50_bins,PASS,,
-lzEya4AM_4_5,audio,36,5.5296,5.683199999999999,16,1,mean,equal_duration_50_bins,PASS,,
-lzEya4AM_4_5,audio,37,5.683199999999999,5.836799999999999,15,1,mean,equal_duration_50_bins,PASS,,
-lzEya4AM_4_5,audio,38,5.836799999999999,5.990399999999999,15,1,mean,equal_duration_50_bins,PASS,,
-lzEya4AM_4_5,audio,39,5.990399999999999,6.144,16,1,mean,equal_duration_50_bins,PASS,,
-lzEya4AM_4_5,audio,40,6.144,6.2976,15,1,mean,equal_duration_50_bins,PASS,,
-lzEya4AM_4_5,audio,41,6.2976,6.4512,15,1,mean,equal_duration_50_bins,PASS,,
-lzEya4AM_4_5,audio,42,6.4512,6.6048,16,1,mean,equal_duration_50_bins,PASS,,
-lzEya4AM_4_5,audio,43,6.6048,6.758399999999999,15,1,mean,equal_duration_50_bins,PASS,,
-lzEya4AM_4_5,audio,44,6.758399999999999,6.911999999999999,15,1,mean,equal_duration_50_bins,PASS,,
-lzEya4AM_4_5,audio,45,6.911999999999999,7.0656,16,1,mean,equal_duration_50_bins,PASS,,
-lzEya4AM_4_5,audio,46,7.0656,7.2192,15,1,mean,equal_duration_50_bins,PASS,,
-lzEya4AM_4_5,audio,47,7.2192,7.3728,16,1,mean,equal_duration_50_bins,PASS,,
-lzEya4AM_4_5,audio,48,7.3728,7.5264,15,1,mean,equal_duration_50_bins,PASS,,
-lzEya4AM_4_5,audio,49,7.5264,7.68,3,1,mean,equal_duration_50_bins,PASS,,
-lzEya4AM_4_6,audio,0,0.0,0.2958,29,1,mean,equal_duration_50_bins,PASS,,
-lzEya4AM_4_6,audio,1,0.2958,0.5916,29,1,mean,equal_duration_50_bins,PASS,,
-lzEya4AM_4_6,audio,2,0.5916,0.8874,30,1,mean,equal_duration_50_bins,PASS,,
-lzEya4AM_4_6,audio,3,0.8874,1.1832,30,1,mean,equal_duration_50_bins,PASS,,
-lzEya4AM_4_6,audio,4,1.1832,1.4789999999999999,29,1,mean,equal_duration_50_bins,PASS,,
-lzEya4AM_4_6,audio,5,1.4789999999999999,1.7748,30,1,mean,equal_duration_50_bins,PASS,,
-lzEya4AM_4_6,audio,6,1.7748,2.0706,29,1,mean,equal_duration_50_bins,PASS,,
-lzEya4AM_4_6,audio,7,2.0706,2.3664,30,1,mean,equal_duration_50_bins,PASS,,
-lzEya4AM_4_6,audio,8,2.3664,2.6622,29,1,mean,equal_duration_50_bins,PASS,,
-lzEya4AM_4_6,audio,9,2.6622,2.9579999999999997,30,1,mean,equal_duration_50_bins,PASS,,
-lzEya4AM_4_6,audio,10,2.9579999999999997,3.2538,30,1,mean,equal_duration_50_bins,PASS,,
-lzEya4AM_4_6,audio,11,3.2538,3.5496,29,1,mean,equal_duration_50_bins,PASS,,
-lzEya4AM_4_6,audio,12,3.5496,3.8453999999999997,30,1,mean,equal_duration_50_bins,PASS,,
-lzEya4AM_4_6,audio,13,3.8453999999999997,4.1412,29,1,mean,equal_duration_50_bins,PASS,,
-lzEya4AM_4_6,audio,14,4.1412,4.437,30,1,mean,equal_duration_50_bins,PASS,,
-lzEya4AM_4_6,audio,15,4.437,4.7328,30,1,mean,equal_duration_50_bins,PASS,,
-lzEya4AM_4_6,audio,16,4.7328,5.0286,29,1,mean,equal_duration_50_bins,PASS,,
-lzEya4AM_4_6,audio,17,5.0286,5.3244,30,1,mean,equal_duration_50_bins,PASS,,
-lzEya4AM_4_6,audio,18,5.3244,5.6202,29,1,mean,equal_duration_50_bins,PASS,,
-lzEya4AM_4_6,audio,19,5.6202,5.9159999999999995,30,1,mean,equal_duration_50_bins,PASS,,
-lzEya4AM_4_6,audio,20,5.9159999999999995,6.211799999999999,29,1,mean,equal_duration_50_bins,PASS,,
-lzEya4AM_4_6,audio,21,6.211799999999999,6.5076,30,1,mean,equal_duration_50_bins,PASS,,
-lzEya4AM_4_6,audio,22,6.5076,6.803399999999999,30,1,mean,equal_duration_50_bins,PASS,,
-lzEya4AM_4_6,audio,23,6.803399999999999,7.0992,29,1,mean,equal_duration_50_bins,PASS,,
-lzEya4AM_4_6,audio,24,7.0992,7.395,30,1,mean,equal_duration_50_bins,PASS,,
-lzEya4AM_4_6,audio,25,7.395,7.690799999999999,29,1,mean,equal_duration_50_bins,PASS,,
-lzEya4AM_4_6,audio,26,7.690799999999999,7.986599999999999,30,1,mean,equal_duration_50_bins,PASS,,
-lzEya4AM_4_6,audio,27,7.986599999999999,8.2824,29,1,mean,equal_duration_50_bins,PASS,,
-lzEya4AM_4_6,audio,28,8.2824,8.578199999999999,30,1,mean,equal_duration_50_bins,PASS,,
-lzEya4AM_4_6,audio,29,8.578199999999999,8.874,30,1,mean,equal_duration_50_bins,PASS,,
-lzEya4AM_4_6,audio,30,8.874,9.169799999999999,29,1,mean,equal_duration_50_bins,PASS,,
-lzEya4AM_4_6,audio,31,9.169799999999999,9.4656,30,1,mean,equal_duration_50_bins,PASS,,
-lzEya4AM_4_6,audio,32,9.4656,9.7614,29,1,mean,equal_duration_50_bins,PASS,,
-lzEya4AM_4_6,audio,33,9.7614,10.0572,30,1,mean,equal_duration_50_bins,PASS,,
-lzEya4AM_4_6,audio,34,10.0572,10.353,30,1,mean,equal_duration_50_bins,PASS,,
-lzEya4AM_4_6,audio,35,10.353,10.6488,29,1,mean,equal_duration_50_bins,PASS,,
-lzEya4AM_4_6,audio,36,10.6488,10.944600000000001,30,1,mean,equal_duration_50_bins,PASS,,
-lzEya4AM_4_6,audio,37,10.944600000000001,11.2404,29,1,mean,equal_duration_50_bins,PASS,,
-lzEya4AM_4_6,audio,38,11.2404,11.5362,30,1,mean,equal_duration_50_bins,PASS,,
-lzEya4AM_4_6,audio,39,11.5362,11.831999999999999,29,1,mean,equal_duration_50_bins,PASS,,
-lzEya4AM_4_6,audio,40,11.831999999999999,12.1278,30,1,mean,equal_duration_50_bins,PASS,,
-lzEya4AM_4_6,audio,41,12.1278,12.423599999999999,30,1,mean,equal_duration_50_bins,PASS,,
-lzEya4AM_4_6,audio,42,12.423599999999999,12.719399999999998,29,1,mean,equal_duration_50_bins,PASS,,
-lzEya4AM_4_6,audio,43,12.719399999999998,13.0152,30,1,mean,equal_duration_50_bins,PASS,,
-lzEya4AM_4_6,audio,44,13.0152,13.311,29,1,mean,equal_duration_50_bins,PASS,,
-lzEya4AM_4_6,audio,45,13.311,13.606799999999998,30,1,mean,equal_duration_50_bins,PASS,,
-lzEya4AM_4_6,audio,46,13.606799999999998,13.9026,30,1,mean,equal_duration_50_bins,PASS,,
-lzEya4AM_4_6,audio,47,13.9026,14.1984,29,1,mean,equal_duration_50_bins,PASS,,
-lzEya4AM_4_6,audio,48,14.1984,14.4942,30,1,mean,equal_duration_50_bins,PASS,,
-lzEya4AM_4_6,audio,49,14.4942,14.79,23,1,mean,equal_duration_50_bins,PASS,,
-mJ2ud6oKI8_1,audio,0,0.0,0.122,11,1,mean,equal_duration_50_bins,PASS,,
-mJ2ud6oKI8_1,audio,1,0.122,0.244,13,1,mean,equal_duration_50_bins,PASS,,
-mJ2ud6oKI8_1,audio,2,0.244,0.36599999999999994,12,1,mean,equal_duration_50_bins,PASS,,
-mJ2ud6oKI8_1,audio,3,0.36599999999999994,0.488,12,1,mean,equal_duration_50_bins,PASS,,
-mJ2ud6oKI8_1,audio,4,0.488,0.61,12,1,mean,equal_duration_50_bins,PASS,,
-mJ2ud6oKI8_1,audio,5,0.61,0.7319999999999999,12,1,mean,equal_duration_50_bins,PASS,,
-mJ2ud6oKI8_1,audio,6,0.7319999999999999,0.8539999999999999,13,1,mean,equal_duration_50_bins,PASS,,
-mJ2ud6oKI8_1,audio,7,0.8539999999999999,0.976,12,1,mean,equal_duration_50_bins,PASS,,
-mJ2ud6oKI8_1,audio,8,0.976,1.0979999999999999,12,1,mean,equal_duration_50_bins,PASS,,
-mJ2ud6oKI8_1,audio,9,1.0979999999999999,1.22,12,1,mean,equal_duration_50_bins,PASS,,
-mJ2ud6oKI8_1,audio,10,1.22,1.3419999999999999,12,1,mean,equal_duration_50_bins,PASS,,
-mJ2ud6oKI8_1,audio,11,1.3419999999999999,1.4639999999999997,13,1,mean,equal_duration_50_bins,PASS,,
-mJ2ud6oKI8_1,audio,12,1.4639999999999997,1.5859999999999999,12,1,mean,equal_duration_50_bins,PASS,,
-mJ2ud6oKI8_1,audio,13,1.5859999999999999,1.7079999999999997,12,1,mean,equal_duration_50_bins,PASS,,
-mJ2ud6oKI8_1,audio,14,1.7079999999999997,1.83,12,1,mean,equal_duration_50_bins,PASS,,
-mJ2ud6oKI8_1,audio,15,1.83,1.952,12,1,mean,equal_duration_50_bins,PASS,,
-mJ2ud6oKI8_1,audio,16,1.952,2.074,13,1,mean,equal_duration_50_bins,PASS,,
-mJ2ud6oKI8_1,audio,17,2.074,2.1959999999999997,12,1,mean,equal_duration_50_bins,PASS,,
-mJ2ud6oKI8_1,audio,18,2.1959999999999997,2.3179999999999996,12,1,mean,equal_duration_50_bins,PASS,,
-mJ2ud6oKI8_1,audio,19,2.3179999999999996,2.44,12,1,mean,equal_duration_50_bins,PASS,,
-mJ2ud6oKI8_1,audio,20,2.44,2.562,12,1,mean,equal_duration_50_bins,PASS,,
-mJ2ud6oKI8_1,audio,21,2.562,2.6839999999999997,13,1,mean,equal_duration_50_bins,PASS,,
-mJ2ud6oKI8_1,audio,22,2.6839999999999997,2.8059999999999996,12,1,mean,equal_duration_50_bins,PASS,,
-mJ2ud6oKI8_1,audio,23,2.8059999999999996,2.9279999999999995,12,1,mean,equal_duration_50_bins,PASS,,
-mJ2ud6oKI8_1,audio,24,2.9279999999999995,3.05,12,1,mean,equal_duration_50_bins,PASS,,
-mJ2ud6oKI8_1,audio,25,3.05,3.1719999999999997,12,1,mean,equal_duration_50_bins,PASS,,
-mJ2ud6oKI8_1,audio,26,3.1719999999999997,3.2939999999999996,13,1,mean,equal_duration_50_bins,PASS,,
-mJ2ud6oKI8_1,audio,27,3.2939999999999996,3.4159999999999995,12,1,mean,equal_duration_50_bins,PASS,,
-mJ2ud6oKI8_1,audio,28,3.4159999999999995,3.5379999999999994,12,1,mean,equal_duration_50_bins,PASS,,
-mJ2ud6oKI8_1,audio,29,3.5379999999999994,3.66,12,1,mean,equal_duration_50_bins,PASS,,
-mJ2ud6oKI8_1,audio,30,3.66,3.782,12,1,mean,equal_duration_50_bins,PASS,,
-mJ2ud6oKI8_1,audio,31,3.782,3.904,13,1,mean,equal_duration_50_bins,PASS,,
-mJ2ud6oKI8_1,audio,32,3.904,4.026,12,1,mean,equal_duration_50_bins,PASS,,
-mJ2ud6oKI8_1,audio,33,4.026,4.148,12,1,mean,equal_duration_50_bins,PASS,,
-mJ2ud6oKI8_1,audio,34,4.148,4.27,12,1,mean,equal_duration_50_bins,PASS,,
-mJ2ud6oKI8_1,audio,35,4.27,4.3919999999999995,12,1,mean,equal_duration_50_bins,PASS,,
-mJ2ud6oKI8_1,audio,36,4.3919999999999995,4.513999999999999,13,1,mean,equal_duration_50_bins,PASS,,
-mJ2ud6oKI8_1,audio,37,4.513999999999999,4.635999999999999,12,1,mean,equal_duration_50_bins,PASS,,
-mJ2ud6oKI8_1,audio,38,4.635999999999999,4.757999999999999,12,1,mean,equal_duration_50_bins,PASS,,
-mJ2ud6oKI8_1,audio,39,4.757999999999999,4.88,12,1,mean,equal_duration_50_bins,PASS,,
-mJ2ud6oKI8_1,audio,40,4.88,5.002,12,1,mean,equal_duration_50_bins,PASS,,
-mJ2ud6oKI8_1,audio,41,5.002,5.124,13,1,mean,equal_duration_50_bins,PASS,,
-mJ2ud6oKI8_1,audio,42,5.124,5.246,12,1,mean,equal_duration_50_bins,PASS,,
-mJ2ud6oKI8_1,audio,43,5.246,5.367999999999999,12,1,mean,equal_duration_50_bins,PASS,,
-mJ2ud6oKI8_1,audio,44,5.367999999999999,5.49,12,1,mean,equal_duration_50_bins,PASS,,
-mJ2ud6oKI8_1,audio,45,5.49,5.611999999999999,12,1,mean,equal_duration_50_bins,PASS,,
-mJ2ud6oKI8_1,audio,46,5.611999999999999,5.734,13,1,mean,equal_duration_50_bins,PASS,,
-mJ2ud6oKI8_1,audio,47,5.734,5.855999999999999,12,1,mean,equal_duration_50_bins,PASS,,
-mJ2ud6oKI8_1,audio,48,5.855999999999999,5.978,12,1,mean,equal_duration_50_bins,PASS,,
-mJ2ud6oKI8_1,audio,49,5.978,6.1,6,1,mean,equal_duration_50_bins,PASS,,
-mJ2ud6oKI8_2,audio,0,0.0,0.11460000000000001,11,1,mean,equal_duration_50_bins,PASS,,
-mJ2ud6oKI8_2,audio,1,0.11460000000000001,0.22920000000000001,11,1,mean,equal_duration_50_bins,PASS,,
-mJ2ud6oKI8_2,audio,2,0.22920000000000001,0.34380000000000005,12,1,mean,equal_duration_50_bins,PASS,,
-mJ2ud6oKI8_2,audio,3,0.34380000000000005,0.45840000000000003,11,1,mean,equal_duration_50_bins,PASS,,
-mJ2ud6oKI8_2,audio,4,0.45840000000000003,0.5730000000000001,12,1,mean,equal_duration_50_bins,PASS,,
-mJ2ud6oKI8_2,audio,5,0.5730000000000001,0.6876000000000001,11,1,mean,equal_duration_50_bins,PASS,,
-mJ2ud6oKI8_2,audio,6,0.6876000000000001,0.8022,11,1,mean,equal_duration_50_bins,PASS,,
-mJ2ud6oKI8_2,audio,7,0.8022,0.9168000000000001,12,1,mean,equal_duration_50_bins,PASS,,
-mJ2ud6oKI8_2,audio,8,0.9168000000000001,1.0314,11,1,mean,equal_duration_50_bins,PASS,,
-mJ2ud6oKI8_2,audio,9,1.0314,1.1460000000000001,12,1,mean,equal_duration_50_bins,PASS,,
-mJ2ud6oKI8_2,audio,10,1.1460000000000001,1.2606,11,1,mean,equal_duration_50_bins,PASS,,
-mJ2ud6oKI8_2,audio,11,1.2606,1.3752000000000002,12,1,mean,equal_duration_50_bins,PASS,,
-mJ2ud6oKI8_2,audio,12,1.3752000000000002,1.4898000000000002,11,1,mean,equal_duration_50_bins,PASS,,
-mJ2ud6oKI8_2,audio,13,1.4898000000000002,1.6044,12,1,mean,equal_duration_50_bins,PASS,,
-mJ2ud6oKI8_2,audio,14,1.6044,1.719,11,1,mean,equal_duration_50_bins,PASS,,
-mJ2ud6oKI8_2,audio,15,1.719,1.8336000000000001,12,1,mean,equal_duration_50_bins,PASS,,
-mJ2ud6oKI8_2,audio,16,1.8336000000000001,1.9482000000000002,11,1,mean,equal_duration_50_bins,PASS,,
-mJ2ud6oKI8_2,audio,17,1.9482000000000002,2.0628,12,1,mean,equal_duration_50_bins,PASS,,
-mJ2ud6oKI8_2,audio,18,2.0628,2.1774,11,1,mean,equal_duration_50_bins,PASS,,
-mJ2ud6oKI8_2,audio,19,2.1774,2.2920000000000003,11,1,mean,equal_duration_50_bins,PASS,,
-mJ2ud6oKI8_2,audio,20,2.2920000000000003,2.4066,12,1,mean,equal_duration_50_bins,PASS,,
-mJ2ud6oKI8_2,audio,21,2.4066,2.5212,11,1,mean,equal_duration_50_bins,PASS,,
-mJ2ud6oKI8_2,audio,22,2.5212,2.6358000000000006,12,1,mean,equal_duration_50_bins,PASS,,
-mJ2ud6oKI8_2,audio,23,2.6358000000000006,2.7504000000000004,11,1,mean,equal_duration_50_bins,PASS,,
-mJ2ud6oKI8_2,audio,24,2.7504000000000004,2.865,12,1,mean,equal_duration_50_bins,PASS,,
-mJ2ud6oKI8_2,audio,25,2.865,2.9796000000000005,11,1,mean,equal_duration_50_bins,PASS,,
-mJ2ud6oKI8_2,audio,26,2.9796000000000005,3.0942000000000003,12,1,mean,equal_duration_50_bins,PASS,,
-mJ2ud6oKI8_2,audio,27,3.0942000000000003,3.2088,11,1,mean,equal_duration_50_bins,PASS,,
-mJ2ud6oKI8_2,audio,28,3.2088,3.3234000000000004,12,1,mean,equal_duration_50_bins,PASS,,
-mJ2ud6oKI8_2,audio,29,3.3234000000000004,3.438,11,1,mean,equal_duration_50_bins,PASS,,
-mJ2ud6oKI8_2,audio,30,3.438,3.5526000000000004,12,1,mean,equal_duration_50_bins,PASS,,
-mJ2ud6oKI8_2,audio,31,3.5526000000000004,3.6672000000000002,11,1,mean,equal_duration_50_bins,PASS,,
-mJ2ud6oKI8_2,audio,32,3.6672000000000002,3.7818,11,1,mean,equal_duration_50_bins,PASS,,
-mJ2ud6oKI8_2,audio,33,3.7818,3.8964000000000003,12,1,mean,equal_duration_50_bins,PASS,,
-mJ2ud6oKI8_2,audio,34,3.8964000000000003,4.011,11,1,mean,equal_duration_50_bins,PASS,,
-mJ2ud6oKI8_2,audio,35,4.011,4.1256,12,1,mean,equal_duration_50_bins,PASS,,
-mJ2ud6oKI8_2,audio,36,4.1256,4.240200000000001,11,1,mean,equal_duration_50_bins,PASS,,
-mJ2ud6oKI8_2,audio,37,4.240200000000001,4.3548,12,1,mean,equal_duration_50_bins,PASS,,
-mJ2ud6oKI8_2,audio,38,4.3548,4.4694,11,1,mean,equal_duration_50_bins,PASS,,
-mJ2ud6oKI8_2,audio,39,4.4694,4.5840000000000005,12,1,mean,equal_duration_50_bins,PASS,,
-mJ2ud6oKI8_2,audio,40,4.5840000000000005,4.6986,11,1,mean,equal_duration_50_bins,PASS,,
-mJ2ud6oKI8_2,audio,41,4.6986,4.8132,12,1,mean,equal_duration_50_bins,PASS,,
-mJ2ud6oKI8_2,audio,42,4.8132,4.9278,11,1,mean,equal_duration_50_bins,PASS,,
-mJ2ud6oKI8_2,audio,43,4.9278,5.0424,11,1,mean,equal_duration_50_bins,PASS,,
-mJ2ud6oKI8_2,audio,44,5.0424,5.157,12,1,mean,equal_duration_50_bins,PASS,,
-mJ2ud6oKI8_2,audio,45,5.157,5.271600000000001,11,1,mean,equal_duration_50_bins,PASS,,
-mJ2ud6oKI8_2,audio,46,5.271600000000001,5.3862,12,1,mean,equal_duration_50_bins,PASS,,
-mJ2ud6oKI8_2,audio,47,5.3862,5.500800000000001,11,1,mean,equal_duration_50_bins,PASS,,
-mJ2ud6oKI8_2,audio,48,5.500800000000001,5.615400000000001,12,1,mean,equal_duration_50_bins,PASS,,
-mJ2ud6oKI8_2,audio,49,5.615400000000001,5.73,7,1,mean,equal_duration_50_bins,PASS,,
-mJ2ud6oKI8_6,audio,0,0.0,0.0452,4,1,mean,equal_duration_50_bins,PASS,,
-mJ2ud6oKI8_6,audio,1,0.0452,0.0904,4,1,mean,equal_duration_50_bins,PASS,,
-mJ2ud6oKI8_6,audio,2,0.0904,0.1356,5,1,mean,equal_duration_50_bins,PASS,,
-mJ2ud6oKI8_6,audio,3,0.1356,0.1808,4,1,mean,equal_duration_50_bins,PASS,,
-mJ2ud6oKI8_6,audio,4,0.1808,0.22599999999999998,5,1,mean,equal_duration_50_bins,PASS,,
-mJ2ud6oKI8_6,audio,5,0.22599999999999998,0.2712,4,1,mean,equal_duration_50_bins,PASS,,
-mJ2ud6oKI8_6,audio,6,0.2712,0.31639999999999996,5,1,mean,equal_duration_50_bins,PASS,,
-mJ2ud6oKI8_6,audio,7,0.31639999999999996,0.3616,4,1,mean,equal_duration_50_bins,PASS,,
-mJ2ud6oKI8_6,audio,8,0.3616,0.40679999999999994,5,1,mean,equal_duration_50_bins,PASS,,
-mJ2ud6oKI8_6,audio,9,0.40679999999999994,0.45199999999999996,4,1,mean,equal_duration_50_bins,PASS,,
-mJ2ud6oKI8_6,audio,10,0.45199999999999996,0.4972,5,1,mean,equal_duration_50_bins,PASS,,
-mJ2ud6oKI8_6,audio,11,0.4972,0.5424,4,1,mean,equal_duration_50_bins,PASS,,
-mJ2ud6oKI8_6,audio,12,0.5424,0.5875999999999999,5,1,mean,equal_duration_50_bins,PASS,,
-mJ2ud6oKI8_6,audio,13,0.5875999999999999,0.6327999999999999,5,1,mean,equal_duration_50_bins,PASS,,
-mJ2ud6oKI8_6,audio,14,0.6327999999999999,0.6779999999999999,4,1,mean,equal_duration_50_bins,PASS,,
-mJ2ud6oKI8_6,audio,15,0.6779999999999999,0.7232,5,1,mean,equal_duration_50_bins,PASS,,
-mJ2ud6oKI8_6,audio,16,0.7232,0.7683999999999999,4,1,mean,equal_duration_50_bins,PASS,,
-mJ2ud6oKI8_6,audio,17,0.7683999999999999,0.8135999999999999,5,1,mean,equal_duration_50_bins,PASS,,
-mJ2ud6oKI8_6,audio,18,0.8135999999999999,0.8588,4,1,mean,equal_duration_50_bins,PASS,,
-mJ2ud6oKI8_6,audio,19,0.8588,0.9039999999999999,5,1,mean,equal_duration_50_bins,PASS,,
-mJ2ud6oKI8_6,audio,20,0.9039999999999999,0.9491999999999998,4,1,mean,equal_duration_50_bins,PASS,,
-mJ2ud6oKI8_6,audio,21,0.9491999999999998,0.9944,5,1,mean,equal_duration_50_bins,PASS,,
-mJ2ud6oKI8_6,audio,22,0.9944,1.0395999999999999,4,1,mean,equal_duration_50_bins,PASS,,
-mJ2ud6oKI8_6,audio,23,1.0395999999999999,1.0848,5,1,mean,equal_duration_50_bins,PASS,,
-mJ2ud6oKI8_6,audio,24,1.0848,1.13,4,1,mean,equal_duration_50_bins,PASS,,
-mJ2ud6oKI8_6,audio,25,1.13,1.1751999999999998,5,1,mean,equal_duration_50_bins,PASS,,
-mJ2ud6oKI8_6,audio,26,1.1751999999999998,1.2204,4,1,mean,equal_duration_50_bins,PASS,,
-mJ2ud6oKI8_6,audio,27,1.2204,1.2655999999999998,5,1,mean,equal_duration_50_bins,PASS,,
-mJ2ud6oKI8_6,audio,28,1.2655999999999998,1.3107999999999997,4,1,mean,equal_duration_50_bins,PASS,,
-mJ2ud6oKI8_6,audio,29,1.3107999999999997,1.3559999999999999,5,1,mean,equal_duration_50_bins,PASS,,
-mJ2ud6oKI8_6,audio,30,1.3559999999999999,1.4011999999999998,4,1,mean,equal_duration_50_bins,PASS,,
-mJ2ud6oKI8_6,audio,31,1.4011999999999998,1.4464,5,1,mean,equal_duration_50_bins,PASS,,
-mJ2ud6oKI8_6,audio,32,1.4464,1.4916,4,1,mean,equal_duration_50_bins,PASS,,
-mJ2ud6oKI8_6,audio,33,1.4916,1.5367999999999997,5,1,mean,equal_duration_50_bins,PASS,,
-mJ2ud6oKI8_6,audio,34,1.5367999999999997,1.5819999999999999,4,1,mean,equal_duration_50_bins,PASS,,
-mJ2ud6oKI8_6,audio,35,1.5819999999999999,1.6271999999999998,5,1,mean,equal_duration_50_bins,PASS,,
-mJ2ud6oKI8_6,audio,36,1.6271999999999998,1.6723999999999999,4,1,mean,equal_duration_50_bins,PASS,,
-mJ2ud6oKI8_6,audio,37,1.6723999999999999,1.7176,5,1,mean,equal_duration_50_bins,PASS,,
-mJ2ud6oKI8_6,audio,38,1.7176,1.7627999999999997,5,1,mean,equal_duration_50_bins,PASS,,
-mJ2ud6oKI8_6,audio,39,1.7627999999999997,1.8079999999999998,4,1,mean,equal_duration_50_bins,PASS,,
-mJ2ud6oKI8_6,audio,40,1.8079999999999998,1.8532,5,1,mean,equal_duration_50_bins,PASS,,
-mJ2ud6oKI8_6,audio,41,1.8532,1.8983999999999996,4,1,mean,equal_duration_50_bins,PASS,,
-mJ2ud6oKI8_6,audio,42,1.8983999999999996,1.9435999999999998,5,1,mean,equal_duration_50_bins,PASS,,
-mJ2ud6oKI8_6,audio,43,1.9435999999999998,1.9888,4,1,mean,equal_duration_50_bins,PASS,,
-mJ2ud6oKI8_6,audio,44,1.9888,2.034,5,1,mean,equal_duration_50_bins,PASS,,
-mJ2ud6oKI8_6,audio,45,2.034,2.0791999999999997,4,1,mean,equal_duration_50_bins,PASS,,
-mJ2ud6oKI8_6,audio,46,2.0791999999999997,2.1243999999999996,5,1,mean,equal_duration_50_bins,PASS,,
-mJ2ud6oKI8_6,audio,47,2.1243999999999996,2.1696,4,1,mean,equal_duration_50_bins,PASS,,
-mJ2ud6oKI8_6,audio,48,2.1696,2.2148,5,1,mean,equal_duration_50_bins,PASS,,
-mJ2ud6oKI8_6,audio,49,2.2148,2.26,0,0,mean,equal_duration_50_bins,PASS,,
-mJ2ud6oKI8_9,audio,0,0.0,0.1406,13,1,mean,equal_duration_50_bins,PASS,,
-mJ2ud6oKI8_9,audio,1,0.1406,0.2812,14,1,mean,equal_duration_50_bins,PASS,,
-mJ2ud6oKI8_9,audio,2,0.2812,0.4218,14,1,mean,equal_duration_50_bins,PASS,,
-mJ2ud6oKI8_9,audio,3,0.4218,0.5624,14,1,mean,equal_duration_50_bins,PASS,,
-mJ2ud6oKI8_9,audio,4,0.5624,0.703,15,1,mean,equal_duration_50_bins,PASS,,
-mJ2ud6oKI8_9,audio,5,0.703,0.8436,14,1,mean,equal_duration_50_bins,PASS,,
-mJ2ud6oKI8_9,audio,6,0.8436,0.9842,14,1,mean,equal_duration_50_bins,PASS,,
-mJ2ud6oKI8_9,audio,7,0.9842,1.1248,14,1,mean,equal_duration_50_bins,PASS,,
-mJ2ud6oKI8_9,audio,8,1.1248,1.2654,14,1,mean,equal_duration_50_bins,PASS,,
-mJ2ud6oKI8_9,audio,9,1.2654,1.406,14,1,mean,equal_duration_50_bins,PASS,,
-mJ2ud6oKI8_9,audio,10,1.406,1.5466,14,1,mean,equal_duration_50_bins,PASS,,
-mJ2ud6oKI8_9,audio,11,1.5466,1.6872,14,1,mean,equal_duration_50_bins,PASS,,
-mJ2ud6oKI8_9,audio,12,1.6872,1.8278,14,1,mean,equal_duration_50_bins,PASS,,
-mJ2ud6oKI8_9,audio,13,1.8278,1.9684,14,1,mean,equal_duration_50_bins,PASS,,
-mJ2ud6oKI8_9,audio,14,1.9684,2.109,14,1,mean,equal_duration_50_bins,PASS,,
-mJ2ud6oKI8_9,audio,15,2.109,2.2496,14,1,mean,equal_duration_50_bins,PASS,,
-mJ2ud6oKI8_9,audio,16,2.2496,2.3902,14,1,mean,equal_duration_50_bins,PASS,,
-mJ2ud6oKI8_9,audio,17,2.3902,2.5308,14,1,mean,equal_duration_50_bins,PASS,,
-mJ2ud6oKI8_9,audio,18,2.5308,2.6713999999999998,14,1,mean,equal_duration_50_bins,PASS,,
-mJ2ud6oKI8_9,audio,19,2.6713999999999998,2.812,14,1,mean,equal_duration_50_bins,PASS,,
-mJ2ud6oKI8_9,audio,20,2.812,2.9526,15,1,mean,equal_duration_50_bins,PASS,,
-mJ2ud6oKI8_9,audio,21,2.9526,3.0932,14,1,mean,equal_duration_50_bins,PASS,,
-mJ2ud6oKI8_9,audio,22,3.0932,3.2338,14,1,mean,equal_duration_50_bins,PASS,,
-mJ2ud6oKI8_9,audio,23,3.2338,3.3744,14,1,mean,equal_duration_50_bins,PASS,,
-mJ2ud6oKI8_9,audio,24,3.3744,3.515,14,1,mean,equal_duration_50_bins,PASS,,
-mJ2ud6oKI8_9,audio,25,3.515,3.6556,14,1,mean,equal_duration_50_bins,PASS,,
-mJ2ud6oKI8_9,audio,26,3.6556,3.7962000000000002,14,1,mean,equal_duration_50_bins,PASS,,
-mJ2ud6oKI8_9,audio,27,3.7962000000000002,3.9368,14,1,mean,equal_duration_50_bins,PASS,,
-mJ2ud6oKI8_9,audio,28,3.9368,4.0774,14,1,mean,equal_duration_50_bins,PASS,,
-mJ2ud6oKI8_9,audio,29,4.0774,4.218,14,1,mean,equal_duration_50_bins,PASS,,
-mJ2ud6oKI8_9,audio,30,4.218,4.3586,14,1,mean,equal_duration_50_bins,PASS,,
-mJ2ud6oKI8_9,audio,31,4.3586,4.4992,14,1,mean,equal_duration_50_bins,PASS,,
-mJ2ud6oKI8_9,audio,32,4.4992,4.6398,14,1,mean,equal_duration_50_bins,PASS,,
-mJ2ud6oKI8_9,audio,33,4.6398,4.7804,14,1,mean,equal_duration_50_bins,PASS,,
-mJ2ud6oKI8_9,audio,34,4.7804,4.921,14,1,mean,equal_duration_50_bins,PASS,,
-mJ2ud6oKI8_9,audio,35,4.921,5.0616,14,1,mean,equal_duration_50_bins,PASS,,
-mJ2ud6oKI8_9,audio,36,5.0616,5.2022,14,1,mean,equal_duration_50_bins,PASS,,
-mJ2ud6oKI8_9,audio,37,5.2022,5.3427999999999995,15,1,mean,equal_duration_50_bins,PASS,,
-mJ2ud6oKI8_9,audio,38,5.3427999999999995,5.4834000000000005,14,1,mean,equal_duration_50_bins,PASS,,
-mJ2ud6oKI8_9,audio,39,5.4834000000000005,5.624,14,1,mean,equal_duration_50_bins,PASS,,
-mJ2ud6oKI8_9,audio,40,5.624,5.764600000000001,14,1,mean,equal_duration_50_bins,PASS,,
-mJ2ud6oKI8_9,audio,41,5.764600000000001,5.9052,14,1,mean,equal_duration_50_bins,PASS,,
-mJ2ud6oKI8_9,audio,42,5.9052,6.045800000000001,14,1,mean,equal_duration_50_bins,PASS,,
-mJ2ud6oKI8_9,audio,43,6.045800000000001,6.1864,14,1,mean,equal_duration_50_bins,PASS,,
-mJ2ud6oKI8_9,audio,44,6.1864,6.327000000000001,14,1,mean,equal_duration_50_bins,PASS,,
-mJ2ud6oKI8_9,audio,45,6.327000000000001,6.4676,14,1,mean,equal_duration_50_bins,PASS,,
-mJ2ud6oKI8_9,audio,46,6.4676,6.6082,14,1,mean,equal_duration_50_bins,PASS,,
-mJ2ud6oKI8_9,audio,47,6.6082,6.7488,14,1,mean,equal_duration_50_bins,PASS,,
-mJ2ud6oKI8_9,audio,48,6.7488,6.8894,14,1,mean,equal_duration_50_bins,PASS,,
-mJ2ud6oKI8_9,audio,49,6.8894,7.03,1,1,mean,equal_duration_50_bins,PASS,,
-mJ2ud6oKI8_8,audio,0,0.0,0.08380000000000001,8,1,mean,equal_duration_50_bins,PASS,,
-mJ2ud6oKI8_8,audio,1,0.08380000000000001,0.16760000000000003,8,1,mean,equal_duration_50_bins,PASS,,
-mJ2ud6oKI8_8,audio,2,0.16760000000000003,0.2514,8,1,mean,equal_duration_50_bins,PASS,,
-mJ2ud6oKI8_8,audio,3,0.2514,0.33520000000000005,9,1,mean,equal_duration_50_bins,PASS,,
-mJ2ud6oKI8_8,audio,4,0.33520000000000005,0.41900000000000004,8,1,mean,equal_duration_50_bins,PASS,,
-mJ2ud6oKI8_8,audio,5,0.41900000000000004,0.5028,9,1,mean,equal_duration_50_bins,PASS,,
-mJ2ud6oKI8_8,audio,6,0.5028,0.5866,8,1,mean,equal_duration_50_bins,PASS,,
-mJ2ud6oKI8_8,audio,7,0.5866,0.6704000000000001,8,1,mean,equal_duration_50_bins,PASS,,
-mJ2ud6oKI8_8,audio,8,0.6704000000000001,0.7542,9,1,mean,equal_duration_50_bins,PASS,,
-mJ2ud6oKI8_8,audio,9,0.7542,0.8380000000000001,8,1,mean,equal_duration_50_bins,PASS,,
-mJ2ud6oKI8_8,audio,10,0.8380000000000001,0.9218000000000001,8,1,mean,equal_duration_50_bins,PASS,,
-mJ2ud6oKI8_8,audio,11,0.9218000000000001,1.0056,9,1,mean,equal_duration_50_bins,PASS,,
-mJ2ud6oKI8_8,audio,12,1.0056,1.0894000000000001,8,1,mean,equal_duration_50_bins,PASS,,
-mJ2ud6oKI8_8,audio,13,1.0894000000000001,1.1732,9,1,mean,equal_duration_50_bins,PASS,,
-mJ2ud6oKI8_8,audio,14,1.1732,1.2570000000000001,8,1,mean,equal_duration_50_bins,PASS,,
-mJ2ud6oKI8_8,audio,15,1.2570000000000001,1.3408000000000002,8,1,mean,equal_duration_50_bins,PASS,,
-mJ2ud6oKI8_8,audio,16,1.3408000000000002,1.4246,9,1,mean,equal_duration_50_bins,PASS,,
-mJ2ud6oKI8_8,audio,17,1.4246,1.5084,8,1,mean,equal_duration_50_bins,PASS,,
-mJ2ud6oKI8_8,audio,18,1.5084,1.5922000000000003,8,1,mean,equal_duration_50_bins,PASS,,
-mJ2ud6oKI8_8,audio,19,1.5922000000000003,1.6760000000000002,9,1,mean,equal_duration_50_bins,PASS,,
-mJ2ud6oKI8_8,audio,20,1.6760000000000002,1.7598000000000003,8,1,mean,equal_duration_50_bins,PASS,,
-mJ2ud6oKI8_8,audio,21,1.7598000000000003,1.8436000000000001,9,1,mean,equal_duration_50_bins,PASS,,
-mJ2ud6oKI8_8,audio,22,1.8436000000000001,1.9274,8,1,mean,equal_duration_50_bins,PASS,,
-mJ2ud6oKI8_8,audio,23,1.9274,2.0112,8,1,mean,equal_duration_50_bins,PASS,,
-mJ2ud6oKI8_8,audio,24,2.0112,2.095,9,1,mean,equal_duration_50_bins,PASS,,
-mJ2ud6oKI8_8,audio,25,2.095,2.1788000000000003,8,1,mean,equal_duration_50_bins,PASS,,
-mJ2ud6oKI8_8,audio,26,2.1788000000000003,2.2626000000000004,9,1,mean,equal_duration_50_bins,PASS,,
-mJ2ud6oKI8_8,audio,27,2.2626000000000004,2.3464,8,1,mean,equal_duration_50_bins,PASS,,
-mJ2ud6oKI8_8,audio,28,2.3464,2.4302,8,1,mean,equal_duration_50_bins,PASS,,
-mJ2ud6oKI8_8,audio,29,2.4302,2.5140000000000002,9,1,mean,equal_duration_50_bins,PASS,,
-mJ2ud6oKI8_8,audio,30,2.5140000000000002,2.5978000000000003,8,1,mean,equal_duration_50_bins,PASS,,
-mJ2ud6oKI8_8,audio,31,2.5978000000000003,2.6816000000000004,8,1,mean,equal_duration_50_bins,PASS,,
-mJ2ud6oKI8_8,audio,32,2.6816000000000004,2.7654,9,1,mean,equal_duration_50_bins,PASS,,
-mJ2ud6oKI8_8,audio,33,2.7654,2.8492,8,1,mean,equal_duration_50_bins,PASS,,
-mJ2ud6oKI8_8,audio,34,2.8492,2.9330000000000003,9,1,mean,equal_duration_50_bins,PASS,,
-mJ2ud6oKI8_8,audio,35,2.9330000000000003,3.0168,8,1,mean,equal_duration_50_bins,PASS,,
-mJ2ud6oKI8_8,audio,36,3.0168,3.1006,8,1,mean,equal_duration_50_bins,PASS,,
-mJ2ud6oKI8_8,audio,37,3.1006,3.1844000000000006,9,1,mean,equal_duration_50_bins,PASS,,
-mJ2ud6oKI8_8,audio,38,3.1844000000000006,3.2682000000000007,8,1,mean,equal_duration_50_bins,PASS,,
-mJ2ud6oKI8_8,audio,39,3.2682000000000007,3.3520000000000003,8,1,mean,equal_duration_50_bins,PASS,,
-mJ2ud6oKI8_8,audio,40,3.3520000000000003,3.4358000000000004,9,1,mean,equal_duration_50_bins,PASS,,
-mJ2ud6oKI8_8,audio,41,3.4358000000000004,3.5196000000000005,8,1,mean,equal_duration_50_bins,PASS,,
-mJ2ud6oKI8_8,audio,42,3.5196000000000005,3.6034,9,1,mean,equal_duration_50_bins,PASS,,
-mJ2ud6oKI8_8,audio,43,3.6034,3.6872000000000003,8,1,mean,equal_duration_50_bins,PASS,,
-mJ2ud6oKI8_8,audio,44,3.6872000000000003,3.7710000000000004,8,1,mean,equal_duration_50_bins,PASS,,
-mJ2ud6oKI8_8,audio,45,3.7710000000000004,3.8548,9,1,mean,equal_duration_50_bins,PASS,,
-mJ2ud6oKI8_8,audio,46,3.8548,3.9386,8,1,mean,equal_duration_50_bins,PASS,,
-mJ2ud6oKI8_8,audio,47,3.9386,4.0224,8,1,mean,equal_duration_50_bins,PASS,,
-mJ2ud6oKI8_8,audio,48,4.0224,4.1062,9,1,mean,equal_duration_50_bins,PASS,,
-mJ2ud6oKI8_8,audio,49,4.1062,4.19,5,1,mean,equal_duration_50_bins,PASS,,
-mqbVkbCndg_0,audio,0,0.0,0.1294,12,1,mean,equal_duration_50_bins,PASS,,
-mqbVkbCndg_0,audio,1,0.1294,0.2588,13,1,mean,equal_duration_50_bins,PASS,,
-mqbVkbCndg_0,audio,2,0.2588,0.3882,13,1,mean,equal_duration_50_bins,PASS,,
-mqbVkbCndg_0,audio,3,0.3882,0.5176,13,1,mean,equal_duration_50_bins,PASS,,
-mqbVkbCndg_0,audio,4,0.5176,0.647,13,1,mean,equal_duration_50_bins,PASS,,
-mqbVkbCndg_0,audio,5,0.647,0.7764,13,1,mean,equal_duration_50_bins,PASS,,
-mqbVkbCndg_0,audio,6,0.7764,0.9057999999999999,13,1,mean,equal_duration_50_bins,PASS,,
-mqbVkbCndg_0,audio,7,0.9057999999999999,1.0352,13,1,mean,equal_duration_50_bins,PASS,,
-mqbVkbCndg_0,audio,8,1.0352,1.1645999999999999,13,1,mean,equal_duration_50_bins,PASS,,
-mqbVkbCndg_0,audio,9,1.1645999999999999,1.294,13,1,mean,equal_duration_50_bins,PASS,,
-mqbVkbCndg_0,audio,10,1.294,1.4234,13,1,mean,equal_duration_50_bins,PASS,,
-mqbVkbCndg_0,audio,11,1.4234,1.5528,13,1,mean,equal_duration_50_bins,PASS,,
-mqbVkbCndg_0,audio,12,1.5528,1.6822,12,1,mean,equal_duration_50_bins,PASS,,
-mqbVkbCndg_0,audio,13,1.6822,1.8115999999999999,13,1,mean,equal_duration_50_bins,PASS,,
-mqbVkbCndg_0,audio,14,1.8115999999999999,1.9409999999999998,13,1,mean,equal_duration_50_bins,PASS,,
-mqbVkbCndg_0,audio,15,1.9409999999999998,2.0704,13,1,mean,equal_duration_50_bins,PASS,,
-mqbVkbCndg_0,audio,16,2.0704,2.1997999999999998,13,1,mean,equal_duration_50_bins,PASS,,
-mqbVkbCndg_0,audio,17,2.1997999999999998,2.3291999999999997,13,1,mean,equal_duration_50_bins,PASS,,
-mqbVkbCndg_0,audio,18,2.3291999999999997,2.4585999999999997,13,1,mean,equal_duration_50_bins,PASS,,
-mqbVkbCndg_0,audio,19,2.4585999999999997,2.588,13,1,mean,equal_duration_50_bins,PASS,,
-mqbVkbCndg_0,audio,20,2.588,2.7174,13,1,mean,equal_duration_50_bins,PASS,,
-mqbVkbCndg_0,audio,21,2.7174,2.8468,13,1,mean,equal_duration_50_bins,PASS,,
-mqbVkbCndg_0,audio,22,2.8468,2.9762,13,1,mean,equal_duration_50_bins,PASS,,
-mqbVkbCndg_0,audio,23,2.9762,3.1056,13,1,mean,equal_duration_50_bins,PASS,,
-mqbVkbCndg_0,audio,24,3.1056,3.235,13,1,mean,equal_duration_50_bins,PASS,,
-mqbVkbCndg_0,audio,25,3.235,3.3644,13,1,mean,equal_duration_50_bins,PASS,,
-mqbVkbCndg_0,audio,26,3.3644,3.4938,13,1,mean,equal_duration_50_bins,PASS,,
-mqbVkbCndg_0,audio,27,3.4938,3.6231999999999998,13,1,mean,equal_duration_50_bins,PASS,,
-mqbVkbCndg_0,audio,28,3.6231999999999998,3.7525999999999997,13,1,mean,equal_duration_50_bins,PASS,,
-mqbVkbCndg_0,audio,29,3.7525999999999997,3.8819999999999997,12,1,mean,equal_duration_50_bins,PASS,,
-mqbVkbCndg_0,audio,30,3.8819999999999997,4.0114,13,1,mean,equal_duration_50_bins,PASS,,
-mqbVkbCndg_0,audio,31,4.0114,4.1408,13,1,mean,equal_duration_50_bins,PASS,,
-mqbVkbCndg_0,audio,32,4.1408,4.2702,13,1,mean,equal_duration_50_bins,PASS,,
-mqbVkbCndg_0,audio,33,4.2702,4.3995999999999995,13,1,mean,equal_duration_50_bins,PASS,,
-mqbVkbCndg_0,audio,34,4.3995999999999995,4.529,13,1,mean,equal_duration_50_bins,PASS,,
-mqbVkbCndg_0,audio,35,4.529,4.658399999999999,13,1,mean,equal_duration_50_bins,PASS,,
-mqbVkbCndg_0,audio,36,4.658399999999999,4.7878,13,1,mean,equal_duration_50_bins,PASS,,
-mqbVkbCndg_0,audio,37,4.7878,4.917199999999999,13,1,mean,equal_duration_50_bins,PASS,,
-mqbVkbCndg_0,audio,38,4.917199999999999,5.0466,13,1,mean,equal_duration_50_bins,PASS,,
-mqbVkbCndg_0,audio,39,5.0466,5.176,13,1,mean,equal_duration_50_bins,PASS,,
-mqbVkbCndg_0,audio,40,5.176,5.3054,13,1,mean,equal_duration_50_bins,PASS,,
-mqbVkbCndg_0,audio,41,5.3054,5.4348,13,1,mean,equal_duration_50_bins,PASS,,
-mqbVkbCndg_0,audio,42,5.4348,5.5642,13,1,mean,equal_duration_50_bins,PASS,,
-mqbVkbCndg_0,audio,43,5.5642,5.6936,13,1,mean,equal_duration_50_bins,PASS,,
-mqbVkbCndg_0,audio,44,5.6936,5.8229999999999995,13,1,mean,equal_duration_50_bins,PASS,,
-mqbVkbCndg_0,audio,45,5.8229999999999995,5.9524,12,1,mean,equal_duration_50_bins,PASS,,
-mqbVkbCndg_0,audio,46,5.9524,6.081799999999999,13,1,mean,equal_duration_50_bins,PASS,,
-mqbVkbCndg_0,audio,47,6.081799999999999,6.2112,13,1,mean,equal_duration_50_bins,PASS,,
-mqbVkbCndg_0,audio,48,6.2112,6.340599999999999,13,1,mean,equal_duration_50_bins,PASS,,
-mqbVkbCndg_0,audio,49,6.340599999999999,6.47,4,1,mean,equal_duration_50_bins,PASS,,
-t217m2on-s_2,audio,0,0.0,0.11380000000000001,11,1,mean,equal_duration_50_bins,PASS,,
-t217m2on-s_2,audio,1,0.11380000000000001,0.22760000000000002,11,1,mean,equal_duration_50_bins,PASS,,
-t217m2on-s_2,audio,2,0.22760000000000002,0.3414,11,1,mean,equal_duration_50_bins,PASS,,
-t217m2on-s_2,audio,3,0.3414,0.45520000000000005,12,1,mean,equal_duration_50_bins,PASS,,
-t217m2on-s_2,audio,4,0.45520000000000005,0.5690000000000001,11,1,mean,equal_duration_50_bins,PASS,,
-t217m2on-s_2,audio,5,0.5690000000000001,0.6828,12,1,mean,equal_duration_50_bins,PASS,,
-t217m2on-s_2,audio,6,0.6828,0.7966000000000001,11,1,mean,equal_duration_50_bins,PASS,,
-t217m2on-s_2,audio,7,0.7966000000000001,0.9104000000000001,11,1,mean,equal_duration_50_bins,PASS,,
-t217m2on-s_2,audio,8,0.9104000000000001,1.0242,12,1,mean,equal_duration_50_bins,PASS,,
-t217m2on-s_2,audio,9,1.0242,1.1380000000000001,11,1,mean,equal_duration_50_bins,PASS,,
-t217m2on-s_2,audio,10,1.1380000000000001,1.2518,11,1,mean,equal_duration_50_bins,PASS,,
-t217m2on-s_2,audio,11,1.2518,1.3656,12,1,mean,equal_duration_50_bins,PASS,,
-t217m2on-s_2,audio,12,1.3656,1.4794,11,1,mean,equal_duration_50_bins,PASS,,
-t217m2on-s_2,audio,13,1.4794,1.5932000000000002,12,1,mean,equal_duration_50_bins,PASS,,
-t217m2on-s_2,audio,14,1.5932000000000002,1.707,11,1,mean,equal_duration_50_bins,PASS,,
-t217m2on-s_2,audio,15,1.707,1.8208000000000002,11,1,mean,equal_duration_50_bins,PASS,,
-t217m2on-s_2,audio,16,1.8208000000000002,1.9346,12,1,mean,equal_duration_50_bins,PASS,,
-t217m2on-s_2,audio,17,1.9346,2.0484,11,1,mean,equal_duration_50_bins,PASS,,
-t217m2on-s_2,audio,18,2.0484,2.1622000000000003,11,1,mean,equal_duration_50_bins,PASS,,
-t217m2on-s_2,audio,19,2.1622000000000003,2.2760000000000002,12,1,mean,equal_duration_50_bins,PASS,,
-t217m2on-s_2,audio,20,2.2760000000000002,2.3898,11,1,mean,equal_duration_50_bins,PASS,,
-t217m2on-s_2,audio,21,2.3898,2.5036,12,1,mean,equal_duration_50_bins,PASS,,
-t217m2on-s_2,audio,22,2.5036,2.6174,11,1,mean,equal_duration_50_bins,PASS,,
-t217m2on-s_2,audio,23,2.6174,2.7312,11,1,mean,equal_duration_50_bins,PASS,,
-t217m2on-s_2,audio,24,2.7312,2.845,12,1,mean,equal_duration_50_bins,PASS,,
-t217m2on-s_2,audio,25,2.845,2.9588,11,1,mean,equal_duration_50_bins,PASS,,
-t217m2on-s_2,audio,26,2.9588,3.0726000000000004,12,1,mean,equal_duration_50_bins,PASS,,
-t217m2on-s_2,audio,27,3.0726000000000004,3.1864000000000003,11,1,mean,equal_duration_50_bins,PASS,,
-t217m2on-s_2,audio,28,3.1864000000000003,3.3002000000000002,11,1,mean,equal_duration_50_bins,PASS,,
-t217m2on-s_2,audio,29,3.3002000000000002,3.414,12,1,mean,equal_duration_50_bins,PASS,,
-t217m2on-s_2,audio,30,3.414,3.5278000000000005,11,1,mean,equal_duration_50_bins,PASS,,
-t217m2on-s_2,audio,31,3.5278000000000005,3.6416000000000004,11,1,mean,equal_duration_50_bins,PASS,,
-t217m2on-s_2,audio,32,3.6416000000000004,3.7554000000000003,12,1,mean,equal_duration_50_bins,PASS,,
-t217m2on-s_2,audio,33,3.7554000000000003,3.8692,11,1,mean,equal_duration_50_bins,PASS,,
-t217m2on-s_2,audio,34,3.8692,3.983,12,1,mean,equal_duration_50_bins,PASS,,
-t217m2on-s_2,audio,35,3.983,4.0968,11,1,mean,equal_duration_50_bins,PASS,,
-t217m2on-s_2,audio,36,4.0968,4.2106,11,1,mean,equal_duration_50_bins,PASS,,
-t217m2on-s_2,audio,37,4.2106,4.324400000000001,12,1,mean,equal_duration_50_bins,PASS,,
-t217m2on-s_2,audio,38,4.324400000000001,4.4382,11,1,mean,equal_duration_50_bins,PASS,,
-t217m2on-s_2,audio,39,4.4382,4.5520000000000005,11,1,mean,equal_duration_50_bins,PASS,,
-t217m2on-s_2,audio,40,4.5520000000000005,4.665800000000001,12,1,mean,equal_duration_50_bins,PASS,,
-t217m2on-s_2,audio,41,4.665800000000001,4.7796,11,1,mean,equal_duration_50_bins,PASS,,
-t217m2on-s_2,audio,42,4.7796,4.893400000000001,12,1,mean,equal_duration_50_bins,PASS,,
-t217m2on-s_2,audio,43,4.893400000000001,5.0072,11,1,mean,equal_duration_50_bins,PASS,,
-t217m2on-s_2,audio,44,5.0072,5.121,11,1,mean,equal_duration_50_bins,PASS,,
-t217m2on-s_2,audio,45,5.121,5.2348,12,1,mean,equal_duration_50_bins,PASS,,
-t217m2on-s_2,audio,46,5.2348,5.3486,11,1,mean,equal_duration_50_bins,PASS,,
-t217m2on-s_2,audio,47,5.3486,5.4624,11,1,mean,equal_duration_50_bins,PASS,,
-t217m2on-s_2,audio,48,5.4624,5.5762,12,1,mean,equal_duration_50_bins,PASS,,
-t217m2on-s_2,audio,49,5.5762,5.69,4,1,mean,equal_duration_50_bins,PASS,,
-t217m2on-s_7,audio,0,0.0,0.3436,34,1,mean,equal_duration_50_bins,PASS,,
-t217m2on-s_7,audio,1,0.3436,0.6872,34,1,mean,equal_duration_50_bins,PASS,,
-t217m2on-s_7,audio,2,0.6872,1.0308,34,1,mean,equal_duration_50_bins,PASS,,
-t217m2on-s_7,audio,3,1.0308,1.3744,35,1,mean,equal_duration_50_bins,PASS,,
-t217m2on-s_7,audio,4,1.3744,1.7180000000000002,34,1,mean,equal_duration_50_bins,PASS,,
-t217m2on-s_7,audio,5,1.7180000000000002,2.0616,34,1,mean,equal_duration_50_bins,PASS,,
-t217m2on-s_7,audio,6,2.0616,2.4052,35,1,mean,equal_duration_50_bins,PASS,,
-t217m2on-s_7,audio,7,2.4052,2.7488,34,1,mean,equal_duration_50_bins,PASS,,
-t217m2on-s_7,audio,8,2.7488,3.0924,34,1,mean,equal_duration_50_bins,PASS,,
-t217m2on-s_7,audio,9,3.0924,3.4360000000000004,35,1,mean,equal_duration_50_bins,PASS,,
-t217m2on-s_7,audio,10,3.4360000000000004,3.7796,34,1,mean,equal_duration_50_bins,PASS,,
-t217m2on-s_7,audio,11,3.7796,4.1232,35,1,mean,equal_duration_50_bins,PASS,,
-t217m2on-s_7,audio,12,4.1232,4.4668,34,1,mean,equal_duration_50_bins,PASS,,
-t217m2on-s_7,audio,13,4.4668,4.8104,34,1,mean,equal_duration_50_bins,PASS,,
-t217m2on-s_7,audio,14,4.8104,5.154,35,1,mean,equal_duration_50_bins,PASS,,
-t217m2on-s_7,audio,15,5.154,5.4976,34,1,mean,equal_duration_50_bins,PASS,,
-t217m2on-s_7,audio,16,5.4976,5.8412,34,1,mean,equal_duration_50_bins,PASS,,
-t217m2on-s_7,audio,17,5.8412,6.1848,35,1,mean,equal_duration_50_bins,PASS,,
-t217m2on-s_7,audio,18,6.1848,6.5284,34,1,mean,equal_duration_50_bins,PASS,,
-t217m2on-s_7,audio,19,6.5284,6.872000000000001,34,1,mean,equal_duration_50_bins,PASS,,
-t217m2on-s_7,audio,20,6.872000000000001,7.215599999999999,35,1,mean,equal_duration_50_bins,PASS,,
-t217m2on-s_7,audio,21,7.215599999999999,7.5592,34,1,mean,equal_duration_50_bins,PASS,,
-t217m2on-s_7,audio,22,7.5592,7.9028,35,1,mean,equal_duration_50_bins,PASS,,
-t217m2on-s_7,audio,23,7.9028,8.2464,34,1,mean,equal_duration_50_bins,PASS,,
-t217m2on-s_7,audio,24,8.2464,8.59,34,1,mean,equal_duration_50_bins,PASS,,
-t217m2on-s_7,audio,25,8.59,8.9336,35,1,mean,equal_duration_50_bins,PASS,,
-t217m2on-s_7,audio,26,8.9336,9.2772,34,1,mean,equal_duration_50_bins,PASS,,
-t217m2on-s_7,audio,27,9.2772,9.6208,34,1,mean,equal_duration_50_bins,PASS,,
-t217m2on-s_7,audio,28,9.6208,9.9644,35,1,mean,equal_duration_50_bins,PASS,,
-t217m2on-s_7,audio,29,9.9644,10.308,34,1,mean,equal_duration_50_bins,PASS,,
-t217m2on-s_7,audio,30,10.308,10.6516,34,1,mean,equal_duration_50_bins,PASS,,
-t217m2on-s_7,audio,31,10.6516,10.9952,35,1,mean,equal_duration_50_bins,PASS,,
-t217m2on-s_7,audio,32,10.9952,11.338799999999999,34,1,mean,equal_duration_50_bins,PASS,,
-t217m2on-s_7,audio,33,11.338799999999999,11.6824,34,1,mean,equal_duration_50_bins,PASS,,
-t217m2on-s_7,audio,34,11.6824,12.026,35,1,mean,equal_duration_50_bins,PASS,,
-t217m2on-s_7,audio,35,12.026,12.3696,34,1,mean,equal_duration_50_bins,PASS,,
-t217m2on-s_7,audio,36,12.3696,12.713199999999999,35,1,mean,equal_duration_50_bins,PASS,,
-t217m2on-s_7,audio,37,12.713199999999999,13.0568,34,1,mean,equal_duration_50_bins,PASS,,
-t217m2on-s_7,audio,38,13.0568,13.4004,34,1,mean,equal_duration_50_bins,PASS,,
-t217m2on-s_7,audio,39,13.4004,13.744000000000002,35,1,mean,equal_duration_50_bins,PASS,,
-t217m2on-s_7,audio,40,13.744000000000002,14.0876,34,1,mean,equal_duration_50_bins,PASS,,
-t217m2on-s_7,audio,41,14.0876,14.431199999999999,34,1,mean,equal_duration_50_bins,PASS,,
-t217m2on-s_7,audio,42,14.431199999999999,14.7748,35,1,mean,equal_duration_50_bins,PASS,,
-t217m2on-s_7,audio,43,14.7748,15.1184,34,1,mean,equal_duration_50_bins,PASS,,
-t217m2on-s_7,audio,44,15.1184,15.462,34,1,mean,equal_duration_50_bins,PASS,,
-t217m2on-s_7,audio,45,15.462,15.8056,35,1,mean,equal_duration_50_bins,PASS,,
-t217m2on-s_7,audio,46,15.8056,16.1492,34,1,mean,equal_duration_50_bins,PASS,,
-t217m2on-s_7,audio,47,16.1492,16.4928,35,1,mean,equal_duration_50_bins,PASS,,
-t217m2on-s_7,audio,48,16.4928,16.836399999999998,34,1,mean,equal_duration_50_bins,PASS,,
-t217m2on-s_7,audio,49,16.836399999999998,17.18,18,1,mean,equal_duration_50_bins,PASS,,
-tANM6ETl_M_3,audio,0,0.0,0.1352,13,1,mean,equal_duration_50_bins,PASS,,
-tANM6ETl_M_3,audio,1,0.1352,0.2704,13,1,mean,equal_duration_50_bins,PASS,,
-tANM6ETl_M_3,audio,2,0.2704,0.4056,14,1,mean,equal_duration_50_bins,PASS,,
-tANM6ETl_M_3,audio,3,0.4056,0.5408,13,1,mean,equal_duration_50_bins,PASS,,
-tANM6ETl_M_3,audio,4,0.5408,0.6759999999999999,14,1,mean,equal_duration_50_bins,PASS,,
-tANM6ETl_M_3,audio,5,0.6759999999999999,0.8112,13,1,mean,equal_duration_50_bins,PASS,,
-tANM6ETl_M_3,audio,6,0.8112,0.9464,14,1,mean,equal_duration_50_bins,PASS,,
-tANM6ETl_M_3,audio,7,0.9464,1.0816,13,1,mean,equal_duration_50_bins,PASS,,
-tANM6ETl_M_3,audio,8,1.0816,1.2167999999999999,14,1,mean,equal_duration_50_bins,PASS,,
-tANM6ETl_M_3,audio,9,1.2167999999999999,1.3519999999999999,13,1,mean,equal_duration_50_bins,PASS,,
-tANM6ETl_M_3,audio,10,1.3519999999999999,1.4872,14,1,mean,equal_duration_50_bins,PASS,,
-tANM6ETl_M_3,audio,11,1.4872,1.6224,13,1,mean,equal_duration_50_bins,PASS,,
-tANM6ETl_M_3,audio,12,1.6224,1.7575999999999998,14,1,mean,equal_duration_50_bins,PASS,,
-tANM6ETl_M_3,audio,13,1.7575999999999998,1.8928,14,1,mean,equal_duration_50_bins,PASS,,
-tANM6ETl_M_3,audio,14,1.8928,2.028,13,1,mean,equal_duration_50_bins,PASS,,
-tANM6ETl_M_3,audio,15,2.028,2.1632,14,1,mean,equal_duration_50_bins,PASS,,
-tANM6ETl_M_3,audio,16,2.1632,2.2984,13,1,mean,equal_duration_50_bins,PASS,,
-tANM6ETl_M_3,audio,17,2.2984,2.4335999999999998,14,1,mean,equal_duration_50_bins,PASS,,
-tANM6ETl_M_3,audio,18,2.4335999999999998,2.5688,13,1,mean,equal_duration_50_bins,PASS,,
-tANM6ETl_M_3,audio,19,2.5688,2.7039999999999997,14,1,mean,equal_duration_50_bins,PASS,,
-tANM6ETl_M_3,audio,20,2.7039999999999997,2.8392,13,1,mean,equal_duration_50_bins,PASS,,
-tANM6ETl_M_3,audio,21,2.8392,2.9744,14,1,mean,equal_duration_50_bins,PASS,,
-tANM6ETl_M_3,audio,22,2.9744,3.1096,13,1,mean,equal_duration_50_bins,PASS,,
-tANM6ETl_M_3,audio,23,3.1096,3.2448,14,1,mean,equal_duration_50_bins,PASS,,
-tANM6ETl_M_3,audio,24,3.2448,3.38,13,1,mean,equal_duration_50_bins,PASS,,
-tANM6ETl_M_3,audio,25,3.38,3.5151999999999997,14,1,mean,equal_duration_50_bins,PASS,,
-tANM6ETl_M_3,audio,26,3.5151999999999997,3.6503999999999994,13,1,mean,equal_duration_50_bins,PASS,,
-tANM6ETl_M_3,audio,27,3.6503999999999994,3.7856,14,1,mean,equal_duration_50_bins,PASS,,
-tANM6ETl_M_3,audio,28,3.7856,3.9208,13,1,mean,equal_duration_50_bins,PASS,,
-tANM6ETl_M_3,audio,29,3.9208,4.056,14,1,mean,equal_duration_50_bins,PASS,,
-tANM6ETl_M_3,audio,30,4.056,4.1912,13,1,mean,equal_duration_50_bins,PASS,,
-tANM6ETl_M_3,audio,31,4.1912,4.3264,14,1,mean,equal_duration_50_bins,PASS,,
-tANM6ETl_M_3,audio,32,4.3264,4.4616,13,1,mean,equal_duration_50_bins,PASS,,
-tANM6ETl_M_3,audio,33,4.4616,4.5968,14,1,mean,equal_duration_50_bins,PASS,,
-tANM6ETl_M_3,audio,34,4.5968,4.732,13,1,mean,equal_duration_50_bins,PASS,,
-tANM6ETl_M_3,audio,35,4.732,4.8671999999999995,14,1,mean,equal_duration_50_bins,PASS,,
-tANM6ETl_M_3,audio,36,4.8671999999999995,5.0024,13,1,mean,equal_duration_50_bins,PASS,,
-tANM6ETl_M_3,audio,37,5.0024,5.1376,14,1,mean,equal_duration_50_bins,PASS,,
-tANM6ETl_M_3,audio,38,5.1376,5.2728,14,1,mean,equal_duration_50_bins,PASS,,
-tANM6ETl_M_3,audio,39,5.2728,5.4079999999999995,13,1,mean,equal_duration_50_bins,PASS,,
-tANM6ETl_M_3,audio,40,5.4079999999999995,5.5432,14,1,mean,equal_duration_50_bins,PASS,,
-tANM6ETl_M_3,audio,41,5.5432,5.6784,13,1,mean,equal_duration_50_bins,PASS,,
-tANM6ETl_M_3,audio,42,5.6784,5.8136,14,1,mean,equal_duration_50_bins,PASS,,
-tANM6ETl_M_3,audio,43,5.8136,5.9488,13,1,mean,equal_duration_50_bins,PASS,,
-tANM6ETl_M_3,audio,44,5.9488,6.084,14,1,mean,equal_duration_50_bins,PASS,,
-tANM6ETl_M_3,audio,45,6.084,6.2192,13,1,mean,equal_duration_50_bins,PASS,,
-tANM6ETl_M_3,audio,46,6.2192,6.354399999999999,14,1,mean,equal_duration_50_bins,PASS,,
-tANM6ETl_M_3,audio,47,6.354399999999999,6.4896,13,1,mean,equal_duration_50_bins,PASS,,
-tANM6ETl_M_3,audio,48,6.4896,6.6248000000000005,10,1,mean,equal_duration_50_bins,PASS,,
-tANM6ETl_M_3,audio,49,6.6248000000000005,6.76,0,0,mean,equal_duration_50_bins,PASS,,
-tPCytz4rww_11,audio,0,0.0,0.1094,10,1,mean,equal_duration_50_bins,PASS,,
-tPCytz4rww_11,audio,1,0.1094,0.2188,11,1,mean,equal_duration_50_bins,PASS,,
-tPCytz4rww_11,audio,2,0.2188,0.3282,11,1,mean,equal_duration_50_bins,PASS,,
-tPCytz4rww_11,audio,3,0.3282,0.4376,11,1,mean,equal_duration_50_bins,PASS,,
-tPCytz4rww_11,audio,4,0.4376,0.5469999999999999,11,1,mean,equal_duration_50_bins,PASS,,
-tPCytz4rww_11,audio,5,0.5469999999999999,0.6564,11,1,mean,equal_duration_50_bins,PASS,,
-tPCytz4rww_11,audio,6,0.6564,0.7658,11,1,mean,equal_duration_50_bins,PASS,,
-tPCytz4rww_11,audio,7,0.7658,0.8752,11,1,mean,equal_duration_50_bins,PASS,,
-tPCytz4rww_11,audio,8,0.8752,0.9845999999999999,11,1,mean,equal_duration_50_bins,PASS,,
-tPCytz4rww_11,audio,9,0.9845999999999999,1.0939999999999999,11,1,mean,equal_duration_50_bins,PASS,,
-tPCytz4rww_11,audio,10,1.0939999999999999,1.2033999999999998,11,1,mean,equal_duration_50_bins,PASS,,
-tPCytz4rww_11,audio,11,1.2033999999999998,1.3128,11,1,mean,equal_duration_50_bins,PASS,,
-tPCytz4rww_11,audio,12,1.3128,1.4222,10,1,mean,equal_duration_50_bins,PASS,,
-tPCytz4rww_11,audio,13,1.4222,1.5316,11,1,mean,equal_duration_50_bins,PASS,,
-tPCytz4rww_11,audio,14,1.5316,1.641,11,1,mean,equal_duration_50_bins,PASS,,
-tPCytz4rww_11,audio,15,1.641,1.7504,11,1,mean,equal_duration_50_bins,PASS,,
-tPCytz4rww_11,audio,16,1.7504,1.8598,11,1,mean,equal_duration_50_bins,PASS,,
-tPCytz4rww_11,audio,17,1.8598,1.9691999999999998,11,1,mean,equal_duration_50_bins,PASS,,
-tPCytz4rww_11,audio,18,1.9691999999999998,2.0786,11,1,mean,equal_duration_50_bins,PASS,,
-tPCytz4rww_11,audio,19,2.0786,2.1879999999999997,11,1,mean,equal_duration_50_bins,PASS,,
-tPCytz4rww_11,audio,20,2.1879999999999997,2.2973999999999997,11,1,mean,equal_duration_50_bins,PASS,,
-tPCytz4rww_11,audio,21,2.2973999999999997,2.4067999999999996,11,1,mean,equal_duration_50_bins,PASS,,
-tPCytz4rww_11,audio,22,2.4067999999999996,2.5161999999999995,11,1,mean,equal_duration_50_bins,PASS,,
-tPCytz4rww_11,audio,23,2.5161999999999995,2.6256,11,1,mean,equal_duration_50_bins,PASS,,
-tPCytz4rww_11,audio,24,2.6256,2.735,11,1,mean,equal_duration_50_bins,PASS,,
-tPCytz4rww_11,audio,25,2.735,2.8444,11,1,mean,equal_duration_50_bins,PASS,,
-tPCytz4rww_11,audio,26,2.8444,2.9537999999999998,11,1,mean,equal_duration_50_bins,PASS,,
-tPCytz4rww_11,audio,27,2.9537999999999998,3.0632,11,1,mean,equal_duration_50_bins,PASS,,
-tPCytz4rww_11,audio,28,3.0632,3.1726,11,1,mean,equal_duration_50_bins,PASS,,
-tPCytz4rww_11,audio,29,3.1726,3.282,10,1,mean,equal_duration_50_bins,PASS,,
-tPCytz4rww_11,audio,30,3.282,3.3914,11,1,mean,equal_duration_50_bins,PASS,,
-tPCytz4rww_11,audio,31,3.3914,3.5008,11,1,mean,equal_duration_50_bins,PASS,,
-tPCytz4rww_11,audio,32,3.5008,3.6102,11,1,mean,equal_duration_50_bins,PASS,,
-tPCytz4rww_11,audio,33,3.6102,3.7196,11,1,mean,equal_duration_50_bins,PASS,,
-tPCytz4rww_11,audio,34,3.7196,3.8289999999999997,11,1,mean,equal_duration_50_bins,PASS,,
-tPCytz4rww_11,audio,35,3.8289999999999997,3.9383999999999997,11,1,mean,equal_duration_50_bins,PASS,,
-tPCytz4rww_11,audio,36,3.9383999999999997,4.0478,11,1,mean,equal_duration_50_bins,PASS,,
-tPCytz4rww_11,audio,37,4.0478,4.1572,11,1,mean,equal_duration_50_bins,PASS,,
-tPCytz4rww_11,audio,38,4.1572,4.2665999999999995,11,1,mean,equal_duration_50_bins,PASS,,
-tPCytz4rww_11,audio,39,4.2665999999999995,4.3759999999999994,11,1,mean,equal_duration_50_bins,PASS,,
-tPCytz4rww_11,audio,40,4.3759999999999994,4.485399999999999,11,1,mean,equal_duration_50_bins,PASS,,
-tPCytz4rww_11,audio,41,4.485399999999999,4.594799999999999,11,1,mean,equal_duration_50_bins,PASS,,
-tPCytz4rww_11,audio,42,4.594799999999999,4.704199999999999,11,1,mean,equal_duration_50_bins,PASS,,
-tPCytz4rww_11,audio,43,4.704199999999999,4.813599999999999,11,1,mean,equal_duration_50_bins,PASS,,
-tPCytz4rww_11,audio,44,4.813599999999999,4.922999999999999,11,1,mean,equal_duration_50_bins,PASS,,
-tPCytz4rww_11,audio,45,4.922999999999999,5.032399999999999,10,1,mean,equal_duration_50_bins,PASS,,
-tPCytz4rww_11,audio,46,5.032399999999999,5.1418,11,1,mean,equal_duration_50_bins,PASS,,
-tPCytz4rww_11,audio,47,5.1418,5.2512,11,1,mean,equal_duration_50_bins,PASS,,
-tPCytz4rww_11,audio,48,5.2512,5.3606,11,1,mean,equal_duration_50_bins,PASS,,
-tPCytz4rww_11,audio,49,5.3606,5.47,1,1,mean,equal_duration_50_bins,PASS,,
-tPCytz4rww_10,audio,0,0.0,0.0958,9,1,mean,equal_duration_50_bins,PASS,,
-tPCytz4rww_10,audio,1,0.0958,0.1916,9,1,mean,equal_duration_50_bins,PASS,,
-tPCytz4rww_10,audio,2,0.1916,0.28740000000000004,10,1,mean,equal_duration_50_bins,PASS,,
-tPCytz4rww_10,audio,3,0.28740000000000004,0.3832,10,1,mean,equal_duration_50_bins,PASS,,
-tPCytz4rww_10,audio,4,0.3832,0.479,9,1,mean,equal_duration_50_bins,PASS,,
-tPCytz4rww_10,audio,5,0.479,0.5748000000000001,10,1,mean,equal_duration_50_bins,PASS,,
-tPCytz4rww_10,audio,6,0.5748000000000001,0.6706,9,1,mean,equal_duration_50_bins,PASS,,
-tPCytz4rww_10,audio,7,0.6706,0.7664,10,1,mean,equal_duration_50_bins,PASS,,
-tPCytz4rww_10,audio,8,0.7664,0.8622,9,1,mean,equal_duration_50_bins,PASS,,
-tPCytz4rww_10,audio,9,0.8622,0.958,10,1,mean,equal_duration_50_bins,PASS,,
-tPCytz4rww_10,audio,10,0.958,1.0537999999999998,10,1,mean,equal_duration_50_bins,PASS,,
-tPCytz4rww_10,audio,11,1.0537999999999998,1.1496000000000002,9,1,mean,equal_duration_50_bins,PASS,,
-tPCytz4rww_10,audio,12,1.1496000000000002,1.2454,10,1,mean,equal_duration_50_bins,PASS,,
-tPCytz4rww_10,audio,13,1.2454,1.3412,9,1,mean,equal_duration_50_bins,PASS,,
-tPCytz4rww_10,audio,14,1.3412,1.4369999999999998,10,1,mean,equal_duration_50_bins,PASS,,
-tPCytz4rww_10,audio,15,1.4369999999999998,1.5328,10,1,mean,equal_duration_50_bins,PASS,,
-tPCytz4rww_10,audio,16,1.5328,1.6286,9,1,mean,equal_duration_50_bins,PASS,,
-tPCytz4rww_10,audio,17,1.6286,1.7244,10,1,mean,equal_duration_50_bins,PASS,,
-tPCytz4rww_10,audio,18,1.7244,1.8202,9,1,mean,equal_duration_50_bins,PASS,,
-tPCytz4rww_10,audio,19,1.8202,1.916,10,1,mean,equal_duration_50_bins,PASS,,
-tPCytz4rww_10,audio,20,1.916,2.0118,9,1,mean,equal_duration_50_bins,PASS,,
-tPCytz4rww_10,audio,21,2.0118,2.1075999999999997,10,1,mean,equal_duration_50_bins,PASS,,
-tPCytz4rww_10,audio,22,2.1075999999999997,2.2034000000000002,10,1,mean,equal_duration_50_bins,PASS,,
-tPCytz4rww_10,audio,23,2.2034000000000002,2.2992000000000004,9,1,mean,equal_duration_50_bins,PASS,,
-tPCytz4rww_10,audio,24,2.2992000000000004,2.395,10,1,mean,equal_duration_50_bins,PASS,,
-tPCytz4rww_10,audio,25,2.395,2.4908,9,1,mean,equal_duration_50_bins,PASS,,
-tPCytz4rww_10,audio,26,2.4908,2.5866000000000002,10,1,mean,equal_duration_50_bins,PASS,,
-tPCytz4rww_10,audio,27,2.5866000000000002,2.6824,9,1,mean,equal_duration_50_bins,PASS,,
-tPCytz4rww_10,audio,28,2.6824,2.7782,10,1,mean,equal_duration_50_bins,PASS,,
-tPCytz4rww_10,audio,29,2.7782,2.8739999999999997,10,1,mean,equal_duration_50_bins,PASS,,
-tPCytz4rww_10,audio,30,2.8739999999999997,2.9698,9,1,mean,equal_duration_50_bins,PASS,,
-tPCytz4rww_10,audio,31,2.9698,3.0656,10,1,mean,equal_duration_50_bins,PASS,,
-tPCytz4rww_10,audio,32,3.0656,3.1614,9,1,mean,equal_duration_50_bins,PASS,,
-tPCytz4rww_10,audio,33,3.1614,3.2572,10,1,mean,equal_duration_50_bins,PASS,,
-tPCytz4rww_10,audio,34,3.2572,3.353,10,1,mean,equal_duration_50_bins,PASS,,
-tPCytz4rww_10,audio,35,3.353,3.4488,9,1,mean,equal_duration_50_bins,PASS,,
-tPCytz4rww_10,audio,36,3.4488,3.5446,10,1,mean,equal_duration_50_bins,PASS,,
-tPCytz4rww_10,audio,37,3.5446,3.6404,9,1,mean,equal_duration_50_bins,PASS,,
-tPCytz4rww_10,audio,38,3.6404,3.7362,10,1,mean,equal_duration_50_bins,PASS,,
-tPCytz4rww_10,audio,39,3.7362,3.832,9,1,mean,equal_duration_50_bins,PASS,,
-tPCytz4rww_10,audio,40,3.832,3.9278000000000004,10,1,mean,equal_duration_50_bins,PASS,,
-tPCytz4rww_10,audio,41,3.9278000000000004,4.0236,10,1,mean,equal_duration_50_bins,PASS,,
-tPCytz4rww_10,audio,42,4.0236,4.1194,9,1,mean,equal_duration_50_bins,PASS,,
-tPCytz4rww_10,audio,43,4.1194,4.215199999999999,10,1,mean,equal_duration_50_bins,PASS,,
-tPCytz4rww_10,audio,44,4.215199999999999,4.311,9,1,mean,equal_duration_50_bins,PASS,,
-tPCytz4rww_10,audio,45,4.311,4.4068000000000005,10,1,mean,equal_duration_50_bins,PASS,,
-tPCytz4rww_10,audio,46,4.4068000000000005,4.5026,10,1,mean,equal_duration_50_bins,PASS,,
-tPCytz4rww_10,audio,47,4.5026,4.598400000000001,9,1,mean,equal_duration_50_bins,PASS,,
-tPCytz4rww_10,audio,48,4.598400000000001,4.6942,7,1,mean,equal_duration_50_bins,PASS,,
-tPCytz4rww_10,audio,49,4.6942,4.79,0,0,mean,equal_duration_50_bins,PASS,,
-tPCytz4rww_12,audio,0,0.0,0.2372,23,1,mean,equal_duration_50_bins,PASS,,
-tPCytz4rww_12,audio,1,0.2372,0.4744,24,1,mean,equal_duration_50_bins,PASS,,
-tPCytz4rww_12,audio,2,0.4744,0.7116,23,1,mean,equal_duration_50_bins,PASS,,
-tPCytz4rww_12,audio,3,0.7116,0.9488,24,1,mean,equal_duration_50_bins,PASS,,
-tPCytz4rww_12,audio,4,0.9488,1.186,24,1,mean,equal_duration_50_bins,PASS,,
-tPCytz4rww_12,audio,5,1.186,1.4232,24,1,mean,equal_duration_50_bins,PASS,,
-tPCytz4rww_12,audio,6,1.4232,1.6603999999999999,23,1,mean,equal_duration_50_bins,PASS,,
-tPCytz4rww_12,audio,7,1.6603999999999999,1.8976,24,1,mean,equal_duration_50_bins,PASS,,
-tPCytz4rww_12,audio,8,1.8976,2.1348,24,1,mean,equal_duration_50_bins,PASS,,
-tPCytz4rww_12,audio,9,2.1348,2.372,23,1,mean,equal_duration_50_bins,PASS,,
-tPCytz4rww_12,audio,10,2.372,2.6091999999999995,24,1,mean,equal_duration_50_bins,PASS,,
-tPCytz4rww_12,audio,11,2.6091999999999995,2.8464,24,1,mean,equal_duration_50_bins,PASS,,
-tPCytz4rww_12,audio,12,2.8464,3.0836,24,1,mean,equal_duration_50_bins,PASS,,
-tPCytz4rww_12,audio,13,3.0836,3.3207999999999998,23,1,mean,equal_duration_50_bins,PASS,,
-tPCytz4rww_12,audio,14,3.3207999999999998,3.5579999999999994,24,1,mean,equal_duration_50_bins,PASS,,
-tPCytz4rww_12,audio,15,3.5579999999999994,3.7952,24,1,mean,equal_duration_50_bins,PASS,,
-tPCytz4rww_12,audio,16,3.7952,4.0324,23,1,mean,equal_duration_50_bins,PASS,,
-tPCytz4rww_12,audio,17,4.0324,4.2696,24,1,mean,equal_duration_50_bins,PASS,,
-tPCytz4rww_12,audio,18,4.2696,4.506799999999999,24,1,mean,equal_duration_50_bins,PASS,,
-tPCytz4rww_12,audio,19,4.506799999999999,4.744,24,1,mean,equal_duration_50_bins,PASS,,
-tPCytz4rww_12,audio,20,4.744,4.9812,23,1,mean,equal_duration_50_bins,PASS,,
-tPCytz4rww_12,audio,21,4.9812,5.218399999999999,24,1,mean,equal_duration_50_bins,PASS,,
-tPCytz4rww_12,audio,22,5.218399999999999,5.4556,24,1,mean,equal_duration_50_bins,PASS,,
-tPCytz4rww_12,audio,23,5.4556,5.6928,24,1,mean,equal_duration_50_bins,PASS,,
-tPCytz4rww_12,audio,24,5.6928,5.93,23,1,mean,equal_duration_50_bins,PASS,,
-tPCytz4rww_12,audio,25,5.93,6.1672,24,1,mean,equal_duration_50_bins,PASS,,
-tPCytz4rww_12,audio,26,6.1672,6.404399999999999,24,1,mean,equal_duration_50_bins,PASS,,
-tPCytz4rww_12,audio,27,6.404399999999999,6.6415999999999995,23,1,mean,equal_duration_50_bins,PASS,,
-tPCytz4rww_12,audio,28,6.6415999999999995,6.8788,24,1,mean,equal_duration_50_bins,PASS,,
-tPCytz4rww_12,audio,29,6.8788,7.115999999999999,24,1,mean,equal_duration_50_bins,PASS,,
-tPCytz4rww_12,audio,30,7.115999999999999,7.353199999999999,24,1,mean,equal_duration_50_bins,PASS,,
-tPCytz4rww_12,audio,31,7.353199999999999,7.5904,23,1,mean,equal_duration_50_bins,PASS,,
-tPCytz4rww_12,audio,32,7.5904,7.8276,24,1,mean,equal_duration_50_bins,PASS,,
-tPCytz4rww_12,audio,33,7.8276,8.0648,24,1,mean,equal_duration_50_bins,PASS,,
-tPCytz4rww_12,audio,34,8.0648,8.302,23,1,mean,equal_duration_50_bins,PASS,,
-tPCytz4rww_12,audio,35,8.302,8.5392,24,1,mean,equal_duration_50_bins,PASS,,
-tPCytz4rww_12,audio,36,8.5392,8.7764,24,1,mean,equal_duration_50_bins,PASS,,
-tPCytz4rww_12,audio,37,8.7764,9.013599999999999,24,1,mean,equal_duration_50_bins,PASS,,
-tPCytz4rww_12,audio,38,9.013599999999999,9.2508,23,1,mean,equal_duration_50_bins,PASS,,
-tPCytz4rww_12,audio,39,9.2508,9.488,24,1,mean,equal_duration_50_bins,PASS,,
-tPCytz4rww_12,audio,40,9.488,9.7252,24,1,mean,equal_duration_50_bins,PASS,,
-tPCytz4rww_12,audio,41,9.7252,9.9624,23,1,mean,equal_duration_50_bins,PASS,,
-tPCytz4rww_12,audio,42,9.9624,10.199599999999998,24,1,mean,equal_duration_50_bins,PASS,,
-tPCytz4rww_12,audio,43,10.199599999999998,10.436799999999998,24,1,mean,equal_duration_50_bins,PASS,,
-tPCytz4rww_12,audio,44,10.436799999999998,10.674,24,1,mean,equal_duration_50_bins,PASS,,
-tPCytz4rww_12,audio,45,10.674,10.9112,23,1,mean,equal_duration_50_bins,PASS,,
-tPCytz4rww_12,audio,46,10.9112,11.148399999999999,24,1,mean,equal_duration_50_bins,PASS,,
-tPCytz4rww_12,audio,47,11.148399999999999,11.3856,24,1,mean,equal_duration_50_bins,PASS,,
-tPCytz4rww_12,audio,48,11.3856,11.6228,24,1,mean,equal_duration_50_bins,PASS,,
-tPCytz4rww_12,audio,49,11.6228,11.86,10,1,mean,equal_duration_50_bins,PASS,,
-tPCytz4rww_16,audio,0,0.0,0.1442,14,1,mean,equal_duration_50_bins,PASS,,
-tPCytz4rww_16,audio,1,0.1442,0.2884,14,1,mean,equal_duration_50_bins,PASS,,
-tPCytz4rww_16,audio,2,0.2884,0.4326,15,1,mean,equal_duration_50_bins,PASS,,
-tPCytz4rww_16,audio,3,0.4326,0.5768,14,1,mean,equal_duration_50_bins,PASS,,
-tPCytz4rww_16,audio,4,0.5768,0.721,14,1,mean,equal_duration_50_bins,PASS,,
-tPCytz4rww_16,audio,5,0.721,0.8652,15,1,mean,equal_duration_50_bins,PASS,,
-tPCytz4rww_16,audio,6,0.8652,1.0094,14,1,mean,equal_duration_50_bins,PASS,,
-tPCytz4rww_16,audio,7,1.0094,1.1536,15,1,mean,equal_duration_50_bins,PASS,,
-tPCytz4rww_16,audio,8,1.1536,1.2978,14,1,mean,equal_duration_50_bins,PASS,,
-tPCytz4rww_16,audio,9,1.2978,1.442,14,1,mean,equal_duration_50_bins,PASS,,
-tPCytz4rww_16,audio,10,1.442,1.5862,15,1,mean,equal_duration_50_bins,PASS,,
-tPCytz4rww_16,audio,11,1.5862,1.7304,14,1,mean,equal_duration_50_bins,PASS,,
-tPCytz4rww_16,audio,12,1.7304,1.8746,15,1,mean,equal_duration_50_bins,PASS,,
-tPCytz4rww_16,audio,13,1.8746,2.0188,14,1,mean,equal_duration_50_bins,PASS,,
-tPCytz4rww_16,audio,14,2.0188,2.1630000000000003,15,1,mean,equal_duration_50_bins,PASS,,
-tPCytz4rww_16,audio,15,2.1630000000000003,2.3072,14,1,mean,equal_duration_50_bins,PASS,,
-tPCytz4rww_16,audio,16,2.3072,2.4514,14,1,mean,equal_duration_50_bins,PASS,,
-tPCytz4rww_16,audio,17,2.4514,2.5956,15,1,mean,equal_duration_50_bins,PASS,,
-tPCytz4rww_16,audio,18,2.5956,2.7398000000000002,14,1,mean,equal_duration_50_bins,PASS,,
-tPCytz4rww_16,audio,19,2.7398000000000002,2.884,15,1,mean,equal_duration_50_bins,PASS,,
-tPCytz4rww_16,audio,20,2.884,3.0282,14,1,mean,equal_duration_50_bins,PASS,,
-tPCytz4rww_16,audio,21,3.0282,3.1724,14,1,mean,equal_duration_50_bins,PASS,,
-tPCytz4rww_16,audio,22,3.1724,3.3166,15,1,mean,equal_duration_50_bins,PASS,,
-tPCytz4rww_16,audio,23,3.3166,3.4608,14,1,mean,equal_duration_50_bins,PASS,,
-tPCytz4rww_16,audio,24,3.4608,3.605,15,1,mean,equal_duration_50_bins,PASS,,
-tPCytz4rww_16,audio,25,3.605,3.7492,14,1,mean,equal_duration_50_bins,PASS,,
-tPCytz4rww_16,audio,26,3.7492,3.8933999999999997,15,1,mean,equal_duration_50_bins,PASS,,
-tPCytz4rww_16,audio,27,3.8933999999999997,4.0376,14,1,mean,equal_duration_50_bins,PASS,,
-tPCytz4rww_16,audio,28,4.0376,4.1818,14,1,mean,equal_duration_50_bins,PASS,,
-tPCytz4rww_16,audio,29,4.1818,4.3260000000000005,15,1,mean,equal_duration_50_bins,PASS,,
-tPCytz4rww_16,audio,30,4.3260000000000005,4.4702,14,1,mean,equal_duration_50_bins,PASS,,
-tPCytz4rww_16,audio,31,4.4702,4.6144,15,1,mean,equal_duration_50_bins,PASS,,
-tPCytz4rww_16,audio,32,4.6144,4.7586,14,1,mean,equal_duration_50_bins,PASS,,
-tPCytz4rww_16,audio,33,4.7586,4.9028,15,1,mean,equal_duration_50_bins,PASS,,
-tPCytz4rww_16,audio,34,4.9028,5.047,14,1,mean,equal_duration_50_bins,PASS,,
-tPCytz4rww_16,audio,35,5.047,5.1912,14,1,mean,equal_duration_50_bins,PASS,,
-tPCytz4rww_16,audio,36,5.1912,5.3354,15,1,mean,equal_duration_50_bins,PASS,,
-tPCytz4rww_16,audio,37,5.3354,5.4796000000000005,14,1,mean,equal_duration_50_bins,PASS,,
-tPCytz4rww_16,audio,38,5.4796000000000005,5.6238,15,1,mean,equal_duration_50_bins,PASS,,
-tPCytz4rww_16,audio,39,5.6238,5.768,14,1,mean,equal_duration_50_bins,PASS,,
-tPCytz4rww_16,audio,40,5.768,5.9122,14,1,mean,equal_duration_50_bins,PASS,,
-tPCytz4rww_16,audio,41,5.9122,6.0564,15,1,mean,equal_duration_50_bins,PASS,,
-tPCytz4rww_16,audio,42,6.0564,6.2006,14,1,mean,equal_duration_50_bins,PASS,,
-tPCytz4rww_16,audio,43,6.2006,6.3448,15,1,mean,equal_duration_50_bins,PASS,,
-tPCytz4rww_16,audio,44,6.3448,6.489,14,1,mean,equal_duration_50_bins,PASS,,
-tPCytz4rww_16,audio,45,6.489,6.6332,15,1,mean,equal_duration_50_bins,PASS,,
-tPCytz4rww_16,audio,46,6.6332,6.7774,14,1,mean,equal_duration_50_bins,PASS,,
-tPCytz4rww_16,audio,47,6.7774,6.9216,14,1,mean,equal_duration_50_bins,PASS,,
-tPCytz4rww_16,audio,48,6.9216,7.0658,15,1,mean,equal_duration_50_bins,PASS,,
-tPCytz4rww_16,audio,49,7.0658,7.21,6,1,mean,equal_duration_50_bins,PASS,,
-tPCytz4rww_18,audio,0,0.0,0.1328,13,1,mean,equal_duration_50_bins,PASS,,
-tPCytz4rww_18,audio,1,0.1328,0.2656,13,1,mean,equal_duration_50_bins,PASS,,
-tPCytz4rww_18,audio,2,0.2656,0.3984,13,1,mean,equal_duration_50_bins,PASS,,
-tPCytz4rww_18,audio,3,0.3984,0.5312,13,1,mean,equal_duration_50_bins,PASS,,
-tPCytz4rww_18,audio,4,0.5312,0.6639999999999999,14,1,mean,equal_duration_50_bins,PASS,,
-tPCytz4rww_18,audio,5,0.6639999999999999,0.7968,13,1,mean,equal_duration_50_bins,PASS,,
-tPCytz4rww_18,audio,6,0.7968,0.9296,13,1,mean,equal_duration_50_bins,PASS,,
-tPCytz4rww_18,audio,7,0.9296,1.0624,13,1,mean,equal_duration_50_bins,PASS,,
-tPCytz4rww_18,audio,8,1.0624,1.1952,14,1,mean,equal_duration_50_bins,PASS,,
-tPCytz4rww_18,audio,9,1.1952,1.3279999999999998,13,1,mean,equal_duration_50_bins,PASS,,
-tPCytz4rww_18,audio,10,1.3279999999999998,1.4607999999999999,13,1,mean,equal_duration_50_bins,PASS,,
-tPCytz4rww_18,audio,11,1.4607999999999999,1.5936,14,1,mean,equal_duration_50_bins,PASS,,
-tPCytz4rww_18,audio,12,1.5936,1.7264,13,1,mean,equal_duration_50_bins,PASS,,
-tPCytz4rww_18,audio,13,1.7264,1.8592,13,1,mean,equal_duration_50_bins,PASS,,
-tPCytz4rww_18,audio,14,1.8592,1.992,13,1,mean,equal_duration_50_bins,PASS,,
-tPCytz4rww_18,audio,15,1.992,2.1248,14,1,mean,equal_duration_50_bins,PASS,,
-tPCytz4rww_18,audio,16,2.1248,2.2576,13,1,mean,equal_duration_50_bins,PASS,,
-tPCytz4rww_18,audio,17,2.2576,2.3904,13,1,mean,equal_duration_50_bins,PASS,,
-tPCytz4rww_18,audio,18,2.3904,2.5232,14,1,mean,equal_duration_50_bins,PASS,,
-tPCytz4rww_18,audio,19,2.5232,2.6559999999999997,13,1,mean,equal_duration_50_bins,PASS,,
-tPCytz4rww_18,audio,20,2.6559999999999997,2.7888,13,1,mean,equal_duration_50_bins,PASS,,
-tPCytz4rww_18,audio,21,2.7888,2.9215999999999998,13,1,mean,equal_duration_50_bins,PASS,,
-tPCytz4rww_18,audio,22,2.9215999999999998,3.0544,14,1,mean,equal_duration_50_bins,PASS,,
-tPCytz4rww_18,audio,23,3.0544,3.1872,13,1,mean,equal_duration_50_bins,PASS,,
-tPCytz4rww_18,audio,24,3.1872,3.32,13,1,mean,equal_duration_50_bins,PASS,,
-tPCytz4rww_18,audio,25,3.32,3.4528,14,1,mean,equal_duration_50_bins,PASS,,
-tPCytz4rww_18,audio,26,3.4528,3.5856,13,1,mean,equal_duration_50_bins,PASS,,
-tPCytz4rww_18,audio,27,3.5856,3.7184,13,1,mean,equal_duration_50_bins,PASS,,
-tPCytz4rww_18,audio,28,3.7184,3.8512,13,1,mean,equal_duration_50_bins,PASS,,
-tPCytz4rww_18,audio,29,3.8512,3.984,14,1,mean,equal_duration_50_bins,PASS,,
-tPCytz4rww_18,audio,30,3.984,4.1168000000000005,13,1,mean,equal_duration_50_bins,PASS,,
-tPCytz4rww_18,audio,31,4.1168000000000005,4.2496,13,1,mean,equal_duration_50_bins,PASS,,
-tPCytz4rww_18,audio,32,4.2496,4.3824,13,1,mean,equal_duration_50_bins,PASS,,
-tPCytz4rww_18,audio,33,4.3824,4.5152,14,1,mean,equal_duration_50_bins,PASS,,
-tPCytz4rww_18,audio,34,4.5152,4.648,13,1,mean,equal_duration_50_bins,PASS,,
-tPCytz4rww_18,audio,35,4.648,4.7808,13,1,mean,equal_duration_50_bins,PASS,,
-tPCytz4rww_18,audio,36,4.7808,4.9136,14,1,mean,equal_duration_50_bins,PASS,,
-tPCytz4rww_18,audio,37,4.9136,5.0464,13,1,mean,equal_duration_50_bins,PASS,,
-tPCytz4rww_18,audio,38,5.0464,5.1792,13,1,mean,equal_duration_50_bins,PASS,,
-tPCytz4rww_18,audio,39,5.1792,5.311999999999999,13,1,mean,equal_duration_50_bins,PASS,,
-tPCytz4rww_18,audio,40,5.311999999999999,5.4448,14,1,mean,equal_duration_50_bins,PASS,,
-tPCytz4rww_18,audio,41,5.4448,5.5776,13,1,mean,equal_duration_50_bins,PASS,,
-tPCytz4rww_18,audio,42,5.5776,5.7104,13,1,mean,equal_duration_50_bins,PASS,,
-tPCytz4rww_18,audio,43,5.7104,5.8431999999999995,14,1,mean,equal_duration_50_bins,PASS,,
-tPCytz4rww_18,audio,44,5.8431999999999995,5.976,13,1,mean,equal_duration_50_bins,PASS,,
-tPCytz4rww_18,audio,45,5.976,6.1088,13,1,mean,equal_duration_50_bins,PASS,,
-tPCytz4rww_18,audio,46,6.1088,6.2416,13,1,mean,equal_duration_50_bins,PASS,,
-tPCytz4rww_18,audio,47,6.2416,6.3744,14,1,mean,equal_duration_50_bins,PASS,,
-tPCytz4rww_18,audio,48,6.3744,6.507199999999999,13,1,mean,equal_duration_50_bins,PASS,,
-tPCytz4rww_18,audio,49,6.507199999999999,6.64,5,1,mean,equal_duration_50_bins,PASS,,
-vxjVxOeScU_4,audio,0,0.0,0.1826,18,1,mean,equal_duration_50_bins,PASS,,
-vxjVxOeScU_4,audio,1,0.1826,0.3652,18,1,mean,equal_duration_50_bins,PASS,,
-vxjVxOeScU_4,audio,2,0.3652,0.5478000000000001,18,1,mean,equal_duration_50_bins,PASS,,
-vxjVxOeScU_4,audio,3,0.5478000000000001,0.7304,18,1,mean,equal_duration_50_bins,PASS,,
-vxjVxOeScU_4,audio,4,0.7304,0.9130000000000001,19,1,mean,equal_duration_50_bins,PASS,,
-vxjVxOeScU_4,audio,5,0.9130000000000001,1.0956000000000001,18,1,mean,equal_duration_50_bins,PASS,,
-vxjVxOeScU_4,audio,6,1.0956000000000001,1.2782,18,1,mean,equal_duration_50_bins,PASS,,
-vxjVxOeScU_4,audio,7,1.2782,1.4608,18,1,mean,equal_duration_50_bins,PASS,,
-vxjVxOeScU_4,audio,8,1.4608,1.6434,19,1,mean,equal_duration_50_bins,PASS,,
-vxjVxOeScU_4,audio,9,1.6434,1.8260000000000003,18,1,mean,equal_duration_50_bins,PASS,,
-vxjVxOeScU_4,audio,10,1.8260000000000003,2.0086,18,1,mean,equal_duration_50_bins,PASS,,
-vxjVxOeScU_4,audio,11,2.0086,2.1912000000000003,18,1,mean,equal_duration_50_bins,PASS,,
-vxjVxOeScU_4,audio,12,2.1912000000000003,2.3738,19,1,mean,equal_duration_50_bins,PASS,,
-vxjVxOeScU_4,audio,13,2.3738,2.5564,18,1,mean,equal_duration_50_bins,PASS,,
-vxjVxOeScU_4,audio,14,2.5564,2.7390000000000003,18,1,mean,equal_duration_50_bins,PASS,,
-vxjVxOeScU_4,audio,15,2.7390000000000003,2.9216,18,1,mean,equal_duration_50_bins,PASS,,
-vxjVxOeScU_4,audio,16,2.9216,3.1042,19,1,mean,equal_duration_50_bins,PASS,,
-vxjVxOeScU_4,audio,17,3.1042,3.2868,18,1,mean,equal_duration_50_bins,PASS,,
-vxjVxOeScU_4,audio,18,3.2868,3.4694000000000007,18,1,mean,equal_duration_50_bins,PASS,,
-vxjVxOeScU_4,audio,19,3.4694000000000007,3.6520000000000006,18,1,mean,equal_duration_50_bins,PASS,,
-vxjVxOeScU_4,audio,20,3.6520000000000006,3.8346000000000005,19,1,mean,equal_duration_50_bins,PASS,,
-vxjVxOeScU_4,audio,21,3.8346000000000005,4.0172,18,1,mean,equal_duration_50_bins,PASS,,
-vxjVxOeScU_4,audio,22,4.0172,4.1998,18,1,mean,equal_duration_50_bins,PASS,,
-vxjVxOeScU_4,audio,23,4.1998,4.3824000000000005,18,1,mean,equal_duration_50_bins,PASS,,
-vxjVxOeScU_4,audio,24,4.3824000000000005,4.565,19,1,mean,equal_duration_50_bins,PASS,,
-vxjVxOeScU_4,audio,25,4.565,4.7476,18,1,mean,equal_duration_50_bins,PASS,,
-vxjVxOeScU_4,audio,26,4.7476,4.9302,18,1,mean,equal_duration_50_bins,PASS,,
-vxjVxOeScU_4,audio,27,4.9302,5.1128,19,1,mean,equal_duration_50_bins,PASS,,
-vxjVxOeScU_4,audio,28,5.1128,5.295400000000001,18,1,mean,equal_duration_50_bins,PASS,,
-vxjVxOeScU_4,audio,29,5.295400000000001,5.478000000000001,18,1,mean,equal_duration_50_bins,PASS,,
-vxjVxOeScU_4,audio,30,5.478000000000001,5.6606000000000005,18,1,mean,equal_duration_50_bins,PASS,,
-vxjVxOeScU_4,audio,31,5.6606000000000005,5.8432,19,1,mean,equal_duration_50_bins,PASS,,
-vxjVxOeScU_4,audio,32,5.8432,6.0258,18,1,mean,equal_duration_50_bins,PASS,,
-vxjVxOeScU_4,audio,33,6.0258,6.2084,18,1,mean,equal_duration_50_bins,PASS,,
-vxjVxOeScU_4,audio,34,6.2084,6.391,18,1,mean,equal_duration_50_bins,PASS,,
-vxjVxOeScU_4,audio,35,6.391,6.5736,19,1,mean,equal_duration_50_bins,PASS,,
-vxjVxOeScU_4,audio,36,6.5736,6.7562,18,1,mean,equal_duration_50_bins,PASS,,
-vxjVxOeScU_4,audio,37,6.7562,6.938800000000001,18,1,mean,equal_duration_50_bins,PASS,,
-vxjVxOeScU_4,audio,38,6.938800000000001,7.121400000000001,18,1,mean,equal_duration_50_bins,PASS,,
-vxjVxOeScU_4,audio,39,7.121400000000001,7.304000000000001,19,1,mean,equal_duration_50_bins,PASS,,
-vxjVxOeScU_4,audio,40,7.304000000000001,7.486600000000001,18,1,mean,equal_duration_50_bins,PASS,,
-vxjVxOeScU_4,audio,41,7.486600000000001,7.669200000000001,18,1,mean,equal_duration_50_bins,PASS,,
-vxjVxOeScU_4,audio,42,7.669200000000001,7.851800000000001,18,1,mean,equal_duration_50_bins,PASS,,
-vxjVxOeScU_4,audio,43,7.851800000000001,8.0344,19,1,mean,equal_duration_50_bins,PASS,,
-vxjVxOeScU_4,audio,44,8.0344,8.217,18,1,mean,equal_duration_50_bins,PASS,,
-vxjVxOeScU_4,audio,45,8.217,8.3996,18,1,mean,equal_duration_50_bins,PASS,,
-vxjVxOeScU_4,audio,46,8.3996,8.5822,18,1,mean,equal_duration_50_bins,PASS,,
-vxjVxOeScU_4,audio,47,8.5822,8.764800000000001,19,1,mean,equal_duration_50_bins,PASS,,
-vxjVxOeScU_4,audio,48,8.764800000000001,8.947400000000002,18,1,mean,equal_duration_50_bins,PASS,,
-vxjVxOeScU_4,audio,49,8.947400000000002,9.13,8,1,mean,equal_duration_50_bins,PASS,,
-wMB_hJL-3o_7,audio,0,0.0,0.1208,11,1,mean,equal_duration_50_bins,PASS,,
-wMB_hJL-3o_7,audio,1,0.1208,0.2416,12,1,mean,equal_duration_50_bins,PASS,,
-wMB_hJL-3o_7,audio,2,0.2416,0.3624,12,1,mean,equal_duration_50_bins,PASS,,
-wMB_hJL-3o_7,audio,3,0.3624,0.4832,13,1,mean,equal_duration_50_bins,PASS,,
-wMB_hJL-3o_7,audio,4,0.4832,0.604,12,1,mean,equal_duration_50_bins,PASS,,
-wMB_hJL-3o_7,audio,5,0.604,0.7248,12,1,mean,equal_duration_50_bins,PASS,,
-wMB_hJL-3o_7,audio,6,0.7248,0.8456,12,1,mean,equal_duration_50_bins,PASS,,
-wMB_hJL-3o_7,audio,7,0.8456,0.9664,12,1,mean,equal_duration_50_bins,PASS,,
-wMB_hJL-3o_7,audio,8,0.9664,1.0872,12,1,mean,equal_duration_50_bins,PASS,,
-wMB_hJL-3o_7,audio,9,1.0872,1.208,12,1,mean,equal_duration_50_bins,PASS,,
-wMB_hJL-3o_7,audio,10,1.208,1.3288,12,1,mean,equal_duration_50_bins,PASS,,
-wMB_hJL-3o_7,audio,11,1.3288,1.4496,12,1,mean,equal_duration_50_bins,PASS,,
-wMB_hJL-3o_7,audio,12,1.4496,1.5704,12,1,mean,equal_duration_50_bins,PASS,,
-wMB_hJL-3o_7,audio,13,1.5704,1.6912,12,1,mean,equal_duration_50_bins,PASS,,
-wMB_hJL-3o_7,audio,14,1.6912,1.8119999999999998,12,1,mean,equal_duration_50_bins,PASS,,
-wMB_hJL-3o_7,audio,15,1.8119999999999998,1.9328,13,1,mean,equal_duration_50_bins,PASS,,
-wMB_hJL-3o_7,audio,16,1.9328,2.0536000000000003,12,1,mean,equal_duration_50_bins,PASS,,
-wMB_hJL-3o_7,audio,17,2.0536000000000003,2.1744,12,1,mean,equal_duration_50_bins,PASS,,
-wMB_hJL-3o_7,audio,18,2.1744,2.2952,12,1,mean,equal_duration_50_bins,PASS,,
-wMB_hJL-3o_7,audio,19,2.2952,2.416,12,1,mean,equal_duration_50_bins,PASS,,
-wMB_hJL-3o_7,audio,20,2.416,2.5368,12,1,mean,equal_duration_50_bins,PASS,,
-wMB_hJL-3o_7,audio,21,2.5368,2.6576,12,1,mean,equal_duration_50_bins,PASS,,
-wMB_hJL-3o_7,audio,22,2.6576,2.7783999999999995,12,1,mean,equal_duration_50_bins,PASS,,
-wMB_hJL-3o_7,audio,23,2.7783999999999995,2.8992,12,1,mean,equal_duration_50_bins,PASS,,
-wMB_hJL-3o_7,audio,24,2.8992,3.02,12,1,mean,equal_duration_50_bins,PASS,,
-wMB_hJL-3o_7,audio,25,3.02,3.1408,12,1,mean,equal_duration_50_bins,PASS,,
-wMB_hJL-3o_7,audio,26,3.1408,3.2616,12,1,mean,equal_duration_50_bins,PASS,,
-wMB_hJL-3o_7,audio,27,3.2616,3.3824,12,1,mean,equal_duration_50_bins,PASS,,
-wMB_hJL-3o_7,audio,28,3.3824,3.5032,13,1,mean,equal_duration_50_bins,PASS,,
-wMB_hJL-3o_7,audio,29,3.5032,3.6239999999999997,12,1,mean,equal_duration_50_bins,PASS,,
-wMB_hJL-3o_7,audio,30,3.6239999999999997,3.7448,12,1,mean,equal_duration_50_bins,PASS,,
-wMB_hJL-3o_7,audio,31,3.7448,3.8656,12,1,mean,equal_duration_50_bins,PASS,,
-wMB_hJL-3o_7,audio,32,3.8656,3.9863999999999997,12,1,mean,equal_duration_50_bins,PASS,,
-wMB_hJL-3o_7,audio,33,3.9863999999999997,4.107200000000001,12,1,mean,equal_duration_50_bins,PASS,,
-wMB_hJL-3o_7,audio,34,4.107200000000001,4.228,12,1,mean,equal_duration_50_bins,PASS,,
-wMB_hJL-3o_7,audio,35,4.228,4.3488,12,1,mean,equal_duration_50_bins,PASS,,
-wMB_hJL-3o_7,audio,36,4.3488,4.4696,12,1,mean,equal_duration_50_bins,PASS,,
-wMB_hJL-3o_7,audio,37,4.4696,4.5904,12,1,mean,equal_duration_50_bins,PASS,,
-wMB_hJL-3o_7,audio,38,4.5904,4.7112,12,1,mean,equal_duration_50_bins,PASS,,
-wMB_hJL-3o_7,audio,39,4.7112,4.832,12,1,mean,equal_duration_50_bins,PASS,,
-wMB_hJL-3o_7,audio,40,4.832,4.9528,13,1,mean,equal_duration_50_bins,PASS,,
-wMB_hJL-3o_7,audio,41,4.9528,5.0736,12,1,mean,equal_duration_50_bins,PASS,,
-wMB_hJL-3o_7,audio,42,5.0736,5.194400000000001,12,1,mean,equal_duration_50_bins,PASS,,
-wMB_hJL-3o_7,audio,43,5.194400000000001,5.3152,12,1,mean,equal_duration_50_bins,PASS,,
-wMB_hJL-3o_7,audio,44,5.3152,5.436,12,1,mean,equal_duration_50_bins,PASS,,
-wMB_hJL-3o_7,audio,45,5.436,5.556799999999999,12,1,mean,equal_duration_50_bins,PASS,,
-wMB_hJL-3o_7,audio,46,5.556799999999999,5.6776,12,1,mean,equal_duration_50_bins,PASS,,
-wMB_hJL-3o_7,audio,47,5.6776,5.7984,12,1,mean,equal_duration_50_bins,PASS,,
-wMB_hJL-3o_7,audio,48,5.7984,5.9192,12,1,mean,equal_duration_50_bins,PASS,,
-wMB_hJL-3o_7,audio,49,5.9192,6.04,5,1,mean,equal_duration_50_bins,PASS,,
-wny0OAz3g8_1,audio,0,0.0,0.1368,13,1,mean,equal_duration_50_bins,PASS,,
-wny0OAz3g8_1,audio,1,0.1368,0.2736,14,1,mean,equal_duration_50_bins,PASS,,
-wny0OAz3g8_1,audio,2,0.2736,0.4104,13,1,mean,equal_duration_50_bins,PASS,,
-wny0OAz3g8_1,audio,3,0.4104,0.5472,14,1,mean,equal_duration_50_bins,PASS,,
-wny0OAz3g8_1,audio,4,0.5472,0.684,14,1,mean,equal_duration_50_bins,PASS,,
-wny0OAz3g8_1,audio,5,0.684,0.8208,13,1,mean,equal_duration_50_bins,PASS,,
-wny0OAz3g8_1,audio,6,0.8208,0.9575999999999999,14,1,mean,equal_duration_50_bins,PASS,,
-wny0OAz3g8_1,audio,7,0.9575999999999999,1.0944,14,1,mean,equal_duration_50_bins,PASS,,
-wny0OAz3g8_1,audio,8,1.0944,1.2312,13,1,mean,equal_duration_50_bins,PASS,,
-wny0OAz3g8_1,audio,9,1.2312,1.368,14,1,mean,equal_duration_50_bins,PASS,,
-wny0OAz3g8_1,audio,10,1.368,1.5048,14,1,mean,equal_duration_50_bins,PASS,,
-wny0OAz3g8_1,audio,11,1.5048,1.6416,13,1,mean,equal_duration_50_bins,PASS,,
-wny0OAz3g8_1,audio,12,1.6416,1.7784,14,1,mean,equal_duration_50_bins,PASS,,
-wny0OAz3g8_1,audio,13,1.7784,1.9151999999999998,14,1,mean,equal_duration_50_bins,PASS,,
-wny0OAz3g8_1,audio,14,1.9151999999999998,2.052,13,1,mean,equal_duration_50_bins,PASS,,
-wny0OAz3g8_1,audio,15,2.052,2.1888,14,1,mean,equal_duration_50_bins,PASS,,
-wny0OAz3g8_1,audio,16,2.1888,2.3256,14,1,mean,equal_duration_50_bins,PASS,,
-wny0OAz3g8_1,audio,17,2.3256,2.4624,13,1,mean,equal_duration_50_bins,PASS,,
-wny0OAz3g8_1,audio,18,2.4624,2.5992,14,1,mean,equal_duration_50_bins,PASS,,
-wny0OAz3g8_1,audio,19,2.5992,2.736,14,1,mean,equal_duration_50_bins,PASS,,
-wny0OAz3g8_1,audio,20,2.736,2.8728,14,1,mean,equal_duration_50_bins,PASS,,
-wny0OAz3g8_1,audio,21,2.8728,3.0096,13,1,mean,equal_duration_50_bins,PASS,,
-wny0OAz3g8_1,audio,22,3.0096,3.1464,14,1,mean,equal_duration_50_bins,PASS,,
-wny0OAz3g8_1,audio,23,3.1464,3.2832,14,1,mean,equal_duration_50_bins,PASS,,
-wny0OAz3g8_1,audio,24,3.2832,3.42,13,1,mean,equal_duration_50_bins,PASS,,
-wny0OAz3g8_1,audio,25,3.42,3.5568,14,1,mean,equal_duration_50_bins,PASS,,
-wny0OAz3g8_1,audio,26,3.5568,3.6936,14,1,mean,equal_duration_50_bins,PASS,,
-wny0OAz3g8_1,audio,27,3.6936,3.8303999999999996,13,1,mean,equal_duration_50_bins,PASS,,
-wny0OAz3g8_1,audio,28,3.8303999999999996,3.9671999999999996,14,1,mean,equal_duration_50_bins,PASS,,
-wny0OAz3g8_1,audio,29,3.9671999999999996,4.104,14,1,mean,equal_duration_50_bins,PASS,,
-wny0OAz3g8_1,audio,30,4.104,4.2408,13,1,mean,equal_duration_50_bins,PASS,,
-wny0OAz3g8_1,audio,31,4.2408,4.3776,14,1,mean,equal_duration_50_bins,PASS,,
-wny0OAz3g8_1,audio,32,4.3776,4.5144,14,1,mean,equal_duration_50_bins,PASS,,
-wny0OAz3g8_1,audio,33,4.5144,4.6512,13,1,mean,equal_duration_50_bins,PASS,,
-wny0OAz3g8_1,audio,34,4.6512,4.788,14,1,mean,equal_duration_50_bins,PASS,,
-wny0OAz3g8_1,audio,35,4.788,4.9248,14,1,mean,equal_duration_50_bins,PASS,,
-wny0OAz3g8_1,audio,36,4.9248,5.061599999999999,13,1,mean,equal_duration_50_bins,PASS,,
-wny0OAz3g8_1,audio,37,5.061599999999999,5.1984,14,1,mean,equal_duration_50_bins,PASS,,
-wny0OAz3g8_1,audio,38,5.1984,5.3351999999999995,14,1,mean,equal_duration_50_bins,PASS,,
-wny0OAz3g8_1,audio,39,5.3351999999999995,5.472,13,1,mean,equal_duration_50_bins,PASS,,
-wny0OAz3g8_1,audio,40,5.472,5.6088,14,1,mean,equal_duration_50_bins,PASS,,
-wny0OAz3g8_1,audio,41,5.6088,5.7456,14,1,mean,equal_duration_50_bins,PASS,,
-wny0OAz3g8_1,audio,42,5.7456,5.8824000000000005,13,1,mean,equal_duration_50_bins,PASS,,
-wny0OAz3g8_1,audio,43,5.8824000000000005,6.0192,14,1,mean,equal_duration_50_bins,PASS,,
-wny0OAz3g8_1,audio,44,6.0192,6.156000000000001,14,1,mean,equal_duration_50_bins,PASS,,
-wny0OAz3g8_1,audio,45,6.156000000000001,6.2928,14,1,mean,equal_duration_50_bins,PASS,,
-wny0OAz3g8_1,audio,46,6.2928,6.429600000000001,13,1,mean,equal_duration_50_bins,PASS,,
-wny0OAz3g8_1,audio,47,6.429600000000001,6.5664,14,1,mean,equal_duration_50_bins,PASS,,
-wny0OAz3g8_1,audio,48,6.5664,6.703199999999999,14,1,mean,equal_duration_50_bins,PASS,,
-wny0OAz3g8_1,audio,49,6.703199999999999,6.84,6,1,mean,equal_duration_50_bins,PASS,,
-wny0OAz3g8_0,audio,0,0.0,0.0666,6,1,mean,equal_duration_50_bins,PASS,,
-wny0OAz3g8_0,audio,1,0.0666,0.1332,7,1,mean,equal_duration_50_bins,PASS,,
-wny0OAz3g8_0,audio,2,0.1332,0.1998,6,1,mean,equal_duration_50_bins,PASS,,
-wny0OAz3g8_0,audio,3,0.1998,0.2664,7,1,mean,equal_duration_50_bins,PASS,,
-wny0OAz3g8_0,audio,4,0.2664,0.33299999999999996,7,1,mean,equal_duration_50_bins,PASS,,
-wny0OAz3g8_0,audio,5,0.33299999999999996,0.3996,6,1,mean,equal_duration_50_bins,PASS,,
-wny0OAz3g8_0,audio,6,0.3996,0.46620000000000006,7,1,mean,equal_duration_50_bins,PASS,,
-wny0OAz3g8_0,audio,7,0.46620000000000006,0.5328,7,1,mean,equal_duration_50_bins,PASS,,
-wny0OAz3g8_0,audio,8,0.5328,0.5993999999999999,6,1,mean,equal_duration_50_bins,PASS,,
-wny0OAz3g8_0,audio,9,0.5993999999999999,0.6659999999999999,7,1,mean,equal_duration_50_bins,PASS,,
-wny0OAz3g8_0,audio,10,0.6659999999999999,0.7326,7,1,mean,equal_duration_50_bins,PASS,,
-wny0OAz3g8_0,audio,11,0.7326,0.7992,6,1,mean,equal_duration_50_bins,PASS,,
-wny0OAz3g8_0,audio,12,0.7992,0.8658,7,1,mean,equal_duration_50_bins,PASS,,
-wny0OAz3g8_0,audio,13,0.8658,0.9324000000000001,6,1,mean,equal_duration_50_bins,PASS,,
-wny0OAz3g8_0,audio,14,0.9324000000000001,0.9990000000000001,7,1,mean,equal_duration_50_bins,PASS,,
-wny0OAz3g8_0,audio,15,0.9990000000000001,1.0656,7,1,mean,equal_duration_50_bins,PASS,,
-wny0OAz3g8_0,audio,16,1.0656,1.1322,6,1,mean,equal_duration_50_bins,PASS,,
-wny0OAz3g8_0,audio,17,1.1322,1.1987999999999999,7,1,mean,equal_duration_50_bins,PASS,,
-wny0OAz3g8_0,audio,18,1.1987999999999999,1.2654,7,1,mean,equal_duration_50_bins,PASS,,
-wny0OAz3g8_0,audio,19,1.2654,1.3319999999999999,6,1,mean,equal_duration_50_bins,PASS,,
-wny0OAz3g8_0,audio,20,1.3319999999999999,1.3986,7,1,mean,equal_duration_50_bins,PASS,,
-wny0OAz3g8_0,audio,21,1.3986,1.4652,7,1,mean,equal_duration_50_bins,PASS,,
-wny0OAz3g8_0,audio,22,1.4652,1.5318,6,1,mean,equal_duration_50_bins,PASS,,
-wny0OAz3g8_0,audio,23,1.5318,1.5984,7,1,mean,equal_duration_50_bins,PASS,,
-wny0OAz3g8_0,audio,24,1.5984,1.665,7,1,mean,equal_duration_50_bins,PASS,,
-wny0OAz3g8_0,audio,25,1.665,1.7316,6,1,mean,equal_duration_50_bins,PASS,,
-wny0OAz3g8_0,audio,26,1.7316,1.7982,7,1,mean,equal_duration_50_bins,PASS,,
-wny0OAz3g8_0,audio,27,1.7982,1.8648000000000002,7,1,mean,equal_duration_50_bins,PASS,,
-wny0OAz3g8_0,audio,28,1.8648000000000002,1.9314000000000002,6,1,mean,equal_duration_50_bins,PASS,,
-wny0OAz3g8_0,audio,29,1.9314000000000002,1.9980000000000002,7,1,mean,equal_duration_50_bins,PASS,,
-wny0OAz3g8_0,audio,30,1.9980000000000002,2.0646,7,1,mean,equal_duration_50_bins,PASS,,
-wny0OAz3g8_0,audio,31,2.0646,2.1312,6,1,mean,equal_duration_50_bins,PASS,,
-wny0OAz3g8_0,audio,32,2.1312,2.1978,7,1,mean,equal_duration_50_bins,PASS,,
-wny0OAz3g8_0,audio,33,2.1978,2.2644,7,1,mean,equal_duration_50_bins,PASS,,
-wny0OAz3g8_0,audio,34,2.2644,2.331,6,1,mean,equal_duration_50_bins,PASS,,
-wny0OAz3g8_0,audio,35,2.331,2.3975999999999997,7,1,mean,equal_duration_50_bins,PASS,,
-wny0OAz3g8_0,audio,36,2.3975999999999997,2.4642,7,1,mean,equal_duration_50_bins,PASS,,
-wny0OAz3g8_0,audio,37,2.4642,2.5308,6,1,mean,equal_duration_50_bins,PASS,,
-wny0OAz3g8_0,audio,38,2.5308,2.5974,7,1,mean,equal_duration_50_bins,PASS,,
-wny0OAz3g8_0,audio,39,2.5974,2.6639999999999997,7,1,mean,equal_duration_50_bins,PASS,,
-wny0OAz3g8_0,audio,40,2.6639999999999997,2.7306,6,1,mean,equal_duration_50_bins,PASS,,
-wny0OAz3g8_0,audio,41,2.7306,2.7972,7,1,mean,equal_duration_50_bins,PASS,,
-wny0OAz3g8_0,audio,42,2.7972,2.8638,7,1,mean,equal_duration_50_bins,PASS,,
-wny0OAz3g8_0,audio,43,2.8638,2.9304,6,1,mean,equal_duration_50_bins,PASS,,
-wny0OAz3g8_0,audio,44,2.9304,2.997,7,1,mean,equal_duration_50_bins,PASS,,
-wny0OAz3g8_0,audio,45,2.997,3.0636,7,1,mean,equal_duration_50_bins,PASS,,
-wny0OAz3g8_0,audio,46,3.0636,3.1302,6,1,mean,equal_duration_50_bins,PASS,,
-wny0OAz3g8_0,audio,47,3.1302,3.1968,7,1,mean,equal_duration_50_bins,PASS,,
-wny0OAz3g8_0,audio,48,3.1968,3.2634000000000003,6,1,mean,equal_duration_50_bins,PASS,,
-wny0OAz3g8_0,audio,49,3.2634000000000003,3.33,0,0,mean,equal_duration_50_bins,PASS,,
-wny0OAz3g8_3,audio,0,0.0,0.12300000000000001,12,1,mean,equal_duration_50_bins,PASS,,
-wny0OAz3g8_3,audio,1,0.12300000000000001,0.24600000000000002,12,1,mean,equal_duration_50_bins,PASS,,
-wny0OAz3g8_3,audio,2,0.24600000000000002,0.36900000000000005,12,1,mean,equal_duration_50_bins,PASS,,
-wny0OAz3g8_3,audio,3,0.36900000000000005,0.49200000000000005,12,1,mean,equal_duration_50_bins,PASS,,
-wny0OAz3g8_3,audio,4,0.49200000000000005,0.615,13,1,mean,equal_duration_50_bins,PASS,,
-wny0OAz3g8_3,audio,5,0.615,0.7380000000000001,12,1,mean,equal_duration_50_bins,PASS,,
-wny0OAz3g8_3,audio,6,0.7380000000000001,0.8610000000000001,12,1,mean,equal_duration_50_bins,PASS,,
-wny0OAz3g8_3,audio,7,0.8610000000000001,0.9840000000000001,13,1,mean,equal_duration_50_bins,PASS,,
-wny0OAz3g8_3,audio,8,0.9840000000000001,1.107,12,1,mean,equal_duration_50_bins,PASS,,
-wny0OAz3g8_3,audio,9,1.107,1.23,12,1,mean,equal_duration_50_bins,PASS,,
-wny0OAz3g8_3,audio,10,1.23,1.3530000000000002,13,1,mean,equal_duration_50_bins,PASS,,
-wny0OAz3g8_3,audio,11,1.3530000000000002,1.4760000000000002,12,1,mean,equal_duration_50_bins,PASS,,
-wny0OAz3g8_3,audio,12,1.4760000000000002,1.599,12,1,mean,equal_duration_50_bins,PASS,,
-wny0OAz3g8_3,audio,13,1.599,1.7220000000000002,12,1,mean,equal_duration_50_bins,PASS,,
-wny0OAz3g8_3,audio,14,1.7220000000000002,1.845,13,1,mean,equal_duration_50_bins,PASS,,
-wny0OAz3g8_3,audio,15,1.845,1.9680000000000002,12,1,mean,equal_duration_50_bins,PASS,,
-wny0OAz3g8_3,audio,16,1.9680000000000002,2.091,12,1,mean,equal_duration_50_bins,PASS,,
-wny0OAz3g8_3,audio,17,2.091,2.214,13,1,mean,equal_duration_50_bins,PASS,,
-wny0OAz3g8_3,audio,18,2.214,2.337,12,1,mean,equal_duration_50_bins,PASS,,
-wny0OAz3g8_3,audio,19,2.337,2.46,12,1,mean,equal_duration_50_bins,PASS,,
-wny0OAz3g8_3,audio,20,2.46,2.583,13,1,mean,equal_duration_50_bins,PASS,,
-wny0OAz3g8_3,audio,21,2.583,2.7060000000000004,12,1,mean,equal_duration_50_bins,PASS,,
-wny0OAz3g8_3,audio,22,2.7060000000000004,2.829,12,1,mean,equal_duration_50_bins,PASS,,
-wny0OAz3g8_3,audio,23,2.829,2.9520000000000004,12,1,mean,equal_duration_50_bins,PASS,,
-wny0OAz3g8_3,audio,24,2.9520000000000004,3.075,13,1,mean,equal_duration_50_bins,PASS,,
-wny0OAz3g8_3,audio,25,3.075,3.198,12,1,mean,equal_duration_50_bins,PASS,,
-wny0OAz3g8_3,audio,26,3.198,3.321,12,1,mean,equal_duration_50_bins,PASS,,
-wny0OAz3g8_3,audio,27,3.321,3.4440000000000004,13,1,mean,equal_duration_50_bins,PASS,,
-wny0OAz3g8_3,audio,28,3.4440000000000004,3.5670000000000006,12,1,mean,equal_duration_50_bins,PASS,,
-wny0OAz3g8_3,audio,29,3.5670000000000006,3.69,12,1,mean,equal_duration_50_bins,PASS,,
-wny0OAz3g8_3,audio,30,3.69,3.813,13,1,mean,equal_duration_50_bins,PASS,,
-wny0OAz3g8_3,audio,31,3.813,3.9360000000000004,12,1,mean,equal_duration_50_bins,PASS,,
-wny0OAz3g8_3,audio,32,3.9360000000000004,4.059,12,1,mean,equal_duration_50_bins,PASS,,
-wny0OAz3g8_3,audio,33,4.059,4.182,12,1,mean,equal_duration_50_bins,PASS,,
-wny0OAz3g8_3,audio,34,4.182,4.305,13,1,mean,equal_duration_50_bins,PASS,,
-wny0OAz3g8_3,audio,35,4.305,4.428,12,1,mean,equal_duration_50_bins,PASS,,
-wny0OAz3g8_3,audio,36,4.428,4.551,12,1,mean,equal_duration_50_bins,PASS,,
-wny0OAz3g8_3,audio,37,4.551,4.674,13,1,mean,equal_duration_50_bins,PASS,,
-wny0OAz3g8_3,audio,38,4.674,4.797000000000001,12,1,mean,equal_duration_50_bins,PASS,,
-wny0OAz3g8_3,audio,39,4.797000000000001,4.92,12,1,mean,equal_duration_50_bins,PASS,,
-wny0OAz3g8_3,audio,40,4.92,5.043,13,1,mean,equal_duration_50_bins,PASS,,
-wny0OAz3g8_3,audio,41,5.043,5.166,12,1,mean,equal_duration_50_bins,PASS,,
-wny0OAz3g8_3,audio,42,5.166,5.289,12,1,mean,equal_duration_50_bins,PASS,,
-wny0OAz3g8_3,audio,43,5.289,5.412000000000001,12,1,mean,equal_duration_50_bins,PASS,,
-wny0OAz3g8_3,audio,44,5.412000000000001,5.535,13,1,mean,equal_duration_50_bins,PASS,,
-wny0OAz3g8_3,audio,45,5.535,5.658,12,1,mean,equal_duration_50_bins,PASS,,
-wny0OAz3g8_3,audio,46,5.658,5.781000000000001,12,1,mean,equal_duration_50_bins,PASS,,
-wny0OAz3g8_3,audio,47,5.781000000000001,5.904000000000001,13,1,mean,equal_duration_50_bins,PASS,,
-wny0OAz3g8_3,audio,48,5.904000000000001,6.027,12,1,mean,equal_duration_50_bins,PASS,,
-wny0OAz3g8_3,audio,49,6.027,6.15,6,1,mean,equal_duration_50_bins,PASS,,
-wny0OAz3g8_2,audio,0,0.0,0.1338,13,1,mean,equal_duration_50_bins,PASS,,
-wny0OAz3g8_2,audio,1,0.1338,0.2676,13,1,mean,equal_duration_50_bins,PASS,,
-wny0OAz3g8_2,audio,2,0.2676,0.4014,13,1,mean,equal_duration_50_bins,PASS,,
-wny0OAz3g8_2,audio,3,0.4014,0.5352,14,1,mean,equal_duration_50_bins,PASS,,
-wny0OAz3g8_2,audio,4,0.5352,0.669,13,1,mean,equal_duration_50_bins,PASS,,
-wny0OAz3g8_2,audio,5,0.669,0.8028,14,1,mean,equal_duration_50_bins,PASS,,
-wny0OAz3g8_2,audio,6,0.8028,0.9366000000000001,13,1,mean,equal_duration_50_bins,PASS,,
-wny0OAz3g8_2,audio,7,0.9366000000000001,1.0704,13,1,mean,equal_duration_50_bins,PASS,,
-wny0OAz3g8_2,audio,8,1.0704,1.2042,14,1,mean,equal_duration_50_bins,PASS,,
-wny0OAz3g8_2,audio,9,1.2042,1.338,13,1,mean,equal_duration_50_bins,PASS,,
-wny0OAz3g8_2,audio,10,1.338,1.4718,13,1,mean,equal_duration_50_bins,PASS,,
-wny0OAz3g8_2,audio,11,1.4718,1.6056,14,1,mean,equal_duration_50_bins,PASS,,
-wny0OAz3g8_2,audio,12,1.6056,1.7394,13,1,mean,equal_duration_50_bins,PASS,,
-wny0OAz3g8_2,audio,13,1.7394,1.8732000000000002,14,1,mean,equal_duration_50_bins,PASS,,
-wny0OAz3g8_2,audio,14,1.8732000000000002,2.007,13,1,mean,equal_duration_50_bins,PASS,,
-wny0OAz3g8_2,audio,15,2.007,2.1408,13,1,mean,equal_duration_50_bins,PASS,,
-wny0OAz3g8_2,audio,16,2.1408,2.2746,14,1,mean,equal_duration_50_bins,PASS,,
-wny0OAz3g8_2,audio,17,2.2746,2.4084,13,1,mean,equal_duration_50_bins,PASS,,
-wny0OAz3g8_2,audio,18,2.4084,2.5422000000000002,13,1,mean,equal_duration_50_bins,PASS,,
-wny0OAz3g8_2,audio,19,2.5422000000000002,2.676,14,1,mean,equal_duration_50_bins,PASS,,
-wny0OAz3g8_2,audio,20,2.676,2.8098,13,1,mean,equal_duration_50_bins,PASS,,
-wny0OAz3g8_2,audio,21,2.8098,2.9436,14,1,mean,equal_duration_50_bins,PASS,,
-wny0OAz3g8_2,audio,22,2.9436,3.0774,13,1,mean,equal_duration_50_bins,PASS,,
-wny0OAz3g8_2,audio,23,3.0774,3.2112,13,1,mean,equal_duration_50_bins,PASS,,
-wny0OAz3g8_2,audio,24,3.2112,3.345,14,1,mean,equal_duration_50_bins,PASS,,
-wny0OAz3g8_2,audio,25,3.345,3.4788,13,1,mean,equal_duration_50_bins,PASS,,
-wny0OAz3g8_2,audio,26,3.4788,3.6126000000000005,14,1,mean,equal_duration_50_bins,PASS,,
-wny0OAz3g8_2,audio,27,3.6126000000000005,3.7464000000000004,13,1,mean,equal_duration_50_bins,PASS,,
-wny0OAz3g8_2,audio,28,3.7464000000000004,3.8802000000000003,13,1,mean,equal_duration_50_bins,PASS,,
-wny0OAz3g8_2,audio,29,3.8802000000000003,4.014,14,1,mean,equal_duration_50_bins,PASS,,
-wny0OAz3g8_2,audio,30,4.014,4.1478,13,1,mean,equal_duration_50_bins,PASS,,
-wny0OAz3g8_2,audio,31,4.1478,4.2816,13,1,mean,equal_duration_50_bins,PASS,,
-wny0OAz3g8_2,audio,32,4.2816,4.4154,14,1,mean,equal_duration_50_bins,PASS,,
-wny0OAz3g8_2,audio,33,4.4154,4.5492,13,1,mean,equal_duration_50_bins,PASS,,
-wny0OAz3g8_2,audio,34,4.5492,4.683,14,1,mean,equal_duration_50_bins,PASS,,
-wny0OAz3g8_2,audio,35,4.683,4.8168,13,1,mean,equal_duration_50_bins,PASS,,
-wny0OAz3g8_2,audio,36,4.8168,4.9506,13,1,mean,equal_duration_50_bins,PASS,,
-wny0OAz3g8_2,audio,37,4.9506,5.0844000000000005,14,1,mean,equal_duration_50_bins,PASS,,
-wny0OAz3g8_2,audio,38,5.0844000000000005,5.2182,13,1,mean,equal_duration_50_bins,PASS,,
-wny0OAz3g8_2,audio,39,5.2182,5.352,13,1,mean,equal_duration_50_bins,PASS,,
-wny0OAz3g8_2,audio,40,5.352,5.4858,14,1,mean,equal_duration_50_bins,PASS,,
-wny0OAz3g8_2,audio,41,5.4858,5.6196,13,1,mean,equal_duration_50_bins,PASS,,
-wny0OAz3g8_2,audio,42,5.6196,5.7534,14,1,mean,equal_duration_50_bins,PASS,,
-wny0OAz3g8_2,audio,43,5.7534,5.8872,13,1,mean,equal_duration_50_bins,PASS,,
-wny0OAz3g8_2,audio,44,5.8872,6.021,13,1,mean,equal_duration_50_bins,PASS,,
-wny0OAz3g8_2,audio,45,6.021,6.1548,14,1,mean,equal_duration_50_bins,PASS,,
-wny0OAz3g8_2,audio,46,6.1548,6.2886,13,1,mean,equal_duration_50_bins,PASS,,
-wny0OAz3g8_2,audio,47,6.2886,6.4224,13,1,mean,equal_duration_50_bins,PASS,,
-wny0OAz3g8_2,audio,48,6.4224,6.5562000000000005,9,1,mean,equal_duration_50_bins,PASS,,
-wny0OAz3g8_2,audio,49,6.5562000000000005,6.69,0,0,mean,equal_duration_50_bins,PASS,,
-wny0OAz3g8_5,audio,0,0.0,0.1382,13,1,mean,equal_duration_50_bins,PASS,,
-wny0OAz3g8_5,audio,1,0.1382,0.2764,14,1,mean,equal_duration_50_bins,PASS,,
-wny0OAz3g8_5,audio,2,0.2764,0.4146,14,1,mean,equal_duration_50_bins,PASS,,
-wny0OAz3g8_5,audio,3,0.4146,0.5528,14,1,mean,equal_duration_50_bins,PASS,,
-wny0OAz3g8_5,audio,4,0.5528,0.691,13,1,mean,equal_duration_50_bins,PASS,,
-wny0OAz3g8_5,audio,5,0.691,0.8292,14,1,mean,equal_duration_50_bins,PASS,,
-wny0OAz3g8_5,audio,6,0.8292,0.9674,14,1,mean,equal_duration_50_bins,PASS,,
-wny0OAz3g8_5,audio,7,0.9674,1.1056,14,1,mean,equal_duration_50_bins,PASS,,
-wny0OAz3g8_5,audio,8,1.1056,1.2438,14,1,mean,equal_duration_50_bins,PASS,,
-wny0OAz3g8_5,audio,9,1.2438,1.382,13,1,mean,equal_duration_50_bins,PASS,,
-wny0OAz3g8_5,audio,10,1.382,1.5202,14,1,mean,equal_duration_50_bins,PASS,,
-wny0OAz3g8_5,audio,11,1.5202,1.6584,14,1,mean,equal_duration_50_bins,PASS,,
-wny0OAz3g8_5,audio,12,1.6584,1.7966,14,1,mean,equal_duration_50_bins,PASS,,
-wny0OAz3g8_5,audio,13,1.7966,1.9348,14,1,mean,equal_duration_50_bins,PASS,,
-wny0OAz3g8_5,audio,14,1.9348,2.073,14,1,mean,equal_duration_50_bins,PASS,,
-wny0OAz3g8_5,audio,15,2.073,2.2112,13,1,mean,equal_duration_50_bins,PASS,,
-wny0OAz3g8_5,audio,16,2.2112,2.3494,14,1,mean,equal_duration_50_bins,PASS,,
-wny0OAz3g8_5,audio,17,2.3494,2.4876,14,1,mean,equal_duration_50_bins,PASS,,
-wny0OAz3g8_5,audio,18,2.4876,2.6258,14,1,mean,equal_duration_50_bins,PASS,,
-wny0OAz3g8_5,audio,19,2.6258,2.764,14,1,mean,equal_duration_50_bins,PASS,,
-wny0OAz3g8_5,audio,20,2.764,2.9022,13,1,mean,equal_duration_50_bins,PASS,,
-wny0OAz3g8_5,audio,21,2.9022,3.0404,14,1,mean,equal_duration_50_bins,PASS,,
-wny0OAz3g8_5,audio,22,3.0404,3.1786000000000003,14,1,mean,equal_duration_50_bins,PASS,,
-wny0OAz3g8_5,audio,23,3.1786000000000003,3.3168,14,1,mean,equal_duration_50_bins,PASS,,
-wny0OAz3g8_5,audio,24,3.3168,3.455,14,1,mean,equal_duration_50_bins,PASS,,
-wny0OAz3g8_5,audio,25,3.455,3.5932,14,1,mean,equal_duration_50_bins,PASS,,
-wny0OAz3g8_5,audio,26,3.5932,3.7314,13,1,mean,equal_duration_50_bins,PASS,,
-wny0OAz3g8_5,audio,27,3.7314,3.8696,14,1,mean,equal_duration_50_bins,PASS,,
-wny0OAz3g8_5,audio,28,3.8696,4.0078000000000005,14,1,mean,equal_duration_50_bins,PASS,,
-wny0OAz3g8_5,audio,29,4.0078000000000005,4.146,14,1,mean,equal_duration_50_bins,PASS,,
-wny0OAz3g8_5,audio,30,4.146,4.2842,14,1,mean,equal_duration_50_bins,PASS,,
-wny0OAz3g8_5,audio,31,4.2842,4.4224,13,1,mean,equal_duration_50_bins,PASS,,
-wny0OAz3g8_5,audio,32,4.4224,4.5606,14,1,mean,equal_duration_50_bins,PASS,,
-wny0OAz3g8_5,audio,33,4.5606,4.6988,14,1,mean,equal_duration_50_bins,PASS,,
-wny0OAz3g8_5,audio,34,4.6988,4.837,14,1,mean,equal_duration_50_bins,PASS,,
-wny0OAz3g8_5,audio,35,4.837,4.9752,14,1,mean,equal_duration_50_bins,PASS,,
-wny0OAz3g8_5,audio,36,4.9752,5.1134,14,1,mean,equal_duration_50_bins,PASS,,
-wny0OAz3g8_5,audio,37,5.1134,5.2516,13,1,mean,equal_duration_50_bins,PASS,,
-wny0OAz3g8_5,audio,38,5.2516,5.3898,14,1,mean,equal_duration_50_bins,PASS,,
-wny0OAz3g8_5,audio,39,5.3898,5.528,14,1,mean,equal_duration_50_bins,PASS,,
-wny0OAz3g8_5,audio,40,5.528,5.6662,14,1,mean,equal_duration_50_bins,PASS,,
-wny0OAz3g8_5,audio,41,5.6662,5.8044,14,1,mean,equal_duration_50_bins,PASS,,
-wny0OAz3g8_5,audio,42,5.8044,5.9426,14,1,mean,equal_duration_50_bins,PASS,,
-wny0OAz3g8_5,audio,43,5.9426,6.0808,13,1,mean,equal_duration_50_bins,PASS,,
-wny0OAz3g8_5,audio,44,6.0808,6.218999999999999,14,1,mean,equal_duration_50_bins,PASS,,
-wny0OAz3g8_5,audio,45,6.218999999999999,6.357200000000001,14,1,mean,equal_duration_50_bins,PASS,,
-wny0OAz3g8_5,audio,46,6.357200000000001,6.4954,14,1,mean,equal_duration_50_bins,PASS,,
-wny0OAz3g8_5,audio,47,6.4954,6.6336,14,1,mean,equal_duration_50_bins,PASS,,
-wny0OAz3g8_5,audio,48,6.6336,6.771800000000001,9,1,mean,equal_duration_50_bins,PASS,,
-wny0OAz3g8_5,audio,49,6.771800000000001,6.91,0,0,mean,equal_duration_50_bins,PASS,,
-wny0OAz3g8_7,audio,0,0.0,0.16140000000000002,15,1,mean,equal_duration_50_bins,PASS,,
-wny0OAz3g8_7,audio,1,0.16140000000000002,0.32280000000000003,17,1,mean,equal_duration_50_bins,PASS,,
-wny0OAz3g8_7,audio,2,0.32280000000000003,0.4842,16,1,mean,equal_duration_50_bins,PASS,,
-wny0OAz3g8_7,audio,3,0.4842,0.6456000000000001,16,1,mean,equal_duration_50_bins,PASS,,
-wny0OAz3g8_7,audio,4,0.6456000000000001,0.807,16,1,mean,equal_duration_50_bins,PASS,,
-wny0OAz3g8_7,audio,5,0.807,0.9684,16,1,mean,equal_duration_50_bins,PASS,,
-wny0OAz3g8_7,audio,6,0.9684,1.1298000000000001,16,1,mean,equal_duration_50_bins,PASS,,
-wny0OAz3g8_7,audio,7,1.1298000000000001,1.2912000000000001,16,1,mean,equal_duration_50_bins,PASS,,
-wny0OAz3g8_7,audio,8,1.2912000000000001,1.4526,17,1,mean,equal_duration_50_bins,PASS,,
-wny0OAz3g8_7,audio,9,1.4526,1.614,16,1,mean,equal_duration_50_bins,PASS,,
-wny0OAz3g8_7,audio,10,1.614,1.7754000000000003,16,1,mean,equal_duration_50_bins,PASS,,
-wny0OAz3g8_7,audio,11,1.7754000000000003,1.9368,16,1,mean,equal_duration_50_bins,PASS,,
-wny0OAz3g8_7,audio,12,1.9368,2.0982,16,1,mean,equal_duration_50_bins,PASS,,
-wny0OAz3g8_7,audio,13,2.0982,2.2596000000000003,16,1,mean,equal_duration_50_bins,PASS,,
-wny0OAz3g8_7,audio,14,2.2596000000000003,2.4210000000000003,16,1,mean,equal_duration_50_bins,PASS,,
-wny0OAz3g8_7,audio,15,2.4210000000000003,2.5824000000000003,16,1,mean,equal_duration_50_bins,PASS,,
-wny0OAz3g8_7,audio,16,2.5824000000000003,2.7438,17,1,mean,equal_duration_50_bins,PASS,,
-wny0OAz3g8_7,audio,17,2.7438,2.9052,16,1,mean,equal_duration_50_bins,PASS,,
-wny0OAz3g8_7,audio,18,2.9052,3.0666,16,1,mean,equal_duration_50_bins,PASS,,
-wny0OAz3g8_7,audio,19,3.0666,3.228,16,1,mean,equal_duration_50_bins,PASS,,
-wny0OAz3g8_7,audio,20,3.228,3.3894,16,1,mean,equal_duration_50_bins,PASS,,
-wny0OAz3g8_7,audio,21,3.3894,3.5508000000000006,16,1,mean,equal_duration_50_bins,PASS,,
-wny0OAz3g8_7,audio,22,3.5508000000000006,3.7122,16,1,mean,equal_duration_50_bins,PASS,,
-wny0OAz3g8_7,audio,23,3.7122,3.8736,17,1,mean,equal_duration_50_bins,PASS,,
-wny0OAz3g8_7,audio,24,3.8736,4.035,16,1,mean,equal_duration_50_bins,PASS,,
-wny0OAz3g8_7,audio,25,4.035,4.1964,16,1,mean,equal_duration_50_bins,PASS,,
-wny0OAz3g8_7,audio,26,4.1964,4.3578,16,1,mean,equal_duration_50_bins,PASS,,
-wny0OAz3g8_7,audio,27,4.3578,4.5192000000000005,16,1,mean,equal_duration_50_bins,PASS,,
-wny0OAz3g8_7,audio,28,4.5192000000000005,4.6806,16,1,mean,equal_duration_50_bins,PASS,,
-wny0OAz3g8_7,audio,29,4.6806,4.8420000000000005,16,1,mean,equal_duration_50_bins,PASS,,
-wny0OAz3g8_7,audio,30,4.8420000000000005,5.0034,17,1,mean,equal_duration_50_bins,PASS,,
-wny0OAz3g8_7,audio,31,5.0034,5.1648000000000005,16,1,mean,equal_duration_50_bins,PASS,,
-wny0OAz3g8_7,audio,32,5.1648000000000005,5.3262,16,1,mean,equal_duration_50_bins,PASS,,
-wny0OAz3g8_7,audio,33,5.3262,5.4876,16,1,mean,equal_duration_50_bins,PASS,,
-wny0OAz3g8_7,audio,34,5.4876,5.649,16,1,mean,equal_duration_50_bins,PASS,,
-wny0OAz3g8_7,audio,35,5.649,5.8104,16,1,mean,equal_duration_50_bins,PASS,,
-wny0OAz3g8_7,audio,36,5.8104,5.971800000000001,16,1,mean,equal_duration_50_bins,PASS,,
-wny0OAz3g8_7,audio,37,5.971800000000001,6.1332,17,1,mean,equal_duration_50_bins,PASS,,
-wny0OAz3g8_7,audio,38,6.1332,6.2946,16,1,mean,equal_duration_50_bins,PASS,,
-wny0OAz3g8_7,audio,39,6.2946,6.456,16,1,mean,equal_duration_50_bins,PASS,,
-wny0OAz3g8_7,audio,40,6.456,6.6174,16,1,mean,equal_duration_50_bins,PASS,,
-wny0OAz3g8_7,audio,41,6.6174,6.7788,16,1,mean,equal_duration_50_bins,PASS,,
-wny0OAz3g8_7,audio,42,6.7788,6.9402,16,1,mean,equal_duration_50_bins,PASS,,
-wny0OAz3g8_7,audio,43,6.9402,7.101600000000001,16,1,mean,equal_duration_50_bins,PASS,,
-wny0OAz3g8_7,audio,44,7.101600000000001,7.263000000000001,17,1,mean,equal_duration_50_bins,PASS,,
-wny0OAz3g8_7,audio,45,7.263000000000001,7.4244,16,1,mean,equal_duration_50_bins,PASS,,
-wny0OAz3g8_7,audio,46,7.4244,7.585800000000001,16,1,mean,equal_duration_50_bins,PASS,,
-wny0OAz3g8_7,audio,47,7.585800000000001,7.7472,16,1,mean,equal_duration_50_bins,PASS,,
-wny0OAz3g8_7,audio,48,7.7472,7.9086,15,1,mean,equal_duration_50_bins,PASS,,
-wny0OAz3g8_7,audio,49,7.9086,8.07,0,0,mean,equal_duration_50_bins,PASS,,
-wny0OAz3g8_9,audio,0,0.0,0.1242,12,1,mean,equal_duration_50_bins,PASS,,
-wny0OAz3g8_9,audio,1,0.1242,0.2484,12,1,mean,equal_duration_50_bins,PASS,,
-wny0OAz3g8_9,audio,2,0.2484,0.3726,13,1,mean,equal_duration_50_bins,PASS,,
-wny0OAz3g8_9,audio,3,0.3726,0.4968,12,1,mean,equal_duration_50_bins,PASS,,
-wny0OAz3g8_9,audio,4,0.4968,0.621,12,1,mean,equal_duration_50_bins,PASS,,
-wny0OAz3g8_9,audio,5,0.621,0.7452,13,1,mean,equal_duration_50_bins,PASS,,
-wny0OAz3g8_9,audio,6,0.7452,0.8694,12,1,mean,equal_duration_50_bins,PASS,,
-wny0OAz3g8_9,audio,7,0.8694,0.9936,13,1,mean,equal_duration_50_bins,PASS,,
-wny0OAz3g8_9,audio,8,0.9936,1.1178,12,1,mean,equal_duration_50_bins,PASS,,
-wny0OAz3g8_9,audio,9,1.1178,1.242,12,1,mean,equal_duration_50_bins,PASS,,
-wny0OAz3g8_9,audio,10,1.242,1.3662,13,1,mean,equal_duration_50_bins,PASS,,
-wny0OAz3g8_9,audio,11,1.3662,1.4904,12,1,mean,equal_duration_50_bins,PASS,,
-wny0OAz3g8_9,audio,12,1.4904,1.6146,13,1,mean,equal_duration_50_bins,PASS,,
-wny0OAz3g8_9,audio,13,1.6146,1.7388,12,1,mean,equal_duration_50_bins,PASS,,
-wny0OAz3g8_9,audio,14,1.7388,1.8630000000000002,13,1,mean,equal_duration_50_bins,PASS,,
-wny0OAz3g8_9,audio,15,1.8630000000000002,1.9872,12,1,mean,equal_duration_50_bins,PASS,,
-wny0OAz3g8_9,audio,16,1.9872,2.1113999999999997,12,1,mean,equal_duration_50_bins,PASS,,
-wny0OAz3g8_9,audio,17,2.1113999999999997,2.2356,13,1,mean,equal_duration_50_bins,PASS,,
-wny0OAz3g8_9,audio,18,2.2356,2.3598,12,1,mean,equal_duration_50_bins,PASS,,
-wny0OAz3g8_9,audio,19,2.3598,2.484,13,1,mean,equal_duration_50_bins,PASS,,
-wny0OAz3g8_9,audio,20,2.484,2.6082,12,1,mean,equal_duration_50_bins,PASS,,
-wny0OAz3g8_9,audio,21,2.6082,2.7324,12,1,mean,equal_duration_50_bins,PASS,,
-wny0OAz3g8_9,audio,22,2.7324,2.8566000000000003,13,1,mean,equal_duration_50_bins,PASS,,
-wny0OAz3g8_9,audio,23,2.8566000000000003,2.9808,12,1,mean,equal_duration_50_bins,PASS,,
-wny0OAz3g8_9,audio,24,2.9808,3.105,13,1,mean,equal_duration_50_bins,PASS,,
-wny0OAz3g8_9,audio,25,3.105,3.2292,12,1,mean,equal_duration_50_bins,PASS,,
-wny0OAz3g8_9,audio,26,3.2292,3.3533999999999997,13,1,mean,equal_duration_50_bins,PASS,,
-wny0OAz3g8_9,audio,27,3.3533999999999997,3.4776,12,1,mean,equal_duration_50_bins,PASS,,
-wny0OAz3g8_9,audio,28,3.4776,3.6018,12,1,mean,equal_duration_50_bins,PASS,,
-wny0OAz3g8_9,audio,29,3.6018,3.7260000000000004,13,1,mean,equal_duration_50_bins,PASS,,
-wny0OAz3g8_9,audio,30,3.7260000000000004,3.8501999999999996,12,1,mean,equal_duration_50_bins,PASS,,
-wny0OAz3g8_9,audio,31,3.8501999999999996,3.9744,13,1,mean,equal_duration_50_bins,PASS,,
-wny0OAz3g8_9,audio,32,3.9744,4.0986,12,1,mean,equal_duration_50_bins,PASS,,
-wny0OAz3g8_9,audio,33,4.0986,4.222799999999999,13,1,mean,equal_duration_50_bins,PASS,,
-wny0OAz3g8_9,audio,34,4.222799999999999,4.3469999999999995,12,1,mean,equal_duration_50_bins,PASS,,
-wny0OAz3g8_9,audio,35,4.3469999999999995,4.4712,12,1,mean,equal_duration_50_bins,PASS,,
-wny0OAz3g8_9,audio,36,4.4712,4.595400000000001,13,1,mean,equal_duration_50_bins,PASS,,
-wny0OAz3g8_9,audio,37,4.595400000000001,4.7196,12,1,mean,equal_duration_50_bins,PASS,,
-wny0OAz3g8_9,audio,38,4.7196,4.8438,13,1,mean,equal_duration_50_bins,PASS,,
-wny0OAz3g8_9,audio,39,4.8438,4.968,12,1,mean,equal_duration_50_bins,PASS,,
-wny0OAz3g8_9,audio,40,4.968,5.0922,12,1,mean,equal_duration_50_bins,PASS,,
-wny0OAz3g8_9,audio,41,5.0922,5.2164,13,1,mean,equal_duration_50_bins,PASS,,
-wny0OAz3g8_9,audio,42,5.2164,5.340599999999999,12,1,mean,equal_duration_50_bins,PASS,,
-wny0OAz3g8_9,audio,43,5.340599999999999,5.4648,13,1,mean,equal_duration_50_bins,PASS,,
-wny0OAz3g8_9,audio,44,5.4648,5.5889999999999995,12,1,mean,equal_duration_50_bins,PASS,,
-wny0OAz3g8_9,audio,45,5.5889999999999995,5.7132000000000005,13,1,mean,equal_duration_50_bins,PASS,,
-wny0OAz3g8_9,audio,46,5.7132000000000005,5.8374,12,1,mean,equal_duration_50_bins,PASS,,
-wny0OAz3g8_9,audio,47,5.8374,5.9616,12,1,mean,equal_duration_50_bins,PASS,,
-wny0OAz3g8_9,audio,48,5.9616,6.085800000000001,7,1,mean,equal_duration_50_bins,PASS,,
-wny0OAz3g8_9,audio,49,6.085800000000001,6.21,0,0,mean,equal_duration_50_bins,PASS,,
-571d8cVauQ_0,audio,0,0.0,0.1014,9,1,mean,equal_duration_50_bins,PASS,,
-571d8cVauQ_0,audio,1,0.1014,0.2028,11,1,mean,equal_duration_50_bins,PASS,,
-571d8cVauQ_0,audio,2,0.2028,0.3042,10,1,mean,equal_duration_50_bins,PASS,,
-571d8cVauQ_0,audio,3,0.3042,0.4056,10,1,mean,equal_duration_50_bins,PASS,,
-571d8cVauQ_0,audio,4,0.4056,0.507,10,1,mean,equal_duration_50_bins,PASS,,
-571d8cVauQ_0,audio,5,0.507,0.6084,10,1,mean,equal_duration_50_bins,PASS,,
-571d8cVauQ_0,audio,6,0.6084,0.7098,10,1,mean,equal_duration_50_bins,PASS,,
-571d8cVauQ_0,audio,7,0.7098,0.8112,10,1,mean,equal_duration_50_bins,PASS,,
-571d8cVauQ_0,audio,8,0.8112,0.9126000000000001,11,1,mean,equal_duration_50_bins,PASS,,
-571d8cVauQ_0,audio,9,0.9126000000000001,1.014,10,1,mean,equal_duration_50_bins,PASS,,
-571d8cVauQ_0,audio,10,1.014,1.1154000000000002,10,1,mean,equal_duration_50_bins,PASS,,
-571d8cVauQ_0,audio,11,1.1154000000000002,1.2168,10,1,mean,equal_duration_50_bins,PASS,,
-571d8cVauQ_0,audio,12,1.2168,1.3182,10,1,mean,equal_duration_50_bins,PASS,,
-571d8cVauQ_0,audio,13,1.3182,1.4196,10,1,mean,equal_duration_50_bins,PASS,,
-571d8cVauQ_0,audio,14,1.4196,1.5210000000000001,10,1,mean,equal_duration_50_bins,PASS,,
-571d8cVauQ_0,audio,15,1.5210000000000001,1.6224,10,1,mean,equal_duration_50_bins,PASS,,
-571d8cVauQ_0,audio,16,1.6224,1.7238,11,1,mean,equal_duration_50_bins,PASS,,
-571d8cVauQ_0,audio,17,1.7238,1.8252000000000002,10,1,mean,equal_duration_50_bins,PASS,,
-571d8cVauQ_0,audio,18,1.8252000000000002,1.9266000000000003,10,1,mean,equal_duration_50_bins,PASS,,
-571d8cVauQ_0,audio,19,1.9266000000000003,2.028,10,1,mean,equal_duration_50_bins,PASS,,
-571d8cVauQ_0,audio,20,2.028,2.1294,10,1,mean,equal_duration_50_bins,PASS,,
-571d8cVauQ_0,audio,21,2.1294,2.2308000000000003,10,1,mean,equal_duration_50_bins,PASS,,
-571d8cVauQ_0,audio,22,2.2308000000000003,2.3322000000000003,10,1,mean,equal_duration_50_bins,PASS,,
-571d8cVauQ_0,audio,23,2.3322000000000003,2.4336,11,1,mean,equal_duration_50_bins,PASS,,
-571d8cVauQ_0,audio,24,2.4336,2.535,10,1,mean,equal_duration_50_bins,PASS,,
-571d8cVauQ_0,audio,25,2.535,2.6364,10,1,mean,equal_duration_50_bins,PASS,,
-571d8cVauQ_0,audio,26,2.6364,2.7378000000000005,10,1,mean,equal_duration_50_bins,PASS,,
-571d8cVauQ_0,audio,27,2.7378000000000005,2.8392,10,1,mean,equal_duration_50_bins,PASS,,
-571d8cVauQ_0,audio,28,2.8392,2.9406,10,1,mean,equal_duration_50_bins,PASS,,
-571d8cVauQ_0,audio,29,2.9406,3.0420000000000003,10,1,mean,equal_duration_50_bins,PASS,,
-571d8cVauQ_0,audio,30,3.0420000000000003,3.1434,11,1,mean,equal_duration_50_bins,PASS,,
-571d8cVauQ_0,audio,31,3.1434,3.2448,10,1,mean,equal_duration_50_bins,PASS,,
-571d8cVauQ_0,audio,32,3.2448,3.3462,10,1,mean,equal_duration_50_bins,PASS,,
-571d8cVauQ_0,audio,33,3.3462,3.4476,10,1,mean,equal_duration_50_bins,PASS,,
-571d8cVauQ_0,audio,34,3.4476,3.5490000000000004,10,1,mean,equal_duration_50_bins,PASS,,
-571d8cVauQ_0,audio,35,3.5490000000000004,3.6504000000000003,10,1,mean,equal_duration_50_bins,PASS,,
-571d8cVauQ_0,audio,36,3.6504000000000003,3.7518000000000002,10,1,mean,equal_duration_50_bins,PASS,,
-571d8cVauQ_0,audio,37,3.7518000000000002,3.8532000000000006,11,1,mean,equal_duration_50_bins,PASS,,
-571d8cVauQ_0,audio,38,3.8532000000000006,3.9546000000000006,10,1,mean,equal_duration_50_bins,PASS,,
-571d8cVauQ_0,audio,39,3.9546000000000006,4.056,10,1,mean,equal_duration_50_bins,PASS,,
-571d8cVauQ_0,audio,40,4.056,4.1574,10,1,mean,equal_duration_50_bins,PASS,,
-571d8cVauQ_0,audio,41,4.1574,4.2588,10,1,mean,equal_duration_50_bins,PASS,,
-571d8cVauQ_0,audio,42,4.2588,4.360200000000001,10,1,mean,equal_duration_50_bins,PASS,,
-571d8cVauQ_0,audio,43,4.360200000000001,4.461600000000001,10,1,mean,equal_duration_50_bins,PASS,,
-571d8cVauQ_0,audio,44,4.461600000000001,4.563,11,1,mean,equal_duration_50_bins,PASS,,
-571d8cVauQ_0,audio,45,4.563,4.6644000000000005,10,1,mean,equal_duration_50_bins,PASS,,
-571d8cVauQ_0,audio,46,4.6644000000000005,4.7658000000000005,10,1,mean,equal_duration_50_bins,PASS,,
-571d8cVauQ_0,audio,47,4.7658000000000005,4.8672,10,1,mean,equal_duration_50_bins,PASS,,
-571d8cVauQ_0,audio,48,4.8672,4.9686,10,1,mean,equal_duration_50_bins,PASS,,
-571d8cVauQ_0,audio,49,4.9686,5.07,1,1,mean,equal_duration_50_bins,PASS,,
-571d8cVauQ_5,audio,0,0.0,0.3054,30,1,mean,equal_duration_50_bins,PASS,,
-571d8cVauQ_5,audio,1,0.3054,0.6108,30,1,mean,equal_duration_50_bins,PASS,,
-571d8cVauQ_5,audio,2,0.6108,0.9162,31,1,mean,equal_duration_50_bins,PASS,,
-571d8cVauQ_5,audio,3,0.9162,1.2216,30,1,mean,equal_duration_50_bins,PASS,,
-571d8cVauQ_5,audio,4,1.2216,1.527,31,1,mean,equal_duration_50_bins,PASS,,
-571d8cVauQ_5,audio,5,1.527,1.8324,30,1,mean,equal_duration_50_bins,PASS,,
-571d8cVauQ_5,audio,6,1.8324,2.1378,31,1,mean,equal_duration_50_bins,PASS,,
-571d8cVauQ_5,audio,7,2.1378,2.4432,31,1,mean,equal_duration_50_bins,PASS,,
-571d8cVauQ_5,audio,8,2.4432,2.7486,30,1,mean,equal_duration_50_bins,PASS,,
-571d8cVauQ_5,audio,9,2.7486,3.054,31,1,mean,equal_duration_50_bins,PASS,,
-571d8cVauQ_5,audio,10,3.054,3.3594,30,1,mean,equal_duration_50_bins,PASS,,
-571d8cVauQ_5,audio,11,3.3594,3.6648,31,1,mean,equal_duration_50_bins,PASS,,
-571d8cVauQ_5,audio,12,3.6648,3.9701999999999997,30,1,mean,equal_duration_50_bins,PASS,,
-571d8cVauQ_5,audio,13,3.9701999999999997,4.2756,31,1,mean,equal_duration_50_bins,PASS,,
-571d8cVauQ_5,audio,14,4.2756,4.5809999999999995,30,1,mean,equal_duration_50_bins,PASS,,
-571d8cVauQ_5,audio,15,4.5809999999999995,4.8864,31,1,mean,equal_duration_50_bins,PASS,,
-571d8cVauQ_5,audio,16,4.8864,5.1918,30,1,mean,equal_duration_50_bins,PASS,,
-571d8cVauQ_5,audio,17,5.1918,5.4972,31,1,mean,equal_duration_50_bins,PASS,,
-571d8cVauQ_5,audio,18,5.4972,5.8026,31,1,mean,equal_duration_50_bins,PASS,,
-571d8cVauQ_5,audio,19,5.8026,6.108,30,1,mean,equal_duration_50_bins,PASS,,
-571d8cVauQ_5,audio,20,6.108,6.4134,31,1,mean,equal_duration_50_bins,PASS,,
-571d8cVauQ_5,audio,21,6.4134,6.7188,30,1,mean,equal_duration_50_bins,PASS,,
-571d8cVauQ_5,audio,22,6.7188,7.0241999999999996,31,1,mean,equal_duration_50_bins,PASS,,
-571d8cVauQ_5,audio,23,7.0241999999999996,7.3296,30,1,mean,equal_duration_50_bins,PASS,,
-571d8cVauQ_5,audio,24,7.3296,7.635,31,1,mean,equal_duration_50_bins,PASS,,
-571d8cVauQ_5,audio,25,7.635,7.9403999999999995,30,1,mean,equal_duration_50_bins,PASS,,
-571d8cVauQ_5,audio,26,7.9403999999999995,8.2458,31,1,mean,equal_duration_50_bins,PASS,,
-571d8cVauQ_5,audio,27,8.2458,8.5512,30,1,mean,equal_duration_50_bins,PASS,,
-571d8cVauQ_5,audio,28,8.5512,8.8566,31,1,mean,equal_duration_50_bins,PASS,,
-571d8cVauQ_5,audio,29,8.8566,9.161999999999999,30,1,mean,equal_duration_50_bins,PASS,,
-571d8cVauQ_5,audio,30,9.161999999999999,9.4674,31,1,mean,equal_duration_50_bins,PASS,,
-571d8cVauQ_5,audio,31,9.4674,9.7728,31,1,mean,equal_duration_50_bins,PASS,,
-571d8cVauQ_5,audio,32,9.7728,10.078199999999999,30,1,mean,equal_duration_50_bins,PASS,,
-571d8cVauQ_5,audio,33,10.078199999999999,10.3836,31,1,mean,equal_duration_50_bins,PASS,,
-571d8cVauQ_5,audio,34,10.3836,10.688999999999998,30,1,mean,equal_duration_50_bins,PASS,,
-571d8cVauQ_5,audio,35,10.688999999999998,10.9944,31,1,mean,equal_duration_50_bins,PASS,,
-571d8cVauQ_5,audio,36,10.9944,11.2998,30,1,mean,equal_duration_50_bins,PASS,,
-571d8cVauQ_5,audio,37,11.2998,11.6052,31,1,mean,equal_duration_50_bins,PASS,,
-571d8cVauQ_5,audio,38,11.6052,11.910599999999999,30,1,mean,equal_duration_50_bins,PASS,,
-571d8cVauQ_5,audio,39,11.910599999999999,12.216,31,1,mean,equal_duration_50_bins,PASS,,
-571d8cVauQ_5,audio,40,12.216,12.521399999999998,30,1,mean,equal_duration_50_bins,PASS,,
-571d8cVauQ_5,audio,41,12.521399999999998,12.8268,31,1,mean,equal_duration_50_bins,PASS,,
-571d8cVauQ_5,audio,42,12.8268,13.132200000000001,30,1,mean,equal_duration_50_bins,PASS,,
-571d8cVauQ_5,audio,43,13.132200000000001,13.4376,31,1,mean,equal_duration_50_bins,PASS,,
-571d8cVauQ_5,audio,44,13.4376,13.743,31,1,mean,equal_duration_50_bins,PASS,,
-571d8cVauQ_5,audio,45,13.743,14.048399999999999,30,1,mean,equal_duration_50_bins,PASS,,
-571d8cVauQ_5,audio,46,14.048399999999999,14.3538,31,1,mean,equal_duration_50_bins,PASS,,
-571d8cVauQ_5,audio,47,14.3538,14.6592,30,1,mean,equal_duration_50_bins,PASS,,
-571d8cVauQ_5,audio,48,14.6592,14.9646,31,1,mean,equal_duration_50_bins,PASS,,
-571d8cVauQ_5,audio,49,14.9646,15.27,14,1,mean,equal_duration_50_bins,PASS,,
-I_e4mIh0yE_1,audio,0,0.0,0.1524,14,1,mean,equal_duration_50_bins,PASS,,
-I_e4mIh0yE_1,audio,1,0.1524,0.3048,16,1,mean,equal_duration_50_bins,PASS,,
-I_e4mIh0yE_1,audio,2,0.3048,0.4572,15,1,mean,equal_duration_50_bins,PASS,,
-I_e4mIh0yE_1,audio,3,0.4572,0.6096,15,1,mean,equal_duration_50_bins,PASS,,
-I_e4mIh0yE_1,audio,4,0.6096,0.762,15,1,mean,equal_duration_50_bins,PASS,,
-I_e4mIh0yE_1,audio,5,0.762,0.9144,16,1,mean,equal_duration_50_bins,PASS,,
-I_e4mIh0yE_1,audio,6,0.9144,1.0668,15,1,mean,equal_duration_50_bins,PASS,,
-I_e4mIh0yE_1,audio,7,1.0668,1.2192,15,1,mean,equal_duration_50_bins,PASS,,
-I_e4mIh0yE_1,audio,8,1.2192,1.3716,15,1,mean,equal_duration_50_bins,PASS,,
-I_e4mIh0yE_1,audio,9,1.3716,1.524,16,1,mean,equal_duration_50_bins,PASS,,
-I_e4mIh0yE_1,audio,10,1.524,1.6764000000000001,15,1,mean,equal_duration_50_bins,PASS,,
-I_e4mIh0yE_1,audio,11,1.6764000000000001,1.8288,15,1,mean,equal_duration_50_bins,PASS,,
-I_e4mIh0yE_1,audio,12,1.8288,1.9812,15,1,mean,equal_duration_50_bins,PASS,,
-I_e4mIh0yE_1,audio,13,1.9812,2.1336,16,1,mean,equal_duration_50_bins,PASS,,
-I_e4mIh0yE_1,audio,14,2.1336,2.286,15,1,mean,equal_duration_50_bins,PASS,,
-I_e4mIh0yE_1,audio,15,2.286,2.4384,15,1,mean,equal_duration_50_bins,PASS,,
-I_e4mIh0yE_1,audio,16,2.4384,2.5907999999999998,15,1,mean,equal_duration_50_bins,PASS,,
-I_e4mIh0yE_1,audio,17,2.5907999999999998,2.7432,16,1,mean,equal_duration_50_bins,PASS,,
-I_e4mIh0yE_1,audio,18,2.7432,2.8956,15,1,mean,equal_duration_50_bins,PASS,,
-I_e4mIh0yE_1,audio,19,2.8956,3.048,15,1,mean,equal_duration_50_bins,PASS,,
-I_e4mIh0yE_1,audio,20,3.048,3.2004,15,1,mean,equal_duration_50_bins,PASS,,
-I_e4mIh0yE_1,audio,21,3.2004,3.3528000000000002,16,1,mean,equal_duration_50_bins,PASS,,
-I_e4mIh0yE_1,audio,22,3.3528000000000002,3.5052,15,1,mean,equal_duration_50_bins,PASS,,
-I_e4mIh0yE_1,audio,23,3.5052,3.6576,15,1,mean,equal_duration_50_bins,PASS,,
-I_e4mIh0yE_1,audio,24,3.6576,3.81,15,1,mean,equal_duration_50_bins,PASS,,
-I_e4mIh0yE_1,audio,25,3.81,3.9624,15,1,mean,equal_duration_50_bins,PASS,,
-I_e4mIh0yE_1,audio,26,3.9624,4.1148,16,1,mean,equal_duration_50_bins,PASS,,
-I_e4mIh0yE_1,audio,27,4.1148,4.2672,15,1,mean,equal_duration_50_bins,PASS,,
-I_e4mIh0yE_1,audio,28,4.2672,4.4196,15,1,mean,equal_duration_50_bins,PASS,,
-I_e4mIh0yE_1,audio,29,4.4196,4.572,15,1,mean,equal_duration_50_bins,PASS,,
-I_e4mIh0yE_1,audio,30,4.572,4.7244,16,1,mean,equal_duration_50_bins,PASS,,
-I_e4mIh0yE_1,audio,31,4.7244,4.8768,15,1,mean,equal_duration_50_bins,PASS,,
-I_e4mIh0yE_1,audio,32,4.8768,5.0292,15,1,mean,equal_duration_50_bins,PASS,,
-I_e4mIh0yE_1,audio,33,5.0292,5.1815999999999995,15,1,mean,equal_duration_50_bins,PASS,,
-I_e4mIh0yE_1,audio,34,5.1815999999999995,5.334,16,1,mean,equal_duration_50_bins,PASS,,
-I_e4mIh0yE_1,audio,35,5.334,5.4864,15,1,mean,equal_duration_50_bins,PASS,,
-I_e4mIh0yE_1,audio,36,5.4864,5.6388,15,1,mean,equal_duration_50_bins,PASS,,
-I_e4mIh0yE_1,audio,37,5.6388,5.7912,15,1,mean,equal_duration_50_bins,PASS,,
-I_e4mIh0yE_1,audio,38,5.7912,5.9436,16,1,mean,equal_duration_50_bins,PASS,,
-I_e4mIh0yE_1,audio,39,5.9436,6.096,15,1,mean,equal_duration_50_bins,PASS,,
-I_e4mIh0yE_1,audio,40,6.096,6.2484,15,1,mean,equal_duration_50_bins,PASS,,
-I_e4mIh0yE_1,audio,41,6.2484,6.4008,15,1,mean,equal_duration_50_bins,PASS,,
-I_e4mIh0yE_1,audio,42,6.4008,6.5532,16,1,mean,equal_duration_50_bins,PASS,,
-I_e4mIh0yE_1,audio,43,6.5532,6.7056000000000004,15,1,mean,equal_duration_50_bins,PASS,,
-I_e4mIh0yE_1,audio,44,6.7056000000000004,6.858,15,1,mean,equal_duration_50_bins,PASS,,
-I_e4mIh0yE_1,audio,45,6.858,7.0104,15,1,mean,equal_duration_50_bins,PASS,,
-I_e4mIh0yE_1,audio,46,7.0104,7.1628,16,1,mean,equal_duration_50_bins,PASS,,
-I_e4mIh0yE_1,audio,47,7.1628,7.3152,15,1,mean,equal_duration_50_bins,PASS,,
-I_e4mIh0yE_1,audio,48,7.3152,7.4676,11,1,mean,equal_duration_50_bins,PASS,,
-I_e4mIh0yE_1,audio,49,7.4676,7.62,0,0,mean,equal_duration_50_bins,PASS,,
-I_e4mIh0yE_3,audio,0,0.0,0.1832,18,1,mean,equal_duration_50_bins,PASS,,
-I_e4mIh0yE_3,audio,1,0.1832,0.3664,18,1,mean,equal_duration_50_bins,PASS,,
-I_e4mIh0yE_3,audio,2,0.3664,0.5496,18,1,mean,equal_duration_50_bins,PASS,,
-I_e4mIh0yE_3,audio,3,0.5496,0.7328,19,1,mean,equal_duration_50_bins,PASS,,
-I_e4mIh0yE_3,audio,4,0.7328,0.9159999999999999,18,1,mean,equal_duration_50_bins,PASS,,
-I_e4mIh0yE_3,audio,5,0.9159999999999999,1.0992,18,1,mean,equal_duration_50_bins,PASS,,
-I_e4mIh0yE_3,audio,6,1.0992,1.2824,18,1,mean,equal_duration_50_bins,PASS,,
-I_e4mIh0yE_3,audio,7,1.2824,1.4656,19,1,mean,equal_duration_50_bins,PASS,,
-I_e4mIh0yE_3,audio,8,1.4656,1.6488,18,1,mean,equal_duration_50_bins,PASS,,
-I_e4mIh0yE_3,audio,9,1.6488,1.8319999999999999,18,1,mean,equal_duration_50_bins,PASS,,
-I_e4mIh0yE_3,audio,10,1.8319999999999999,2.0152,19,1,mean,equal_duration_50_bins,PASS,,
-I_e4mIh0yE_3,audio,11,2.0152,2.1984,18,1,mean,equal_duration_50_bins,PASS,,
-I_e4mIh0yE_3,audio,12,2.1984,2.3816,18,1,mean,equal_duration_50_bins,PASS,,
-I_e4mIh0yE_3,audio,13,2.3816,2.5648,19,1,mean,equal_duration_50_bins,PASS,,
-I_e4mIh0yE_3,audio,14,2.5648,2.748,18,1,mean,equal_duration_50_bins,PASS,,
-I_e4mIh0yE_3,audio,15,2.748,2.9312,18,1,mean,equal_duration_50_bins,PASS,,
-I_e4mIh0yE_3,audio,16,2.9312,3.1144,19,1,mean,equal_duration_50_bins,PASS,,
-I_e4mIh0yE_3,audio,17,3.1144,3.2976,18,1,mean,equal_duration_50_bins,PASS,,
-I_e4mIh0yE_3,audio,18,3.2976,3.4808,18,1,mean,equal_duration_50_bins,PASS,,
-I_e4mIh0yE_3,audio,19,3.4808,3.6639999999999997,19,1,mean,equal_duration_50_bins,PASS,,
-I_e4mIh0yE_3,audio,20,3.6639999999999997,3.8472000000000004,18,1,mean,equal_duration_50_bins,PASS,,
-I_e4mIh0yE_3,audio,21,3.8472000000000004,4.0304,18,1,mean,equal_duration_50_bins,PASS,,
-I_e4mIh0yE_3,audio,22,4.0304,4.2136000000000005,19,1,mean,equal_duration_50_bins,PASS,,
-I_e4mIh0yE_3,audio,23,4.2136000000000005,4.3968,18,1,mean,equal_duration_50_bins,PASS,,
-I_e4mIh0yE_3,audio,24,4.3968,4.58,18,1,mean,equal_duration_50_bins,PASS,,
-I_e4mIh0yE_3,audio,25,4.58,4.7632,19,1,mean,equal_duration_50_bins,PASS,,
-I_e4mIh0yE_3,audio,26,4.7632,4.9464,18,1,mean,equal_duration_50_bins,PASS,,
-I_e4mIh0yE_3,audio,27,4.9464,5.1296,18,1,mean,equal_duration_50_bins,PASS,,
-I_e4mIh0yE_3,audio,28,5.1296,5.312799999999999,19,1,mean,equal_duration_50_bins,PASS,,
-I_e4mIh0yE_3,audio,29,5.312799999999999,5.496,18,1,mean,equal_duration_50_bins,PASS,,
-I_e4mIh0yE_3,audio,30,5.496,5.6792,18,1,mean,equal_duration_50_bins,PASS,,
-I_e4mIh0yE_3,audio,31,5.6792,5.8624,18,1,mean,equal_duration_50_bins,PASS,,
-I_e4mIh0yE_3,audio,32,5.8624,6.0456,19,1,mean,equal_duration_50_bins,PASS,,
-I_e4mIh0yE_3,audio,33,6.0456,6.2288,18,1,mean,equal_duration_50_bins,PASS,,
-I_e4mIh0yE_3,audio,34,6.2288,6.412000000000001,18,1,mean,equal_duration_50_bins,PASS,,
-I_e4mIh0yE_3,audio,35,6.412000000000001,6.5952,19,1,mean,equal_duration_50_bins,PASS,,
-I_e4mIh0yE_3,audio,36,6.5952,6.7784,18,1,mean,equal_duration_50_bins,PASS,,
-I_e4mIh0yE_3,audio,37,6.7784,6.9616,18,1,mean,equal_duration_50_bins,PASS,,
-I_e4mIh0yE_3,audio,38,6.9616,7.1448,19,1,mean,equal_duration_50_bins,PASS,,
-I_e4mIh0yE_3,audio,39,7.1448,7.327999999999999,18,1,mean,equal_duration_50_bins,PASS,,
-I_e4mIh0yE_3,audio,40,7.327999999999999,7.5112,18,1,mean,equal_duration_50_bins,PASS,,
-I_e4mIh0yE_3,audio,41,7.5112,7.694400000000001,19,1,mean,equal_duration_50_bins,PASS,,
-I_e4mIh0yE_3,audio,42,7.694400000000001,7.8776,18,1,mean,equal_duration_50_bins,PASS,,
-I_e4mIh0yE_3,audio,43,7.8776,8.0608,18,1,mean,equal_duration_50_bins,PASS,,
-I_e4mIh0yE_3,audio,44,8.0608,8.244,19,1,mean,equal_duration_50_bins,PASS,,
-I_e4mIh0yE_3,audio,45,8.244,8.427200000000001,18,1,mean,equal_duration_50_bins,PASS,,
-I_e4mIh0yE_3,audio,46,8.427200000000001,8.6104,18,1,mean,equal_duration_50_bins,PASS,,
-I_e4mIh0yE_3,audio,47,8.6104,8.7936,19,1,mean,equal_duration_50_bins,PASS,,
-I_e4mIh0yE_3,audio,48,8.7936,8.9768,18,1,mean,equal_duration_50_bins,PASS,,
-I_e4mIh0yE_3,audio,49,8.9768,9.16,0,0,mean,equal_duration_50_bins,PASS,,
-UacrmKiTn4_10,audio,0,0.0,0.1472,14,1,mean,equal_duration_50_bins,PASS,,
-UacrmKiTn4_10,audio,1,0.1472,0.2944,15,1,mean,equal_duration_50_bins,PASS,,
-UacrmKiTn4_10,audio,2,0.2944,0.44160000000000005,14,1,mean,equal_duration_50_bins,PASS,,
-UacrmKiTn4_10,audio,3,0.44160000000000005,0.5888,15,1,mean,equal_duration_50_bins,PASS,,
-UacrmKiTn4_10,audio,4,0.5888,0.7360000000000001,15,1,mean,equal_duration_50_bins,PASS,,
-UacrmKiTn4_10,audio,5,0.7360000000000001,0.8832000000000001,15,1,mean,equal_duration_50_bins,PASS,,
-UacrmKiTn4_10,audio,6,0.8832000000000001,1.0304,14,1,mean,equal_duration_50_bins,PASS,,
-UacrmKiTn4_10,audio,7,1.0304,1.1776,15,1,mean,equal_duration_50_bins,PASS,,
-UacrmKiTn4_10,audio,8,1.1776,1.3248000000000002,15,1,mean,equal_duration_50_bins,PASS,,
-UacrmKiTn4_10,audio,9,1.3248000000000002,1.4720000000000002,14,1,mean,equal_duration_50_bins,PASS,,
-UacrmKiTn4_10,audio,10,1.4720000000000002,1.6192000000000002,15,1,mean,equal_duration_50_bins,PASS,,
-UacrmKiTn4_10,audio,11,1.6192000000000002,1.7664000000000002,15,1,mean,equal_duration_50_bins,PASS,,
-UacrmKiTn4_10,audio,12,1.7664000000000002,1.9136000000000002,15,1,mean,equal_duration_50_bins,PASS,,
-UacrmKiTn4_10,audio,13,1.9136000000000002,2.0608,14,1,mean,equal_duration_50_bins,PASS,,
-UacrmKiTn4_10,audio,14,2.0608,2.208,15,1,mean,equal_duration_50_bins,PASS,,
-UacrmKiTn4_10,audio,15,2.208,2.3552,15,1,mean,equal_duration_50_bins,PASS,,
-UacrmKiTn4_10,audio,16,2.3552,2.5024,14,1,mean,equal_duration_50_bins,PASS,,
-UacrmKiTn4_10,audio,17,2.5024,2.6496000000000004,15,1,mean,equal_duration_50_bins,PASS,,
-UacrmKiTn4_10,audio,18,2.6496000000000004,2.7968,15,1,mean,equal_duration_50_bins,PASS,,
-UacrmKiTn4_10,audio,19,2.7968,2.9440000000000004,15,1,mean,equal_duration_50_bins,PASS,,
-UacrmKiTn4_10,audio,20,2.9440000000000004,3.0912,14,1,mean,equal_duration_50_bins,PASS,,
-UacrmKiTn4_10,audio,21,3.0912,3.2384000000000004,15,1,mean,equal_duration_50_bins,PASS,,
-UacrmKiTn4_10,audio,22,3.2384000000000004,3.3856,15,1,mean,equal_duration_50_bins,PASS,,
-UacrmKiTn4_10,audio,23,3.3856,3.5328000000000004,15,1,mean,equal_duration_50_bins,PASS,,
-UacrmKiTn4_10,audio,24,3.5328000000000004,3.68,14,1,mean,equal_duration_50_bins,PASS,,
-UacrmKiTn4_10,audio,25,3.68,3.8272000000000004,15,1,mean,equal_duration_50_bins,PASS,,
-UacrmKiTn4_10,audio,26,3.8272000000000004,3.9744,15,1,mean,equal_duration_50_bins,PASS,,
-UacrmKiTn4_10,audio,27,3.9744,4.1216,14,1,mean,equal_duration_50_bins,PASS,,
-UacrmKiTn4_10,audio,28,4.1216,4.2688,15,1,mean,equal_duration_50_bins,PASS,,
-UacrmKiTn4_10,audio,29,4.2688,4.416,15,1,mean,equal_duration_50_bins,PASS,,
-UacrmKiTn4_10,audio,30,4.416,4.5632,15,1,mean,equal_duration_50_bins,PASS,,
-UacrmKiTn4_10,audio,31,4.5632,4.7104,14,1,mean,equal_duration_50_bins,PASS,,
-UacrmKiTn4_10,audio,32,4.7104,4.857600000000001,15,1,mean,equal_duration_50_bins,PASS,,
-UacrmKiTn4_10,audio,33,4.857600000000001,5.0048,15,1,mean,equal_duration_50_bins,PASS,,
-UacrmKiTn4_10,audio,34,5.0048,5.152,14,1,mean,equal_duration_50_bins,PASS,,
-UacrmKiTn4_10,audio,35,5.152,5.299200000000001,15,1,mean,equal_duration_50_bins,PASS,,
-UacrmKiTn4_10,audio,36,5.299200000000001,5.4464,15,1,mean,equal_duration_50_bins,PASS,,
-UacrmKiTn4_10,audio,37,5.4464,5.5936,15,1,mean,equal_duration_50_bins,PASS,,
-UacrmKiTn4_10,audio,38,5.5936,5.7408,14,1,mean,equal_duration_50_bins,PASS,,
-UacrmKiTn4_10,audio,39,5.7408,5.888000000000001,15,1,mean,equal_duration_50_bins,PASS,,
-UacrmKiTn4_10,audio,40,5.888000000000001,6.0352,15,1,mean,equal_duration_50_bins,PASS,,
-UacrmKiTn4_10,audio,41,6.0352,6.1824,14,1,mean,equal_duration_50_bins,PASS,,
-UacrmKiTn4_10,audio,42,6.1824,6.3296,15,1,mean,equal_duration_50_bins,PASS,,
-UacrmKiTn4_10,audio,43,6.3296,6.476800000000001,15,1,mean,equal_duration_50_bins,PASS,,
-UacrmKiTn4_10,audio,44,6.476800000000001,6.624,15,1,mean,equal_duration_50_bins,PASS,,
-UacrmKiTn4_10,audio,45,6.624,6.7712,14,1,mean,equal_duration_50_bins,PASS,,
-UacrmKiTn4_10,audio,46,6.7712,6.9184,15,1,mean,equal_duration_50_bins,PASS,,
-UacrmKiTn4_10,audio,47,6.9184,7.065600000000001,15,1,mean,equal_duration_50_bins,PASS,,
-UacrmKiTn4_10,audio,48,7.065600000000001,7.2128000000000005,15,1,mean,equal_duration_50_bins,PASS,,
-UacrmKiTn4_10,audio,49,7.2128000000000005,7.36,1,1,mean,equal_duration_50_bins,PASS,,
-UacrmKiTn4_4,audio,0,0.0,0.09480000000000001,9,1,mean,equal_duration_50_bins,PASS,,
-UacrmKiTn4_4,audio,1,0.09480000000000001,0.18960000000000002,9,1,mean,equal_duration_50_bins,PASS,,
-UacrmKiTn4_4,audio,2,0.18960000000000002,0.2844,10,1,mean,equal_duration_50_bins,PASS,,
-UacrmKiTn4_4,audio,3,0.2844,0.37920000000000004,9,1,mean,equal_duration_50_bins,PASS,,
-UacrmKiTn4_4,audio,4,0.37920000000000004,0.47400000000000003,10,1,mean,equal_duration_50_bins,PASS,,
-UacrmKiTn4_4,audio,5,0.47400000000000003,0.5688,9,1,mean,equal_duration_50_bins,PASS,,
-UacrmKiTn4_4,audio,6,0.5688,0.6636,10,1,mean,equal_duration_50_bins,PASS,,
-UacrmKiTn4_4,audio,7,0.6636,0.7584000000000001,9,1,mean,equal_duration_50_bins,PASS,,
-UacrmKiTn4_4,audio,8,0.7584000000000001,0.8532000000000001,10,1,mean,equal_duration_50_bins,PASS,,
-UacrmKiTn4_4,audio,9,0.8532000000000001,0.9480000000000001,9,1,mean,equal_duration_50_bins,PASS,,
-UacrmKiTn4_4,audio,10,0.9480000000000001,1.0428,10,1,mean,equal_duration_50_bins,PASS,,
-UacrmKiTn4_4,audio,11,1.0428,1.1376,9,1,mean,equal_duration_50_bins,PASS,,
-UacrmKiTn4_4,audio,12,1.1376,1.2324000000000002,9,1,mean,equal_duration_50_bins,PASS,,
-UacrmKiTn4_4,audio,13,1.2324000000000002,1.3272,10,1,mean,equal_duration_50_bins,PASS,,
-UacrmKiTn4_4,audio,14,1.3272,1.4220000000000002,9,1,mean,equal_duration_50_bins,PASS,,
-UacrmKiTn4_4,audio,15,1.4220000000000002,1.5168000000000001,10,1,mean,equal_duration_50_bins,PASS,,
-UacrmKiTn4_4,audio,16,1.5168000000000001,1.6116,9,1,mean,equal_duration_50_bins,PASS,,
-UacrmKiTn4_4,audio,17,1.6116,1.7064000000000001,10,1,mean,equal_duration_50_bins,PASS,,
-UacrmKiTn4_4,audio,18,1.7064000000000001,1.8012000000000001,9,1,mean,equal_duration_50_bins,PASS,,
-UacrmKiTn4_4,audio,19,1.8012000000000001,1.8960000000000001,10,1,mean,equal_duration_50_bins,PASS,,
-UacrmKiTn4_4,audio,20,1.8960000000000001,1.9908000000000001,9,1,mean,equal_duration_50_bins,PASS,,
-UacrmKiTn4_4,audio,21,1.9908000000000001,2.0856,10,1,mean,equal_duration_50_bins,PASS,,
-UacrmKiTn4_4,audio,22,2.0856,2.1804,9,1,mean,equal_duration_50_bins,PASS,,
-UacrmKiTn4_4,audio,23,2.1804,2.2752,10,1,mean,equal_duration_50_bins,PASS,,
-UacrmKiTn4_4,audio,24,2.2752,2.37,9,1,mean,equal_duration_50_bins,PASS,,
-UacrmKiTn4_4,audio,25,2.37,2.4648000000000003,10,1,mean,equal_duration_50_bins,PASS,,
-UacrmKiTn4_4,audio,26,2.4648000000000003,2.5596,9,1,mean,equal_duration_50_bins,PASS,,
-UacrmKiTn4_4,audio,27,2.5596,2.6544,10,1,mean,equal_duration_50_bins,PASS,,
-UacrmKiTn4_4,audio,28,2.6544,2.7492,9,1,mean,equal_duration_50_bins,PASS,,
-UacrmKiTn4_4,audio,29,2.7492,2.8440000000000003,10,1,mean,equal_duration_50_bins,PASS,,
-UacrmKiTn4_4,audio,30,2.8440000000000003,2.9388,9,1,mean,equal_duration_50_bins,PASS,,
-UacrmKiTn4_4,audio,31,2.9388,3.0336000000000003,10,1,mean,equal_duration_50_bins,PASS,,
-UacrmKiTn4_4,audio,32,3.0336000000000003,3.1284000000000005,9,1,mean,equal_duration_50_bins,PASS,,
-UacrmKiTn4_4,audio,33,3.1284000000000005,3.2232,10,1,mean,equal_duration_50_bins,PASS,,
-UacrmKiTn4_4,audio,34,3.2232,3.318,9,1,mean,equal_duration_50_bins,PASS,,
-UacrmKiTn4_4,audio,35,3.318,3.4128000000000003,10,1,mean,equal_duration_50_bins,PASS,,
-UacrmKiTn4_4,audio,36,3.4128000000000003,3.5076,9,1,mean,equal_duration_50_bins,PASS,,
-UacrmKiTn4_4,audio,37,3.5076,3.6024000000000003,9,1,mean,equal_duration_50_bins,PASS,,
-UacrmKiTn4_4,audio,38,3.6024000000000003,3.6972000000000005,10,1,mean,equal_duration_50_bins,PASS,,
-UacrmKiTn4_4,audio,39,3.6972000000000005,3.7920000000000003,9,1,mean,equal_duration_50_bins,PASS,,
-UacrmKiTn4_4,audio,40,3.7920000000000003,3.8868,10,1,mean,equal_duration_50_bins,PASS,,
-UacrmKiTn4_4,audio,41,3.8868,3.9816000000000003,9,1,mean,equal_duration_50_bins,PASS,,
-UacrmKiTn4_4,audio,42,3.9816000000000003,4.0764000000000005,10,1,mean,equal_duration_50_bins,PASS,,
-UacrmKiTn4_4,audio,43,4.0764000000000005,4.1712,9,1,mean,equal_duration_50_bins,PASS,,
-UacrmKiTn4_4,audio,44,4.1712,4.266,10,1,mean,equal_duration_50_bins,PASS,,
-UacrmKiTn4_4,audio,45,4.266,4.3608,9,1,mean,equal_duration_50_bins,PASS,,
-UacrmKiTn4_4,audio,46,4.3608,4.4556000000000004,10,1,mean,equal_duration_50_bins,PASS,,
-UacrmKiTn4_4,audio,47,4.4556000000000004,4.5504,9,1,mean,equal_duration_50_bins,PASS,,
-UacrmKiTn4_4,audio,48,4.5504,4.6452,10,1,mean,equal_duration_50_bins,PASS,,
-UacrmKiTn4_4,audio,49,4.6452,4.74,2,1,mean,equal_duration_50_bins,PASS,,
-hnBHBN8p5A_7,audio,0,0.0,0.1474,14,1,mean,equal_duration_50_bins,PASS,,
-hnBHBN8p5A_7,audio,1,0.1474,0.2948,15,1,mean,equal_duration_50_bins,PASS,,
-hnBHBN8p5A_7,audio,2,0.2948,0.4422,14,1,mean,equal_duration_50_bins,PASS,,
-hnBHBN8p5A_7,audio,3,0.4422,0.5896,15,1,mean,equal_duration_50_bins,PASS,,
-hnBHBN8p5A_7,audio,4,0.5896,0.737,15,1,mean,equal_duration_50_bins,PASS,,
-hnBHBN8p5A_7,audio,5,0.737,0.8844,15,1,mean,equal_duration_50_bins,PASS,,
-hnBHBN8p5A_7,audio,6,0.8844,1.0318,14,1,mean,equal_duration_50_bins,PASS,,
-hnBHBN8p5A_7,audio,7,1.0318,1.1792,15,1,mean,equal_duration_50_bins,PASS,,
-hnBHBN8p5A_7,audio,8,1.1792,1.3266,15,1,mean,equal_duration_50_bins,PASS,,
-hnBHBN8p5A_7,audio,9,1.3266,1.474,15,1,mean,equal_duration_50_bins,PASS,,
-hnBHBN8p5A_7,audio,10,1.474,1.6214000000000002,14,1,mean,equal_duration_50_bins,PASS,,
-hnBHBN8p5A_7,audio,11,1.6214000000000002,1.7688,15,1,mean,equal_duration_50_bins,PASS,,
-hnBHBN8p5A_7,audio,12,1.7688,1.9162000000000001,15,1,mean,equal_duration_50_bins,PASS,,
-hnBHBN8p5A_7,audio,13,1.9162000000000001,2.0636,15,1,mean,equal_duration_50_bins,PASS,,
-hnBHBN8p5A_7,audio,14,2.0636,2.211,14,1,mean,equal_duration_50_bins,PASS,,
-hnBHBN8p5A_7,audio,15,2.211,2.3584,15,1,mean,equal_duration_50_bins,PASS,,
-hnBHBN8p5A_7,audio,16,2.3584,2.5058000000000002,15,1,mean,equal_duration_50_bins,PASS,,
-hnBHBN8p5A_7,audio,17,2.5058000000000002,2.6532,15,1,mean,equal_duration_50_bins,PASS,,
-hnBHBN8p5A_7,audio,18,2.6532,2.8006,14,1,mean,equal_duration_50_bins,PASS,,
-hnBHBN8p5A_7,audio,19,2.8006,2.948,15,1,mean,equal_duration_50_bins,PASS,,
-hnBHBN8p5A_7,audio,20,2.948,3.0954,15,1,mean,equal_duration_50_bins,PASS,,
-hnBHBN8p5A_7,audio,21,3.0954,3.2428000000000003,15,1,mean,equal_duration_50_bins,PASS,,
-hnBHBN8p5A_7,audio,22,3.2428000000000003,3.3901999999999997,14,1,mean,equal_duration_50_bins,PASS,,
-hnBHBN8p5A_7,audio,23,3.3901999999999997,3.5376,15,1,mean,equal_duration_50_bins,PASS,,
-hnBHBN8p5A_7,audio,24,3.5376,3.685,15,1,mean,equal_duration_50_bins,PASS,,
-hnBHBN8p5A_7,audio,25,3.685,3.8324000000000003,14,1,mean,equal_duration_50_bins,PASS,,
-hnBHBN8p5A_7,audio,26,3.8324000000000003,3.9798,15,1,mean,equal_duration_50_bins,PASS,,
-hnBHBN8p5A_7,audio,27,3.9798,4.1272,15,1,mean,equal_duration_50_bins,PASS,,
-hnBHBN8p5A_7,audio,28,4.1272,4.2745999999999995,15,1,mean,equal_duration_50_bins,PASS,,
-hnBHBN8p5A_7,audio,29,4.2745999999999995,4.422,14,1,mean,equal_duration_50_bins,PASS,,
-hnBHBN8p5A_7,audio,30,4.422,4.5694,15,1,mean,equal_duration_50_bins,PASS,,
-hnBHBN8p5A_7,audio,31,4.5694,4.7168,15,1,mean,equal_duration_50_bins,PASS,,
-hnBHBN8p5A_7,audio,32,4.7168,4.8642,15,1,mean,equal_duration_50_bins,PASS,,
-hnBHBN8p5A_7,audio,33,4.8642,5.0116000000000005,14,1,mean,equal_duration_50_bins,PASS,,
-hnBHBN8p5A_7,audio,34,5.0116000000000005,5.159,15,1,mean,equal_duration_50_bins,PASS,,
-hnBHBN8p5A_7,audio,35,5.159,5.3064,15,1,mean,equal_duration_50_bins,PASS,,
-hnBHBN8p5A_7,audio,36,5.3064,5.4538,15,1,mean,equal_duration_50_bins,PASS,,
-hnBHBN8p5A_7,audio,37,5.4538,5.6012,14,1,mean,equal_duration_50_bins,PASS,,
-hnBHBN8p5A_7,audio,38,5.6012,5.7486,15,1,mean,equal_duration_50_bins,PASS,,
-hnBHBN8p5A_7,audio,39,5.7486,5.896,15,1,mean,equal_duration_50_bins,PASS,,
-hnBHBN8p5A_7,audio,40,5.896,6.0434,15,1,mean,equal_duration_50_bins,PASS,,
-hnBHBN8p5A_7,audio,41,6.0434,6.1908,14,1,mean,equal_duration_50_bins,PASS,,
-hnBHBN8p5A_7,audio,42,6.1908,6.3382000000000005,15,1,mean,equal_duration_50_bins,PASS,,
-hnBHBN8p5A_7,audio,43,6.3382000000000005,6.485600000000001,15,1,mean,equal_duration_50_bins,PASS,,
-hnBHBN8p5A_7,audio,44,6.485600000000001,6.632999999999999,15,1,mean,equal_duration_50_bins,PASS,,
-hnBHBN8p5A_7,audio,45,6.632999999999999,6.780399999999999,14,1,mean,equal_duration_50_bins,PASS,,
-hnBHBN8p5A_7,audio,46,6.780399999999999,6.9277999999999995,15,1,mean,equal_duration_50_bins,PASS,,
-hnBHBN8p5A_7,audio,47,6.9277999999999995,7.0752,15,1,mean,equal_duration_50_bins,PASS,,
-hnBHBN8p5A_7,audio,48,7.0752,7.2226,15,1,mean,equal_duration_50_bins,PASS,,
-hnBHBN8p5A_7,audio,49,7.2226,7.37,7,1,mean,equal_duration_50_bins,PASS,,
-hnBHBN8p5A_6,audio,0,0.0,0.128,12,1,mean,equal_duration_50_bins,PASS,,
-hnBHBN8p5A_6,audio,1,0.128,0.256,13,1,mean,equal_duration_50_bins,PASS,,
-hnBHBN8p5A_6,audio,2,0.256,0.38400000000000006,13,1,mean,equal_duration_50_bins,PASS,,
-hnBHBN8p5A_6,audio,3,0.38400000000000006,0.512,12,1,mean,equal_duration_50_bins,PASS,,
-hnBHBN8p5A_6,audio,4,0.512,0.64,13,1,mean,equal_duration_50_bins,PASS,,
-hnBHBN8p5A_6,audio,5,0.64,0.7680000000000001,13,1,mean,equal_duration_50_bins,PASS,,
-hnBHBN8p5A_6,audio,6,0.7680000000000001,0.8960000000000001,13,1,mean,equal_duration_50_bins,PASS,,
-hnBHBN8p5A_6,audio,7,0.8960000000000001,1.024,13,1,mean,equal_duration_50_bins,PASS,,
-hnBHBN8p5A_6,audio,8,1.024,1.1520000000000001,12,1,mean,equal_duration_50_bins,PASS,,
-hnBHBN8p5A_6,audio,9,1.1520000000000001,1.28,13,1,mean,equal_duration_50_bins,PASS,,
-hnBHBN8p5A_6,audio,10,1.28,1.4080000000000001,13,1,mean,equal_duration_50_bins,PASS,,
-hnBHBN8p5A_6,audio,11,1.4080000000000001,1.5360000000000003,13,1,mean,equal_duration_50_bins,PASS,,
-hnBHBN8p5A_6,audio,12,1.5360000000000003,1.6640000000000001,13,1,mean,equal_duration_50_bins,PASS,,
-hnBHBN8p5A_6,audio,13,1.6640000000000001,1.7920000000000003,12,1,mean,equal_duration_50_bins,PASS,,
-hnBHBN8p5A_6,audio,14,1.7920000000000003,1.92,13,1,mean,equal_duration_50_bins,PASS,,
-hnBHBN8p5A_6,audio,15,1.92,2.048,13,1,mean,equal_duration_50_bins,PASS,,
-hnBHBN8p5A_6,audio,16,2.048,2.176,13,1,mean,equal_duration_50_bins,PASS,,
-hnBHBN8p5A_6,audio,17,2.176,2.3040000000000003,13,1,mean,equal_duration_50_bins,PASS,,
-hnBHBN8p5A_6,audio,18,2.3040000000000003,2.4320000000000004,12,1,mean,equal_duration_50_bins,PASS,,
-hnBHBN8p5A_6,audio,19,2.4320000000000004,2.56,13,1,mean,equal_duration_50_bins,PASS,,
-hnBHBN8p5A_6,audio,20,2.56,2.688,13,1,mean,equal_duration_50_bins,PASS,,
-hnBHBN8p5A_6,audio,21,2.688,2.8160000000000003,13,1,mean,equal_duration_50_bins,PASS,,
-hnBHBN8p5A_6,audio,22,2.8160000000000003,2.9440000000000004,13,1,mean,equal_duration_50_bins,PASS,,
-hnBHBN8p5A_6,audio,23,2.9440000000000004,3.0720000000000005,12,1,mean,equal_duration_50_bins,PASS,,
-hnBHBN8p5A_6,audio,24,3.0720000000000005,3.2,13,1,mean,equal_duration_50_bins,PASS,,
-hnBHBN8p5A_6,audio,25,3.2,3.3280000000000003,13,1,mean,equal_duration_50_bins,PASS,,
-hnBHBN8p5A_6,audio,26,3.3280000000000003,3.4560000000000004,13,1,mean,equal_duration_50_bins,PASS,,
-hnBHBN8p5A_6,audio,27,3.4560000000000004,3.5840000000000005,13,1,mean,equal_duration_50_bins,PASS,,
-hnBHBN8p5A_6,audio,28,3.5840000000000005,3.7120000000000006,12,1,mean,equal_duration_50_bins,PASS,,
-hnBHBN8p5A_6,audio,29,3.7120000000000006,3.84,13,1,mean,equal_duration_50_bins,PASS,,
-hnBHBN8p5A_6,audio,30,3.84,3.968,13,1,mean,equal_duration_50_bins,PASS,,
-hnBHBN8p5A_6,audio,31,3.968,4.096,13,1,mean,equal_duration_50_bins,PASS,,
-hnBHBN8p5A_6,audio,32,4.096,4.224,13,1,mean,equal_duration_50_bins,PASS,,
-hnBHBN8p5A_6,audio,33,4.224,4.352,12,1,mean,equal_duration_50_bins,PASS,,
-hnBHBN8p5A_6,audio,34,4.352,4.48,13,1,mean,equal_duration_50_bins,PASS,,
-hnBHBN8p5A_6,audio,35,4.48,4.6080000000000005,13,1,mean,equal_duration_50_bins,PASS,,
-hnBHBN8p5A_6,audio,36,4.6080000000000005,4.736000000000001,13,1,mean,equal_duration_50_bins,PASS,,
-hnBHBN8p5A_6,audio,37,4.736000000000001,4.864000000000001,13,1,mean,equal_duration_50_bins,PASS,,
-hnBHBN8p5A_6,audio,38,4.864000000000001,4.992000000000001,12,1,mean,equal_duration_50_bins,PASS,,
-hnBHBN8p5A_6,audio,39,4.992000000000001,5.12,13,1,mean,equal_duration_50_bins,PASS,,
-hnBHBN8p5A_6,audio,40,5.12,5.248000000000001,13,1,mean,equal_duration_50_bins,PASS,,
-hnBHBN8p5A_6,audio,41,5.248000000000001,5.376,13,1,mean,equal_duration_50_bins,PASS,,
-hnBHBN8p5A_6,audio,42,5.376,5.504,13,1,mean,equal_duration_50_bins,PASS,,
-hnBHBN8p5A_6,audio,43,5.504,5.632000000000001,12,1,mean,equal_duration_50_bins,PASS,,
-hnBHBN8p5A_6,audio,44,5.632000000000001,5.76,13,1,mean,equal_duration_50_bins,PASS,,
-hnBHBN8p5A_6,audio,45,5.76,5.888000000000001,13,1,mean,equal_duration_50_bins,PASS,,
-hnBHBN8p5A_6,audio,46,5.888000000000001,6.016,13,1,mean,equal_duration_50_bins,PASS,,
-hnBHBN8p5A_6,audio,47,6.016,6.144000000000001,13,1,mean,equal_duration_50_bins,PASS,,
-hnBHBN8p5A_6,audio,48,6.144000000000001,6.272,12,1,mean,equal_duration_50_bins,PASS,,
-hnBHBN8p5A_6,audio,49,6.272,6.4,5,1,mean,equal_duration_50_bins,PASS,,
-qDkUB0GgYY_6,audio,0,0.0,0.09359999999999999,9,1,mean,equal_duration_50_bins,PASS,,
-qDkUB0GgYY_6,audio,1,0.09359999999999999,0.18719999999999998,9,1,mean,equal_duration_50_bins,PASS,,
-qDkUB0GgYY_6,audio,2,0.18719999999999998,0.2808,9,1,mean,equal_duration_50_bins,PASS,,
-qDkUB0GgYY_6,audio,3,0.2808,0.37439999999999996,10,1,mean,equal_duration_50_bins,PASS,,
-qDkUB0GgYY_6,audio,4,0.37439999999999996,0.46799999999999997,9,1,mean,equal_duration_50_bins,PASS,,
-qDkUB0GgYY_6,audio,5,0.46799999999999997,0.5616,9,1,mean,equal_duration_50_bins,PASS,,
-qDkUB0GgYY_6,audio,6,0.5616,0.6552,10,1,mean,equal_duration_50_bins,PASS,,
-qDkUB0GgYY_6,audio,7,0.6552,0.7487999999999999,9,1,mean,equal_duration_50_bins,PASS,,
-qDkUB0GgYY_6,audio,8,0.7487999999999999,0.8423999999999999,9,1,mean,equal_duration_50_bins,PASS,,
-qDkUB0GgYY_6,audio,9,0.8423999999999999,0.9359999999999999,10,1,mean,equal_duration_50_bins,PASS,,
-qDkUB0GgYY_6,audio,10,0.9359999999999999,1.0295999999999998,9,1,mean,equal_duration_50_bins,PASS,,
-qDkUB0GgYY_6,audio,11,1.0295999999999998,1.1232,10,1,mean,equal_duration_50_bins,PASS,,
-qDkUB0GgYY_6,audio,12,1.1232,1.2167999999999999,9,1,mean,equal_duration_50_bins,PASS,,
-qDkUB0GgYY_6,audio,13,1.2167999999999999,1.3104,9,1,mean,equal_duration_50_bins,PASS,,
-qDkUB0GgYY_6,audio,14,1.3104,1.4039999999999997,10,1,mean,equal_duration_50_bins,PASS,,
-qDkUB0GgYY_6,audio,15,1.4039999999999997,1.4975999999999998,9,1,mean,equal_duration_50_bins,PASS,,
-qDkUB0GgYY_6,audio,16,1.4975999999999998,1.5912,9,1,mean,equal_duration_50_bins,PASS,,
-qDkUB0GgYY_6,audio,17,1.5912,1.6847999999999999,10,1,mean,equal_duration_50_bins,PASS,,
-qDkUB0GgYY_6,audio,18,1.6847999999999999,1.7783999999999998,9,1,mean,equal_duration_50_bins,PASS,,
-qDkUB0GgYY_6,audio,19,1.7783999999999998,1.8719999999999999,9,1,mean,equal_duration_50_bins,PASS,,
-qDkUB0GgYY_6,audio,20,1.8719999999999999,1.9656,10,1,mean,equal_duration_50_bins,PASS,,
-qDkUB0GgYY_6,audio,21,1.9656,2.0591999999999997,9,1,mean,equal_duration_50_bins,PASS,,
-qDkUB0GgYY_6,audio,22,2.0591999999999997,2.1527999999999996,10,1,mean,equal_duration_50_bins,PASS,,
-qDkUB0GgYY_6,audio,23,2.1527999999999996,2.2464,9,1,mean,equal_duration_50_bins,PASS,,
-qDkUB0GgYY_6,audio,24,2.2464,2.34,9,1,mean,equal_duration_50_bins,PASS,,
-qDkUB0GgYY_6,audio,25,2.34,2.4335999999999998,10,1,mean,equal_duration_50_bins,PASS,,
-qDkUB0GgYY_6,audio,26,2.4335999999999998,2.5271999999999997,9,1,mean,equal_duration_50_bins,PASS,,
-qDkUB0GgYY_6,audio,27,2.5271999999999997,2.6208,9,1,mean,equal_duration_50_bins,PASS,,
-qDkUB0GgYY_6,audio,28,2.6208,2.7144,10,1,mean,equal_duration_50_bins,PASS,,
-qDkUB0GgYY_6,audio,29,2.7144,2.8079999999999994,9,1,mean,equal_duration_50_bins,PASS,,
-qDkUB0GgYY_6,audio,30,2.8079999999999994,2.9015999999999997,9,1,mean,equal_duration_50_bins,PASS,,
-qDkUB0GgYY_6,audio,31,2.9015999999999997,2.9951999999999996,10,1,mean,equal_duration_50_bins,PASS,,
-qDkUB0GgYY_6,audio,32,2.9951999999999996,3.0888,9,1,mean,equal_duration_50_bins,PASS,,
-qDkUB0GgYY_6,audio,33,3.0888,3.1824,9,1,mean,equal_duration_50_bins,PASS,,
-qDkUB0GgYY_6,audio,34,3.1824,3.276,10,1,mean,equal_duration_50_bins,PASS,,
-qDkUB0GgYY_6,audio,35,3.276,3.3695999999999997,9,1,mean,equal_duration_50_bins,PASS,,
-qDkUB0GgYY_6,audio,36,3.3695999999999997,3.4632,10,1,mean,equal_duration_50_bins,PASS,,
-qDkUB0GgYY_6,audio,37,3.4632,3.5567999999999995,9,1,mean,equal_duration_50_bins,PASS,,
-qDkUB0GgYY_6,audio,38,3.5567999999999995,3.6503999999999994,9,1,mean,equal_duration_50_bins,PASS,,
-qDkUB0GgYY_6,audio,39,3.6503999999999994,3.7439999999999998,10,1,mean,equal_duration_50_bins,PASS,,
-qDkUB0GgYY_6,audio,40,3.7439999999999998,3.8376,9,1,mean,equal_duration_50_bins,PASS,,
-qDkUB0GgYY_6,audio,41,3.8376,3.9312,9,1,mean,equal_duration_50_bins,PASS,,
-qDkUB0GgYY_6,audio,42,3.9312,4.0248,10,1,mean,equal_duration_50_bins,PASS,,
-qDkUB0GgYY_6,audio,43,4.0248,4.118399999999999,9,1,mean,equal_duration_50_bins,PASS,,
-qDkUB0GgYY_6,audio,44,4.118399999999999,4.212,9,1,mean,equal_duration_50_bins,PASS,,
-qDkUB0GgYY_6,audio,45,4.212,4.305599999999999,10,1,mean,equal_duration_50_bins,PASS,,
-qDkUB0GgYY_6,audio,46,4.305599999999999,4.3991999999999996,9,1,mean,equal_duration_50_bins,PASS,,
-qDkUB0GgYY_6,audio,47,4.3991999999999996,4.4928,10,1,mean,equal_duration_50_bins,PASS,,
-qDkUB0GgYY_6,audio,48,4.4928,4.5864,9,1,mean,equal_duration_50_bins,PASS,,
-qDkUB0GgYY_6,audio,49,4.5864,4.68,1,1,mean,equal_duration_50_bins,PASS,,
-uywlfIYOS8_4,audio,0,0.0,0.1208,11,1,mean,equal_duration_50_bins,PASS,,
-uywlfIYOS8_4,audio,1,0.1208,0.2416,12,1,mean,equal_duration_50_bins,PASS,,
-uywlfIYOS8_4,audio,2,0.2416,0.3624,12,1,mean,equal_duration_50_bins,PASS,,
-uywlfIYOS8_4,audio,3,0.3624,0.4832,13,1,mean,equal_duration_50_bins,PASS,,
-uywlfIYOS8_4,audio,4,0.4832,0.604,12,1,mean,equal_duration_50_bins,PASS,,
-uywlfIYOS8_4,audio,5,0.604,0.7248,12,1,mean,equal_duration_50_bins,PASS,,
-uywlfIYOS8_4,audio,6,0.7248,0.8456,12,1,mean,equal_duration_50_bins,PASS,,
-uywlfIYOS8_4,audio,7,0.8456,0.9664,12,1,mean,equal_duration_50_bins,PASS,,
-uywlfIYOS8_4,audio,8,0.9664,1.0872,12,1,mean,equal_duration_50_bins,PASS,,
-uywlfIYOS8_4,audio,9,1.0872,1.208,12,1,mean,equal_duration_50_bins,PASS,,
-uywlfIYOS8_4,audio,10,1.208,1.3288,12,1,mean,equal_duration_50_bins,PASS,,
-uywlfIYOS8_4,audio,11,1.3288,1.4496,12,1,mean,equal_duration_50_bins,PASS,,
-uywlfIYOS8_4,audio,12,1.4496,1.5704,12,1,mean,equal_duration_50_bins,PASS,,
-uywlfIYOS8_4,audio,13,1.5704,1.6912,12,1,mean,equal_duration_50_bins,PASS,,
-uywlfIYOS8_4,audio,14,1.6912,1.8119999999999998,12,1,mean,equal_duration_50_bins,PASS,,
-uywlfIYOS8_4,audio,15,1.8119999999999998,1.9328,13,1,mean,equal_duration_50_bins,PASS,,
-uywlfIYOS8_4,audio,16,1.9328,2.0536000000000003,12,1,mean,equal_duration_50_bins,PASS,,
-uywlfIYOS8_4,audio,17,2.0536000000000003,2.1744,12,1,mean,equal_duration_50_bins,PASS,,
-uywlfIYOS8_4,audio,18,2.1744,2.2952,12,1,mean,equal_duration_50_bins,PASS,,
-uywlfIYOS8_4,audio,19,2.2952,2.416,12,1,mean,equal_duration_50_bins,PASS,,
-uywlfIYOS8_4,audio,20,2.416,2.5368,12,1,mean,equal_duration_50_bins,PASS,,
-uywlfIYOS8_4,audio,21,2.5368,2.6576,12,1,mean,equal_duration_50_bins,PASS,,
-uywlfIYOS8_4,audio,22,2.6576,2.7783999999999995,12,1,mean,equal_duration_50_bins,PASS,,
-uywlfIYOS8_4,audio,23,2.7783999999999995,2.8992,12,1,mean,equal_duration_50_bins,PASS,,
-uywlfIYOS8_4,audio,24,2.8992,3.02,12,1,mean,equal_duration_50_bins,PASS,,
-uywlfIYOS8_4,audio,25,3.02,3.1408,12,1,mean,equal_duration_50_bins,PASS,,
-uywlfIYOS8_4,audio,26,3.1408,3.2616,12,1,mean,equal_duration_50_bins,PASS,,
-uywlfIYOS8_4,audio,27,3.2616,3.3824,12,1,mean,equal_duration_50_bins,PASS,,
-uywlfIYOS8_4,audio,28,3.3824,3.5032,13,1,mean,equal_duration_50_bins,PASS,,
-uywlfIYOS8_4,audio,29,3.5032,3.6239999999999997,12,1,mean,equal_duration_50_bins,PASS,,
-uywlfIYOS8_4,audio,30,3.6239999999999997,3.7448,12,1,mean,equal_duration_50_bins,PASS,,
-uywlfIYOS8_4,audio,31,3.7448,3.8656,12,1,mean,equal_duration_50_bins,PASS,,
-uywlfIYOS8_4,audio,32,3.8656,3.9863999999999997,12,1,mean,equal_duration_50_bins,PASS,,
-uywlfIYOS8_4,audio,33,3.9863999999999997,4.107200000000001,12,1,mean,equal_duration_50_bins,PASS,,
-uywlfIYOS8_4,audio,34,4.107200000000001,4.228,12,1,mean,equal_duration_50_bins,PASS,,
-uywlfIYOS8_4,audio,35,4.228,4.3488,12,1,mean,equal_duration_50_bins,PASS,,
-uywlfIYOS8_4,audio,36,4.3488,4.4696,12,1,mean,equal_duration_50_bins,PASS,,
-uywlfIYOS8_4,audio,37,4.4696,4.5904,12,1,mean,equal_duration_50_bins,PASS,,
-uywlfIYOS8_4,audio,38,4.5904,4.7112,12,1,mean,equal_duration_50_bins,PASS,,
-uywlfIYOS8_4,audio,39,4.7112,4.832,12,1,mean,equal_duration_50_bins,PASS,,
-uywlfIYOS8_4,audio,40,4.832,4.9528,13,1,mean,equal_duration_50_bins,PASS,,
-uywlfIYOS8_4,audio,41,4.9528,5.0736,12,1,mean,equal_duration_50_bins,PASS,,
-uywlfIYOS8_4,audio,42,5.0736,5.194400000000001,12,1,mean,equal_duration_50_bins,PASS,,
-uywlfIYOS8_4,audio,43,5.194400000000001,5.3152,12,1,mean,equal_duration_50_bins,PASS,,
-uywlfIYOS8_4,audio,44,5.3152,5.436,12,1,mean,equal_duration_50_bins,PASS,,
-uywlfIYOS8_4,audio,45,5.436,5.556799999999999,12,1,mean,equal_duration_50_bins,PASS,,
-uywlfIYOS8_4,audio,46,5.556799999999999,5.6776,12,1,mean,equal_duration_50_bins,PASS,,
-uywlfIYOS8_4,audio,47,5.6776,5.7984,12,1,mean,equal_duration_50_bins,PASS,,
-uywlfIYOS8_4,audio,48,5.7984,5.9192,7,1,mean,equal_duration_50_bins,PASS,,
-uywlfIYOS8_4,audio,49,5.9192,6.04,0,0,mean,equal_duration_50_bins,PASS,,
-6rXp3zJ3kc_8,audio,0,0.0,0.2562,25,1,mean,equal_duration_50_bins,PASS,,
-6rXp3zJ3kc_8,audio,1,0.2562,0.5124,25,1,mean,equal_duration_50_bins,PASS,,
-6rXp3zJ3kc_8,audio,2,0.5124,0.7686,26,1,mean,equal_duration_50_bins,PASS,,
-6rXp3zJ3kc_8,audio,3,0.7686,1.0248,26,1,mean,equal_duration_50_bins,PASS,,
-6rXp3zJ3kc_8,audio,4,1.0248,1.281,25,1,mean,equal_duration_50_bins,PASS,,
-6rXp3zJ3kc_8,audio,5,1.281,1.5372,26,1,mean,equal_duration_50_bins,PASS,,
-6rXp3zJ3kc_8,audio,6,1.5372,1.7934,26,1,mean,equal_duration_50_bins,PASS,,
-6rXp3zJ3kc_8,audio,7,1.7934,2.0496,25,1,mean,equal_duration_50_bins,PASS,,
-6rXp3zJ3kc_8,audio,8,2.0496,2.3058,26,1,mean,equal_duration_50_bins,PASS,,
-6rXp3zJ3kc_8,audio,9,2.3058,2.562,25,1,mean,equal_duration_50_bins,PASS,,
-6rXp3zJ3kc_8,audio,10,2.562,2.8182,26,1,mean,equal_duration_50_bins,PASS,,
-6rXp3zJ3kc_8,audio,11,2.8182,3.0744,26,1,mean,equal_duration_50_bins,PASS,,
-6rXp3zJ3kc_8,audio,12,3.0744,3.3306,25,1,mean,equal_duration_50_bins,PASS,,
-6rXp3zJ3kc_8,audio,13,3.3306,3.5868,26,1,mean,equal_duration_50_bins,PASS,,
-6rXp3zJ3kc_8,audio,14,3.5868,3.843,26,1,mean,equal_duration_50_bins,PASS,,
-6rXp3zJ3kc_8,audio,15,3.843,4.0992,25,1,mean,equal_duration_50_bins,PASS,,
-6rXp3zJ3kc_8,audio,16,4.0992,4.3554,26,1,mean,equal_duration_50_bins,PASS,,
-6rXp3zJ3kc_8,audio,17,4.3554,4.6116,25,1,mean,equal_duration_50_bins,PASS,,
-6rXp3zJ3kc_8,audio,18,4.6116,4.8678,26,1,mean,equal_duration_50_bins,PASS,,
-6rXp3zJ3kc_8,audio,19,4.8678,5.124,26,1,mean,equal_duration_50_bins,PASS,,
-6rXp3zJ3kc_8,audio,20,5.124,5.380199999999999,25,1,mean,equal_duration_50_bins,PASS,,
-6rXp3zJ3kc_8,audio,21,5.380199999999999,5.6364,26,1,mean,equal_duration_50_bins,PASS,,
-6rXp3zJ3kc_8,audio,22,5.6364,5.8926,26,1,mean,equal_duration_50_bins,PASS,,
-6rXp3zJ3kc_8,audio,23,5.8926,6.1488,25,1,mean,equal_duration_50_bins,PASS,,
-6rXp3zJ3kc_8,audio,24,6.1488,6.405,26,1,mean,equal_duration_50_bins,PASS,,
-6rXp3zJ3kc_8,audio,25,6.405,6.6612,25,1,mean,equal_duration_50_bins,PASS,,
-6rXp3zJ3kc_8,audio,26,6.6612,6.9174,26,1,mean,equal_duration_50_bins,PASS,,
-6rXp3zJ3kc_8,audio,27,6.9174,7.1736,26,1,mean,equal_duration_50_bins,PASS,,
-6rXp3zJ3kc_8,audio,28,7.1736,7.4298,25,1,mean,equal_duration_50_bins,PASS,,
-6rXp3zJ3kc_8,audio,29,7.4298,7.686,26,1,mean,equal_duration_50_bins,PASS,,
-6rXp3zJ3kc_8,audio,30,7.686,7.942200000000001,25,1,mean,equal_duration_50_bins,PASS,,
-6rXp3zJ3kc_8,audio,31,7.942200000000001,8.1984,26,1,mean,equal_duration_50_bins,PASS,,
-6rXp3zJ3kc_8,audio,32,8.1984,8.454600000000001,26,1,mean,equal_duration_50_bins,PASS,,
-6rXp3zJ3kc_8,audio,33,8.454600000000001,8.7108,25,1,mean,equal_duration_50_bins,PASS,,
-6rXp3zJ3kc_8,audio,34,8.7108,8.967,26,1,mean,equal_duration_50_bins,PASS,,
-6rXp3zJ3kc_8,audio,35,8.967,9.2232,26,1,mean,equal_duration_50_bins,PASS,,
-6rXp3zJ3kc_8,audio,36,9.2232,9.4794,25,1,mean,equal_duration_50_bins,PASS,,
-6rXp3zJ3kc_8,audio,37,9.4794,9.7356,26,1,mean,equal_duration_50_bins,PASS,,
-6rXp3zJ3kc_8,audio,38,9.7356,9.991800000000001,25,1,mean,equal_duration_50_bins,PASS,,
-6rXp3zJ3kc_8,audio,39,9.991800000000001,10.248,26,1,mean,equal_duration_50_bins,PASS,,
-6rXp3zJ3kc_8,audio,40,10.248,10.5042,26,1,mean,equal_duration_50_bins,PASS,,
-6rXp3zJ3kc_8,audio,41,10.5042,10.760399999999999,25,1,mean,equal_duration_50_bins,PASS,,
-6rXp3zJ3kc_8,audio,42,10.760399999999999,11.0166,26,1,mean,equal_duration_50_bins,PASS,,
-6rXp3zJ3kc_8,audio,43,11.0166,11.2728,26,1,mean,equal_duration_50_bins,PASS,,
-6rXp3zJ3kc_8,audio,44,11.2728,11.529000000000002,25,1,mean,equal_duration_50_bins,PASS,,
-6rXp3zJ3kc_8,audio,45,11.529000000000002,11.7852,26,1,mean,equal_duration_50_bins,PASS,,
-6rXp3zJ3kc_8,audio,46,11.7852,12.041400000000001,25,1,mean,equal_duration_50_bins,PASS,,
-6rXp3zJ3kc_8,audio,47,12.041400000000001,12.2976,26,1,mean,equal_duration_50_bins,PASS,,
-6rXp3zJ3kc_8,audio,48,12.2976,12.5538,26,1,mean,equal_duration_50_bins,PASS,,
-6rXp3zJ3kc_8,audio,49,12.5538,12.81,17,1,mean,equal_duration_50_bins,PASS,,
-9y-fZ3swSY_0,audio,0,0.0,0.1366,13,1,mean,equal_duration_50_bins,PASS,,
-9y-fZ3swSY_0,audio,1,0.1366,0.2732,14,1,mean,equal_duration_50_bins,PASS,,
-9y-fZ3swSY_0,audio,2,0.2732,0.40980000000000005,13,1,mean,equal_duration_50_bins,PASS,,
-9y-fZ3swSY_0,audio,3,0.40980000000000005,0.5464,14,1,mean,equal_duration_50_bins,PASS,,
-9y-fZ3swSY_0,audio,4,0.5464,0.6829999999999999,14,1,mean,equal_duration_50_bins,PASS,,
-9y-fZ3swSY_0,audio,5,0.6829999999999999,0.8196000000000001,13,1,mean,equal_duration_50_bins,PASS,,
-9y-fZ3swSY_0,audio,6,0.8196000000000001,0.9562,14,1,mean,equal_duration_50_bins,PASS,,
-9y-fZ3swSY_0,audio,7,0.9562,1.0928,14,1,mean,equal_duration_50_bins,PASS,,
-9y-fZ3swSY_0,audio,8,1.0928,1.2294,13,1,mean,equal_duration_50_bins,PASS,,
-9y-fZ3swSY_0,audio,9,1.2294,1.3659999999999999,14,1,mean,equal_duration_50_bins,PASS,,
-9y-fZ3swSY_0,audio,10,1.3659999999999999,1.5026,14,1,mean,equal_duration_50_bins,PASS,,
-9y-fZ3swSY_0,audio,11,1.5026,1.6392000000000002,13,1,mean,equal_duration_50_bins,PASS,,
-9y-fZ3swSY_0,audio,12,1.6392000000000002,1.7758,14,1,mean,equal_duration_50_bins,PASS,,
-9y-fZ3swSY_0,audio,13,1.7758,1.9124,13,1,mean,equal_duration_50_bins,PASS,,
-9y-fZ3swSY_0,audio,14,1.9124,2.049,14,1,mean,equal_duration_50_bins,PASS,,
-9y-fZ3swSY_0,audio,15,2.049,2.1856,14,1,mean,equal_duration_50_bins,PASS,,
-9y-fZ3swSY_0,audio,16,2.1856,2.3222,13,1,mean,equal_duration_50_bins,PASS,,
-9y-fZ3swSY_0,audio,17,2.3222,2.4588,14,1,mean,equal_duration_50_bins,PASS,,
-9y-fZ3swSY_0,audio,18,2.4588,2.5954,14,1,mean,equal_duration_50_bins,PASS,,
-9y-fZ3swSY_0,audio,19,2.5954,2.7319999999999998,13,1,mean,equal_duration_50_bins,PASS,,
-9y-fZ3swSY_0,audio,20,2.7319999999999998,2.8686000000000003,14,1,mean,equal_duration_50_bins,PASS,,
-9y-fZ3swSY_0,audio,21,2.8686000000000003,3.0052,14,1,mean,equal_duration_50_bins,PASS,,
-9y-fZ3swSY_0,audio,22,3.0052,3.1418,13,1,mean,equal_duration_50_bins,PASS,,
-9y-fZ3swSY_0,audio,23,3.1418,3.2784000000000004,14,1,mean,equal_duration_50_bins,PASS,,
-9y-fZ3swSY_0,audio,24,3.2784000000000004,3.415,14,1,mean,equal_duration_50_bins,PASS,,
-9y-fZ3swSY_0,audio,25,3.415,3.5516,13,1,mean,equal_duration_50_bins,PASS,,
-9y-fZ3swSY_0,audio,26,3.5516,3.6882,14,1,mean,equal_duration_50_bins,PASS,,
-9y-fZ3swSY_0,audio,27,3.6882,3.8248,14,1,mean,equal_duration_50_bins,PASS,,
-9y-fZ3swSY_0,audio,28,3.8248,3.9614,13,1,mean,equal_duration_50_bins,PASS,,
-9y-fZ3swSY_0,audio,29,3.9614,4.098,14,1,mean,equal_duration_50_bins,PASS,,
-9y-fZ3swSY_0,audio,30,4.098,4.2345999999999995,14,1,mean,equal_duration_50_bins,PASS,,
-9y-fZ3swSY_0,audio,31,4.2345999999999995,4.3712,13,1,mean,equal_duration_50_bins,PASS,,
-9y-fZ3swSY_0,audio,32,4.3712,4.5078000000000005,14,1,mean,equal_duration_50_bins,PASS,,
-9y-fZ3swSY_0,audio,33,4.5078000000000005,4.6444,14,1,mean,equal_duration_50_bins,PASS,,
-9y-fZ3swSY_0,audio,34,4.6444,4.781000000000001,13,1,mean,equal_duration_50_bins,PASS,,
-9y-fZ3swSY_0,audio,35,4.781000000000001,4.9176,14,1,mean,equal_duration_50_bins,PASS,,
-9y-fZ3swSY_0,audio,36,4.9176,5.0542,14,1,mean,equal_duration_50_bins,PASS,,
-9y-fZ3swSY_0,audio,37,5.0542,5.1908,13,1,mean,equal_duration_50_bins,PASS,,
-9y-fZ3swSY_0,audio,38,5.1908,5.3274,14,1,mean,equal_duration_50_bins,PASS,,
-9y-fZ3swSY_0,audio,39,5.3274,5.4639999999999995,14,1,mean,equal_duration_50_bins,PASS,,
-9y-fZ3swSY_0,audio,40,5.4639999999999995,5.600600000000001,13,1,mean,equal_duration_50_bins,PASS,,
-9y-fZ3swSY_0,audio,41,5.600600000000001,5.7372000000000005,14,1,mean,equal_duration_50_bins,PASS,,
-9y-fZ3swSY_0,audio,42,5.7372000000000005,5.8738,14,1,mean,equal_duration_50_bins,PASS,,
-9y-fZ3swSY_0,audio,43,5.8738,6.0104,13,1,mean,equal_duration_50_bins,PASS,,
-9y-fZ3swSY_0,audio,44,6.0104,6.147,14,1,mean,equal_duration_50_bins,PASS,,
-9y-fZ3swSY_0,audio,45,6.147,6.2836,14,1,mean,equal_duration_50_bins,PASS,,
-9y-fZ3swSY_0,audio,46,6.2836,6.4201999999999995,13,1,mean,equal_duration_50_bins,PASS,,
-9y-fZ3swSY_0,audio,47,6.4201999999999995,6.556800000000001,14,1,mean,equal_duration_50_bins,PASS,,
-9y-fZ3swSY_0,audio,48,6.556800000000001,6.6934000000000005,14,1,mean,equal_duration_50_bins,PASS,,
-9y-fZ3swSY_0,audio,49,6.6934000000000005,6.83,5,1,mean,equal_duration_50_bins,PASS,,
-9y-fZ3swSY_4,audio,0,0.0,0.0564,5,1,mean,equal_duration_50_bins,PASS,,
-9y-fZ3swSY_4,audio,1,0.0564,0.1128,6,1,mean,equal_duration_50_bins,PASS,,
-9y-fZ3swSY_4,audio,2,0.1128,0.1692,5,1,mean,equal_duration_50_bins,PASS,,
-9y-fZ3swSY_4,audio,3,0.1692,0.2256,6,1,mean,equal_duration_50_bins,PASS,,
-9y-fZ3swSY_4,audio,4,0.2256,0.282,5,1,mean,equal_duration_50_bins,PASS,,
-9y-fZ3swSY_4,audio,5,0.282,0.3384,6,1,mean,equal_duration_50_bins,PASS,,
-9y-fZ3swSY_4,audio,6,0.3384,0.3948,6,1,mean,equal_duration_50_bins,PASS,,
-9y-fZ3swSY_4,audio,7,0.3948,0.4512,5,1,mean,equal_duration_50_bins,PASS,,
-9y-fZ3swSY_4,audio,8,0.4512,0.5075999999999999,6,1,mean,equal_duration_50_bins,PASS,,
-9y-fZ3swSY_4,audio,9,0.5075999999999999,0.564,6,1,mean,equal_duration_50_bins,PASS,,
-9y-fZ3swSY_4,audio,10,0.564,0.6204,5,1,mean,equal_duration_50_bins,PASS,,
-9y-fZ3swSY_4,audio,11,0.6204,0.6768,6,1,mean,equal_duration_50_bins,PASS,,
-9y-fZ3swSY_4,audio,12,0.6768,0.7332,6,1,mean,equal_duration_50_bins,PASS,,
-9y-fZ3swSY_4,audio,13,0.7332,0.7896,5,1,mean,equal_duration_50_bins,PASS,,
-9y-fZ3swSY_4,audio,14,0.7896,0.846,6,1,mean,equal_duration_50_bins,PASS,,
-9y-fZ3swSY_4,audio,15,0.846,0.9024,5,1,mean,equal_duration_50_bins,PASS,,
-9y-fZ3swSY_4,audio,16,0.9024,0.9588,6,1,mean,equal_duration_50_bins,PASS,,
-9y-fZ3swSY_4,audio,17,0.9588,1.0151999999999999,6,1,mean,equal_duration_50_bins,PASS,,
-9y-fZ3swSY_4,audio,18,1.0151999999999999,1.0715999999999999,5,1,mean,equal_duration_50_bins,PASS,,
-9y-fZ3swSY_4,audio,19,1.0715999999999999,1.128,6,1,mean,equal_duration_50_bins,PASS,,
-9y-fZ3swSY_4,audio,20,1.128,1.1844,6,1,mean,equal_duration_50_bins,PASS,,
-9y-fZ3swSY_4,audio,21,1.1844,1.2408,5,1,mean,equal_duration_50_bins,PASS,,
-9y-fZ3swSY_4,audio,22,1.2408,1.2972,6,1,mean,equal_duration_50_bins,PASS,,
-9y-fZ3swSY_4,audio,23,1.2972,1.3536,6,1,mean,equal_duration_50_bins,PASS,,
-9y-fZ3swSY_4,audio,24,1.3536,1.41,5,1,mean,equal_duration_50_bins,PASS,,
-9y-fZ3swSY_4,audio,25,1.41,1.4664,6,1,mean,equal_duration_50_bins,PASS,,
-9y-fZ3swSY_4,audio,26,1.4664,1.5228,6,1,mean,equal_duration_50_bins,PASS,,
-9y-fZ3swSY_4,audio,27,1.5228,1.5792,5,1,mean,equal_duration_50_bins,PASS,,
-9y-fZ3swSY_4,audio,28,1.5792,1.6356,6,1,mean,equal_duration_50_bins,PASS,,
-9y-fZ3swSY_4,audio,29,1.6356,1.692,5,1,mean,equal_duration_50_bins,PASS,,
-9y-fZ3swSY_4,audio,30,1.692,1.7484,6,1,mean,equal_duration_50_bins,PASS,,
-9y-fZ3swSY_4,audio,31,1.7484,1.8048,6,1,mean,equal_duration_50_bins,PASS,,
-9y-fZ3swSY_4,audio,32,1.8048,1.8611999999999997,5,1,mean,equal_duration_50_bins,PASS,,
-9y-fZ3swSY_4,audio,33,1.8611999999999997,1.9176,6,1,mean,equal_duration_50_bins,PASS,,
-9y-fZ3swSY_4,audio,34,1.9176,1.9739999999999998,6,1,mean,equal_duration_50_bins,PASS,,
-9y-fZ3swSY_4,audio,35,1.9739999999999998,2.0303999999999998,5,1,mean,equal_duration_50_bins,PASS,,
-9y-fZ3swSY_4,audio,36,2.0303999999999998,2.0867999999999998,6,1,mean,equal_duration_50_bins,PASS,,
-9y-fZ3swSY_4,audio,37,2.0867999999999998,2.1431999999999998,6,1,mean,equal_duration_50_bins,PASS,,
-9y-fZ3swSY_4,audio,38,2.1431999999999998,2.1995999999999998,5,1,mean,equal_duration_50_bins,PASS,,
-9y-fZ3swSY_4,audio,39,2.1995999999999998,2.256,6,1,mean,equal_duration_50_bins,PASS,,
-9y-fZ3swSY_4,audio,40,2.256,2.3124,5,1,mean,equal_duration_50_bins,PASS,,
-9y-fZ3swSY_4,audio,41,2.3124,2.3688,6,1,mean,equal_duration_50_bins,PASS,,
-9y-fZ3swSY_4,audio,42,2.3688,2.4252,6,1,mean,equal_duration_50_bins,PASS,,
-9y-fZ3swSY_4,audio,43,2.4252,2.4816,5,1,mean,equal_duration_50_bins,PASS,,
-9y-fZ3swSY_4,audio,44,2.4816,2.538,6,1,mean,equal_duration_50_bins,PASS,,
-9y-fZ3swSY_4,audio,45,2.538,2.5944,6,1,mean,equal_duration_50_bins,PASS,,
-9y-fZ3swSY_4,audio,46,2.5944,2.6508,5,1,mean,equal_duration_50_bins,PASS,,
-9y-fZ3swSY_4,audio,47,2.6508,2.7072,0,0,mean,equal_duration_50_bins,PASS,,
-9y-fZ3swSY_4,audio,48,2.7072,2.7635999999999994,0,0,mean,equal_duration_50_bins,PASS,,
-9y-fZ3swSY_4,audio,49,2.7635999999999994,2.82,0,0,mean,equal_duration_50_bins,PASS,,
-9y-fZ3swSY_8,audio,0,0.0,0.0998,9,1,mean,equal_duration_50_bins,PASS,,
-9y-fZ3swSY_8,audio,1,0.0998,0.1996,10,1,mean,equal_duration_50_bins,PASS,,
-9y-fZ3swSY_8,audio,2,0.1996,0.2994,10,1,mean,equal_duration_50_bins,PASS,,
-9y-fZ3swSY_8,audio,3,0.2994,0.3992,10,1,mean,equal_duration_50_bins,PASS,,
-9y-fZ3swSY_8,audio,4,0.3992,0.49900000000000005,10,1,mean,equal_duration_50_bins,PASS,,
-9y-fZ3swSY_8,audio,5,0.49900000000000005,0.5988,10,1,mean,equal_duration_50_bins,PASS,,
-9y-fZ3swSY_8,audio,6,0.5988,0.6986,10,1,mean,equal_duration_50_bins,PASS,,
-9y-fZ3swSY_8,audio,7,0.6986,0.7984,10,1,mean,equal_duration_50_bins,PASS,,
-9y-fZ3swSY_8,audio,8,0.7984,0.8982000000000001,10,1,mean,equal_duration_50_bins,PASS,,
-9y-fZ3swSY_8,audio,9,0.8982000000000001,0.9980000000000001,10,1,mean,equal_duration_50_bins,PASS,,
-9y-fZ3swSY_8,audio,10,0.9980000000000001,1.0978,10,1,mean,equal_duration_50_bins,PASS,,
-9y-fZ3swSY_8,audio,11,1.0978,1.1976,10,1,mean,equal_duration_50_bins,PASS,,
-9y-fZ3swSY_8,audio,12,1.1976,1.2974,10,1,mean,equal_duration_50_bins,PASS,,
-9y-fZ3swSY_8,audio,13,1.2974,1.3972,10,1,mean,equal_duration_50_bins,PASS,,
-9y-fZ3swSY_8,audio,14,1.3972,1.497,10,1,mean,equal_duration_50_bins,PASS,,
-9y-fZ3swSY_8,audio,15,1.497,1.5968,10,1,mean,equal_duration_50_bins,PASS,,
-9y-fZ3swSY_8,audio,16,1.5968,1.6965999999999999,10,1,mean,equal_duration_50_bins,PASS,,
-9y-fZ3swSY_8,audio,17,1.6965999999999999,1.7964000000000002,10,1,mean,equal_duration_50_bins,PASS,,
-9y-fZ3swSY_8,audio,18,1.7964000000000002,1.8962,10,1,mean,equal_duration_50_bins,PASS,,
-9y-fZ3swSY_8,audio,19,1.8962,1.9960000000000002,10,1,mean,equal_duration_50_bins,PASS,,
-9y-fZ3swSY_8,audio,20,1.9960000000000002,2.0958,10,1,mean,equal_duration_50_bins,PASS,,
-9y-fZ3swSY_8,audio,21,2.0958,2.1956,10,1,mean,equal_duration_50_bins,PASS,,
-9y-fZ3swSY_8,audio,22,2.1956,2.2954000000000003,10,1,mean,equal_duration_50_bins,PASS,,
-9y-fZ3swSY_8,audio,23,2.2954000000000003,2.3952,10,1,mean,equal_duration_50_bins,PASS,,
-9y-fZ3swSY_8,audio,24,2.3952,2.495,10,1,mean,equal_duration_50_bins,PASS,,
-9y-fZ3swSY_8,audio,25,2.495,2.5948,10,1,mean,equal_duration_50_bins,PASS,,
-9y-fZ3swSY_8,audio,26,2.5948,2.6946000000000003,10,1,mean,equal_duration_50_bins,PASS,,
-9y-fZ3swSY_8,audio,27,2.6946000000000003,2.7944,10,1,mean,equal_duration_50_bins,PASS,,
-9y-fZ3swSY_8,audio,28,2.7944,2.8942,10,1,mean,equal_duration_50_bins,PASS,,
-9y-fZ3swSY_8,audio,29,2.8942,2.994,10,1,mean,equal_duration_50_bins,PASS,,
-9y-fZ3swSY_8,audio,30,2.994,3.0938,10,1,mean,equal_duration_50_bins,PASS,,
-9y-fZ3swSY_8,audio,31,3.0938,3.1936,10,1,mean,equal_duration_50_bins,PASS,,
-9y-fZ3swSY_8,audio,32,3.1936,3.2934,10,1,mean,equal_duration_50_bins,PASS,,
-9y-fZ3swSY_8,audio,33,3.2934,3.3931999999999998,10,1,mean,equal_duration_50_bins,PASS,,
-9y-fZ3swSY_8,audio,34,3.3931999999999998,3.4930000000000003,10,1,mean,equal_duration_50_bins,PASS,,
-9y-fZ3swSY_8,audio,35,3.4930000000000003,3.5928000000000004,10,1,mean,equal_duration_50_bins,PASS,,
-9y-fZ3swSY_8,audio,36,3.5928000000000004,3.6926,10,1,mean,equal_duration_50_bins,PASS,,
-9y-fZ3swSY_8,audio,37,3.6926,3.7924,9,1,mean,equal_duration_50_bins,PASS,,
-9y-fZ3swSY_8,audio,38,3.7924,3.8922000000000003,10,1,mean,equal_duration_50_bins,PASS,,
-9y-fZ3swSY_8,audio,39,3.8922000000000003,3.9920000000000004,10,1,mean,equal_duration_50_bins,PASS,,
-9y-fZ3swSY_8,audio,40,3.9920000000000004,4.0918,10,1,mean,equal_duration_50_bins,PASS,,
-9y-fZ3swSY_8,audio,41,4.0918,4.1916,10,1,mean,equal_duration_50_bins,PASS,,
-9y-fZ3swSY_8,audio,42,4.1916,4.2914,10,1,mean,equal_duration_50_bins,PASS,,
-9y-fZ3swSY_8,audio,43,4.2914,4.3912,10,1,mean,equal_duration_50_bins,PASS,,
-9y-fZ3swSY_8,audio,44,4.3912,4.4910000000000005,10,1,mean,equal_duration_50_bins,PASS,,
-9y-fZ3swSY_8,audio,45,4.4910000000000005,4.590800000000001,10,1,mean,equal_duration_50_bins,PASS,,
-9y-fZ3swSY_8,audio,46,4.590800000000001,4.6906,10,1,mean,equal_duration_50_bins,PASS,,
-9y-fZ3swSY_8,audio,47,4.6906,4.7904,10,1,mean,equal_duration_50_bins,PASS,,
-9y-fZ3swSY_8,audio,48,4.7904,4.8902,10,1,mean,equal_duration_50_bins,PASS,,
-9y-fZ3swSY_8,audio,49,4.8902,4.99,2,1,mean,equal_duration_50_bins,PASS,,
-AUZQgSxyPQ_2,audio,0,0.0,0.45020000000000004,44,1,mean,equal_duration_50_bins,PASS,,
-AUZQgSxyPQ_2,audio,1,0.45020000000000004,0.9004000000000001,45,1,mean,equal_duration_50_bins,PASS,,
-AUZQgSxyPQ_2,audio,2,0.9004000000000001,1.3506,45,1,mean,equal_duration_50_bins,PASS,,
-AUZQgSxyPQ_2,audio,3,1.3506,1.8008000000000002,45,1,mean,equal_duration_50_bins,PASS,,
-AUZQgSxyPQ_2,audio,4,1.8008000000000002,2.2510000000000003,45,1,mean,equal_duration_50_bins,PASS,,
-AUZQgSxyPQ_2,audio,5,2.2510000000000003,2.7012,45,1,mean,equal_duration_50_bins,PASS,,
-AUZQgSxyPQ_2,audio,6,2.7012,3.1514000000000006,45,1,mean,equal_duration_50_bins,PASS,,
-AUZQgSxyPQ_2,audio,7,3.1514000000000006,3.6016000000000004,45,1,mean,equal_duration_50_bins,PASS,,
-AUZQgSxyPQ_2,audio,8,3.6016000000000004,4.0518,45,1,mean,equal_duration_50_bins,PASS,,
-AUZQgSxyPQ_2,audio,9,4.0518,4.502000000000001,45,1,mean,equal_duration_50_bins,PASS,,
-AUZQgSxyPQ_2,audio,10,4.502000000000001,4.9522,45,1,mean,equal_duration_50_bins,PASS,,
-AUZQgSxyPQ_2,audio,11,4.9522,5.4024,45,1,mean,equal_duration_50_bins,PASS,,
-AUZQgSxyPQ_2,audio,12,5.4024,5.8526,46,1,mean,equal_duration_50_bins,PASS,,
-AUZQgSxyPQ_2,audio,13,5.8526,6.302800000000001,45,1,mean,equal_duration_50_bins,PASS,,
-AUZQgSxyPQ_2,audio,14,6.302800000000001,6.753000000000001,45,1,mean,equal_duration_50_bins,PASS,,
-AUZQgSxyPQ_2,audio,15,6.753000000000001,7.203200000000001,45,1,mean,equal_duration_50_bins,PASS,,
-AUZQgSxyPQ_2,audio,16,7.203200000000001,7.6534,45,1,mean,equal_duration_50_bins,PASS,,
-AUZQgSxyPQ_2,audio,17,7.6534,8.1036,45,1,mean,equal_duration_50_bins,PASS,,
-AUZQgSxyPQ_2,audio,18,8.1036,8.5538,45,1,mean,equal_duration_50_bins,PASS,,
-AUZQgSxyPQ_2,audio,19,8.5538,9.004000000000001,45,1,mean,equal_duration_50_bins,PASS,,
-AUZQgSxyPQ_2,audio,20,9.004000000000001,9.4542,45,1,mean,equal_duration_50_bins,PASS,,
-AUZQgSxyPQ_2,audio,21,9.4542,9.9044,45,1,mean,equal_duration_50_bins,PASS,,
-AUZQgSxyPQ_2,audio,22,9.9044,10.3546,45,1,mean,equal_duration_50_bins,PASS,,
-AUZQgSxyPQ_2,audio,23,10.3546,10.8048,45,1,mean,equal_duration_50_bins,PASS,,
-AUZQgSxyPQ_2,audio,24,10.8048,11.255,45,1,mean,equal_duration_50_bins,PASS,,
-AUZQgSxyPQ_2,audio,25,11.255,11.7052,45,1,mean,equal_duration_50_bins,PASS,,
-AUZQgSxyPQ_2,audio,26,11.7052,12.155400000000002,45,1,mean,equal_duration_50_bins,PASS,,
-AUZQgSxyPQ_2,audio,27,12.155400000000002,12.605600000000003,45,1,mean,equal_duration_50_bins,PASS,,
-AUZQgSxyPQ_2,audio,28,12.605600000000003,13.055800000000001,45,1,mean,equal_duration_50_bins,PASS,,
-AUZQgSxyPQ_2,audio,29,13.055800000000001,13.506000000000002,45,1,mean,equal_duration_50_bins,PASS,,
-AUZQgSxyPQ_2,audio,30,13.506000000000002,13.9562,45,1,mean,equal_duration_50_bins,PASS,,
-AUZQgSxyPQ_2,audio,31,13.9562,14.406400000000001,45,1,mean,equal_duration_50_bins,PASS,,
-AUZQgSxyPQ_2,audio,32,14.406400000000001,14.8566,45,1,mean,equal_duration_50_bins,PASS,,
-AUZQgSxyPQ_2,audio,33,14.8566,15.3068,45,1,mean,equal_duration_50_bins,PASS,,
-AUZQgSxyPQ_2,audio,34,15.3068,15.757,45,1,mean,equal_duration_50_bins,PASS,,
-AUZQgSxyPQ_2,audio,35,15.757,16.2072,45,1,mean,equal_duration_50_bins,PASS,,
-AUZQgSxyPQ_2,audio,36,16.2072,16.6574,45,1,mean,equal_duration_50_bins,PASS,,
-AUZQgSxyPQ_2,audio,37,16.6574,17.1076,45,1,mean,equal_duration_50_bins,PASS,,
-AUZQgSxyPQ_2,audio,38,17.1076,17.5578,45,1,mean,equal_duration_50_bins,PASS,,
-AUZQgSxyPQ_2,audio,39,17.5578,18.008000000000003,45,1,mean,equal_duration_50_bins,PASS,,
-AUZQgSxyPQ_2,audio,40,18.008000000000003,18.4582,45,1,mean,equal_duration_50_bins,PASS,,
-AUZQgSxyPQ_2,audio,41,18.4582,18.9084,45,1,mean,equal_duration_50_bins,PASS,,
-AUZQgSxyPQ_2,audio,42,18.9084,19.358600000000003,45,1,mean,equal_duration_50_bins,PASS,,
-AUZQgSxyPQ_2,audio,43,19.358600000000003,19.8088,45,1,mean,equal_duration_50_bins,PASS,,
-AUZQgSxyPQ_2,audio,44,19.8088,20.259,45,1,mean,equal_duration_50_bins,PASS,,
-AUZQgSxyPQ_2,audio,45,20.259,20.7092,45,1,mean,equal_duration_50_bins,PASS,,
-AUZQgSxyPQ_2,audio,46,20.7092,21.1594,45,1,mean,equal_duration_50_bins,PASS,,
-AUZQgSxyPQ_2,audio,47,21.1594,21.6096,45,1,mean,equal_duration_50_bins,PASS,,
-AUZQgSxyPQ_2,audio,48,21.6096,22.0598,45,1,mean,equal_duration_50_bins,PASS,,
-AUZQgSxyPQ_2,audio,49,22.0598,22.51,33,1,mean,equal_duration_50_bins,PASS,,
-HeZS2-Prhc_2,audio,0,0.0,0.16519999999999999,16,1,mean,equal_duration_50_bins,PASS,,
-HeZS2-Prhc_2,audio,1,0.16519999999999999,0.33039999999999997,16,1,mean,equal_duration_50_bins,PASS,,
-HeZS2-Prhc_2,audio,2,0.33039999999999997,0.49560000000000004,17,1,mean,equal_duration_50_bins,PASS,,
-HeZS2-Prhc_2,audio,3,0.49560000000000004,0.6607999999999999,16,1,mean,equal_duration_50_bins,PASS,,
-HeZS2-Prhc_2,audio,4,0.6607999999999999,0.826,17,1,mean,equal_duration_50_bins,PASS,,
-HeZS2-Prhc_2,audio,5,0.826,0.9912000000000001,16,1,mean,equal_duration_50_bins,PASS,,
-HeZS2-Prhc_2,audio,6,0.9912000000000001,1.1564,17,1,mean,equal_duration_50_bins,PASS,,
-HeZS2-Prhc_2,audio,7,1.1564,1.3215999999999999,16,1,mean,equal_duration_50_bins,PASS,,
-HeZS2-Prhc_2,audio,8,1.3215999999999999,1.4868000000000001,17,1,mean,equal_duration_50_bins,PASS,,
-HeZS2-Prhc_2,audio,9,1.4868000000000001,1.652,16,1,mean,equal_duration_50_bins,PASS,,
-HeZS2-Prhc_2,audio,10,1.652,1.8172,17,1,mean,equal_duration_50_bins,PASS,,
-HeZS2-Prhc_2,audio,11,1.8172,1.9824000000000002,16,1,mean,equal_duration_50_bins,PASS,,
-HeZS2-Prhc_2,audio,12,1.9824000000000002,2.1475999999999997,17,1,mean,equal_duration_50_bins,PASS,,
-HeZS2-Prhc_2,audio,13,2.1475999999999997,2.3128,17,1,mean,equal_duration_50_bins,PASS,,
-HeZS2-Prhc_2,audio,14,2.3128,2.4779999999999998,16,1,mean,equal_duration_50_bins,PASS,,
-HeZS2-Prhc_2,audio,15,2.4779999999999998,2.6431999999999998,17,1,mean,equal_duration_50_bins,PASS,,
-HeZS2-Prhc_2,audio,16,2.6431999999999998,2.8084,16,1,mean,equal_duration_50_bins,PASS,,
-HeZS2-Prhc_2,audio,17,2.8084,2.9736000000000002,17,1,mean,equal_duration_50_bins,PASS,,
-HeZS2-Prhc_2,audio,18,2.9736000000000002,3.1388,16,1,mean,equal_duration_50_bins,PASS,,
-HeZS2-Prhc_2,audio,19,3.1388,3.304,17,1,mean,equal_duration_50_bins,PASS,,
-HeZS2-Prhc_2,audio,20,3.304,3.4692000000000003,16,1,mean,equal_duration_50_bins,PASS,,
-HeZS2-Prhc_2,audio,21,3.4692000000000003,3.6344,17,1,mean,equal_duration_50_bins,PASS,,
-HeZS2-Prhc_2,audio,22,3.6344,3.7996,16,1,mean,equal_duration_50_bins,PASS,,
-HeZS2-Prhc_2,audio,23,3.7996,3.9648000000000003,17,1,mean,equal_duration_50_bins,PASS,,
-HeZS2-Prhc_2,audio,24,3.9648000000000003,4.13,16,1,mean,equal_duration_50_bins,PASS,,
-HeZS2-Prhc_2,audio,25,4.13,4.2951999999999995,17,1,mean,equal_duration_50_bins,PASS,,
-HeZS2-Prhc_2,audio,26,4.2951999999999995,4.4604,16,1,mean,equal_duration_50_bins,PASS,,
-HeZS2-Prhc_2,audio,27,4.4604,4.6256,17,1,mean,equal_duration_50_bins,PASS,,
-HeZS2-Prhc_2,audio,28,4.6256,4.7908,16,1,mean,equal_duration_50_bins,PASS,,
-HeZS2-Prhc_2,audio,29,4.7908,4.9559999999999995,17,1,mean,equal_duration_50_bins,PASS,,
-HeZS2-Prhc_2,audio,30,4.9559999999999995,5.1212,16,1,mean,equal_duration_50_bins,PASS,,
-HeZS2-Prhc_2,audio,31,5.1212,5.2863999999999995,17,1,mean,equal_duration_50_bins,PASS,,
-HeZS2-Prhc_2,audio,32,5.2863999999999995,5.4516,16,1,mean,equal_duration_50_bins,PASS,,
-HeZS2-Prhc_2,audio,33,5.4516,5.6168,17,1,mean,equal_duration_50_bins,PASS,,
-HeZS2-Prhc_2,audio,34,5.6168,5.781999999999999,16,1,mean,equal_duration_50_bins,PASS,,
-HeZS2-Prhc_2,audio,35,5.781999999999999,5.9472000000000005,17,1,mean,equal_duration_50_bins,PASS,,
-HeZS2-Prhc_2,audio,36,5.9472000000000005,6.1124,16,1,mean,equal_duration_50_bins,PASS,,
-HeZS2-Prhc_2,audio,37,6.1124,6.2776,17,1,mean,equal_duration_50_bins,PASS,,
-HeZS2-Prhc_2,audio,38,6.2776,6.4428,17,1,mean,equal_duration_50_bins,PASS,,
-HeZS2-Prhc_2,audio,39,6.4428,6.608,16,1,mean,equal_duration_50_bins,PASS,,
-HeZS2-Prhc_2,audio,40,6.608,6.773199999999999,17,1,mean,equal_duration_50_bins,PASS,,
-HeZS2-Prhc_2,audio,41,6.773199999999999,6.938400000000001,16,1,mean,equal_duration_50_bins,PASS,,
-HeZS2-Prhc_2,audio,42,6.938400000000001,7.1036,17,1,mean,equal_duration_50_bins,PASS,,
-HeZS2-Prhc_2,audio,43,7.1036,7.2688,16,1,mean,equal_duration_50_bins,PASS,,
-HeZS2-Prhc_2,audio,44,7.2688,7.434,17,1,mean,equal_duration_50_bins,PASS,,
-HeZS2-Prhc_2,audio,45,7.434,7.5992,16,1,mean,equal_duration_50_bins,PASS,,
-HeZS2-Prhc_2,audio,46,7.5992,7.764399999999999,17,1,mean,equal_duration_50_bins,PASS,,
-HeZS2-Prhc_2,audio,47,7.764399999999999,7.929600000000001,16,1,mean,equal_duration_50_bins,PASS,,
-HeZS2-Prhc_2,audio,48,7.929600000000001,8.0948,17,1,mean,equal_duration_50_bins,PASS,,
-HeZS2-Prhc_2,audio,49,8.0948,8.26,4,1,mean,equal_duration_50_bins,PASS,,
-MeTTeMJBNc_0,audio,0,0.0,0.18600000000000003,18,1,mean,equal_duration_50_bins,PASS,,
-MeTTeMJBNc_0,audio,1,0.18600000000000003,0.37200000000000005,18,1,mean,equal_duration_50_bins,PASS,,
-MeTTeMJBNc_0,audio,2,0.37200000000000005,0.558,19,1,mean,equal_duration_50_bins,PASS,,
-MeTTeMJBNc_0,audio,3,0.558,0.7440000000000001,19,1,mean,equal_duration_50_bins,PASS,,
-MeTTeMJBNc_0,audio,4,0.7440000000000001,0.93,18,1,mean,equal_duration_50_bins,PASS,,
-MeTTeMJBNc_0,audio,5,0.93,1.116,19,1,mean,equal_duration_50_bins,PASS,,
-MeTTeMJBNc_0,audio,6,1.116,1.3020000000000003,18,1,mean,equal_duration_50_bins,PASS,,
-MeTTeMJBNc_0,audio,7,1.3020000000000003,1.4880000000000002,19,1,mean,equal_duration_50_bins,PASS,,
-MeTTeMJBNc_0,audio,8,1.4880000000000002,1.6740000000000002,19,1,mean,equal_duration_50_bins,PASS,,
-MeTTeMJBNc_0,audio,9,1.6740000000000002,1.86,18,1,mean,equal_duration_50_bins,PASS,,
-MeTTeMJBNc_0,audio,10,1.86,2.0460000000000003,19,1,mean,equal_duration_50_bins,PASS,,
-MeTTeMJBNc_0,audio,11,2.0460000000000003,2.232,18,1,mean,equal_duration_50_bins,PASS,,
-MeTTeMJBNc_0,audio,12,2.232,2.418,19,1,mean,equal_duration_50_bins,PASS,,
-MeTTeMJBNc_0,audio,13,2.418,2.6040000000000005,19,1,mean,equal_duration_50_bins,PASS,,
-MeTTeMJBNc_0,audio,14,2.6040000000000005,2.79,18,1,mean,equal_duration_50_bins,PASS,,
-MeTTeMJBNc_0,audio,15,2.79,2.9760000000000004,19,1,mean,equal_duration_50_bins,PASS,,
-MeTTeMJBNc_0,audio,16,2.9760000000000004,3.1620000000000004,18,1,mean,equal_duration_50_bins,PASS,,
-MeTTeMJBNc_0,audio,17,3.1620000000000004,3.3480000000000003,19,1,mean,equal_duration_50_bins,PASS,,
-MeTTeMJBNc_0,audio,18,3.3480000000000003,3.5340000000000003,19,1,mean,equal_duration_50_bins,PASS,,
-MeTTeMJBNc_0,audio,19,3.5340000000000003,3.72,18,1,mean,equal_duration_50_bins,PASS,,
-MeTTeMJBNc_0,audio,20,3.72,3.906,19,1,mean,equal_duration_50_bins,PASS,,
-MeTTeMJBNc_0,audio,21,3.906,4.0920000000000005,18,1,mean,equal_duration_50_bins,PASS,,
-MeTTeMJBNc_0,audio,22,4.0920000000000005,4.2780000000000005,19,1,mean,equal_duration_50_bins,PASS,,
-MeTTeMJBNc_0,audio,23,4.2780000000000005,4.464,19,1,mean,equal_duration_50_bins,PASS,,
-MeTTeMJBNc_0,audio,24,4.464,4.65,18,1,mean,equal_duration_50_bins,PASS,,
-MeTTeMJBNc_0,audio,25,4.65,4.836,19,1,mean,equal_duration_50_bins,PASS,,
-MeTTeMJBNc_0,audio,26,4.836,5.022,18,1,mean,equal_duration_50_bins,PASS,,
-MeTTeMJBNc_0,audio,27,5.022,5.208000000000001,19,1,mean,equal_duration_50_bins,PASS,,
-MeTTeMJBNc_0,audio,28,5.208000000000001,5.394000000000001,19,1,mean,equal_duration_50_bins,PASS,,
-MeTTeMJBNc_0,audio,29,5.394000000000001,5.58,18,1,mean,equal_duration_50_bins,PASS,,
-MeTTeMJBNc_0,audio,30,5.58,5.766,19,1,mean,equal_duration_50_bins,PASS,,
-MeTTeMJBNc_0,audio,31,5.766,5.952000000000001,18,1,mean,equal_duration_50_bins,PASS,,
-MeTTeMJBNc_0,audio,32,5.952000000000001,6.138000000000001,19,1,mean,equal_duration_50_bins,PASS,,
-MeTTeMJBNc_0,audio,33,6.138000000000001,6.324000000000001,19,1,mean,equal_duration_50_bins,PASS,,
-MeTTeMJBNc_0,audio,34,6.324000000000001,6.51,18,1,mean,equal_duration_50_bins,PASS,,
-MeTTeMJBNc_0,audio,35,6.51,6.696000000000001,19,1,mean,equal_duration_50_bins,PASS,,
-MeTTeMJBNc_0,audio,36,6.696000000000001,6.882000000000001,18,1,mean,equal_duration_50_bins,PASS,,
-MeTTeMJBNc_0,audio,37,6.882000000000001,7.0680000000000005,19,1,mean,equal_duration_50_bins,PASS,,
-MeTTeMJBNc_0,audio,38,7.0680000000000005,7.254000000000001,19,1,mean,equal_duration_50_bins,PASS,,
-MeTTeMJBNc_0,audio,39,7.254000000000001,7.44,18,1,mean,equal_duration_50_bins,PASS,,
-MeTTeMJBNc_0,audio,40,7.44,7.626,19,1,mean,equal_duration_50_bins,PASS,,
-MeTTeMJBNc_0,audio,41,7.626,7.812,18,1,mean,equal_duration_50_bins,PASS,,
-MeTTeMJBNc_0,audio,42,7.812,7.998000000000001,19,1,mean,equal_duration_50_bins,PASS,,
-MeTTeMJBNc_0,audio,43,7.998000000000001,8.184000000000001,19,1,mean,equal_duration_50_bins,PASS,,
-MeTTeMJBNc_0,audio,44,8.184000000000001,8.370000000000001,18,1,mean,equal_duration_50_bins,PASS,,
-MeTTeMJBNc_0,audio,45,8.370000000000001,8.556000000000001,19,1,mean,equal_duration_50_bins,PASS,,
-MeTTeMJBNc_0,audio,46,8.556000000000001,8.742,18,1,mean,equal_duration_50_bins,PASS,,
-MeTTeMJBNc_0,audio,47,8.742,8.928,19,1,mean,equal_duration_50_bins,PASS,,
-MeTTeMJBNc_0,audio,48,8.928,9.114,19,1,mean,equal_duration_50_bins,PASS,,
-MeTTeMJBNc_0,audio,49,9.114,9.3,9,1,mean,equal_duration_50_bins,PASS,,
-MeTTeMJBNc_13,audio,0,0.0,0.10859999999999999,10,1,mean,equal_duration_50_bins,PASS,,
-MeTTeMJBNc_13,audio,1,0.10859999999999999,0.21719999999999998,11,1,mean,equal_duration_50_bins,PASS,,
-MeTTeMJBNc_13,audio,2,0.21719999999999998,0.3258,11,1,mean,equal_duration_50_bins,PASS,,
-MeTTeMJBNc_13,audio,3,0.3258,0.43439999999999995,11,1,mean,equal_duration_50_bins,PASS,,
-MeTTeMJBNc_13,audio,4,0.43439999999999995,0.5429999999999999,11,1,mean,equal_duration_50_bins,PASS,,
-MeTTeMJBNc_13,audio,5,0.5429999999999999,0.6516,10,1,mean,equal_duration_50_bins,PASS,,
-MeTTeMJBNc_13,audio,6,0.6516,0.7602,11,1,mean,equal_duration_50_bins,PASS,,
-MeTTeMJBNc_13,audio,7,0.7602,0.8687999999999999,11,1,mean,equal_duration_50_bins,PASS,,
-MeTTeMJBNc_13,audio,8,0.8687999999999999,0.9773999999999999,11,1,mean,equal_duration_50_bins,PASS,,
-MeTTeMJBNc_13,audio,9,0.9773999999999999,1.0859999999999999,11,1,mean,equal_duration_50_bins,PASS,,
-MeTTeMJBNc_13,audio,10,1.0859999999999999,1.1945999999999999,11,1,mean,equal_duration_50_bins,PASS,,
-MeTTeMJBNc_13,audio,11,1.1945999999999999,1.3032,11,1,mean,equal_duration_50_bins,PASS,,
-MeTTeMJBNc_13,audio,12,1.3032,1.4118000000000002,10,1,mean,equal_duration_50_bins,PASS,,
-MeTTeMJBNc_13,audio,13,1.4118000000000002,1.5204,11,1,mean,equal_duration_50_bins,PASS,,
-MeTTeMJBNc_13,audio,14,1.5204,1.6289999999999998,11,1,mean,equal_duration_50_bins,PASS,,
-MeTTeMJBNc_13,audio,15,1.6289999999999998,1.7375999999999998,11,1,mean,equal_duration_50_bins,PASS,,
-MeTTeMJBNc_13,audio,16,1.7375999999999998,1.8462,11,1,mean,equal_duration_50_bins,PASS,,
-MeTTeMJBNc_13,audio,17,1.8462,1.9547999999999999,11,1,mean,equal_duration_50_bins,PASS,,
-MeTTeMJBNc_13,audio,18,1.9547999999999999,2.0633999999999997,11,1,mean,equal_duration_50_bins,PASS,,
-MeTTeMJBNc_13,audio,19,2.0633999999999997,2.1719999999999997,10,1,mean,equal_duration_50_bins,PASS,,
-MeTTeMJBNc_13,audio,20,2.1719999999999997,2.2806,11,1,mean,equal_duration_50_bins,PASS,,
-MeTTeMJBNc_13,audio,21,2.2806,2.3891999999999998,11,1,mean,equal_duration_50_bins,PASS,,
-MeTTeMJBNc_13,audio,22,2.3891999999999998,2.4978,11,1,mean,equal_duration_50_bins,PASS,,
-MeTTeMJBNc_13,audio,23,2.4978,2.6064,11,1,mean,equal_duration_50_bins,PASS,,
-MeTTeMJBNc_13,audio,24,2.6064,2.715,11,1,mean,equal_duration_50_bins,PASS,,
-MeTTeMJBNc_13,audio,25,2.715,2.8236000000000003,11,1,mean,equal_duration_50_bins,PASS,,
-MeTTeMJBNc_13,audio,26,2.8236000000000003,2.9322,10,1,mean,equal_duration_50_bins,PASS,,
-MeTTeMJBNc_13,audio,27,2.9322,3.0408,11,1,mean,equal_duration_50_bins,PASS,,
-MeTTeMJBNc_13,audio,28,3.0408,3.1494,11,1,mean,equal_duration_50_bins,PASS,,
-MeTTeMJBNc_13,audio,29,3.1494,3.2579999999999996,11,1,mean,equal_duration_50_bins,PASS,,
-MeTTeMJBNc_13,audio,30,3.2579999999999996,3.3665999999999996,11,1,mean,equal_duration_50_bins,PASS,,
-MeTTeMJBNc_13,audio,31,3.3665999999999996,3.4751999999999996,11,1,mean,equal_duration_50_bins,PASS,,
-MeTTeMJBNc_13,audio,32,3.4751999999999996,3.5838,11,1,mean,equal_duration_50_bins,PASS,,
-MeTTeMJBNc_13,audio,33,3.5838,3.6924,10,1,mean,equal_duration_50_bins,PASS,,
-MeTTeMJBNc_13,audio,34,3.6924,3.8009999999999997,11,1,mean,equal_duration_50_bins,PASS,,
-MeTTeMJBNc_13,audio,35,3.8009999999999997,3.9095999999999997,11,1,mean,equal_duration_50_bins,PASS,,
-MeTTeMJBNc_13,audio,36,3.9095999999999997,4.0182,11,1,mean,equal_duration_50_bins,PASS,,
-MeTTeMJBNc_13,audio,37,4.0182,4.126799999999999,11,1,mean,equal_duration_50_bins,PASS,,
-MeTTeMJBNc_13,audio,38,4.126799999999999,4.235399999999999,11,1,mean,equal_duration_50_bins,PASS,,
-MeTTeMJBNc_13,audio,39,4.235399999999999,4.343999999999999,11,1,mean,equal_duration_50_bins,PASS,,
-MeTTeMJBNc_13,audio,40,4.343999999999999,4.4526,11,1,mean,equal_duration_50_bins,PASS,,
-MeTTeMJBNc_13,audio,41,4.4526,4.5612,10,1,mean,equal_duration_50_bins,PASS,,
-MeTTeMJBNc_13,audio,42,4.5612,4.6697999999999995,11,1,mean,equal_duration_50_bins,PASS,,
-MeTTeMJBNc_13,audio,43,4.6697999999999995,4.7783999999999995,11,1,mean,equal_duration_50_bins,PASS,,
-MeTTeMJBNc_13,audio,44,4.7783999999999995,4.887,11,1,mean,equal_duration_50_bins,PASS,,
-MeTTeMJBNc_13,audio,45,4.887,4.9956,11,1,mean,equal_duration_50_bins,PASS,,
-MeTTeMJBNc_13,audio,46,4.9956,5.1042,11,1,mean,equal_duration_50_bins,PASS,,
-MeTTeMJBNc_13,audio,47,5.1042,5.2128,11,1,mean,equal_duration_50_bins,PASS,,
-MeTTeMJBNc_13,audio,48,5.2128,5.3214,3,1,mean,equal_duration_50_bins,PASS,,
-MeTTeMJBNc_13,audio,49,5.3214,5.43,0,0,mean,equal_duration_50_bins,PASS,,
-MeTTeMJBNc_7,audio,0,0.0,0.2104,20,1,mean,equal_duration_50_bins,PASS,,
-MeTTeMJBNc_7,audio,1,0.2104,0.4208,21,1,mean,equal_duration_50_bins,PASS,,
-MeTTeMJBNc_7,audio,2,0.4208,0.6312,21,1,mean,equal_duration_50_bins,PASS,,
-MeTTeMJBNc_7,audio,3,0.6312,0.8416,21,1,mean,equal_duration_50_bins,PASS,,
-MeTTeMJBNc_7,audio,4,0.8416,1.0519999999999998,21,1,mean,equal_duration_50_bins,PASS,,
-MeTTeMJBNc_7,audio,5,1.0519999999999998,1.2624,21,1,mean,equal_duration_50_bins,PASS,,
-MeTTeMJBNc_7,audio,6,1.2624,1.4728,22,1,mean,equal_duration_50_bins,PASS,,
-MeTTeMJBNc_7,audio,7,1.4728,1.6832,21,1,mean,equal_duration_50_bins,PASS,,
-MeTTeMJBNc_7,audio,8,1.6832,1.8936,21,1,mean,equal_duration_50_bins,PASS,,
-MeTTeMJBNc_7,audio,9,1.8936,2.1039999999999996,21,1,mean,equal_duration_50_bins,PASS,,
-MeTTeMJBNc_7,audio,10,2.1039999999999996,2.3144,21,1,mean,equal_duration_50_bins,PASS,,
-MeTTeMJBNc_7,audio,11,2.3144,2.5248,21,1,mean,equal_duration_50_bins,PASS,,
-MeTTeMJBNc_7,audio,12,2.5248,2.7352,21,1,mean,equal_duration_50_bins,PASS,,
-MeTTeMJBNc_7,audio,13,2.7352,2.9456,21,1,mean,equal_duration_50_bins,PASS,,
-MeTTeMJBNc_7,audio,14,2.9456,3.1559999999999997,21,1,mean,equal_duration_50_bins,PASS,,
-MeTTeMJBNc_7,audio,15,3.1559999999999997,3.3664,21,1,mean,equal_duration_50_bins,PASS,,
-MeTTeMJBNc_7,audio,16,3.3664,3.5768,21,1,mean,equal_duration_50_bins,PASS,,
-MeTTeMJBNc_7,audio,17,3.5768,3.7872,21,1,mean,equal_duration_50_bins,PASS,,
-MeTTeMJBNc_7,audio,18,3.7872,3.9976,21,1,mean,equal_duration_50_bins,PASS,,
-MeTTeMJBNc_7,audio,19,3.9976,4.207999999999999,21,1,mean,equal_duration_50_bins,PASS,,
-MeTTeMJBNc_7,audio,20,4.207999999999999,4.4184,21,1,mean,equal_duration_50_bins,PASS,,
-MeTTeMJBNc_7,audio,21,4.4184,4.6288,21,1,mean,equal_duration_50_bins,PASS,,
-MeTTeMJBNc_7,audio,22,4.6288,4.8392,21,1,mean,equal_duration_50_bins,PASS,,
-MeTTeMJBNc_7,audio,23,4.8392,5.0496,21,1,mean,equal_duration_50_bins,PASS,,
-MeTTeMJBNc_7,audio,24,5.0496,5.26,21,1,mean,equal_duration_50_bins,PASS,,
-MeTTeMJBNc_7,audio,25,5.26,5.4704,21,1,mean,equal_duration_50_bins,PASS,,
-MeTTeMJBNc_7,audio,26,5.4704,5.6808,21,1,mean,equal_duration_50_bins,PASS,,
-MeTTeMJBNc_7,audio,27,5.6808,5.8912,21,1,mean,equal_duration_50_bins,PASS,,
-MeTTeMJBNc_7,audio,28,5.8912,6.1015999999999995,21,1,mean,equal_duration_50_bins,PASS,,
-MeTTeMJBNc_7,audio,29,6.1015999999999995,6.311999999999999,21,1,mean,equal_duration_50_bins,PASS,,
-MeTTeMJBNc_7,audio,30,6.311999999999999,6.5224,21,1,mean,equal_duration_50_bins,PASS,,
-MeTTeMJBNc_7,audio,31,6.5224,6.7328,22,1,mean,equal_duration_50_bins,PASS,,
-MeTTeMJBNc_7,audio,32,6.7328,6.943199999999999,21,1,mean,equal_duration_50_bins,PASS,,
-MeTTeMJBNc_7,audio,33,6.943199999999999,7.1536,21,1,mean,equal_duration_50_bins,PASS,,
-MeTTeMJBNc_7,audio,34,7.1536,7.364,21,1,mean,equal_duration_50_bins,PASS,,
-MeTTeMJBNc_7,audio,35,7.364,7.5744,21,1,mean,equal_duration_50_bins,PASS,,
-MeTTeMJBNc_7,audio,36,7.5744,7.784800000000001,21,1,mean,equal_duration_50_bins,PASS,,
-MeTTeMJBNc_7,audio,37,7.784800000000001,7.9952,21,1,mean,equal_duration_50_bins,PASS,,
-MeTTeMJBNc_7,audio,38,7.9952,8.205599999999999,21,1,mean,equal_duration_50_bins,PASS,,
-MeTTeMJBNc_7,audio,39,8.205599999999999,8.415999999999999,21,1,mean,equal_duration_50_bins,PASS,,
-MeTTeMJBNc_7,audio,40,8.415999999999999,8.6264,21,1,mean,equal_duration_50_bins,PASS,,
-MeTTeMJBNc_7,audio,41,8.6264,8.8368,21,1,mean,equal_duration_50_bins,PASS,,
-MeTTeMJBNc_7,audio,42,8.8368,9.047199999999998,21,1,mean,equal_duration_50_bins,PASS,,
-MeTTeMJBNc_7,audio,43,9.047199999999998,9.2576,21,1,mean,equal_duration_50_bins,PASS,,
-MeTTeMJBNc_7,audio,44,9.2576,9.468,21,1,mean,equal_duration_50_bins,PASS,,
-MeTTeMJBNc_7,audio,45,9.468,9.6784,21,1,mean,equal_duration_50_bins,PASS,,
-MeTTeMJBNc_7,audio,46,9.6784,9.8888,21,1,mean,equal_duration_50_bins,PASS,,
-MeTTeMJBNc_7,audio,47,9.8888,10.0992,21,1,mean,equal_duration_50_bins,PASS,,
-MeTTeMJBNc_7,audio,48,10.0992,10.3096,21,1,mean,equal_duration_50_bins,PASS,,
-MeTTeMJBNc_7,audio,49,10.3096,10.52,9,1,mean,equal_duration_50_bins,PASS,,
-RfYyzHpjk4_11,audio,0,0.0,0.1048,10,1,mean,equal_duration_50_bins,PASS,,
-RfYyzHpjk4_11,audio,1,0.1048,0.2096,10,1,mean,equal_duration_50_bins,PASS,,
-RfYyzHpjk4_11,audio,2,0.2096,0.3144,11,1,mean,equal_duration_50_bins,PASS,,
-RfYyzHpjk4_11,audio,3,0.3144,0.4192,10,1,mean,equal_duration_50_bins,PASS,,
-RfYyzHpjk4_11,audio,4,0.4192,0.524,11,1,mean,equal_duration_50_bins,PASS,,
-RfYyzHpjk4_11,audio,5,0.524,0.6288,10,1,mean,equal_duration_50_bins,PASS,,
-RfYyzHpjk4_11,audio,6,0.6288,0.7336,11,1,mean,equal_duration_50_bins,PASS,,
-RfYyzHpjk4_11,audio,7,0.7336,0.8384,10,1,mean,equal_duration_50_bins,PASS,,
-RfYyzHpjk4_11,audio,8,0.8384,0.9432,11,1,mean,equal_duration_50_bins,PASS,,
-RfYyzHpjk4_11,audio,9,0.9432,1.048,10,1,mean,equal_duration_50_bins,PASS,,
-RfYyzHpjk4_11,audio,10,1.048,1.1528,11,1,mean,equal_duration_50_bins,PASS,,
-RfYyzHpjk4_11,audio,11,1.1528,1.2576,10,1,mean,equal_duration_50_bins,PASS,,
-RfYyzHpjk4_11,audio,12,1.2576,1.3624,10,1,mean,equal_duration_50_bins,PASS,,
-RfYyzHpjk4_11,audio,13,1.3624,1.4672,11,1,mean,equal_duration_50_bins,PASS,,
-RfYyzHpjk4_11,audio,14,1.4672,1.572,10,1,mean,equal_duration_50_bins,PASS,,
-RfYyzHpjk4_11,audio,15,1.572,1.6768,11,1,mean,equal_duration_50_bins,PASS,,
-RfYyzHpjk4_11,audio,16,1.6768,1.7816,10,1,mean,equal_duration_50_bins,PASS,,
-RfYyzHpjk4_11,audio,17,1.7816,1.8864,11,1,mean,equal_duration_50_bins,PASS,,
-RfYyzHpjk4_11,audio,18,1.8864,1.9912,10,1,mean,equal_duration_50_bins,PASS,,
-RfYyzHpjk4_11,audio,19,1.9912,2.096,11,1,mean,equal_duration_50_bins,PASS,,
-RfYyzHpjk4_11,audio,20,2.096,2.2008,10,1,mean,equal_duration_50_bins,PASS,,
-RfYyzHpjk4_11,audio,21,2.2008,2.3056,11,1,mean,equal_duration_50_bins,PASS,,
-RfYyzHpjk4_11,audio,22,2.3056,2.4104,10,1,mean,equal_duration_50_bins,PASS,,
-RfYyzHpjk4_11,audio,23,2.4104,2.5152,11,1,mean,equal_duration_50_bins,PASS,,
-RfYyzHpjk4_11,audio,24,2.5152,2.62,10,1,mean,equal_duration_50_bins,PASS,,
-RfYyzHpjk4_11,audio,25,2.62,2.7248,11,1,mean,equal_duration_50_bins,PASS,,
-RfYyzHpjk4_11,audio,26,2.7248,2.8296000000000006,10,1,mean,equal_duration_50_bins,PASS,,
-RfYyzHpjk4_11,audio,27,2.8296000000000006,2.9344,11,1,mean,equal_duration_50_bins,PASS,,
-RfYyzHpjk4_11,audio,28,2.9344,3.0392,10,1,mean,equal_duration_50_bins,PASS,,
-RfYyzHpjk4_11,audio,29,3.0392,3.144,11,1,mean,equal_duration_50_bins,PASS,,
-RfYyzHpjk4_11,audio,30,3.144,3.2488,10,1,mean,equal_duration_50_bins,PASS,,
-RfYyzHpjk4_11,audio,31,3.2488,3.3536,11,1,mean,equal_duration_50_bins,PASS,,
-RfYyzHpjk4_11,audio,32,3.3536,3.4584,10,1,mean,equal_duration_50_bins,PASS,,
-RfYyzHpjk4_11,audio,33,3.4584,3.5632,11,1,mean,equal_duration_50_bins,PASS,,
-RfYyzHpjk4_11,audio,34,3.5632,3.668,10,1,mean,equal_duration_50_bins,PASS,,
-RfYyzHpjk4_11,audio,35,3.668,3.7728,11,1,mean,equal_duration_50_bins,PASS,,
-RfYyzHpjk4_11,audio,36,3.7728,3.8775999999999997,10,1,mean,equal_duration_50_bins,PASS,,
-RfYyzHpjk4_11,audio,37,3.8775999999999997,3.9824,10,1,mean,equal_duration_50_bins,PASS,,
-RfYyzHpjk4_11,audio,38,3.9824,4.0872,11,1,mean,equal_duration_50_bins,PASS,,
-RfYyzHpjk4_11,audio,39,4.0872,4.192,10,1,mean,equal_duration_50_bins,PASS,,
-RfYyzHpjk4_11,audio,40,4.192,4.2968,11,1,mean,equal_duration_50_bins,PASS,,
-RfYyzHpjk4_11,audio,41,4.2968,4.4016,10,1,mean,equal_duration_50_bins,PASS,,
-RfYyzHpjk4_11,audio,42,4.4016,4.5064,11,1,mean,equal_duration_50_bins,PASS,,
-RfYyzHpjk4_11,audio,43,4.5064,4.6112,10,1,mean,equal_duration_50_bins,PASS,,
-RfYyzHpjk4_11,audio,44,4.6112,4.716,11,1,mean,equal_duration_50_bins,PASS,,
-RfYyzHpjk4_11,audio,45,4.716,4.8208,10,1,mean,equal_duration_50_bins,PASS,,
-RfYyzHpjk4_11,audio,46,4.8208,4.9256,11,1,mean,equal_duration_50_bins,PASS,,
-RfYyzHpjk4_11,audio,47,4.9256,5.0304,10,1,mean,equal_duration_50_bins,PASS,,
-RfYyzHpjk4_11,audio,48,5.0304,5.1352,3,1,mean,equal_duration_50_bins,PASS,,
-RfYyzHpjk4_11,audio,49,5.1352,5.24,0,0,mean,equal_duration_50_bins,PASS,,
-RfYyzHpjk4_8,audio,0,0.0,0.09179999999999999,8,1,mean,equal_duration_50_bins,PASS,,
-RfYyzHpjk4_8,audio,1,0.09179999999999999,0.18359999999999999,10,1,mean,equal_duration_50_bins,PASS,,
-RfYyzHpjk4_8,audio,2,0.18359999999999999,0.2754,9,1,mean,equal_duration_50_bins,PASS,,
-RfYyzHpjk4_8,audio,3,0.2754,0.36719999999999997,9,1,mean,equal_duration_50_bins,PASS,,
-RfYyzHpjk4_8,audio,4,0.36719999999999997,0.45899999999999996,9,1,mean,equal_duration_50_bins,PASS,,
-RfYyzHpjk4_8,audio,5,0.45899999999999996,0.5508,9,1,mean,equal_duration_50_bins,PASS,,
-RfYyzHpjk4_8,audio,6,0.5508,0.6426,10,1,mean,equal_duration_50_bins,PASS,,
-RfYyzHpjk4_8,audio,7,0.6426,0.7343999999999999,9,1,mean,equal_duration_50_bins,PASS,,
-RfYyzHpjk4_8,audio,8,0.7343999999999999,0.8262,9,1,mean,equal_duration_50_bins,PASS,,
-RfYyzHpjk4_8,audio,9,0.8262,0.9179999999999999,9,1,mean,equal_duration_50_bins,PASS,,
-RfYyzHpjk4_8,audio,10,0.9179999999999999,1.0097999999999998,9,1,mean,equal_duration_50_bins,PASS,,
-RfYyzHpjk4_8,audio,11,1.0097999999999998,1.1016,9,1,mean,equal_duration_50_bins,PASS,,
-RfYyzHpjk4_8,audio,12,1.1016,1.1934,10,1,mean,equal_duration_50_bins,PASS,,
-RfYyzHpjk4_8,audio,13,1.1934,1.2852,9,1,mean,equal_duration_50_bins,PASS,,
-RfYyzHpjk4_8,audio,14,1.2852,1.3769999999999998,9,1,mean,equal_duration_50_bins,PASS,,
-RfYyzHpjk4_8,audio,15,1.3769999999999998,1.4687999999999999,9,1,mean,equal_duration_50_bins,PASS,,
-RfYyzHpjk4_8,audio,16,1.4687999999999999,1.5606,9,1,mean,equal_duration_50_bins,PASS,,
-RfYyzHpjk4_8,audio,17,1.5606,1.6524,9,1,mean,equal_duration_50_bins,PASS,,
-RfYyzHpjk4_8,audio,18,1.6524,1.7442,10,1,mean,equal_duration_50_bins,PASS,,
-RfYyzHpjk4_8,audio,19,1.7442,1.8359999999999999,9,1,mean,equal_duration_50_bins,PASS,,
-RfYyzHpjk4_8,audio,20,1.8359999999999999,1.9278,9,1,mean,equal_duration_50_bins,PASS,,
-RfYyzHpjk4_8,audio,21,1.9278,2.0195999999999996,9,1,mean,equal_duration_50_bins,PASS,,
-RfYyzHpjk4_8,audio,22,2.0195999999999996,2.1113999999999997,9,1,mean,equal_duration_50_bins,PASS,,
-RfYyzHpjk4_8,audio,23,2.1113999999999997,2.2032,10,1,mean,equal_duration_50_bins,PASS,,
-RfYyzHpjk4_8,audio,24,2.2032,2.295,9,1,mean,equal_duration_50_bins,PASS,,
-RfYyzHpjk4_8,audio,25,2.295,2.3868,9,1,mean,equal_duration_50_bins,PASS,,
-RfYyzHpjk4_8,audio,26,2.3868,2.4785999999999997,9,1,mean,equal_duration_50_bins,PASS,,
-RfYyzHpjk4_8,audio,27,2.4785999999999997,2.5704,9,1,mean,equal_duration_50_bins,PASS,,
-RfYyzHpjk4_8,audio,28,2.5704,2.6622,9,1,mean,equal_duration_50_bins,PASS,,
-RfYyzHpjk4_8,audio,29,2.6622,2.7539999999999996,10,1,mean,equal_duration_50_bins,PASS,,
-RfYyzHpjk4_8,audio,30,2.7539999999999996,2.8457999999999997,9,1,mean,equal_duration_50_bins,PASS,,
-RfYyzHpjk4_8,audio,31,2.8457999999999997,2.9375999999999998,9,1,mean,equal_duration_50_bins,PASS,,
-RfYyzHpjk4_8,audio,32,2.9375999999999998,3.0294,9,1,mean,equal_duration_50_bins,PASS,,
-RfYyzHpjk4_8,audio,33,3.0294,3.1212,9,1,mean,equal_duration_50_bins,PASS,,
-RfYyzHpjk4_8,audio,34,3.1212,3.213,10,1,mean,equal_duration_50_bins,PASS,,
-RfYyzHpjk4_8,audio,35,3.213,3.3048,9,1,mean,equal_duration_50_bins,PASS,,
-RfYyzHpjk4_8,audio,36,3.3048,3.3966,9,1,mean,equal_duration_50_bins,PASS,,
-RfYyzHpjk4_8,audio,37,3.3966,3.4884,9,1,mean,equal_duration_50_bins,PASS,,
-RfYyzHpjk4_8,audio,38,3.4884,3.5801999999999996,9,1,mean,equal_duration_50_bins,PASS,,
-RfYyzHpjk4_8,audio,39,3.5801999999999996,3.6719999999999997,9,1,mean,equal_duration_50_bins,PASS,,
-RfYyzHpjk4_8,audio,40,3.6719999999999997,3.7638,10,1,mean,equal_duration_50_bins,PASS,,
-RfYyzHpjk4_8,audio,41,3.7638,3.8556,9,1,mean,equal_duration_50_bins,PASS,,
-RfYyzHpjk4_8,audio,42,3.8556,3.9474,9,1,mean,equal_duration_50_bins,PASS,,
-RfYyzHpjk4_8,audio,43,3.9474,4.039199999999999,9,1,mean,equal_duration_50_bins,PASS,,
-RfYyzHpjk4_8,audio,44,4.039199999999999,4.130999999999999,9,1,mean,equal_duration_50_bins,PASS,,
-RfYyzHpjk4_8,audio,45,4.130999999999999,4.222799999999999,10,1,mean,equal_duration_50_bins,PASS,,
-RfYyzHpjk4_8,audio,46,4.222799999999999,4.3145999999999995,9,1,mean,equal_duration_50_bins,PASS,,
-RfYyzHpjk4_8,audio,47,4.3145999999999995,4.4064,9,1,mean,equal_duration_50_bins,PASS,,
-RfYyzHpjk4_8,audio,48,4.4064,4.4982,9,1,mean,equal_duration_50_bins,PASS,,
-RfYyzHpjk4_8,audio,49,4.4982,4.59,2,1,mean,equal_duration_50_bins,PASS,,
-RfYyzHpjk4_2,audio,0,0.0,0.1104,10,1,mean,equal_duration_50_bins,PASS,,
-RfYyzHpjk4_2,audio,1,0.1104,0.2208,11,1,mean,equal_duration_50_bins,PASS,,
-RfYyzHpjk4_2,audio,2,0.2208,0.3312,11,1,mean,equal_duration_50_bins,PASS,,
-RfYyzHpjk4_2,audio,3,0.3312,0.4416,11,1,mean,equal_duration_50_bins,PASS,,
-RfYyzHpjk4_2,audio,4,0.4416,0.5519999999999999,11,1,mean,equal_duration_50_bins,PASS,,
-RfYyzHpjk4_2,audio,5,0.5519999999999999,0.6624,11,1,mean,equal_duration_50_bins,PASS,,
-RfYyzHpjk4_2,audio,6,0.6624,0.7728,12,1,mean,equal_duration_50_bins,PASS,,
-RfYyzHpjk4_2,audio,7,0.7728,0.8832,11,1,mean,equal_duration_50_bins,PASS,,
-RfYyzHpjk4_2,audio,8,0.8832,0.9935999999999998,11,1,mean,equal_duration_50_bins,PASS,,
-RfYyzHpjk4_2,audio,9,0.9935999999999998,1.1039999999999999,11,1,mean,equal_duration_50_bins,PASS,,
-RfYyzHpjk4_2,audio,10,1.1039999999999999,1.2144,11,1,mean,equal_duration_50_bins,PASS,,
-RfYyzHpjk4_2,audio,11,1.2144,1.3248,11,1,mean,equal_duration_50_bins,PASS,,
-RfYyzHpjk4_2,audio,12,1.3248,1.4351999999999998,11,1,mean,equal_duration_50_bins,PASS,,
-RfYyzHpjk4_2,audio,13,1.4351999999999998,1.5456,11,1,mean,equal_duration_50_bins,PASS,,
-RfYyzHpjk4_2,audio,14,1.5456,1.656,11,1,mean,equal_duration_50_bins,PASS,,
-RfYyzHpjk4_2,audio,15,1.656,1.7664,11,1,mean,equal_duration_50_bins,PASS,,
-RfYyzHpjk4_2,audio,16,1.7664,1.8767999999999998,11,1,mean,equal_duration_50_bins,PASS,,
-RfYyzHpjk4_2,audio,17,1.8767999999999998,1.9871999999999996,11,1,mean,equal_duration_50_bins,PASS,,
-RfYyzHpjk4_2,audio,18,1.9871999999999996,2.0976,11,1,mean,equal_duration_50_bins,PASS,,
-RfYyzHpjk4_2,audio,19,2.0976,2.2079999999999997,11,1,mean,equal_duration_50_bins,PASS,,
-RfYyzHpjk4_2,audio,20,2.2079999999999997,2.3183999999999996,11,1,mean,equal_duration_50_bins,PASS,,
-RfYyzHpjk4_2,audio,21,2.3183999999999996,2.4288,11,1,mean,equal_duration_50_bins,PASS,,
-RfYyzHpjk4_2,audio,22,2.4288,2.5391999999999997,11,1,mean,equal_duration_50_bins,PASS,,
-RfYyzHpjk4_2,audio,23,2.5391999999999997,2.6496,11,1,mean,equal_duration_50_bins,PASS,,
-RfYyzHpjk4_2,audio,24,2.6496,2.76,11,1,mean,equal_duration_50_bins,PASS,,
-RfYyzHpjk4_2,audio,25,2.76,2.8703999999999996,11,1,mean,equal_duration_50_bins,PASS,,
-RfYyzHpjk4_2,audio,26,2.8703999999999996,2.9808,11,1,mean,equal_duration_50_bins,PASS,,
-RfYyzHpjk4_2,audio,27,2.9808,3.0912,11,1,mean,equal_duration_50_bins,PASS,,
-RfYyzHpjk4_2,audio,28,3.0912,3.2015999999999996,11,1,mean,equal_duration_50_bins,PASS,,
-RfYyzHpjk4_2,audio,29,3.2015999999999996,3.312,11,1,mean,equal_duration_50_bins,PASS,,
-RfYyzHpjk4_2,audio,30,3.312,3.4223999999999997,11,1,mean,equal_duration_50_bins,PASS,,
-RfYyzHpjk4_2,audio,31,3.4223999999999997,3.5328,12,1,mean,equal_duration_50_bins,PASS,,
-RfYyzHpjk4_2,audio,32,3.5328,3.6431999999999998,11,1,mean,equal_duration_50_bins,PASS,,
-RfYyzHpjk4_2,audio,33,3.6431999999999998,3.7535999999999996,11,1,mean,equal_duration_50_bins,PASS,,
-RfYyzHpjk4_2,audio,34,3.7535999999999996,3.864,11,1,mean,equal_duration_50_bins,PASS,,
-RfYyzHpjk4_2,audio,35,3.864,3.9743999999999993,11,1,mean,equal_duration_50_bins,PASS,,
-RfYyzHpjk4_2,audio,36,3.9743999999999993,4.0847999999999995,11,1,mean,equal_duration_50_bins,PASS,,
-RfYyzHpjk4_2,audio,37,4.0847999999999995,4.1952,11,1,mean,equal_duration_50_bins,PASS,,
-RfYyzHpjk4_2,audio,38,4.1952,4.305599999999999,11,1,mean,equal_duration_50_bins,PASS,,
-RfYyzHpjk4_2,audio,39,4.305599999999999,4.4159999999999995,11,1,mean,equal_duration_50_bins,PASS,,
-RfYyzHpjk4_2,audio,40,4.4159999999999995,4.5264,11,1,mean,equal_duration_50_bins,PASS,,
-RfYyzHpjk4_2,audio,41,4.5264,4.636799999999999,11,1,mean,equal_duration_50_bins,PASS,,
-RfYyzHpjk4_2,audio,42,4.636799999999999,4.747199999999999,11,1,mean,equal_duration_50_bins,PASS,,
-RfYyzHpjk4_2,audio,43,4.747199999999999,4.8576,11,1,mean,equal_duration_50_bins,PASS,,
-RfYyzHpjk4_2,audio,44,4.8576,4.968,11,1,mean,equal_duration_50_bins,PASS,,
-RfYyzHpjk4_2,audio,45,4.968,5.078399999999999,11,1,mean,equal_duration_50_bins,PASS,,
-RfYyzHpjk4_2,audio,46,5.078399999999999,5.1888,11,1,mean,equal_duration_50_bins,PASS,,
-RfYyzHpjk4_2,audio,47,5.1888,5.2992,11,1,mean,equal_duration_50_bins,PASS,,
-RfYyzHpjk4_2,audio,48,5.2992,5.409599999999999,8,1,mean,equal_duration_50_bins,PASS,,
-RfYyzHpjk4_2,audio,49,5.409599999999999,5.52,0,0,mean,equal_duration_50_bins,PASS,,
-UUCSKoHeMA_0,audio,0,0.0,0.156,15,1,mean,equal_duration_50_bins,PASS,,
-UUCSKoHeMA_0,audio,1,0.156,0.312,15,1,mean,equal_duration_50_bins,PASS,,
-UUCSKoHeMA_0,audio,2,0.312,0.46799999999999997,16,1,mean,equal_duration_50_bins,PASS,,
-UUCSKoHeMA_0,audio,3,0.46799999999999997,0.624,16,1,mean,equal_duration_50_bins,PASS,,
-UUCSKoHeMA_0,audio,4,0.624,0.78,15,1,mean,equal_duration_50_bins,PASS,,
-UUCSKoHeMA_0,audio,5,0.78,0.9359999999999999,16,1,mean,equal_duration_50_bins,PASS,,
-UUCSKoHeMA_0,audio,6,0.9359999999999999,1.092,15,1,mean,equal_duration_50_bins,PASS,,
-UUCSKoHeMA_0,audio,7,1.092,1.248,16,1,mean,equal_duration_50_bins,PASS,,
-UUCSKoHeMA_0,audio,8,1.248,1.4040000000000001,16,1,mean,equal_duration_50_bins,PASS,,
-UUCSKoHeMA_0,audio,9,1.4040000000000001,1.56,15,1,mean,equal_duration_50_bins,PASS,,
-UUCSKoHeMA_0,audio,10,1.56,1.716,16,1,mean,equal_duration_50_bins,PASS,,
-UUCSKoHeMA_0,audio,11,1.716,1.8719999999999999,15,1,mean,equal_duration_50_bins,PASS,,
-UUCSKoHeMA_0,audio,12,1.8719999999999999,2.028,16,1,mean,equal_duration_50_bins,PASS,,
-UUCSKoHeMA_0,audio,13,2.028,2.184,16,1,mean,equal_duration_50_bins,PASS,,
-UUCSKoHeMA_0,audio,14,2.184,2.34,15,1,mean,equal_duration_50_bins,PASS,,
-UUCSKoHeMA_0,audio,15,2.34,2.496,16,1,mean,equal_duration_50_bins,PASS,,
-UUCSKoHeMA_0,audio,16,2.496,2.6519999999999997,15,1,mean,equal_duration_50_bins,PASS,,
-UUCSKoHeMA_0,audio,17,2.6519999999999997,2.8080000000000003,16,1,mean,equal_duration_50_bins,PASS,,
-UUCSKoHeMA_0,audio,18,2.8080000000000003,2.964,16,1,mean,equal_duration_50_bins,PASS,,
-UUCSKoHeMA_0,audio,19,2.964,3.12,15,1,mean,equal_duration_50_bins,PASS,,
-UUCSKoHeMA_0,audio,20,3.12,3.276,16,1,mean,equal_duration_50_bins,PASS,,
-UUCSKoHeMA_0,audio,21,3.276,3.432,15,1,mean,equal_duration_50_bins,PASS,,
-UUCSKoHeMA_0,audio,22,3.432,3.588,16,1,mean,equal_duration_50_bins,PASS,,
-UUCSKoHeMA_0,audio,23,3.588,3.7439999999999998,16,1,mean,equal_duration_50_bins,PASS,,
-UUCSKoHeMA_0,audio,24,3.7439999999999998,3.9,15,1,mean,equal_duration_50_bins,PASS,,
-UUCSKoHeMA_0,audio,25,3.9,4.056,16,1,mean,equal_duration_50_bins,PASS,,
-UUCSKoHeMA_0,audio,26,4.056,4.212,15,1,mean,equal_duration_50_bins,PASS,,
-UUCSKoHeMA_0,audio,27,4.212,4.368,16,1,mean,equal_duration_50_bins,PASS,,
-UUCSKoHeMA_0,audio,28,4.368,4.524,16,1,mean,equal_duration_50_bins,PASS,,
-UUCSKoHeMA_0,audio,29,4.524,4.68,15,1,mean,equal_duration_50_bins,PASS,,
-UUCSKoHeMA_0,audio,30,4.68,4.835999999999999,16,1,mean,equal_duration_50_bins,PASS,,
-UUCSKoHeMA_0,audio,31,4.835999999999999,4.992,15,1,mean,equal_duration_50_bins,PASS,,
-UUCSKoHeMA_0,audio,32,4.992,5.148,16,1,mean,equal_duration_50_bins,PASS,,
-UUCSKoHeMA_0,audio,33,5.148,5.303999999999999,16,1,mean,equal_duration_50_bins,PASS,,
-UUCSKoHeMA_0,audio,34,5.303999999999999,5.46,15,1,mean,equal_duration_50_bins,PASS,,
-UUCSKoHeMA_0,audio,35,5.46,5.6160000000000005,16,1,mean,equal_duration_50_bins,PASS,,
-UUCSKoHeMA_0,audio,36,5.6160000000000005,5.771999999999999,15,1,mean,equal_duration_50_bins,PASS,,
-UUCSKoHeMA_0,audio,37,5.771999999999999,5.928,16,1,mean,equal_duration_50_bins,PASS,,
-UUCSKoHeMA_0,audio,38,5.928,6.084,16,1,mean,equal_duration_50_bins,PASS,,
-UUCSKoHeMA_0,audio,39,6.084,6.24,15,1,mean,equal_duration_50_bins,PASS,,
-UUCSKoHeMA_0,audio,40,6.24,6.396,16,1,mean,equal_duration_50_bins,PASS,,
-UUCSKoHeMA_0,audio,41,6.396,6.552,15,1,mean,equal_duration_50_bins,PASS,,
-UUCSKoHeMA_0,audio,42,6.552,6.707999999999999,16,1,mean,equal_duration_50_bins,PASS,,
-UUCSKoHeMA_0,audio,43,6.707999999999999,6.864,16,1,mean,equal_duration_50_bins,PASS,,
-UUCSKoHeMA_0,audio,44,6.864,7.02,15,1,mean,equal_duration_50_bins,PASS,,
-UUCSKoHeMA_0,audio,45,7.02,7.176,16,1,mean,equal_duration_50_bins,PASS,,
-UUCSKoHeMA_0,audio,46,7.176,7.331999999999999,15,1,mean,equal_duration_50_bins,PASS,,
-UUCSKoHeMA_0,audio,47,7.331999999999999,7.4879999999999995,16,1,mean,equal_duration_50_bins,PASS,,
-UUCSKoHeMA_0,audio,48,7.4879999999999995,7.644,16,1,mean,equal_duration_50_bins,PASS,,
-UUCSKoHeMA_0,audio,49,7.644,7.8,7,1,mean,equal_duration_50_bins,PASS,,
-ri04Z7vwnc_0,audio,0,0.0,0.0562,5,1,mean,equal_duration_50_bins,PASS,,
-ri04Z7vwnc_0,audio,1,0.0562,0.1124,5,1,mean,equal_duration_50_bins,PASS,,
-ri04Z7vwnc_0,audio,2,0.1124,0.1686,6,1,mean,equal_duration_50_bins,PASS,,
-ri04Z7vwnc_0,audio,3,0.1686,0.2248,6,1,mean,equal_duration_50_bins,PASS,,
-ri04Z7vwnc_0,audio,4,0.2248,0.281,5,1,mean,equal_duration_50_bins,PASS,,
-ri04Z7vwnc_0,audio,5,0.281,0.3372,6,1,mean,equal_duration_50_bins,PASS,,
-ri04Z7vwnc_0,audio,6,0.3372,0.3934,6,1,mean,equal_duration_50_bins,PASS,,
-ri04Z7vwnc_0,audio,7,0.3934,0.4496,5,1,mean,equal_duration_50_bins,PASS,,
-ri04Z7vwnc_0,audio,8,0.4496,0.5058,6,1,mean,equal_duration_50_bins,PASS,,
-ri04Z7vwnc_0,audio,9,0.5058,0.562,5,1,mean,equal_duration_50_bins,PASS,,
-ri04Z7vwnc_0,audio,10,0.562,0.6182,6,1,mean,equal_duration_50_bins,PASS,,
-ri04Z7vwnc_0,audio,11,0.6182,0.6744,6,1,mean,equal_duration_50_bins,PASS,,
-ri04Z7vwnc_0,audio,12,0.6744,0.7306,5,1,mean,equal_duration_50_bins,PASS,,
-ri04Z7vwnc_0,audio,13,0.7306,0.7868,6,1,mean,equal_duration_50_bins,PASS,,
-ri04Z7vwnc_0,audio,14,0.7868,0.843,6,1,mean,equal_duration_50_bins,PASS,,
-ri04Z7vwnc_0,audio,15,0.843,0.8992,5,1,mean,equal_duration_50_bins,PASS,,
-ri04Z7vwnc_0,audio,16,0.8992,0.9554,6,1,mean,equal_duration_50_bins,PASS,,
-ri04Z7vwnc_0,audio,17,0.9554,1.0116,5,1,mean,equal_duration_50_bins,PASS,,
-ri04Z7vwnc_0,audio,18,1.0116,1.0678,6,1,mean,equal_duration_50_bins,PASS,,
-ri04Z7vwnc_0,audio,19,1.0678,1.124,6,1,mean,equal_duration_50_bins,PASS,,
-ri04Z7vwnc_0,audio,20,1.124,1.1802,5,1,mean,equal_duration_50_bins,PASS,,
-ri04Z7vwnc_0,audio,21,1.1802,1.2364,6,1,mean,equal_duration_50_bins,PASS,,
-ri04Z7vwnc_0,audio,22,1.2364,1.2926,6,1,mean,equal_duration_50_bins,PASS,,
-ri04Z7vwnc_0,audio,23,1.2926,1.3488,5,1,mean,equal_duration_50_bins,PASS,,
-ri04Z7vwnc_0,audio,24,1.3488,1.405,6,1,mean,equal_duration_50_bins,PASS,,
-ri04Z7vwnc_0,audio,25,1.405,1.4612,5,1,mean,equal_duration_50_bins,PASS,,
-ri04Z7vwnc_0,audio,26,1.4612,1.5174,6,1,mean,equal_duration_50_bins,PASS,,
-ri04Z7vwnc_0,audio,27,1.5174,1.5736,6,1,mean,equal_duration_50_bins,PASS,,
-ri04Z7vwnc_0,audio,28,1.5736,1.6298,5,1,mean,equal_duration_50_bins,PASS,,
-ri04Z7vwnc_0,audio,29,1.6298,1.686,6,1,mean,equal_duration_50_bins,PASS,,
-ri04Z7vwnc_0,audio,30,1.686,1.7422,5,1,mean,equal_duration_50_bins,PASS,,
-ri04Z7vwnc_0,audio,31,1.7422,1.7984,6,1,mean,equal_duration_50_bins,PASS,,
-ri04Z7vwnc_0,audio,32,1.7984,1.8546,6,1,mean,equal_duration_50_bins,PASS,,
-ri04Z7vwnc_0,audio,33,1.8546,1.9108,5,1,mean,equal_duration_50_bins,PASS,,
-ri04Z7vwnc_0,audio,34,1.9108,1.967,6,1,mean,equal_duration_50_bins,PASS,,
-ri04Z7vwnc_0,audio,35,1.967,2.0232,6,1,mean,equal_duration_50_bins,PASS,,
-ri04Z7vwnc_0,audio,36,2.0232,2.0794,5,1,mean,equal_duration_50_bins,PASS,,
-ri04Z7vwnc_0,audio,37,2.0794,2.1356,6,1,mean,equal_duration_50_bins,PASS,,
-ri04Z7vwnc_0,audio,38,2.1356,2.1918,5,1,mean,equal_duration_50_bins,PASS,,
-ri04Z7vwnc_0,audio,39,2.1918,2.248,6,1,mean,equal_duration_50_bins,PASS,,
-ri04Z7vwnc_0,audio,40,2.248,2.3042000000000002,6,1,mean,equal_duration_50_bins,PASS,,
-ri04Z7vwnc_0,audio,41,2.3042000000000002,2.3604,5,1,mean,equal_duration_50_bins,PASS,,
-ri04Z7vwnc_0,audio,42,2.3604,2.4166,6,1,mean,equal_duration_50_bins,PASS,,
-ri04Z7vwnc_0,audio,43,2.4166,2.4728,6,1,mean,equal_duration_50_bins,PASS,,
-ri04Z7vwnc_0,audio,44,2.4728,2.529,5,1,mean,equal_duration_50_bins,PASS,,
-ri04Z7vwnc_0,audio,45,2.529,2.5852,6,1,mean,equal_duration_50_bins,PASS,,
-ri04Z7vwnc_0,audio,46,2.5852,2.6414,5,1,mean,equal_duration_50_bins,PASS,,
-ri04Z7vwnc_0,audio,47,2.6414,2.6976,6,1,mean,equal_duration_50_bins,PASS,,
-ri04Z7vwnc_0,audio,48,2.6976,2.7538,5,1,mean,equal_duration_50_bins,PASS,,
-ri04Z7vwnc_0,audio,49,2.7538,2.81,0,0,mean,equal_duration_50_bins,PASS,,
-ri04Z7vwnc_2,audio,0,0.0,0.1206,11,1,mean,equal_duration_50_bins,PASS,,
-ri04Z7vwnc_2,audio,1,0.1206,0.2412,12,1,mean,equal_duration_50_bins,PASS,,
-ri04Z7vwnc_2,audio,2,0.2412,0.3618,12,1,mean,equal_duration_50_bins,PASS,,
-ri04Z7vwnc_2,audio,3,0.3618,0.4824,12,1,mean,equal_duration_50_bins,PASS,,
-ri04Z7vwnc_2,audio,4,0.4824,0.6030000000000001,13,1,mean,equal_duration_50_bins,PASS,,
-ri04Z7vwnc_2,audio,5,0.6030000000000001,0.7236,12,1,mean,equal_duration_50_bins,PASS,,
-ri04Z7vwnc_2,audio,6,0.7236,0.8442000000000001,12,1,mean,equal_duration_50_bins,PASS,,
-ri04Z7vwnc_2,audio,7,0.8442000000000001,0.9648,12,1,mean,equal_duration_50_bins,PASS,,
-ri04Z7vwnc_2,audio,8,0.9648,1.0854000000000001,12,1,mean,equal_duration_50_bins,PASS,,
-ri04Z7vwnc_2,audio,9,1.0854000000000001,1.2060000000000002,12,1,mean,equal_duration_50_bins,PASS,,
-ri04Z7vwnc_2,audio,10,1.2060000000000002,1.3266,12,1,mean,equal_duration_50_bins,PASS,,
-ri04Z7vwnc_2,audio,11,1.3266,1.4472,12,1,mean,equal_duration_50_bins,PASS,,
-ri04Z7vwnc_2,audio,12,1.4472,1.5678,12,1,mean,equal_duration_50_bins,PASS,,
-ri04Z7vwnc_2,audio,13,1.5678,1.6884000000000001,12,1,mean,equal_duration_50_bins,PASS,,
-ri04Z7vwnc_2,audio,14,1.6884000000000001,1.8090000000000002,12,1,mean,equal_duration_50_bins,PASS,,
-ri04Z7vwnc_2,audio,15,1.8090000000000002,1.9296,12,1,mean,equal_duration_50_bins,PASS,,
-ri04Z7vwnc_2,audio,16,1.9296,2.0502000000000002,12,1,mean,equal_duration_50_bins,PASS,,
-ri04Z7vwnc_2,audio,17,2.0502000000000002,2.1708000000000003,12,1,mean,equal_duration_50_bins,PASS,,
-ri04Z7vwnc_2,audio,18,2.1708000000000003,2.2914000000000003,12,1,mean,equal_duration_50_bins,PASS,,
-ri04Z7vwnc_2,audio,19,2.2914000000000003,2.4120000000000004,12,1,mean,equal_duration_50_bins,PASS,,
-ri04Z7vwnc_2,audio,20,2.4120000000000004,2.5326000000000004,13,1,mean,equal_duration_50_bins,PASS,,
-ri04Z7vwnc_2,audio,21,2.5326000000000004,2.6532,12,1,mean,equal_duration_50_bins,PASS,,
-ri04Z7vwnc_2,audio,22,2.6532,2.7738,12,1,mean,equal_duration_50_bins,PASS,,
-ri04Z7vwnc_2,audio,23,2.7738,2.8944,12,1,mean,equal_duration_50_bins,PASS,,
-ri04Z7vwnc_2,audio,24,2.8944,3.015,12,1,mean,equal_duration_50_bins,PASS,,
-ri04Z7vwnc_2,audio,25,3.015,3.1356,12,1,mean,equal_duration_50_bins,PASS,,
-ri04Z7vwnc_2,audio,26,3.1356,3.2562,12,1,mean,equal_duration_50_bins,PASS,,
-ri04Z7vwnc_2,audio,27,3.2562,3.3768000000000002,12,1,mean,equal_duration_50_bins,PASS,,
-ri04Z7vwnc_2,audio,28,3.3768000000000002,3.4974000000000003,12,1,mean,equal_duration_50_bins,PASS,,
-ri04Z7vwnc_2,audio,29,3.4974000000000003,3.6180000000000003,12,1,mean,equal_duration_50_bins,PASS,,
-ri04Z7vwnc_2,audio,30,3.6180000000000003,3.7386,12,1,mean,equal_duration_50_bins,PASS,,
-ri04Z7vwnc_2,audio,31,3.7386,3.8592,12,1,mean,equal_duration_50_bins,PASS,,
-ri04Z7vwnc_2,audio,32,3.8592,3.9798,12,1,mean,equal_duration_50_bins,PASS,,
-ri04Z7vwnc_2,audio,33,3.9798,4.1004000000000005,12,1,mean,equal_duration_50_bins,PASS,,
-ri04Z7vwnc_2,audio,34,4.1004000000000005,4.221,12,1,mean,equal_duration_50_bins,PASS,,
-ri04Z7vwnc_2,audio,35,4.221,4.341600000000001,12,1,mean,equal_duration_50_bins,PASS,,
-ri04Z7vwnc_2,audio,36,4.341600000000001,4.4622,12,1,mean,equal_duration_50_bins,PASS,,
-ri04Z7vwnc_2,audio,37,4.4622,4.582800000000001,13,1,mean,equal_duration_50_bins,PASS,,
-ri04Z7vwnc_2,audio,38,4.582800000000001,4.7034,12,1,mean,equal_duration_50_bins,PASS,,
-ri04Z7vwnc_2,audio,39,4.7034,4.824000000000001,12,1,mean,equal_duration_50_bins,PASS,,
-ri04Z7vwnc_2,audio,40,4.824000000000001,4.9446,12,1,mean,equal_duration_50_bins,PASS,,
-ri04Z7vwnc_2,audio,41,4.9446,5.065200000000001,12,1,mean,equal_duration_50_bins,PASS,,
-ri04Z7vwnc_2,audio,42,5.065200000000001,5.1858,12,1,mean,equal_duration_50_bins,PASS,,
-ri04Z7vwnc_2,audio,43,5.1858,5.3064,12,1,mean,equal_duration_50_bins,PASS,,
-ri04Z7vwnc_2,audio,44,5.3064,5.4270000000000005,12,1,mean,equal_duration_50_bins,PASS,,
-ri04Z7vwnc_2,audio,45,5.4270000000000005,5.5476,12,1,mean,equal_duration_50_bins,PASS,,
-ri04Z7vwnc_2,audio,46,5.5476,5.668200000000001,12,1,mean,equal_duration_50_bins,PASS,,
-ri04Z7vwnc_2,audio,47,5.668200000000001,5.7888,12,1,mean,equal_duration_50_bins,PASS,,
-ri04Z7vwnc_2,audio,48,5.7888,5.909400000000001,11,1,mean,equal_duration_50_bins,PASS,,
-ri04Z7vwnc_2,audio,49,5.909400000000001,6.03,0,0,mean,equal_duration_50_bins,PASS,,
-ri04Z7vwnc_5,audio,0,0.0,0.071,6,1,mean,equal_duration_50_bins,PASS,,
-ri04Z7vwnc_5,audio,1,0.071,0.142,7,1,mean,equal_duration_50_bins,PASS,,
-ri04Z7vwnc_5,audio,2,0.142,0.21299999999999997,8,1,mean,equal_duration_50_bins,PASS,,
-ri04Z7vwnc_5,audio,3,0.21299999999999997,0.284,7,1,mean,equal_duration_50_bins,PASS,,
-ri04Z7vwnc_5,audio,4,0.284,0.355,7,1,mean,equal_duration_50_bins,PASS,,
-ri04Z7vwnc_5,audio,5,0.355,0.42599999999999993,7,1,mean,equal_duration_50_bins,PASS,,
-ri04Z7vwnc_5,audio,6,0.42599999999999993,0.49699999999999994,7,1,mean,equal_duration_50_bins,PASS,,
-ri04Z7vwnc_5,audio,7,0.49699999999999994,0.568,7,1,mean,equal_duration_50_bins,PASS,,
-ri04Z7vwnc_5,audio,8,0.568,0.639,7,1,mean,equal_duration_50_bins,PASS,,
-ri04Z7vwnc_5,audio,9,0.639,0.71,7,1,mean,equal_duration_50_bins,PASS,,
-ri04Z7vwnc_5,audio,10,0.71,0.7809999999999999,7,1,mean,equal_duration_50_bins,PASS,,
-ri04Z7vwnc_5,audio,11,0.7809999999999999,0.8519999999999999,7,1,mean,equal_duration_50_bins,PASS,,
-ri04Z7vwnc_5,audio,12,0.8519999999999999,0.9229999999999999,8,1,mean,equal_duration_50_bins,PASS,,
-ri04Z7vwnc_5,audio,13,0.9229999999999999,0.9939999999999999,7,1,mean,equal_duration_50_bins,PASS,,
-ri04Z7vwnc_5,audio,14,0.9939999999999999,1.065,7,1,mean,equal_duration_50_bins,PASS,,
-ri04Z7vwnc_5,audio,15,1.065,1.136,7,1,mean,equal_duration_50_bins,PASS,,
-ri04Z7vwnc_5,audio,16,1.136,1.2069999999999999,7,1,mean,equal_duration_50_bins,PASS,,
-ri04Z7vwnc_5,audio,17,1.2069999999999999,1.278,7,1,mean,equal_duration_50_bins,PASS,,
-ri04Z7vwnc_5,audio,18,1.278,1.349,7,1,mean,equal_duration_50_bins,PASS,,
-ri04Z7vwnc_5,audio,19,1.349,1.42,7,1,mean,equal_duration_50_bins,PASS,,
-ri04Z7vwnc_5,audio,20,1.42,1.4909999999999999,7,1,mean,equal_duration_50_bins,PASS,,
-ri04Z7vwnc_5,audio,21,1.4909999999999999,1.5619999999999998,7,1,mean,equal_duration_50_bins,PASS,,
-ri04Z7vwnc_5,audio,22,1.5619999999999998,1.6329999999999998,8,1,mean,equal_duration_50_bins,PASS,,
-ri04Z7vwnc_5,audio,23,1.6329999999999998,1.7039999999999997,7,1,mean,equal_duration_50_bins,PASS,,
-ri04Z7vwnc_5,audio,24,1.7039999999999997,1.775,7,1,mean,equal_duration_50_bins,PASS,,
-ri04Z7vwnc_5,audio,25,1.775,1.8459999999999999,7,1,mean,equal_duration_50_bins,PASS,,
-ri04Z7vwnc_5,audio,26,1.8459999999999999,1.9169999999999998,7,1,mean,equal_duration_50_bins,PASS,,
-ri04Z7vwnc_5,audio,27,1.9169999999999998,1.9879999999999998,7,1,mean,equal_duration_50_bins,PASS,,
-ri04Z7vwnc_5,audio,28,1.9879999999999998,2.0589999999999997,7,1,mean,equal_duration_50_bins,PASS,,
-ri04Z7vwnc_5,audio,29,2.0589999999999997,2.13,7,1,mean,equal_duration_50_bins,PASS,,
-ri04Z7vwnc_5,audio,30,2.13,2.201,7,1,mean,equal_duration_50_bins,PASS,,
-ri04Z7vwnc_5,audio,31,2.201,2.272,7,1,mean,equal_duration_50_bins,PASS,,
-ri04Z7vwnc_5,audio,32,2.272,2.343,8,1,mean,equal_duration_50_bins,PASS,,
-ri04Z7vwnc_5,audio,33,2.343,2.4139999999999997,7,1,mean,equal_duration_50_bins,PASS,,
-ri04Z7vwnc_5,audio,34,2.4139999999999997,2.485,7,1,mean,equal_duration_50_bins,PASS,,
-ri04Z7vwnc_5,audio,35,2.485,2.556,7,1,mean,equal_duration_50_bins,PASS,,
-ri04Z7vwnc_5,audio,36,2.556,2.627,7,1,mean,equal_duration_50_bins,PASS,,
-ri04Z7vwnc_5,audio,37,2.627,2.698,7,1,mean,equal_duration_50_bins,PASS,,
-ri04Z7vwnc_5,audio,38,2.698,2.7689999999999997,7,1,mean,equal_duration_50_bins,PASS,,
-ri04Z7vwnc_5,audio,39,2.7689999999999997,2.84,7,1,mean,equal_duration_50_bins,PASS,,
-ri04Z7vwnc_5,audio,40,2.84,2.9109999999999996,7,1,mean,equal_duration_50_bins,PASS,,
-ri04Z7vwnc_5,audio,41,2.9109999999999996,2.9819999999999998,7,1,mean,equal_duration_50_bins,PASS,,
-ri04Z7vwnc_5,audio,42,2.9819999999999998,3.053,8,1,mean,equal_duration_50_bins,PASS,,
-ri04Z7vwnc_5,audio,43,3.053,3.1239999999999997,7,1,mean,equal_duration_50_bins,PASS,,
-ri04Z7vwnc_5,audio,44,3.1239999999999997,3.195,7,1,mean,equal_duration_50_bins,PASS,,
-ri04Z7vwnc_5,audio,45,3.195,3.2659999999999996,7,1,mean,equal_duration_50_bins,PASS,,
-ri04Z7vwnc_5,audio,46,3.2659999999999996,3.3369999999999997,7,1,mean,equal_duration_50_bins,PASS,,
-ri04Z7vwnc_5,audio,47,3.3369999999999997,3.4079999999999995,7,1,mean,equal_duration_50_bins,PASS,,
-ri04Z7vwnc_5,audio,48,3.4079999999999995,3.4789999999999996,2,1,mean,equal_duration_50_bins,PASS,,
-ri04Z7vwnc_5,audio,49,3.4789999999999996,3.55,0,0,mean,equal_duration_50_bins,PASS,,
-s9qJ7ATP7w_1,audio,0,0.0,0.0958,9,1,mean,equal_duration_50_bins,PASS,,
-s9qJ7ATP7w_1,audio,1,0.0958,0.1916,9,1,mean,equal_duration_50_bins,PASS,,
-s9qJ7ATP7w_1,audio,2,0.1916,0.28740000000000004,10,1,mean,equal_duration_50_bins,PASS,,
-s9qJ7ATP7w_1,audio,3,0.28740000000000004,0.3832,10,1,mean,equal_duration_50_bins,PASS,,
-s9qJ7ATP7w_1,audio,4,0.3832,0.479,9,1,mean,equal_duration_50_bins,PASS,,
-s9qJ7ATP7w_1,audio,5,0.479,0.5748000000000001,10,1,mean,equal_duration_50_bins,PASS,,
-s9qJ7ATP7w_1,audio,6,0.5748000000000001,0.6706,9,1,mean,equal_duration_50_bins,PASS,,
-s9qJ7ATP7w_1,audio,7,0.6706,0.7664,10,1,mean,equal_duration_50_bins,PASS,,
-s9qJ7ATP7w_1,audio,8,0.7664,0.8622,9,1,mean,equal_duration_50_bins,PASS,,
-s9qJ7ATP7w_1,audio,9,0.8622,0.958,10,1,mean,equal_duration_50_bins,PASS,,
-s9qJ7ATP7w_1,audio,10,0.958,1.0537999999999998,10,1,mean,equal_duration_50_bins,PASS,,
-s9qJ7ATP7w_1,audio,11,1.0537999999999998,1.1496000000000002,9,1,mean,equal_duration_50_bins,PASS,,
-s9qJ7ATP7w_1,audio,12,1.1496000000000002,1.2454,10,1,mean,equal_duration_50_bins,PASS,,
-s9qJ7ATP7w_1,audio,13,1.2454,1.3412,9,1,mean,equal_duration_50_bins,PASS,,
-s9qJ7ATP7w_1,audio,14,1.3412,1.4369999999999998,10,1,mean,equal_duration_50_bins,PASS,,
-s9qJ7ATP7w_1,audio,15,1.4369999999999998,1.5328,10,1,mean,equal_duration_50_bins,PASS,,
-s9qJ7ATP7w_1,audio,16,1.5328,1.6286,9,1,mean,equal_duration_50_bins,PASS,,
-s9qJ7ATP7w_1,audio,17,1.6286,1.7244,10,1,mean,equal_duration_50_bins,PASS,,
-s9qJ7ATP7w_1,audio,18,1.7244,1.8202,9,1,mean,equal_duration_50_bins,PASS,,
-s9qJ7ATP7w_1,audio,19,1.8202,1.916,10,1,mean,equal_duration_50_bins,PASS,,
-s9qJ7ATP7w_1,audio,20,1.916,2.0118,9,1,mean,equal_duration_50_bins,PASS,,
-s9qJ7ATP7w_1,audio,21,2.0118,2.1075999999999997,10,1,mean,equal_duration_50_bins,PASS,,
-s9qJ7ATP7w_1,audio,22,2.1075999999999997,2.2034000000000002,10,1,mean,equal_duration_50_bins,PASS,,
-s9qJ7ATP7w_1,audio,23,2.2034000000000002,2.2992000000000004,9,1,mean,equal_duration_50_bins,PASS,,
-s9qJ7ATP7w_1,audio,24,2.2992000000000004,2.395,10,1,mean,equal_duration_50_bins,PASS,,
-s9qJ7ATP7w_1,audio,25,2.395,2.4908,9,1,mean,equal_duration_50_bins,PASS,,
-s9qJ7ATP7w_1,audio,26,2.4908,2.5866000000000002,10,1,mean,equal_duration_50_bins,PASS,,
-s9qJ7ATP7w_1,audio,27,2.5866000000000002,2.6824,9,1,mean,equal_duration_50_bins,PASS,,
-s9qJ7ATP7w_1,audio,28,2.6824,2.7782,10,1,mean,equal_duration_50_bins,PASS,,
-s9qJ7ATP7w_1,audio,29,2.7782,2.8739999999999997,10,1,mean,equal_duration_50_bins,PASS,,
-s9qJ7ATP7w_1,audio,30,2.8739999999999997,2.9698,9,1,mean,equal_duration_50_bins,PASS,,
-s9qJ7ATP7w_1,audio,31,2.9698,3.0656,10,1,mean,equal_duration_50_bins,PASS,,
-s9qJ7ATP7w_1,audio,32,3.0656,3.1614,9,1,mean,equal_duration_50_bins,PASS,,
-s9qJ7ATP7w_1,audio,33,3.1614,3.2572,10,1,mean,equal_duration_50_bins,PASS,,
-s9qJ7ATP7w_1,audio,34,3.2572,3.353,10,1,mean,equal_duration_50_bins,PASS,,
-s9qJ7ATP7w_1,audio,35,3.353,3.4488,9,1,mean,equal_duration_50_bins,PASS,,
-s9qJ7ATP7w_1,audio,36,3.4488,3.5446,10,1,mean,equal_duration_50_bins,PASS,,
-s9qJ7ATP7w_1,audio,37,3.5446,3.6404,9,1,mean,equal_duration_50_bins,PASS,,
-s9qJ7ATP7w_1,audio,38,3.6404,3.7362,10,1,mean,equal_duration_50_bins,PASS,,
-s9qJ7ATP7w_1,audio,39,3.7362,3.832,9,1,mean,equal_duration_50_bins,PASS,,
-s9qJ7ATP7w_1,audio,40,3.832,3.9278000000000004,10,1,mean,equal_duration_50_bins,PASS,,
-s9qJ7ATP7w_1,audio,41,3.9278000000000004,4.0236,10,1,mean,equal_duration_50_bins,PASS,,
-s9qJ7ATP7w_1,audio,42,4.0236,4.1194,9,1,mean,equal_duration_50_bins,PASS,,
-s9qJ7ATP7w_1,audio,43,4.1194,4.215199999999999,10,1,mean,equal_duration_50_bins,PASS,,
-s9qJ7ATP7w_1,audio,44,4.215199999999999,4.311,9,1,mean,equal_duration_50_bins,PASS,,
-s9qJ7ATP7w_1,audio,45,4.311,4.4068000000000005,10,1,mean,equal_duration_50_bins,PASS,,
-s9qJ7ATP7w_1,audio,46,4.4068000000000005,4.5026,10,1,mean,equal_duration_50_bins,PASS,,
-s9qJ7ATP7w_1,audio,47,4.5026,4.598400000000001,9,1,mean,equal_duration_50_bins,PASS,,
-s9qJ7ATP7w_1,audio,48,4.598400000000001,4.6942,3,1,mean,equal_duration_50_bins,PASS,,
-s9qJ7ATP7w_1,audio,49,4.6942,4.79,0,0,mean,equal_duration_50_bins,PASS,,
-s9qJ7ATP7w_0,audio,0,0.0,0.136,13,1,mean,equal_duration_50_bins,PASS,,
-s9qJ7ATP7w_0,audio,1,0.136,0.272,13,1,mean,equal_duration_50_bins,PASS,,
-s9qJ7ATP7w_0,audio,2,0.272,0.408,14,1,mean,equal_duration_50_bins,PASS,,
-s9qJ7ATP7w_0,audio,3,0.408,0.544,14,1,mean,equal_duration_50_bins,PASS,,
-s9qJ7ATP7w_0,audio,4,0.544,0.68,13,1,mean,equal_duration_50_bins,PASS,,
-s9qJ7ATP7w_0,audio,5,0.68,0.816,14,1,mean,equal_duration_50_bins,PASS,,
-s9qJ7ATP7w_0,audio,6,0.816,0.9520000000000001,13,1,mean,equal_duration_50_bins,PASS,,
-s9qJ7ATP7w_0,audio,7,0.9520000000000001,1.088,14,1,mean,equal_duration_50_bins,PASS,,
-s9qJ7ATP7w_0,audio,8,1.088,1.224,14,1,mean,equal_duration_50_bins,PASS,,
-s9qJ7ATP7w_0,audio,9,1.224,1.36,13,1,mean,equal_duration_50_bins,PASS,,
-s9qJ7ATP7w_0,audio,10,1.36,1.496,14,1,mean,equal_duration_50_bins,PASS,,
-s9qJ7ATP7w_0,audio,11,1.496,1.632,13,1,mean,equal_duration_50_bins,PASS,,
-s9qJ7ATP7w_0,audio,12,1.632,1.7679999999999998,14,1,mean,equal_duration_50_bins,PASS,,
-s9qJ7ATP7w_0,audio,13,1.7679999999999998,1.9040000000000001,14,1,mean,equal_duration_50_bins,PASS,,
-s9qJ7ATP7w_0,audio,14,1.9040000000000001,2.04,13,1,mean,equal_duration_50_bins,PASS,,
-s9qJ7ATP7w_0,audio,15,2.04,2.176,14,1,mean,equal_duration_50_bins,PASS,,
-s9qJ7ATP7w_0,audio,16,2.176,2.312,13,1,mean,equal_duration_50_bins,PASS,,
-s9qJ7ATP7w_0,audio,17,2.312,2.448,14,1,mean,equal_duration_50_bins,PASS,,
-s9qJ7ATP7w_0,audio,18,2.448,2.5839999999999996,14,1,mean,equal_duration_50_bins,PASS,,
-s9qJ7ATP7w_0,audio,19,2.5839999999999996,2.72,13,1,mean,equal_duration_50_bins,PASS,,
-s9qJ7ATP7w_0,audio,20,2.72,2.856,14,1,mean,equal_duration_50_bins,PASS,,
-s9qJ7ATP7w_0,audio,21,2.856,2.992,13,1,mean,equal_duration_50_bins,PASS,,
-s9qJ7ATP7w_0,audio,22,2.992,3.128,14,1,mean,equal_duration_50_bins,PASS,,
-s9qJ7ATP7w_0,audio,23,3.128,3.264,14,1,mean,equal_duration_50_bins,PASS,,
-s9qJ7ATP7w_0,audio,24,3.264,3.4,13,1,mean,equal_duration_50_bins,PASS,,
-s9qJ7ATP7w_0,audio,25,3.4,3.5359999999999996,14,1,mean,equal_duration_50_bins,PASS,,
-s9qJ7ATP7w_0,audio,26,3.5359999999999996,3.6719999999999997,13,1,mean,equal_duration_50_bins,PASS,,
-s9qJ7ATP7w_0,audio,27,3.6719999999999997,3.8080000000000003,14,1,mean,equal_duration_50_bins,PASS,,
-s9qJ7ATP7w_0,audio,28,3.8080000000000003,3.944,14,1,mean,equal_duration_50_bins,PASS,,
-s9qJ7ATP7w_0,audio,29,3.944,4.08,13,1,mean,equal_duration_50_bins,PASS,,
-s9qJ7ATP7w_0,audio,30,4.08,4.215999999999999,14,1,mean,equal_duration_50_bins,PASS,,
-s9qJ7ATP7w_0,audio,31,4.215999999999999,4.352,13,1,mean,equal_duration_50_bins,PASS,,
-s9qJ7ATP7w_0,audio,32,4.352,4.488,14,1,mean,equal_duration_50_bins,PASS,,
-s9qJ7ATP7w_0,audio,33,4.488,4.624,14,1,mean,equal_duration_50_bins,PASS,,
-s9qJ7ATP7w_0,audio,34,4.624,4.76,13,1,mean,equal_duration_50_bins,PASS,,
-s9qJ7ATP7w_0,audio,35,4.76,4.896,14,1,mean,equal_duration_50_bins,PASS,,
-s9qJ7ATP7w_0,audio,36,4.896,5.032,13,1,mean,equal_duration_50_bins,PASS,,
-s9qJ7ATP7w_0,audio,37,5.032,5.167999999999999,14,1,mean,equal_duration_50_bins,PASS,,
-s9qJ7ATP7w_0,audio,38,5.167999999999999,5.303999999999999,14,1,mean,equal_duration_50_bins,PASS,,
-s9qJ7ATP7w_0,audio,39,5.303999999999999,5.44,13,1,mean,equal_duration_50_bins,PASS,,
-s9qJ7ATP7w_0,audio,40,5.44,5.5760000000000005,14,1,mean,equal_duration_50_bins,PASS,,
-s9qJ7ATP7w_0,audio,41,5.5760000000000005,5.712,13,1,mean,equal_duration_50_bins,PASS,,
-s9qJ7ATP7w_0,audio,42,5.712,5.848,14,1,mean,equal_duration_50_bins,PASS,,
-s9qJ7ATP7w_0,audio,43,5.848,5.984,14,1,mean,equal_duration_50_bins,PASS,,
-s9qJ7ATP7w_0,audio,44,5.984,6.12,13,1,mean,equal_duration_50_bins,PASS,,
-s9qJ7ATP7w_0,audio,45,6.12,6.256,14,1,mean,equal_duration_50_bins,PASS,,
-s9qJ7ATP7w_0,audio,46,6.256,6.3919999999999995,13,1,mean,equal_duration_50_bins,PASS,,
-s9qJ7ATP7w_0,audio,47,6.3919999999999995,6.528,14,1,mean,equal_duration_50_bins,PASS,,
-s9qJ7ATP7w_0,audio,48,6.528,6.664,14,1,mean,equal_duration_50_bins,PASS,,
-s9qJ7ATP7w_0,audio,49,6.664,6.8,3,1,mean,equal_duration_50_bins,PASS,,
-s9qJ7ATP7w_5,audio,0,0.0,0.17120000000000002,16,1,mean,equal_duration_50_bins,PASS,,
-s9qJ7ATP7w_5,audio,1,0.17120000000000002,0.34240000000000004,17,1,mean,equal_duration_50_bins,PASS,,
-s9qJ7ATP7w_5,audio,2,0.34240000000000004,0.5136,18,1,mean,equal_duration_50_bins,PASS,,
-s9qJ7ATP7w_5,audio,3,0.5136,0.6848000000000001,17,1,mean,equal_duration_50_bins,PASS,,
-s9qJ7ATP7w_5,audio,4,0.6848000000000001,0.8560000000000001,17,1,mean,equal_duration_50_bins,PASS,,
-s9qJ7ATP7w_5,audio,5,0.8560000000000001,1.0272,17,1,mean,equal_duration_50_bins,PASS,,
-s9qJ7ATP7w_5,audio,6,1.0272,1.1984000000000001,17,1,mean,equal_duration_50_bins,PASS,,
-s9qJ7ATP7w_5,audio,7,1.1984000000000001,1.3696000000000002,17,1,mean,equal_duration_50_bins,PASS,,
-s9qJ7ATP7w_5,audio,8,1.3696000000000002,1.5408000000000002,17,1,mean,equal_duration_50_bins,PASS,,
-s9qJ7ATP7w_5,audio,9,1.5408000000000002,1.7120000000000002,17,1,mean,equal_duration_50_bins,PASS,,
-s9qJ7ATP7w_5,audio,10,1.7120000000000002,1.8832000000000002,18,1,mean,equal_duration_50_bins,PASS,,
-s9qJ7ATP7w_5,audio,11,1.8832000000000002,2.0544,17,1,mean,equal_duration_50_bins,PASS,,
-s9qJ7ATP7w_5,audio,12,2.0544,2.2256,17,1,mean,equal_duration_50_bins,PASS,,
-s9qJ7ATP7w_5,audio,13,2.2256,2.3968000000000003,17,1,mean,equal_duration_50_bins,PASS,,
-s9qJ7ATP7w_5,audio,14,2.3968000000000003,2.568,17,1,mean,equal_duration_50_bins,PASS,,
-s9qJ7ATP7w_5,audio,15,2.568,2.7392000000000003,17,1,mean,equal_duration_50_bins,PASS,,
-s9qJ7ATP7w_5,audio,16,2.7392000000000003,2.9104,17,1,mean,equal_duration_50_bins,PASS,,
-s9qJ7ATP7w_5,audio,17,2.9104,3.0816000000000003,17,1,mean,equal_duration_50_bins,PASS,,
-s9qJ7ATP7w_5,audio,18,3.0816000000000003,3.2528,18,1,mean,equal_duration_50_bins,PASS,,
-s9qJ7ATP7w_5,audio,19,3.2528,3.4240000000000004,17,1,mean,equal_duration_50_bins,PASS,,
-s9qJ7ATP7w_5,audio,20,3.4240000000000004,3.5952,17,1,mean,equal_duration_50_bins,PASS,,
-s9qJ7ATP7w_5,audio,21,3.5952,3.7664000000000004,17,1,mean,equal_duration_50_bins,PASS,,
-s9qJ7ATP7w_5,audio,22,3.7664000000000004,3.9376000000000007,17,1,mean,equal_duration_50_bins,PASS,,
-s9qJ7ATP7w_5,audio,23,3.9376000000000007,4.1088,17,1,mean,equal_duration_50_bins,PASS,,
-s9qJ7ATP7w_5,audio,24,4.1088,4.28,17,1,mean,equal_duration_50_bins,PASS,,
-s9qJ7ATP7w_5,audio,25,4.28,4.4512,17,1,mean,equal_duration_50_bins,PASS,,
-s9qJ7ATP7w_5,audio,26,4.4512,4.6224,17,1,mean,equal_duration_50_bins,PASS,,
-s9qJ7ATP7w_5,audio,27,4.6224,4.7936000000000005,18,1,mean,equal_duration_50_bins,PASS,,
-s9qJ7ATP7w_5,audio,28,4.7936000000000005,4.9648,17,1,mean,equal_duration_50_bins,PASS,,
-s9qJ7ATP7w_5,audio,29,4.9648,5.136,17,1,mean,equal_duration_50_bins,PASS,,
-s9qJ7ATP7w_5,audio,30,5.136,5.3072,17,1,mean,equal_duration_50_bins,PASS,,
-s9qJ7ATP7w_5,audio,31,5.3072,5.478400000000001,17,1,mean,equal_duration_50_bins,PASS,,
-s9qJ7ATP7w_5,audio,32,5.478400000000001,5.6496,17,1,mean,equal_duration_50_bins,PASS,,
-s9qJ7ATP7w_5,audio,33,5.6496,5.8208,17,1,mean,equal_duration_50_bins,PASS,,
-s9qJ7ATP7w_5,audio,34,5.8208,5.992000000000001,17,1,mean,equal_duration_50_bins,PASS,,
-s9qJ7ATP7w_5,audio,35,5.992000000000001,6.163200000000001,18,1,mean,equal_duration_50_bins,PASS,,
-s9qJ7ATP7w_5,audio,36,6.163200000000001,6.3344000000000005,17,1,mean,equal_duration_50_bins,PASS,,
-s9qJ7ATP7w_5,audio,37,6.3344000000000005,6.5056,17,1,mean,equal_duration_50_bins,PASS,,
-s9qJ7ATP7w_5,audio,38,6.5056,6.676800000000001,17,1,mean,equal_duration_50_bins,PASS,,
-s9qJ7ATP7w_5,audio,39,6.676800000000001,6.848000000000001,17,1,mean,equal_duration_50_bins,PASS,,
-s9qJ7ATP7w_5,audio,40,6.848000000000001,7.0192000000000005,17,1,mean,equal_duration_50_bins,PASS,,
-s9qJ7ATP7w_5,audio,41,7.0192000000000005,7.1904,17,1,mean,equal_duration_50_bins,PASS,,
-s9qJ7ATP7w_5,audio,42,7.1904,7.361600000000001,17,1,mean,equal_duration_50_bins,PASS,,
-s9qJ7ATP7w_5,audio,43,7.361600000000001,7.532800000000001,18,1,mean,equal_duration_50_bins,PASS,,
-s9qJ7ATP7w_5,audio,44,7.532800000000001,7.704000000000001,17,1,mean,equal_duration_50_bins,PASS,,
-s9qJ7ATP7w_5,audio,45,7.704000000000001,7.875200000000001,17,1,mean,equal_duration_50_bins,PASS,,
-s9qJ7ATP7w_5,audio,46,7.875200000000001,8.0464,17,1,mean,equal_duration_50_bins,PASS,,
-s9qJ7ATP7w_5,audio,47,8.0464,8.2176,17,1,mean,equal_duration_50_bins,PASS,,
-s9qJ7ATP7w_5,audio,48,8.2176,8.3888,17,1,mean,equal_duration_50_bins,PASS,,
-s9qJ7ATP7w_5,audio,49,8.3888,8.56,0,0,mean,equal_duration_50_bins,PASS,,
-s9qJ7ATP7w_4,audio,0,0.0,0.0886,8,1,mean,equal_duration_50_bins,PASS,,
-s9qJ7ATP7w_4,audio,1,0.0886,0.1772,9,1,mean,equal_duration_50_bins,PASS,,
-s9qJ7ATP7w_4,audio,2,0.1772,0.2658,9,1,mean,equal_duration_50_bins,PASS,,
-s9qJ7ATP7w_4,audio,3,0.2658,0.3544,9,1,mean,equal_duration_50_bins,PASS,,
-s9qJ7ATP7w_4,audio,4,0.3544,0.44299999999999995,9,1,mean,equal_duration_50_bins,PASS,,
-s9qJ7ATP7w_4,audio,5,0.44299999999999995,0.5316,8,1,mean,equal_duration_50_bins,PASS,,
-s9qJ7ATP7w_4,audio,6,0.5316,0.6202,9,1,mean,equal_duration_50_bins,PASS,,
-s9qJ7ATP7w_4,audio,7,0.6202,0.7088,9,1,mean,equal_duration_50_bins,PASS,,
-s9qJ7ATP7w_4,audio,8,0.7088,0.7974,9,1,mean,equal_duration_50_bins,PASS,,
-s9qJ7ATP7w_4,audio,9,0.7974,0.8859999999999999,9,1,mean,equal_duration_50_bins,PASS,,
-s9qJ7ATP7w_4,audio,10,0.8859999999999999,0.9745999999999999,9,1,mean,equal_duration_50_bins,PASS,,
-s9qJ7ATP7w_4,audio,11,0.9745999999999999,1.0632,9,1,mean,equal_duration_50_bins,PASS,,
-s9qJ7ATP7w_4,audio,12,1.0632,1.1518,8,1,mean,equal_duration_50_bins,PASS,,
-s9qJ7ATP7w_4,audio,13,1.1518,1.2404,9,1,mean,equal_duration_50_bins,PASS,,
-s9qJ7ATP7w_4,audio,14,1.2404,1.3289999999999997,9,1,mean,equal_duration_50_bins,PASS,,
-s9qJ7ATP7w_4,audio,15,1.3289999999999997,1.4176,9,1,mean,equal_duration_50_bins,PASS,,
-s9qJ7ATP7w_4,audio,16,1.4176,1.5062,9,1,mean,equal_duration_50_bins,PASS,,
-s9qJ7ATP7w_4,audio,17,1.5062,1.5948,9,1,mean,equal_duration_50_bins,PASS,,
-s9qJ7ATP7w_4,audio,18,1.5948,1.6833999999999998,9,1,mean,equal_duration_50_bins,PASS,,
-s9qJ7ATP7w_4,audio,19,1.6833999999999998,1.7719999999999998,8,1,mean,equal_duration_50_bins,PASS,,
-s9qJ7ATP7w_4,audio,20,1.7719999999999998,1.8606,9,1,mean,equal_duration_50_bins,PASS,,
-s9qJ7ATP7w_4,audio,21,1.8606,1.9491999999999998,9,1,mean,equal_duration_50_bins,PASS,,
-s9qJ7ATP7w_4,audio,22,1.9491999999999998,2.0378,9,1,mean,equal_duration_50_bins,PASS,,
-s9qJ7ATP7w_4,audio,23,2.0378,2.1264,9,1,mean,equal_duration_50_bins,PASS,,
-s9qJ7ATP7w_4,audio,24,2.1264,2.215,9,1,mean,equal_duration_50_bins,PASS,,
-s9qJ7ATP7w_4,audio,25,2.215,2.3036,9,1,mean,equal_duration_50_bins,PASS,,
-s9qJ7ATP7w_4,audio,26,2.3036,2.3922,8,1,mean,equal_duration_50_bins,PASS,,
-s9qJ7ATP7w_4,audio,27,2.3922,2.4808,9,1,mean,equal_duration_50_bins,PASS,,
-s9qJ7ATP7w_4,audio,28,2.4808,2.5694,9,1,mean,equal_duration_50_bins,PASS,,
-s9qJ7ATP7w_4,audio,29,2.5694,2.6579999999999995,9,1,mean,equal_duration_50_bins,PASS,,
-s9qJ7ATP7w_4,audio,30,2.6579999999999995,2.7465999999999995,9,1,mean,equal_duration_50_bins,PASS,,
-s9qJ7ATP7w_4,audio,31,2.7465999999999995,2.8352,9,1,mean,equal_duration_50_bins,PASS,,
-s9qJ7ATP7w_4,audio,32,2.8352,2.9238,9,1,mean,equal_duration_50_bins,PASS,,
-s9qJ7ATP7w_4,audio,33,2.9238,3.0124,8,1,mean,equal_duration_50_bins,PASS,,
-s9qJ7ATP7w_4,audio,34,3.0124,3.1009999999999995,9,1,mean,equal_duration_50_bins,PASS,,
-s9qJ7ATP7w_4,audio,35,3.1009999999999995,3.1896,9,1,mean,equal_duration_50_bins,PASS,,
-s9qJ7ATP7w_4,audio,36,3.1896,3.2782,9,1,mean,equal_duration_50_bins,PASS,,
-s9qJ7ATP7w_4,audio,37,3.2782,3.3667999999999996,9,1,mean,equal_duration_50_bins,PASS,,
-s9qJ7ATP7w_4,audio,38,3.3667999999999996,3.4553999999999996,9,1,mean,equal_duration_50_bins,PASS,,
-s9qJ7ATP7w_4,audio,39,3.4553999999999996,3.5439999999999996,9,1,mean,equal_duration_50_bins,PASS,,
-s9qJ7ATP7w_4,audio,40,3.5439999999999996,3.6326,9,1,mean,equal_duration_50_bins,PASS,,
-s9qJ7ATP7w_4,audio,41,3.6326,3.7212,8,1,mean,equal_duration_50_bins,PASS,,
-s9qJ7ATP7w_4,audio,42,3.7212,3.8097999999999996,9,1,mean,equal_duration_50_bins,PASS,,
-s9qJ7ATP7w_4,audio,43,3.8097999999999996,3.8983999999999996,9,1,mean,equal_duration_50_bins,PASS,,
-s9qJ7ATP7w_4,audio,44,3.8983999999999996,3.987,9,1,mean,equal_duration_50_bins,PASS,,
-s9qJ7ATP7w_4,audio,45,3.987,4.0756,9,1,mean,equal_duration_50_bins,PASS,,
-s9qJ7ATP7w_4,audio,46,4.0756,4.164199999999999,9,1,mean,equal_duration_50_bins,PASS,,
-s9qJ7ATP7w_4,audio,47,4.164199999999999,4.2528,7,1,mean,equal_duration_50_bins,PASS,,
-s9qJ7ATP7w_4,audio,48,4.2528,4.3414,0,0,mean,equal_duration_50_bins,PASS,,
-s9qJ7ATP7w_4,audio,49,4.3414,4.43,0,0,mean,equal_duration_50_bins,PASS,,
-s9qJ7ATP7w_7,audio,0,0.0,0.1394,13,1,mean,equal_duration_50_bins,PASS,,
-s9qJ7ATP7w_7,audio,1,0.1394,0.2788,14,1,mean,equal_duration_50_bins,PASS,,
-s9qJ7ATP7w_7,audio,2,0.2788,0.4182,14,1,mean,equal_duration_50_bins,PASS,,
-s9qJ7ATP7w_7,audio,3,0.4182,0.5576,14,1,mean,equal_duration_50_bins,PASS,,
-s9qJ7ATP7w_7,audio,4,0.5576,0.6970000000000001,14,1,mean,equal_duration_50_bins,PASS,,
-s9qJ7ATP7w_7,audio,5,0.6970000000000001,0.8364,14,1,mean,equal_duration_50_bins,PASS,,
-s9qJ7ATP7w_7,audio,6,0.8364,0.9758,14,1,mean,equal_duration_50_bins,PASS,,
-s9qJ7ATP7w_7,audio,7,0.9758,1.1152,14,1,mean,equal_duration_50_bins,PASS,,
-s9qJ7ATP7w_7,audio,8,1.1152,1.2546,14,1,mean,equal_duration_50_bins,PASS,,
-s9qJ7ATP7w_7,audio,9,1.2546,1.3940000000000001,14,1,mean,equal_duration_50_bins,PASS,,
-s9qJ7ATP7w_7,audio,10,1.3940000000000001,1.5334,14,1,mean,equal_duration_50_bins,PASS,,
-s9qJ7ATP7w_7,audio,11,1.5334,1.6728,14,1,mean,equal_duration_50_bins,PASS,,
-s9qJ7ATP7w_7,audio,12,1.6728,1.8122,13,1,mean,equal_duration_50_bins,PASS,,
-s9qJ7ATP7w_7,audio,13,1.8122,1.9516,14,1,mean,equal_duration_50_bins,PASS,,
-s9qJ7ATP7w_7,audio,14,1.9516,2.0909999999999997,14,1,mean,equal_duration_50_bins,PASS,,
-s9qJ7ATP7w_7,audio,15,2.0909999999999997,2.2304,14,1,mean,equal_duration_50_bins,PASS,,
-s9qJ7ATP7w_7,audio,16,2.2304,2.3697999999999997,14,1,mean,equal_duration_50_bins,PASS,,
-s9qJ7ATP7w_7,audio,17,2.3697999999999997,2.5092,14,1,mean,equal_duration_50_bins,PASS,,
-s9qJ7ATP7w_7,audio,18,2.5092,2.6486,14,1,mean,equal_duration_50_bins,PASS,,
-s9qJ7ATP7w_7,audio,19,2.6486,2.7880000000000003,14,1,mean,equal_duration_50_bins,PASS,,
-s9qJ7ATP7w_7,audio,20,2.7880000000000003,2.9274,14,1,mean,equal_duration_50_bins,PASS,,
-s9qJ7ATP7w_7,audio,21,2.9274,3.0668,14,1,mean,equal_duration_50_bins,PASS,,
-s9qJ7ATP7w_7,audio,22,3.0668,3.2062,14,1,mean,equal_duration_50_bins,PASS,,
-s9qJ7ATP7w_7,audio,23,3.2062,3.3456,14,1,mean,equal_duration_50_bins,PASS,,
-s9qJ7ATP7w_7,audio,24,3.3456,3.485,14,1,mean,equal_duration_50_bins,PASS,,
-s9qJ7ATP7w_7,audio,25,3.485,3.6244,14,1,mean,equal_duration_50_bins,PASS,,
-s9qJ7ATP7w_7,audio,26,3.6244,3.7638,14,1,mean,equal_duration_50_bins,PASS,,
-s9qJ7ATP7w_7,audio,27,3.7638,3.9032,14,1,mean,equal_duration_50_bins,PASS,,
-s9qJ7ATP7w_7,audio,28,3.9032,4.0426,14,1,mean,equal_duration_50_bins,PASS,,
-s9qJ7ATP7w_7,audio,29,4.0426,4.1819999999999995,13,1,mean,equal_duration_50_bins,PASS,,
-s9qJ7ATP7w_7,audio,30,4.1819999999999995,4.3214,14,1,mean,equal_duration_50_bins,PASS,,
-s9qJ7ATP7w_7,audio,31,4.3214,4.4608,14,1,mean,equal_duration_50_bins,PASS,,
-s9qJ7ATP7w_7,audio,32,4.4608,4.6002,14,1,mean,equal_duration_50_bins,PASS,,
-s9qJ7ATP7w_7,audio,33,4.6002,4.739599999999999,14,1,mean,equal_duration_50_bins,PASS,,
-s9qJ7ATP7w_7,audio,34,4.739599999999999,4.879,14,1,mean,equal_duration_50_bins,PASS,,
-s9qJ7ATP7w_7,audio,35,4.879,5.0184,14,1,mean,equal_duration_50_bins,PASS,,
-s9qJ7ATP7w_7,audio,36,5.0184,5.1578,14,1,mean,equal_duration_50_bins,PASS,,
-s9qJ7ATP7w_7,audio,37,5.1578,5.2972,14,1,mean,equal_duration_50_bins,PASS,,
-s9qJ7ATP7w_7,audio,38,5.2972,5.436599999999999,14,1,mean,equal_duration_50_bins,PASS,,
-s9qJ7ATP7w_7,audio,39,5.436599999999999,5.5760000000000005,14,1,mean,equal_duration_50_bins,PASS,,
-s9qJ7ATP7w_7,audio,40,5.5760000000000005,5.7154,14,1,mean,equal_duration_50_bins,PASS,,
-s9qJ7ATP7w_7,audio,41,5.7154,5.8548,14,1,mean,equal_duration_50_bins,PASS,,
-s9qJ7ATP7w_7,audio,42,5.8548,5.994199999999999,14,1,mean,equal_duration_50_bins,PASS,,
-s9qJ7ATP7w_7,audio,43,5.994199999999999,6.1336,14,1,mean,equal_duration_50_bins,PASS,,
-s9qJ7ATP7w_7,audio,44,6.1336,6.273,14,1,mean,equal_duration_50_bins,PASS,,
-s9qJ7ATP7w_7,audio,45,6.273,6.4124,13,1,mean,equal_duration_50_bins,PASS,,
-s9qJ7ATP7w_7,audio,46,6.4124,6.551799999999999,14,1,mean,equal_duration_50_bins,PASS,,
-s9qJ7ATP7w_7,audio,47,6.551799999999999,6.6912,14,1,mean,equal_duration_50_bins,PASS,,
-s9qJ7ATP7w_7,audio,48,6.6912,6.8306,14,1,mean,equal_duration_50_bins,PASS,,
-s9qJ7ATP7w_7,audio,49,6.8306,6.97,0,0,mean,equal_duration_50_bins,PASS,,
-s9qJ7ATP7w_6,audio,0,0.0,0.0496,4,1,mean,equal_duration_50_bins,PASS,,
-s9qJ7ATP7w_6,audio,1,0.0496,0.0992,5,1,mean,equal_duration_50_bins,PASS,,
-s9qJ7ATP7w_6,audio,2,0.0992,0.1488,5,1,mean,equal_duration_50_bins,PASS,,
-s9qJ7ATP7w_6,audio,3,0.1488,0.1984,5,1,mean,equal_duration_50_bins,PASS,,
-s9qJ7ATP7w_6,audio,4,0.1984,0.248,5,1,mean,equal_duration_50_bins,PASS,,
-s9qJ7ATP7w_6,audio,5,0.248,0.2976,5,1,mean,equal_duration_50_bins,PASS,,
-s9qJ7ATP7w_6,audio,6,0.2976,0.3472,5,1,mean,equal_duration_50_bins,PASS,,
-s9qJ7ATP7w_6,audio,7,0.3472,0.3968,5,1,mean,equal_duration_50_bins,PASS,,
-s9qJ7ATP7w_6,audio,8,0.3968,0.4464,5,1,mean,equal_duration_50_bins,PASS,,
-s9qJ7ATP7w_6,audio,9,0.4464,0.496,5,1,mean,equal_duration_50_bins,PASS,,
-s9qJ7ATP7w_6,audio,10,0.496,0.5456,5,1,mean,equal_duration_50_bins,PASS,,
-s9qJ7ATP7w_6,audio,11,0.5456,0.5952,5,1,mean,equal_duration_50_bins,PASS,,
-s9qJ7ATP7w_6,audio,12,0.5952,0.6448,5,1,mean,equal_duration_50_bins,PASS,,
-s9qJ7ATP7w_6,audio,13,0.6448,0.6944,5,1,mean,equal_duration_50_bins,PASS,,
-s9qJ7ATP7w_6,audio,14,0.6944,0.7440000000000001,5,1,mean,equal_duration_50_bins,PASS,,
-s9qJ7ATP7w_6,audio,15,0.7440000000000001,0.7936,5,1,mean,equal_duration_50_bins,PASS,,
-s9qJ7ATP7w_6,audio,16,0.7936,0.8432,5,1,mean,equal_duration_50_bins,PASS,,
-s9qJ7ATP7w_6,audio,17,0.8432,0.8928,5,1,mean,equal_duration_50_bins,PASS,,
-s9qJ7ATP7w_6,audio,18,0.8928,0.9423999999999999,4,1,mean,equal_duration_50_bins,PASS,,
-s9qJ7ATP7w_6,audio,19,0.9423999999999999,0.992,5,1,mean,equal_duration_50_bins,PASS,,
-s9qJ7ATP7w_6,audio,20,0.992,1.0415999999999999,5,1,mean,equal_duration_50_bins,PASS,,
-s9qJ7ATP7w_6,audio,21,1.0415999999999999,1.0912,5,1,mean,equal_duration_50_bins,PASS,,
-s9qJ7ATP7w_6,audio,22,1.0912,1.1408,5,1,mean,equal_duration_50_bins,PASS,,
-s9qJ7ATP7w_6,audio,23,1.1408,1.1904,5,1,mean,equal_duration_50_bins,PASS,,
-s9qJ7ATP7w_6,audio,24,1.1904,1.24,5,1,mean,equal_duration_50_bins,PASS,,
-s9qJ7ATP7w_6,audio,25,1.24,1.2896,5,1,mean,equal_duration_50_bins,PASS,,
-s9qJ7ATP7w_6,audio,26,1.2896,1.3392,5,1,mean,equal_duration_50_bins,PASS,,
-s9qJ7ATP7w_6,audio,27,1.3392,1.3888,5,1,mean,equal_duration_50_bins,PASS,,
-s9qJ7ATP7w_6,audio,28,1.3888,1.4384000000000001,5,1,mean,equal_duration_50_bins,PASS,,
-s9qJ7ATP7w_6,audio,29,1.4384000000000001,1.4880000000000002,5,1,mean,equal_duration_50_bins,PASS,,
-s9qJ7ATP7w_6,audio,30,1.4880000000000002,1.5375999999999999,5,1,mean,equal_duration_50_bins,PASS,,
-s9qJ7ATP7w_6,audio,31,1.5375999999999999,1.5872,5,1,mean,equal_duration_50_bins,PASS,,
-s9qJ7ATP7w_6,audio,32,1.5872,1.6368,5,1,mean,equal_duration_50_bins,PASS,,
-s9qJ7ATP7w_6,audio,33,1.6368,1.6864,5,1,mean,equal_duration_50_bins,PASS,,
-s9qJ7ATP7w_6,audio,34,1.6864,1.736,5,1,mean,equal_duration_50_bins,PASS,,
-s9qJ7ATP7w_6,audio,35,1.736,1.7856,5,1,mean,equal_duration_50_bins,PASS,,
-s9qJ7ATP7w_6,audio,36,1.7856,1.8352000000000002,5,1,mean,equal_duration_50_bins,PASS,,
-s9qJ7ATP7w_6,audio,37,1.8352000000000002,1.8847999999999998,5,1,mean,equal_duration_50_bins,PASS,,
-s9qJ7ATP7w_6,audio,38,1.8847999999999998,1.9344,5,1,mean,equal_duration_50_bins,PASS,,
-s9qJ7ATP7w_6,audio,39,1.9344,1.984,5,1,mean,equal_duration_50_bins,PASS,,
-s9qJ7ATP7w_6,audio,40,1.984,2.0336,5,1,mean,equal_duration_50_bins,PASS,,
-s9qJ7ATP7w_6,audio,41,2.0336,2.0831999999999997,5,1,mean,equal_duration_50_bins,PASS,,
-s9qJ7ATP7w_6,audio,42,2.0831999999999997,2.1328,5,1,mean,equal_duration_50_bins,PASS,,
-s9qJ7ATP7w_6,audio,43,2.1328,2.1824,4,1,mean,equal_duration_50_bins,PASS,,
-s9qJ7ATP7w_6,audio,44,2.1824,2.2319999999999998,5,1,mean,equal_duration_50_bins,PASS,,
-s9qJ7ATP7w_6,audio,45,2.2319999999999998,2.2816,5,1,mean,equal_duration_50_bins,PASS,,
-s9qJ7ATP7w_6,audio,46,2.2816,2.3312,2,1,mean,equal_duration_50_bins,PASS,,
-s9qJ7ATP7w_6,audio,47,2.3312,2.3808,0,0,mean,equal_duration_50_bins,PASS,,
-s9qJ7ATP7w_6,audio,48,2.3808,2.4304,0,0,mean,equal_duration_50_bins,PASS,,
-s9qJ7ATP7w_6,audio,49,2.4304,2.48,0,0,mean,equal_duration_50_bins,PASS,,
-s9qJ7ATP7w_8,audio,0,0.0,0.0658,6,1,mean,equal_duration_50_bins,PASS,,
-s9qJ7ATP7w_8,audio,1,0.0658,0.1316,6,1,mean,equal_duration_50_bins,PASS,,
-s9qJ7ATP7w_8,audio,2,0.1316,0.19740000000000002,7,1,mean,equal_duration_50_bins,PASS,,
-s9qJ7ATP7w_8,audio,3,0.19740000000000002,0.2632,7,1,mean,equal_duration_50_bins,PASS,,
-s9qJ7ATP7w_8,audio,4,0.2632,0.32899999999999996,6,1,mean,equal_duration_50_bins,PASS,,
-s9qJ7ATP7w_8,audio,5,0.32899999999999996,0.39480000000000004,7,1,mean,equal_duration_50_bins,PASS,,
-s9qJ7ATP7w_8,audio,6,0.39480000000000004,0.4606,6,1,mean,equal_duration_50_bins,PASS,,
-s9qJ7ATP7w_8,audio,7,0.4606,0.5264,7,1,mean,equal_duration_50_bins,PASS,,
-s9qJ7ATP7w_8,audio,8,0.5264,0.5922,6,1,mean,equal_duration_50_bins,PASS,,
-s9qJ7ATP7w_8,audio,9,0.5922,0.6579999999999999,7,1,mean,equal_duration_50_bins,PASS,,
-s9qJ7ATP7w_8,audio,10,0.6579999999999999,0.7238,7,1,mean,equal_duration_50_bins,PASS,,
-s9qJ7ATP7w_8,audio,11,0.7238,0.7896000000000001,6,1,mean,equal_duration_50_bins,PASS,,
-s9qJ7ATP7w_8,audio,12,0.7896000000000001,0.8554,7,1,mean,equal_duration_50_bins,PASS,,
-s9qJ7ATP7w_8,audio,13,0.8554,0.9212,6,1,mean,equal_duration_50_bins,PASS,,
-s9qJ7ATP7w_8,audio,14,0.9212,0.987,7,1,mean,equal_duration_50_bins,PASS,,
-s9qJ7ATP7w_8,audio,15,0.987,1.0528,7,1,mean,equal_duration_50_bins,PASS,,
-s9qJ7ATP7w_8,audio,16,1.0528,1.1186,6,1,mean,equal_duration_50_bins,PASS,,
-s9qJ7ATP7w_8,audio,17,1.1186,1.1844,7,1,mean,equal_duration_50_bins,PASS,,
-s9qJ7ATP7w_8,audio,18,1.1844,1.2502,6,1,mean,equal_duration_50_bins,PASS,,
-s9qJ7ATP7w_8,audio,19,1.2502,1.3159999999999998,7,1,mean,equal_duration_50_bins,PASS,,
-s9qJ7ATP7w_8,audio,20,1.3159999999999998,1.3818000000000001,6,1,mean,equal_duration_50_bins,PASS,,
-s9qJ7ATP7w_8,audio,21,1.3818000000000001,1.4476,7,1,mean,equal_duration_50_bins,PASS,,
-s9qJ7ATP7w_8,audio,22,1.4476,1.5134,7,1,mean,equal_duration_50_bins,PASS,,
-s9qJ7ATP7w_8,audio,23,1.5134,1.5792000000000002,6,1,mean,equal_duration_50_bins,PASS,,
-s9qJ7ATP7w_8,audio,24,1.5792000000000002,1.645,7,1,mean,equal_duration_50_bins,PASS,,
-s9qJ7ATP7w_8,audio,25,1.645,1.7108,6,1,mean,equal_duration_50_bins,PASS,,
-s9qJ7ATP7w_8,audio,26,1.7108,1.7766,7,1,mean,equal_duration_50_bins,PASS,,
-s9qJ7ATP7w_8,audio,27,1.7766,1.8424,6,1,mean,equal_duration_50_bins,PASS,,
-s9qJ7ATP7w_8,audio,28,1.8424,1.9082,7,1,mean,equal_duration_50_bins,PASS,,
-s9qJ7ATP7w_8,audio,29,1.9082,1.974,7,1,mean,equal_duration_50_bins,PASS,,
-s9qJ7ATP7w_8,audio,30,1.974,2.0398,6,1,mean,equal_duration_50_bins,PASS,,
-s9qJ7ATP7w_8,audio,31,2.0398,2.1056,7,1,mean,equal_duration_50_bins,PASS,,
-s9qJ7ATP7w_8,audio,32,2.1056,2.1714,6,1,mean,equal_duration_50_bins,PASS,,
-s9qJ7ATP7w_8,audio,33,2.1714,2.2372,7,1,mean,equal_duration_50_bins,PASS,,
-s9qJ7ATP7w_8,audio,34,2.2372,2.303,7,1,mean,equal_duration_50_bins,PASS,,
-s9qJ7ATP7w_8,audio,35,2.303,2.3688,6,1,mean,equal_duration_50_bins,PASS,,
-s9qJ7ATP7w_8,audio,36,2.3688,2.4346,7,1,mean,equal_duration_50_bins,PASS,,
-s9qJ7ATP7w_8,audio,37,2.4346,2.5004,6,1,mean,equal_duration_50_bins,PASS,,
-s9qJ7ATP7w_8,audio,38,2.5004,2.5662000000000003,7,1,mean,equal_duration_50_bins,PASS,,
-s9qJ7ATP7w_8,audio,39,2.5662000000000003,2.6319999999999997,6,1,mean,equal_duration_50_bins,PASS,,
-s9qJ7ATP7w_8,audio,40,2.6319999999999997,2.6978000000000004,7,1,mean,equal_duration_50_bins,PASS,,
-s9qJ7ATP7w_8,audio,41,2.6978000000000004,2.7636000000000003,7,1,mean,equal_duration_50_bins,PASS,,
-s9qJ7ATP7w_8,audio,42,2.7636000000000003,2.8294,6,1,mean,equal_duration_50_bins,PASS,,
-s9qJ7ATP7w_8,audio,43,2.8294,2.8952,7,1,mean,equal_duration_50_bins,PASS,,
-s9qJ7ATP7w_8,audio,44,2.8952,2.9610000000000003,6,1,mean,equal_duration_50_bins,PASS,,
-s9qJ7ATP7w_8,audio,45,2.9610000000000003,3.0268,7,1,mean,equal_duration_50_bins,PASS,,
-s9qJ7ATP7w_8,audio,46,3.0268,3.0926,7,1,mean,equal_duration_50_bins,PASS,,
-s9qJ7ATP7w_8,audio,47,3.0926,3.1584000000000003,6,1,mean,equal_duration_50_bins,PASS,,
-s9qJ7ATP7w_8,audio,48,3.1584000000000003,3.2242,1,1,mean,equal_duration_50_bins,PASS,,
-s9qJ7ATP7w_8,audio,49,3.2242,3.29,0,0,mean,equal_duration_50_bins,PASS,,
-yRb-Jum7EQ_1,audio,0,0.0,0.5858,58,1,mean,equal_duration_50_bins,PASS,,
-yRb-Jum7EQ_1,audio,1,0.5858,1.1716,58,1,mean,equal_duration_50_bins,PASS,,
-yRb-Jum7EQ_1,audio,2,1.1716,1.7574,59,1,mean,equal_duration_50_bins,PASS,,
-yRb-Jum7EQ_1,audio,3,1.7574,2.3432,59,1,mean,equal_duration_50_bins,PASS,,
-yRb-Jum7EQ_1,audio,4,2.3432,2.929,58,1,mean,equal_duration_50_bins,PASS,,
-yRb-Jum7EQ_1,audio,5,2.929,3.5148,59,1,mean,equal_duration_50_bins,PASS,,
-yRb-Jum7EQ_1,audio,6,3.5148,4.1006,58,1,mean,equal_duration_50_bins,PASS,,
-yRb-Jum7EQ_1,audio,7,4.1006,4.6864,59,1,mean,equal_duration_50_bins,PASS,,
-yRb-Jum7EQ_1,audio,8,4.6864,5.272200000000001,58,1,mean,equal_duration_50_bins,PASS,,
-yRb-Jum7EQ_1,audio,9,5.272200000000001,5.858,59,1,mean,equal_duration_50_bins,PASS,,
-yRb-Jum7EQ_1,audio,10,5.858,6.4437999999999995,59,1,mean,equal_duration_50_bins,PASS,,
-yRb-Jum7EQ_1,audio,11,6.4437999999999995,7.0296,58,1,mean,equal_duration_50_bins,PASS,,
-yRb-Jum7EQ_1,audio,12,7.0296,7.615399999999999,59,1,mean,equal_duration_50_bins,PASS,,
-yRb-Jum7EQ_1,audio,13,7.615399999999999,8.2012,58,1,mean,equal_duration_50_bins,PASS,,
-yRb-Jum7EQ_1,audio,14,8.2012,8.786999999999999,59,1,mean,equal_duration_50_bins,PASS,,
-yRb-Jum7EQ_1,audio,15,8.786999999999999,9.3728,59,1,mean,equal_duration_50_bins,PASS,,
-yRb-Jum7EQ_1,audio,16,9.3728,9.9586,58,1,mean,equal_duration_50_bins,PASS,,
-yRb-Jum7EQ_1,audio,17,9.9586,10.544400000000001,59,1,mean,equal_duration_50_bins,PASS,,
-yRb-Jum7EQ_1,audio,18,10.544400000000001,11.1302,58,1,mean,equal_duration_50_bins,PASS,,
-yRb-Jum7EQ_1,audio,19,11.1302,11.716,59,1,mean,equal_duration_50_bins,PASS,,
-yRb-Jum7EQ_1,audio,20,11.716,12.3018,58,1,mean,equal_duration_50_bins,PASS,,
-yRb-Jum7EQ_1,audio,21,12.3018,12.887599999999999,59,1,mean,equal_duration_50_bins,PASS,,
-yRb-Jum7EQ_1,audio,22,12.887599999999999,13.4734,59,1,mean,equal_duration_50_bins,PASS,,
-yRb-Jum7EQ_1,audio,23,13.4734,14.0592,58,1,mean,equal_duration_50_bins,PASS,,
-yRb-Jum7EQ_1,audio,24,14.0592,14.645,59,1,mean,equal_duration_50_bins,PASS,,
-yRb-Jum7EQ_1,audio,25,14.645,15.230799999999999,58,1,mean,equal_duration_50_bins,PASS,,
-yRb-Jum7EQ_1,audio,26,15.230799999999999,15.8166,59,1,mean,equal_duration_50_bins,PASS,,
-yRb-Jum7EQ_1,audio,27,15.8166,16.4024,58,1,mean,equal_duration_50_bins,PASS,,
-yRb-Jum7EQ_1,audio,28,16.4024,16.9882,59,1,mean,equal_duration_50_bins,PASS,,
-yRb-Jum7EQ_1,audio,29,16.9882,17.573999999999998,59,1,mean,equal_duration_50_bins,PASS,,
-yRb-Jum7EQ_1,audio,30,17.573999999999998,18.1598,58,1,mean,equal_duration_50_bins,PASS,,
-yRb-Jum7EQ_1,audio,31,18.1598,18.7456,59,1,mean,equal_duration_50_bins,PASS,,
-yRb-Jum7EQ_1,audio,32,18.7456,19.3314,58,1,mean,equal_duration_50_bins,PASS,,
-yRb-Jum7EQ_1,audio,33,19.3314,19.9172,59,1,mean,equal_duration_50_bins,PASS,,
-yRb-Jum7EQ_1,audio,34,19.9172,20.502999999999997,59,1,mean,equal_duration_50_bins,PASS,,
-yRb-Jum7EQ_1,audio,35,20.502999999999997,21.088800000000003,58,1,mean,equal_duration_50_bins,PASS,,
-yRb-Jum7EQ_1,audio,36,21.088800000000003,21.6746,59,1,mean,equal_duration_50_bins,PASS,,
-yRb-Jum7EQ_1,audio,37,21.6746,22.2604,58,1,mean,equal_duration_50_bins,PASS,,
-yRb-Jum7EQ_1,audio,38,22.2604,22.8462,59,1,mean,equal_duration_50_bins,PASS,,
-yRb-Jum7EQ_1,audio,39,22.8462,23.432,58,1,mean,equal_duration_50_bins,PASS,,
-yRb-Jum7EQ_1,audio,40,23.432,24.017799999999998,59,1,mean,equal_duration_50_bins,PASS,,
-yRb-Jum7EQ_1,audio,41,24.017799999999998,24.6036,59,1,mean,equal_duration_50_bins,PASS,,
-yRb-Jum7EQ_1,audio,42,24.6036,25.1894,58,1,mean,equal_duration_50_bins,PASS,,
-yRb-Jum7EQ_1,audio,43,25.1894,25.775199999999998,59,1,mean,equal_duration_50_bins,PASS,,
-yRb-Jum7EQ_1,audio,44,25.775199999999998,26.361,58,1,mean,equal_duration_50_bins,PASS,,
-yRb-Jum7EQ_1,audio,45,26.361,26.9468,59,1,mean,equal_duration_50_bins,PASS,,
-yRb-Jum7EQ_1,audio,46,26.9468,27.5326,59,1,mean,equal_duration_50_bins,PASS,,
-yRb-Jum7EQ_1,audio,47,27.5326,28.1184,58,1,mean,equal_duration_50_bins,PASS,,
-yRb-Jum7EQ_1,audio,48,28.1184,28.7042,59,1,mean,equal_duration_50_bins,PASS,,
-yRb-Jum7EQ_1,audio,49,28.7042,29.29,39,1,mean,equal_duration_50_bins,PASS,,
-yRb-Jum7EQ_5,audio,0,0.0,0.2634,26,1,mean,equal_duration_50_bins,PASS,,
-yRb-Jum7EQ_5,audio,1,0.2634,0.5268,26,1,mean,equal_duration_50_bins,PASS,,
-yRb-Jum7EQ_5,audio,2,0.5268,0.7902,26,1,mean,equal_duration_50_bins,PASS,,
-yRb-Jum7EQ_5,audio,3,0.7902,1.0536,27,1,mean,equal_duration_50_bins,PASS,,
-yRb-Jum7EQ_5,audio,4,1.0536,1.317,26,1,mean,equal_duration_50_bins,PASS,,
-yRb-Jum7EQ_5,audio,5,1.317,1.5804,26,1,mean,equal_duration_50_bins,PASS,,
-yRb-Jum7EQ_5,audio,6,1.5804,1.8437999999999999,27,1,mean,equal_duration_50_bins,PASS,,
-yRb-Jum7EQ_5,audio,7,1.8437999999999999,2.1072,26,1,mean,equal_duration_50_bins,PASS,,
-yRb-Jum7EQ_5,audio,8,2.1072,2.3706,26,1,mean,equal_duration_50_bins,PASS,,
-yRb-Jum7EQ_5,audio,9,2.3706,2.634,27,1,mean,equal_duration_50_bins,PASS,,
-yRb-Jum7EQ_5,audio,10,2.634,2.8974,26,1,mean,equal_duration_50_bins,PASS,,
-yRb-Jum7EQ_5,audio,11,2.8974,3.1608,26,1,mean,equal_duration_50_bins,PASS,,
-yRb-Jum7EQ_5,audio,12,3.1608,3.4242000000000004,27,1,mean,equal_duration_50_bins,PASS,,
-yRb-Jum7EQ_5,audio,13,3.4242000000000004,3.6875999999999998,26,1,mean,equal_duration_50_bins,PASS,,
-yRb-Jum7EQ_5,audio,14,3.6875999999999998,3.951,26,1,mean,equal_duration_50_bins,PASS,,
-yRb-Jum7EQ_5,audio,15,3.951,4.2144,27,1,mean,equal_duration_50_bins,PASS,,
-yRb-Jum7EQ_5,audio,16,4.2144,4.477799999999999,26,1,mean,equal_duration_50_bins,PASS,,
-yRb-Jum7EQ_5,audio,17,4.477799999999999,4.7412,26,1,mean,equal_duration_50_bins,PASS,,
-yRb-Jum7EQ_5,audio,18,4.7412,5.0046,27,1,mean,equal_duration_50_bins,PASS,,
-yRb-Jum7EQ_5,audio,19,5.0046,5.268,26,1,mean,equal_duration_50_bins,PASS,,
-yRb-Jum7EQ_5,audio,20,5.268,5.5314,26,1,mean,equal_duration_50_bins,PASS,,
-yRb-Jum7EQ_5,audio,21,5.5314,5.7948,27,1,mean,equal_duration_50_bins,PASS,,
-yRb-Jum7EQ_5,audio,22,5.7948,6.0582,26,1,mean,equal_duration_50_bins,PASS,,
-yRb-Jum7EQ_5,audio,23,6.0582,6.3216,26,1,mean,equal_duration_50_bins,PASS,,
-yRb-Jum7EQ_5,audio,24,6.3216,6.585,27,1,mean,equal_duration_50_bins,PASS,,
-yRb-Jum7EQ_5,audio,25,6.585,6.848400000000001,26,1,mean,equal_duration_50_bins,PASS,,
-yRb-Jum7EQ_5,audio,26,6.848400000000001,7.1118,26,1,mean,equal_duration_50_bins,PASS,,
-yRb-Jum7EQ_5,audio,27,7.1118,7.3751999999999995,27,1,mean,equal_duration_50_bins,PASS,,
-yRb-Jum7EQ_5,audio,28,7.3751999999999995,7.6386,26,1,mean,equal_duration_50_bins,PASS,,
-yRb-Jum7EQ_5,audio,29,7.6386,7.902,26,1,mean,equal_duration_50_bins,PASS,,
-yRb-Jum7EQ_5,audio,30,7.902,8.1654,27,1,mean,equal_duration_50_bins,PASS,,
-yRb-Jum7EQ_5,audio,31,8.1654,8.4288,26,1,mean,equal_duration_50_bins,PASS,,
-yRb-Jum7EQ_5,audio,32,8.4288,8.6922,26,1,mean,equal_duration_50_bins,PASS,,
-yRb-Jum7EQ_5,audio,33,8.6922,8.955599999999999,27,1,mean,equal_duration_50_bins,PASS,,
-yRb-Jum7EQ_5,audio,34,8.955599999999999,9.219,26,1,mean,equal_duration_50_bins,PASS,,
-yRb-Jum7EQ_5,audio,35,9.219,9.4824,26,1,mean,equal_duration_50_bins,PASS,,
-yRb-Jum7EQ_5,audio,36,9.4824,9.745800000000001,27,1,mean,equal_duration_50_bins,PASS,,
-yRb-Jum7EQ_5,audio,37,9.745800000000001,10.0092,26,1,mean,equal_duration_50_bins,PASS,,
-yRb-Jum7EQ_5,audio,38,10.0092,10.2726,27,1,mean,equal_duration_50_bins,PASS,,
-yRb-Jum7EQ_5,audio,39,10.2726,10.536,26,1,mean,equal_duration_50_bins,PASS,,
-yRb-Jum7EQ_5,audio,40,10.536,10.7994,26,1,mean,equal_duration_50_bins,PASS,,
-yRb-Jum7EQ_5,audio,41,10.7994,11.0628,27,1,mean,equal_duration_50_bins,PASS,,
-yRb-Jum7EQ_5,audio,42,11.0628,11.326199999999998,26,1,mean,equal_duration_50_bins,PASS,,
-yRb-Jum7EQ_5,audio,43,11.326199999999998,11.5896,26,1,mean,equal_duration_50_bins,PASS,,
-yRb-Jum7EQ_5,audio,44,11.5896,11.853,27,1,mean,equal_duration_50_bins,PASS,,
-yRb-Jum7EQ_5,audio,45,11.853,12.1164,26,1,mean,equal_duration_50_bins,PASS,,
-yRb-Jum7EQ_5,audio,46,12.1164,12.3798,26,1,mean,equal_duration_50_bins,PASS,,
-yRb-Jum7EQ_5,audio,47,12.3798,12.6432,27,1,mean,equal_duration_50_bins,PASS,,
-yRb-Jum7EQ_5,audio,48,12.6432,12.906600000000001,26,1,mean,equal_duration_50_bins,PASS,,
-yRb-Jum7EQ_5,audio,49,12.906600000000001,13.17,12,1,mean,equal_duration_50_bins,PASS,,
-yRb-Jum7EQ_6,audio,0,0.0,0.2248,22,1,mean,equal_duration_50_bins,PASS,,
-yRb-Jum7EQ_6,audio,1,0.2248,0.4496,22,1,mean,equal_duration_50_bins,PASS,,
-yRb-Jum7EQ_6,audio,2,0.4496,0.6744,23,1,mean,equal_duration_50_bins,PASS,,
-yRb-Jum7EQ_6,audio,3,0.6744,0.8992,22,1,mean,equal_duration_50_bins,PASS,,
-yRb-Jum7EQ_6,audio,4,0.8992,1.124,23,1,mean,equal_duration_50_bins,PASS,,
-yRb-Jum7EQ_6,audio,5,1.124,1.3488,22,1,mean,equal_duration_50_bins,PASS,,
-yRb-Jum7EQ_6,audio,6,1.3488,1.5736,23,1,mean,equal_duration_50_bins,PASS,,
-yRb-Jum7EQ_6,audio,7,1.5736,1.7984,22,1,mean,equal_duration_50_bins,PASS,,
-yRb-Jum7EQ_6,audio,8,1.7984,2.0232,23,1,mean,equal_duration_50_bins,PASS,,
-yRb-Jum7EQ_6,audio,9,2.0232,2.248,22,1,mean,equal_duration_50_bins,PASS,,
-yRb-Jum7EQ_6,audio,10,2.248,2.4728,23,1,mean,equal_duration_50_bins,PASS,,
-yRb-Jum7EQ_6,audio,11,2.4728,2.6976,22,1,mean,equal_duration_50_bins,PASS,,
-yRb-Jum7EQ_6,audio,12,2.6976,2.9224,22,1,mean,equal_duration_50_bins,PASS,,
-yRb-Jum7EQ_6,audio,13,2.9224,3.1472,23,1,mean,equal_duration_50_bins,PASS,,
-yRb-Jum7EQ_6,audio,14,3.1472,3.372,22,1,mean,equal_duration_50_bins,PASS,,
-yRb-Jum7EQ_6,audio,15,3.372,3.5968,23,1,mean,equal_duration_50_bins,PASS,,
-yRb-Jum7EQ_6,audio,16,3.5968,3.8216,22,1,mean,equal_duration_50_bins,PASS,,
-yRb-Jum7EQ_6,audio,17,3.8216,4.0464,23,1,mean,equal_duration_50_bins,PASS,,
-yRb-Jum7EQ_6,audio,18,4.0464,4.2712,22,1,mean,equal_duration_50_bins,PASS,,
-yRb-Jum7EQ_6,audio,19,4.2712,4.496,23,1,mean,equal_duration_50_bins,PASS,,
-yRb-Jum7EQ_6,audio,20,4.496,4.7208,22,1,mean,equal_duration_50_bins,PASS,,
-yRb-Jum7EQ_6,audio,21,4.7208,4.9456,23,1,mean,equal_duration_50_bins,PASS,,
-yRb-Jum7EQ_6,audio,22,4.9456,5.1704,22,1,mean,equal_duration_50_bins,PASS,,
-yRb-Jum7EQ_6,audio,23,5.1704,5.3952,23,1,mean,equal_duration_50_bins,PASS,,
-yRb-Jum7EQ_6,audio,24,5.3952,5.62,22,1,mean,equal_duration_50_bins,PASS,,
-yRb-Jum7EQ_6,audio,25,5.62,5.8448,23,1,mean,equal_duration_50_bins,PASS,,
-yRb-Jum7EQ_6,audio,26,5.8448,6.0696,22,1,mean,equal_duration_50_bins,PASS,,
-yRb-Jum7EQ_6,audio,27,6.0696,6.2944,23,1,mean,equal_duration_50_bins,PASS,,
-yRb-Jum7EQ_6,audio,28,6.2944,6.5192,22,1,mean,equal_duration_50_bins,PASS,,
-yRb-Jum7EQ_6,audio,29,6.5192,6.744,23,1,mean,equal_duration_50_bins,PASS,,
-yRb-Jum7EQ_6,audio,30,6.744,6.9688,22,1,mean,equal_duration_50_bins,PASS,,
-yRb-Jum7EQ_6,audio,31,6.9688,7.1936,23,1,mean,equal_duration_50_bins,PASS,,
-yRb-Jum7EQ_6,audio,32,7.1936,7.4184,22,1,mean,equal_duration_50_bins,PASS,,
-yRb-Jum7EQ_6,audio,33,7.4184,7.6432,23,1,mean,equal_duration_50_bins,PASS,,
-yRb-Jum7EQ_6,audio,34,7.6432,7.868,22,1,mean,equal_duration_50_bins,PASS,,
-yRb-Jum7EQ_6,audio,35,7.868,8.0928,23,1,mean,equal_duration_50_bins,PASS,,
-yRb-Jum7EQ_6,audio,36,8.0928,8.3176,22,1,mean,equal_duration_50_bins,PASS,,
-yRb-Jum7EQ_6,audio,37,8.3176,8.5424,22,1,mean,equal_duration_50_bins,PASS,,
-yRb-Jum7EQ_6,audio,38,8.5424,8.7672,23,1,mean,equal_duration_50_bins,PASS,,
-yRb-Jum7EQ_6,audio,39,8.7672,8.992,22,1,mean,equal_duration_50_bins,PASS,,
-yRb-Jum7EQ_6,audio,40,8.992,9.216800000000001,23,1,mean,equal_duration_50_bins,PASS,,
-yRb-Jum7EQ_6,audio,41,9.216800000000001,9.4416,22,1,mean,equal_duration_50_bins,PASS,,
-yRb-Jum7EQ_6,audio,42,9.4416,9.6664,23,1,mean,equal_duration_50_bins,PASS,,
-yRb-Jum7EQ_6,audio,43,9.6664,9.8912,22,1,mean,equal_duration_50_bins,PASS,,
-yRb-Jum7EQ_6,audio,44,9.8912,10.116,23,1,mean,equal_duration_50_bins,PASS,,
-yRb-Jum7EQ_6,audio,45,10.116,10.3408,22,1,mean,equal_duration_50_bins,PASS,,
-yRb-Jum7EQ_6,audio,46,10.3408,10.5656,23,1,mean,equal_duration_50_bins,PASS,,
-yRb-Jum7EQ_6,audio,47,10.5656,10.7904,22,1,mean,equal_duration_50_bins,PASS,,
-yRb-Jum7EQ_6,audio,48,10.7904,11.0152,23,1,mean,equal_duration_50_bins,PASS,,
-yRb-Jum7EQ_6,audio,49,11.0152,11.24,21,1,mean,equal_duration_50_bins,PASS,,
