"start_time","end_time","time_recording_status","config_sha256","error_type","error_message","sample_id","stage","modality","status","output_shape","valid_length","mask_ratio","duration_sec","tool_version","source_log"
"","","not_recorded_in_source_log","61cba17b32b74af2c29229b769b5c60cc1a173635a61c62ce750195bd73de780","","","-3g5yACwYnA_13","A","index","PASS","1 row","","","5.510000","ffmpeg_stream_copy","stepA_index/data/sample_index.csv"
"","","not_recorded_in_source_log","61cba17b32b74af2c29229b769b5c60cc1a173635a61c62ce750195bd73de780","","","-3g5yACwYnA_13","B","text","PASS","(50, 768)","18","","5.510000","bert-base-uncased / transformers 4.49.0","stepB_text/data/text_extraction_log.csv"
"","","not_recorded_in_source_log","61cba17b32b74af2c29229b769b5c60cc1a173635a61c62ce750195bd73de780","","","-3g5yACwYnA_13","C","audio","PASS","(50,74)","49","0.98","5.51","librosa 0.10.2.post1 / FFmpeg ffmpeg version 7.1-essentials_build-www.gyan.dev Copyright (c) 2000-2024 the FFmpeg developers","stepC_audio/data/audio_extraction_log.csv"
"","","not_recorded_in_source_log","61cba17b32b74af2c29229b769b5c60cc1a173635a61c62ce750195bd73de780","","","-3g5yACwYnA_13","D","vision","PASS","(50,35)","50","1.0","5.51","OpenCV 4.11.0 / MediaPipe 0.10.21","stepD_vision/data/vision_extraction_log.csv"
"","","not_recorded_in_source_log","61cba17b32b74af2c29229b769b5c60cc1a173635a61c62ce750195bd73de780","","","-3g5yACwYnA_13","E","aligned_50","PASS","(50,768)|(50,74)|(50,35)","text=18;audio=49;vision=50","","5.51","build_aligned50.py + validate_aligned50.py","stepE_alignment/data/aligned_50_validation.csv"
"","","not_recorded_in_source_log","61cba17b32b74af2c29229b769b5c60cc1a173635a61c62ce750195bd73de780","","","-3g5yACwYnA_3","A","index","PASS","1 row","","","14.390000","ffmpeg_stream_copy","stepA_index/data/sample_index.csv"
"","","not_recorded_in_source_log","61cba17b32b74af2c29229b769b5c60cc1a173635a61c62ce750195bd73de780","","","-3g5yACwYnA_3","B","text","PASS","(50, 768)","40","","14.390000","bert-base-uncased / transformers 4.49.0","stepB_text/data/text_extraction_log.csv"
"","","not_recorded_in_source_log","61cba17b32b74af2c29229b769b5c60cc1a173635a61c62ce750195bd73de780","","","-3g5yACwYnA_3","C","audio","PASS","(50,74)","50","1.0","14.39","librosa 0.10.2.post1 / FFmpeg ffmpeg version 7.1-essentials_build-www.gyan.dev Copyright (c) 2000-2024 the FFmpeg developers","stepC_audio/data/audio_extraction_log.csv"
"","","not_recorded_in_source_log","61cba17b32b74af2c29229b769b5c60cc1a173635a61c62ce750195bd73de780","","","-3g5yACwYnA_3","D","vision","PASS","(50,35)","50","1.0","14.39","OpenCV 4.11.0 / MediaPipe 0.10.21","stepD_vision/data/vision_extraction_log.csv"
"","","not_recorded_in_source_log","61cba17b32b74af2c29229b769b5c60cc1a173635a61c62ce750195bd73de780","","","-3g5yACwYnA_3","E","aligned_50","PASS","(50,768)|(50,74)|(50,35)","text=40;audio=50;vision=50","","14.39","build_aligned50.py + validate_aligned50.py","stepE_alignment/data/aligned_50_validation.csv"
"","","not_recorded_in_source_log","61cba17b32b74af2c29229b769b5c60cc1a173635a61c62ce750195bd73de780","","","-3g5yACwYnA_2","A","index","PASS","1 row","","","9.390000","ffmpeg_stream_copy","stepA_index/data/sample_index.csv"
"","","not_recorded_in_source_log","61cba17b32b74af2c29229b769b5c60cc1a173635a61c62ce750195bd73de780","","","-3g5yACwYnA_2","B","text","PASS","(50, 768)","17","","9.390000","bert-base-uncased / transformers 4.49.0","stepB_text/data/text_extraction_log.csv"
"","","not_recorded_in_source_log","61cba17b32b74af2c29229b769b5c60cc1a173635a61c62ce750195bd73de780","","","-3g5yACwYnA_2","C","audio","PASS","(50,74)","50","1.0","9.39","librosa 0.10.2.post1 / FFmpeg ffmpeg version 7.1-essentials_build-www.gyan.dev Copyright (c) 2000-2024 the FFmpeg developers","stepC_audio/data/audio_extraction_log.csv"
"","","not_recorded_in_source_log","61cba17b32b74af2c29229b769b5c60cc1a173635a61c62ce750195bd73de780","","","-3g5yACwYnA_2","D","vision","PASS","(50,35)","50","1.0","9.39","OpenCV 4.11.0 / MediaPipe 0.10.21","stepD_vision/data/vision_extraction_log.csv"
"","","not_recorded_in_source_log","61cba17b32b74af2c29229b769b5c60cc1a173635a61c62ce750195bd73de780","","","-3g5yACwYnA_2","E","aligned_50","PASS","(50,768)|(50,74)|(50,35)","text=17;audio=50;vision=50","","9.39","build_aligned50.py + validate_aligned50.py","stepE_alignment/data/aligned_50_validation.csv"
"","","not_recorded_in_source_log","61cba17b32b74af2c29229b769b5c60cc1a173635a61c62ce750195bd73de780","","","-3g5yACwYnA_9","A","index","PASS","1 row","","","8.820000","ffmpeg_stream_copy","stepA_index/data/sample_index.csv"
"","","not_recorded_in_source_log","61cba17b32b74af2c29229b769b5c60cc1a173635a61c62ce750195bd73de780","","","-3g5yACwYnA_9","B","text","PASS","(50, 768)","28","","8.820000","bert-base-uncased / transformers 4.49.0","stepB_text/data/text_extraction_log.csv"
"","","not_recorded_in_source_log","61cba17b32b74af2c29229b769b5c60cc1a173635a61c62ce750195bd73de780","","","-3g5yACwYnA_9","C","audio","PASS","(50,74)","50","1.0","8.82","librosa 0.10.2.post1 / FFmpeg ffmpeg version 7.1-essentials_build-www.gyan.dev Copyright (c) 2000-2024 the FFmpeg developers","stepC_audio/data/audio_extraction_log.csv"
"","","not_recorded_in_source_log","61cba17b32b74af2c29229b769b5c60cc1a173635a61c62ce750195bd73de780","","","-3g5yACwYnA_9","D","vision","PASS","(50,35)","50","1.0","8.82","OpenCV 4.11.0 / MediaPipe 0.10.21","stepD_vision/data/vision_extraction_log.csv"
"","","not_recorded_in_source_log","61cba17b32b74af2c29229b769b5c60cc1a173635a61c62ce750195bd73de780","","","-3g5yACwYnA_9","E","aligned_50","PASS","(50,768)|(50,74)|(50,35)","text=28;audio=50;vision=50","","8.82","build_aligned50.py + validate_aligned50.py","stepE_alignment/data/aligned_50_validation.csv"
"","","not_recorded_in_source_log","61cba17b32b74af2c29229b769b5c60cc1a173635a61c62ce750195bd73de780","","","-3nNcZdcdvU_5","A","index","PASS","1 row","","","7.870000","ffmpeg_stream_copy","stepA_index/data/sample_index.csv"
"","","not_recorded_in_source_log","61cba17b32b74af2c29229b769b5c60cc1a173635a61c62ce750195bd73de780","","","-3nNcZdcdvU_5","B","text","PASS","(50, 768)","22","","7.870000","bert-base-uncased / transformers 4.49.0","stepB_text/data/text_extraction_log.csv"
"","","not_recorded_in_source_log","61cba17b32b74af2c29229b769b5c60cc1a173635a61c62ce750195bd73de780","","","-3nNcZdcdvU_5","C","audio","PASS","(50,74)","50","1.0","7.87","librosa 0.10.2.post1 / FFmpeg ffmpeg version 7.1-essentials_build-www.gyan.dev Copyright (c) 2000-2024 the FFmpeg developers","stepC_audio/data/audio_extraction_log.csv"
"","","not_recorded_in_source_log","61cba17b32b74af2c29229b769b5c60cc1a173635a61c62ce750195bd73de780","","","-3nNcZdcdvU_5","D","vision","PASS","(50,35)","49","0.98","7.87","OpenCV 4.11.0 / MediaPipe 0.10.21","stepD_vision/data/vision_extraction_log.csv"
"","","not_recorded_in_source_log","61cba17b32b74af2c29229b769b5c60cc1a173635a61c62ce750195bd73de780","","","-3nNcZdcdvU_5","E","aligned_50","PASS","(50,768)|(50,74)|(50,35)","text=22;audio=50;vision=49","","7.87","build_aligned50.py + validate_aligned50.py","stepE_alignment/data/aligned_50_validation.csv"
"","","not_recorded_in_source_log","61cba17b32b74af2c29229b769b5c60cc1a173635a61c62ce750195bd73de780","","","-HwX2H8Z4hY_2","A","index","PASS","1 row","","","3.980000","ffmpeg_stream_copy","stepA_index/data/sample_index.csv"
"","","not_recorded_in_source_log","61cba17b32b74af2c29229b769b5c60cc1a173635a61c62ce750195bd73de780","","","-HwX2H8Z4hY_2","B","text","PASS","(50, 768)","12","","3.980000","bert-base-uncased / transformers 4.49.0","stepB_text/data/text_extraction_log.csv"
"","","not_recorded_in_source_log","61cba17b32b74af2c29229b769b5c60cc1a173635a61c62ce750195bd73de780","","","-HwX2H8Z4hY_2","C","audio","PASS","(50,74)","50","1.0","3.98","librosa 0.10.2.post1 / FFmpeg ffmpeg version 7.1-essentials_build-www.gyan.dev Copyright (c) 2000-2024 the FFmpeg developers","stepC_audio/data/audio_extraction_log.csv"
"","","not_recorded_in_source_log","61cba17b32b74af2c29229b769b5c60cc1a173635a61c62ce750195bd73de780","","","-HwX2H8Z4hY_2","D","vision","PASS","(50,35)","9","0.18","3.98","OpenCV 4.11.0 / MediaPipe 0.10.21","stepD_vision/data/vision_extraction_log.csv"
"","","not_recorded_in_source_log","61cba17b32b74af2c29229b769b5c60cc1a173635a61c62ce750195bd73de780","","","-HwX2H8Z4hY_2","E","aligned_50","PASS","(50,768)|(50,74)|(50,35)","text=12;audio=50;vision=9","","3.98","build_aligned50.py + validate_aligned50.py","stepE_alignment/data/aligned_50_validation.csv"
"","","not_recorded_in_source_log","61cba17b32b74af2c29229b769b5c60cc1a173635a61c62ce750195bd73de780","","","-HwX2H8Z4hY_5","A","index","PASS","1 row","","","5.650000","ffmpeg_stream_copy","stepA_index/data/sample_index.csv"
"","","not_recorded_in_source_log","61cba17b32b74af2c29229b769b5c60cc1a173635a61c62ce750195bd73de780","","","-HwX2H8Z4hY_5","B","text","PASS","(50, 768)","10","","5.650000","bert-base-uncased / transformers 4.49.0","stepB_text/data/text_extraction_log.csv"
"","","not_recorded_in_source_log","61cba17b32b74af2c29229b769b5c60cc1a173635a61c62ce750195bd73de780","","","-HwX2H8Z4hY_5","C","audio","PASS","(50,74)","49","0.98","5.65","librosa 0.10.2.post1 / FFmpeg ffmpeg version 7.1-essentials_build-www.gyan.dev Copyright (c) 2000-2024 the FFmpeg developers","stepC_audio/data/audio_extraction_log.csv"
"","","not_recorded_in_source_log","61cba17b32b74af2c29229b769b5c60cc1a173635a61c62ce750195bd73de780","","","-HwX2H8Z4hY_5","D","vision","PASS","(50,35)","18","0.36","5.65","OpenCV 4.11.0 / MediaPipe 0.10.21","stepD_vision/data/vision_extraction_log.csv"
"","","not_recorded_in_source_log","61cba17b32b74af2c29229b769b5c60cc1a173635a61c62ce750195bd73de780","","","-HwX2H8Z4hY_5","E","aligned_50","PASS","(50,768)|(50,74)|(50,35)","text=10;audio=49;vision=18","","5.65","build_aligned50.py + validate_aligned50.py","stepE_alignment/data/aligned_50_validation.csv"
"","","not_recorded_in_source_log","61cba17b32b74af2c29229b769b5c60cc1a173635a61c62ce750195bd73de780","","","-HwX2H8Z4hY_6","A","index","PASS","1 row","","","3.360000","ffmpeg_stream_copy","stepA_index/data/sample_index.csv"
"","","not_recorded_in_source_log","61cba17b32b74af2c29229b769b5c60cc1a173635a61c62ce750195bd73de780","","","-HwX2H8Z4hY_6","B","text","PASS","(50, 768)","9","","3.360000","bert-base-uncased / transformers 4.49.0","stepB_text/data/text_extraction_log.csv"
"","","not_recorded_in_source_log","61cba17b32b74af2c29229b769b5c60cc1a173635a61c62ce750195bd73de780","","","-HwX2H8Z4hY_6","C","audio","PASS","(50,74)","49","0.98","3.36","librosa 0.10.2.post1 / FFmpeg ffmpeg version 7.1-essentials_build-www.gyan.dev Copyright (c) 2000-2024 the FFmpeg developers","stepC_audio/data/audio_extraction_log.csv"
"","","not_recorded_in_source_log","61cba17b32b74af2c29229b769b5c60cc1a173635a61c62ce750195bd73de780","","","-HwX2H8Z4hY_6","D","vision","PASS","(50,35)","21","0.42","3.36","OpenCV 4.11.0 / MediaPipe 0.10.21","stepD_vision/data/vision_extraction_log.csv"
"","","not_recorded_in_source_log","61cba17b32b74af2c29229b769b5c60cc1a173635a61c62ce750195bd73de780","","","-HwX2H8Z4hY_6","E","aligned_50","PASS","(50,768)|(50,74)|(50,35)","text=9;audio=49;vision=21","","3.36","build_aligned50.py + validate_aligned50.py","stepE_alignment/data/aligned_50_validation.csv"
"","","not_recorded_in_source_log","61cba17b32b74af2c29229b769b5c60cc1a173635a61c62ce750195bd73de780","","","-HwX2H8Z4hY_9","A","index","PASS","1 row","","","7.730000","ffmpeg_stream_copy","stepA_index/data/sample_index.csv"
"","","not_recorded_in_source_log","61cba17b32b74af2c29229b769b5c60cc1a173635a61c62ce750195bd73de780","","","-HwX2H8Z4hY_9","B","text","PASS","(50, 768)","24","","7.730000","bert-base-uncased / transformers 4.49.0","stepB_text/data/text_extraction_log.csv"
"","","not_recorded_in_source_log","61cba17b32b74af2c29229b769b5c60cc1a173635a61c62ce750195bd73de780","","","-HwX2H8Z4hY_9","C","audio","PASS","(50,74)","50","1.0","7.73","librosa 0.10.2.post1 / FFmpeg ffmpeg version 7.1-essentials_build-www.gyan.dev Copyright (c) 2000-2024 the FFmpeg developers","stepC_audio/data/audio_extraction_log.csv"
"","","not_recorded_in_source_log","61cba17b32b74af2c29229b769b5c60cc1a173635a61c62ce750195bd73de780","","","-HwX2H8Z4hY_9","D","vision","FAIL","(50,35)","0","0.0","7.73","OpenCV 4.11.0 / MediaPipe 0.10.21","stepD_vision/data/vision_extraction_log.csv"
"","","not_recorded_in_source_log","61cba17b32b74af2c29229b769b5c60cc1a173635a61c62ce750195bd73de780","","","-HwX2H8Z4hY_9","E","aligned_50","PASS","(50,768)|(50,74)|(50,35)","text=24;audio=50;vision=0","","7.73","build_aligned50.py + validate_aligned50.py","stepE_alignment/data/aligned_50_validation.csv"
"","","not_recorded_in_source_log","61cba17b32b74af2c29229b769b5c60cc1a173635a61c62ce750195bd73de780","","","-NFrJFQijFE_1","A","index","PASS","1 row","","","5.750000","ffmpeg_stream_copy","stepA_index/data/sample_index.csv"
"","","not_recorded_in_source_log","61cba17b32b74af2c29229b769b5c60cc1a173635a61c62ce750195bd73de780","","","-NFrJFQijFE_1","B","text","PASS","(50, 768)","16","","5.750000","bert-base-uncased / transformers 4.49.0","stepB_text/data/text_extraction_log.csv"
"","","not_recorded_in_source_log","61cba17b32b74af2c29229b769b5c60cc1a173635a61c62ce750195bd73de780","","","-NFrJFQijFE_1","C","audio","PASS","(50,74)","50","1.0","5.75","librosa 0.10.2.post1 / FFmpeg ffmpeg version 7.1-essentials_build-www.gyan.dev Copyright (c) 2000-2024 the FFmpeg developers","stepC_audio/data/audio_extraction_log.csv"
"","","not_recorded_in_source_log","61cba17b32b74af2c29229b769b5c60cc1a173635a61c62ce750195bd73de780","","","-NFrJFQijFE_1","D","vision","FAIL","(50,35)","0","0.0","5.75","OpenCV 4.11.0 / MediaPipe 0.10.21","stepD_vision/data/vision_extraction_log.csv"
"","","not_recorded_in_source_log","61cba17b32b74af2c29229b769b5c60cc1a173635a61c62ce750195bd73de780","","","-NFrJFQijFE_1","E","aligned_50","PASS","(50,768)|(50,74)|(50,35)","text=16;audio=50;vision=0","","5.75","build_aligned50.py + validate_aligned50.py","stepE_alignment/data/aligned_50_validation.csv"
"","","not_recorded_in_source_log","61cba17b32b74af2c29229b769b5c60cc1a173635a61c62ce750195bd73de780","","","-NFrJFQijFE_2","A","index","PASS","1 row","","","6.860000","ffmpeg_stream_copy","stepA_index/data/sample_index.csv"
"","","not_recorded_in_source_log","61cba17b32b74af2c29229b769b5c60cc1a173635a61c62ce750195bd73de780","","","-NFrJFQijFE_2","B","text","PASS","(50, 768)","18","","6.860000","bert-base-uncased / transformers 4.49.0","stepB_text/data/text_extraction_log.csv"
"","","not_recorded_in_source_log","61cba17b32b74af2c29229b769b5c60cc1a173635a61c62ce750195bd73de780","","","-NFrJFQijFE_2","C","audio","PASS","(50,74)","49","0.98","6.86","librosa 0.10.2.post1 / FFmpeg ffmpeg version 7.1-essentials_build-www.gyan.dev Copyright (c) 2000-2024 the FFmpeg developers","stepC_audio/data/audio_extraction_log.csv"
"","","not_recorded_in_source_log","61cba17b32b74af2c29229b769b5c60cc1a173635a61c62ce750195bd73de780","","","-NFrJFQijFE_2","D","vision","FAIL","(50,35)","0","0.0","6.86","OpenCV 4.11.0 / MediaPipe 0.10.21","stepD_vision/data/vision_extraction_log.csv"
"","","not_recorded_in_source_log","61cba17b32b74af2c29229b769b5c60cc1a173635a61c62ce750195bd73de780","","","-NFrJFQijFE_2","E","aligned_50","PASS","(50,768)|(50,74)|(50,35)","text=18;audio=49;vision=0","","6.86","build_aligned50.py + validate_aligned50.py","stepE_alignment/data/aligned_50_validation.csv"
"","","not_recorded_in_source_log","61cba17b32b74af2c29229b769b5c60cc1a173635a61c62ce750195bd73de780","","","-THoVjtIkeU_12","A","index","PASS","1 row","","","14.900000","ffmpeg_stream_copy","stepA_index/data/sample_index.csv"
"","","not_recorded_in_source_log","61cba17b32b74af2c29229b769b5c60cc1a173635a61c62ce750195bd73de780","","","-THoVjtIkeU_12","B","text","PASS","(50, 768)","42","","14.900000","bert-base-uncased / transformers 4.49.0","stepB_text/data/text_extraction_log.csv"
"","","not_recorded_in_source_log","61cba17b32b74af2c29229b769b5c60cc1a173635a61c62ce750195bd73de780","","","-THoVjtIkeU_12","C","audio","PASS","(50,74)","50","1.0","14.9","librosa 0.10.2.post1 / FFmpeg ffmpeg version 7.1-essentials_build-www.gyan.dev Copyright (c) 2000-2024 the FFmpeg developers","stepC_audio/data/audio_extraction_log.csv"
"","","not_recorded_in_source_log","61cba17b32b74af2c29229b769b5c60cc1a173635a61c62ce750195bd73de780","","","-THoVjtIkeU_12","D","vision","PASS","(50,35)","50","1.0","14.9","OpenCV 4.11.0 / MediaPipe 0.10.21","stepD_vision/data/vision_extraction_log.csv"
"","","not_recorded_in_source_log","61cba17b32b74af2c29229b769b5c60cc1a173635a61c62ce750195bd73de780","","","-THoVjtIkeU_12","E","aligned_50","PASS","(50,768)|(50,74)|(50,35)","text=42;audio=50;vision=50","","14.9","build_aligned50.py + validate_aligned50.py","stepE_alignment/data/aligned_50_validation.csv"
"","","not_recorded_in_source_log","61cba17b32b74af2c29229b769b5c60cc1a173635a61c62ce750195bd73de780","","","-THoVjtIkeU_2","A","index","PASS","1 row","","","4.290000","ffmpeg_stream_copy","stepA_index/data/sample_index.csv"
"","","not_recorded_in_source_log","61cba17b32b74af2c29229b769b5c60cc1a173635a61c62ce750195bd73de780","","","-THoVjtIkeU_2","B","text","PASS","(50, 768)","11","","4.290000","bert-base-uncased / transformers 4.49.0","stepB_text/data/text_extraction_log.csv"
"","","not_recorded_in_source_log","61cba17b32b74af2c29229b769b5c60cc1a173635a61c62ce750195bd73de780","","","-THoVjtIkeU_2","C","audio","PASS","(50,74)","50","1.0","4.29","librosa 0.10.2.post1 / FFmpeg ffmpeg version 7.1-essentials_build-www.gyan.dev Copyright (c) 2000-2024 the FFmpeg developers","stepC_audio/data/audio_extraction_log.csv"
"","","not_recorded_in_source_log","61cba17b32b74af2c29229b769b5c60cc1a173635a61c62ce750195bd73de780","","","-THoVjtIkeU_2","D","vision","PASS","(50,35)","43","0.86","4.29","OpenCV 4.11.0 / MediaPipe 0.10.21","stepD_vision/data/vision_extraction_log.csv"
"","","not_recorded_in_source_log","61cba17b32b74af2c29229b769b5c60cc1a173635a61c62ce750195bd73de780","","","-THoVjtIkeU_2","E","aligned_50","PASS","(50,768)|(50,74)|(50,35)","text=11;audio=50;vision=43","","4.29","build_aligned50.py + validate_aligned50.py","stepE_alignment/data/aligned_50_validation.csv"
"","","not_recorded_in_source_log","61cba17b32b74af2c29229b769b5c60cc1a173635a61c62ce750195bd73de780","","","-THoVjtIkeU_6","A","index","PASS","1 row","","","8.100000","ffmpeg_stream_copy","stepA_index/data/sample_index.csv"
"","","not_recorded_in_source_log","61cba17b32b74af2c29229b769b5c60cc1a173635a61c62ce750195bd73de780","","","-THoVjtIkeU_6","B","text","PASS","(50, 768)","32","","8.100000","bert-base-uncased / transformers 4.49.0","stepB_text/data/text_extraction_log.csv"
"","","not_recorded_in_source_log","61cba17b32b74af2c29229b769b5c60cc1a173635a61c62ce750195bd73de780","","","-THoVjtIkeU_6","C","audio","PASS","(50,74)","50","1.0","8.1","librosa 0.10.2.post1 / FFmpeg ffmpeg version 7.1-essentials_build-www.gyan.dev Copyright (c) 2000-2024 the FFmpeg developers","stepC_audio/data/audio_extraction_log.csv"
"","","not_recorded_in_source_log","61cba17b32b74af2c29229b769b5c60cc1a173635a61c62ce750195bd73de780","","","-THoVjtIkeU_6","D","vision","PASS","(50,35)","50","1.0","8.1","OpenCV 4.11.0 / MediaPipe 0.10.21","stepD_vision/data/vision_extraction_log.csv"
"","","not_recorded_in_source_log","61cba17b32b74af2c29229b769b5c60cc1a173635a61c62ce750195bd73de780","","","-THoVjtIkeU_6","E","aligned_50","PASS","(50,768)|(50,74)|(50,35)","text=32;audio=50;vision=50","","8.1","build_aligned50.py + validate_aligned50.py","stepE_alignment/data/aligned_50_validation.csv"
"","","not_recorded_in_source_log","61cba17b32b74af2c29229b769b5c60cc1a173635a61c62ce750195bd73de780","","","-UuX1xuaiiE_1","A","index","PASS","1 row","","","10.350000","ffmpeg_stream_copy","stepA_index/data/sample_index.csv"
"","","not_recorded_in_source_log","61cba17b32b74af2c29229b769b5c60cc1a173635a61c62ce750195bd73de780","","","-UuX1xuaiiE_1","B","text","PASS","(50, 768)","33","","10.350000","bert-base-uncased / transformers 4.49.0","stepB_text/data/text_extraction_log.csv"
"","","not_recorded_in_source_log","61cba17b32b74af2c29229b769b5c60cc1a173635a61c62ce750195bd73de780","","","-UuX1xuaiiE_1","C","audio","PASS","(50,74)","50","1.0","10.35","librosa 0.10.2.post1 / FFmpeg ffmpeg version 7.1-essentials_build-www.gyan.dev Copyright (c) 2000-2024 the FFmpeg developers","stepC_audio/data/audio_extraction_log.csv"
"","","not_recorded_in_source_log","61cba17b32b74af2c29229b769b5c60cc1a173635a61c62ce750195bd73de780","","","-UuX1xuaiiE_1","D","vision","PASS","(50,35)","3","0.06","10.35","OpenCV 4.11.0 / MediaPipe 0.10.21","stepD_vision/data/vision_extraction_log.csv"
"","","not_recorded_in_source_log","61cba17b32b74af2c29229b769b5c60cc1a173635a61c62ce750195bd73de780","","","-UuX1xuaiiE_1","E","aligned_50","PASS","(50,768)|(50,74)|(50,35)","text=33;audio=50;vision=3","","10.35","build_aligned50.py + validate_aligned50.py","stepE_alignment/data/aligned_50_validation.csv"
"","","not_recorded_in_source_log","61cba17b32b74af2c29229b769b5c60cc1a173635a61c62ce750195bd73de780","","","-UuX1xuaiiE_0","A","index","PASS","1 row","","","3.630000","ffmpeg_stream_copy","stepA_index/data/sample_index.csv"
"","","not_recorded_in_source_log","61cba17b32b74af2c29229b769b5c60cc1a173635a61c62ce750195bd73de780","","","-UuX1xuaiiE_0","B","text","PASS","(50, 768)","12","","3.630000","bert-base-uncased / transformers 4.49.0","stepB_text/data/text_extraction_log.csv"
"","","not_recorded_in_source_log","61cba17b32b74af2c29229b769b5c60cc1a173635a61c62ce750195bd73de780","","","-UuX1xuaiiE_0","C","audio","PASS","(50,74)","50","1.0","3.63","librosa 0.10.2.post1 / FFmpeg ffmpeg version 7.1-essentials_build-www.gyan.dev Copyright (c) 2000-2024 the FFmpeg developers","stepC_audio/data/audio_extraction_log.csv"
"","","not_recorded_in_source_log","61cba17b32b74af2c29229b769b5c60cc1a173635a61c62ce750195bd73de780","","","-UuX1xuaiiE_0","D","vision","PASS","(50,35)","18","0.36","3.63","OpenCV 4.11.0 / MediaPipe 0.10.21","stepD_vision/data/vision_extraction_log.csv"
"","","not_recorded_in_source_log","61cba17b32b74af2c29229b769b5c60cc1a173635a61c62ce750195bd73de780","","","-UuX1xuaiiE_0","E","aligned_50","PASS","(50,768)|(50,74)|(50,35)","text=12;audio=50;vision=18","","3.63","build_aligned50.py + validate_aligned50.py","stepE_alignment/data/aligned_50_validation.csv"
"","","not_recorded_in_source_log","61cba17b32b74af2c29229b769b5c60cc1a173635a61c62ce750195bd73de780","","","-UuX1xuaiiE_3","A","index","PASS","1 row","","","4.130000","ffmpeg_stream_copy","stepA_index/data/sample_index.csv"
"","","not_recorded_in_source_log","61cba17b32b74af2c29229b769b5c60cc1a173635a61c62ce750195bd73de780","","","-UuX1xuaiiE_3","B","text","PASS","(50, 768)","9","","4.130000","bert-base-uncased / transformers 4.49.0","stepB_text/data/text_extraction_log.csv"
"","","not_recorded_in_source_log","61cba17b32b74af2c29229b769b5c60cc1a173635a61c62ce750195bd73de780","","","-UuX1xuaiiE_3","C","audio","PASS","(50,74)","49","0.98","4.13","librosa 0.10.2.post1 / FFmpeg ffmpeg version 7.1-essentials_build-www.gyan.dev Copyright (c) 2000-2024 the FFmpeg developers","stepC_audio/data/audio_extraction_log.csv"
"","","not_recorded_in_source_log","61cba17b32b74af2c29229b769b5c60cc1a173635a61c62ce750195bd73de780","","","-UuX1xuaiiE_3","D","vision","PASS","(50,35)","41","0.82","4.13","OpenCV 4.11.0 / MediaPipe 0.10.21","stepD_vision/data/vision_extraction_log.csv"
"","","not_recorded_in_source_log","61cba17b32b74af2c29229b769b5c60cc1a173635a61c62ce750195bd73de780","","","-UuX1xuaiiE_3","E","aligned_50","PASS","(50,768)|(50,74)|(50,35)","text=9;audio=49;vision=41","","4.13","build_aligned50.py + validate_aligned50.py","stepE_alignment/data/aligned_50_validation.csv"
"","","not_recorded_in_source_log","61cba17b32b74af2c29229b769b5c60cc1a173635a61c62ce750195bd73de780","","","-UuX1xuaiiE_6","A","index","PASS","1 row","","","8.110000","ffmpeg_stream_copy","stepA_index/data/sample_index.csv"
"","","not_recorded_in_source_log","61cba17b32b74af2c29229b769b5c60cc1a173635a61c62ce750195bd73de780","","","-UuX1xuaiiE_6","B","text","PASS","(50, 768)","23","","8.110000","bert-base-uncased / transformers 4.49.0","stepB_text/data/text_extraction_log.csv"
"","","not_recorded_in_source_log","61cba17b32b74af2c29229b769b5c60cc1a173635a61c62ce750195bd73de780","","","-UuX1xuaiiE_6","C","audio","PASS","(50,74)","49","0.98","8.11","librosa 0.10.2.post1 / FFmpeg ffmpeg version 7.1-essentials_build-www.gyan.dev Copyright (c) 2000-2024 the FFmpeg developers","stepC_audio/data/audio_extraction_log.csv"
"","","not_recorded_in_source_log","61cba17b32b74af2c29229b769b5c60cc1a173635a61c62ce750195bd73de780","","","-UuX1xuaiiE_6","D","vision","PASS","(50,35)","50","1.0","8.11","OpenCV 4.11.0 / MediaPipe 0.10.21","stepD_vision/data/vision_extraction_log.csv"
"","","not_recorded_in_source_log","61cba17b32b74af2c29229b769b5c60cc1a173635a61c62ce750195bd73de780","","","-UuX1xuaiiE_6","E","aligned_50","PASS","(50,768)|(50,74)|(50,35)","text=23;audio=49;vision=50","","8.11","build_aligned50.py + validate_aligned50.py","stepE_alignment/data/aligned_50_validation.csv"
"","","not_recorded_in_source_log","61cba17b32b74af2c29229b769b5c60cc1a173635a61c62ce750195bd73de780","","","-a55Q6RWvTA_3","A","index","PASS","1 row","","","22.150000","ffmpeg_stream_copy","stepA_index/data/sample_index.csv"
"","","not_recorded_in_source_log","61cba17b32b74af2c29229b769b5c60cc1a173635a61c62ce750195bd73de780","","","-a55Q6RWvTA_3","B","text","PASS","(50, 768)","50","","22.150000","bert-base-uncased / transformers 4.49.0","stepB_text/data/text_extraction_log.csv"
"","","not_recorded_in_source_log","61cba17b32b74af2c29229b769b5c60cc1a173635a61c62ce750195bd73de780","","","-a55Q6RWvTA_3","C","audio","PASS","(50,74)","50","1.0","22.15","librosa 0.10.2.post1 / FFmpeg ffmpeg version 7.1-essentials_build-www.gyan.dev Copyright (c) 2000-2024 the FFmpeg developers","stepC_audio/data/audio_extraction_log.csv"
"","","not_recorded_in_source_log","61cba17b32b74af2c29229b769b5c60cc1a173635a61c62ce750195bd73de780","","","-a55Q6RWvTA_3","D","vision","PASS","(50,35)","47","0.94","22.15","OpenCV 4.11.0 / MediaPipe 0.10.21","stepD_vision/data/vision_extraction_log.csv"
"","","not_recorded_in_source_log","61cba17b32b74af2c29229b769b5c60cc1a173635a61c62ce750195bd73de780","","","-a55Q6RWvTA_3","E","aligned_50","PASS","(50,768)|(50,74)|(50,35)","text=50;audio=50;vision=47","","22.15","build_aligned50.py + validate_aligned50.py","stepE_alignment/data/aligned_50_validation.csv"
"","","not_recorded_in_source_log","61cba17b32b74af2c29229b769b5c60cc1a173635a61c62ce750195bd73de780","","","-aNfi7CP8vM_7","A","index","PASS","1 row","","","8.690000","ffmpeg_stream_copy","stepA_index/data/sample_index.csv"
"","","not_recorded_in_source_log","61cba17b32b74af2c29229b769b5c60cc1a173635a61c62ce750195bd73de780","","","-aNfi7CP8vM_7","B","text","PASS","(50, 768)","23","","8.690000","bert-base-uncased / transformers 4.49.0","stepB_text/data/text_extraction_log.csv"
"","","not_recorded_in_source_log","61cba17b32b74af2c29229b769b5c60cc1a173635a61c62ce750195bd73de780","","","-aNfi7CP8vM_7","C","audio","PASS","(50,74)","50","1.0","8.69","librosa 0.10.2.post1 / FFmpeg ffmpeg version 7.1-essentials_build-www.gyan.dev Copyright (c) 2000-2024 the FFmpeg developers","stepC_audio/data/audio_extraction_log.csv"
"","","not_recorded_in_source_log","61cba17b32b74af2c29229b769b5c60cc1a173635a61c62ce750195bd73de780","","","-aNfi7CP8vM_7","D","vision","PASS","(50,35)","50","1.0","8.69","OpenCV 4.11.0 / MediaPipe 0.10.21","stepD_vision/data/vision_extraction_log.csv"
"","","not_recorded_in_source_log","61cba17b32b74af2c29229b769b5c60cc1a173635a61c62ce750195bd73de780","","","-aNfi7CP8vM_7","E","aligned_50","PASS","(50,768)|(50,74)|(50,35)","text=23;audio=50;vision=50","","8.69","build_aligned50.py + validate_aligned50.py","stepE_alignment/data/aligned_50_validation.csv"
"","","not_recorded_in_source_log","61cba17b32b74af2c29229b769b5c60cc1a173635a61c62ce750195bd73de780","","","-aqamKhZ1Ec_0","A","index","PASS","1 row","","","10.970000","ffmpeg_stream_copy","stepA_index/data/sample_index.csv"
"","","not_recorded_in_source_log","61cba17b32b74af2c29229b769b5c60cc1a173635a61c62ce750195bd73de780","","","-aqamKhZ1Ec_0","B","text","PASS","(50, 768)","16","","10.970000","bert-base-uncased / transformers 4.49.0","stepB_text/data/text_extraction_log.csv"
"","","not_recorded_in_source_log","61cba17b32b74af2c29229b769b5c60cc1a173635a61c62ce750195bd73de780","","","-aqamKhZ1Ec_0","C","audio","PASS","(50,74)","50","1.0","10.97","librosa 0.10.2.post1 / FFmpeg ffmpeg version 7.1-essentials_build-www.gyan.dev Copyright (c) 2000-2024 the FFmpeg developers","stepC_audio/data/audio_extraction_log.csv"
"","","not_recorded_in_source_log","61cba17b32b74af2c29229b769b5c60cc1a173635a61c62ce750195bd73de780","","","-aqamKhZ1Ec_0","D","vision","PASS","(50,35)","50","1.0","10.97","OpenCV 4.11.0 / MediaPipe 0.10.21","stepD_vision/data/vision_extraction_log.csv"
"","","not_recorded_in_source_log","61cba17b32b74af2c29229b769b5c60cc1a173635a61c62ce750195bd73de780","","","-aqamKhZ1Ec_0","E","aligned_50","PASS","(50,768)|(50,74)|(50,35)","text=16;audio=50;vision=50","","10.97","build_aligned50.py + validate_aligned50.py","stepE_alignment/data/aligned_50_validation.csv"
"","","not_recorded_in_source_log","61cba17b32b74af2c29229b769b5c60cc1a173635a61c62ce750195bd73de780","","","-dxfTGcXJoc_1","A","index","PASS","1 row","","","16.160000","ffmpeg_stream_copy","stepA_index/data/sample_index.csv"
"","","not_recorded_in_source_log","61cba17b32b74af2c29229b769b5c60cc1a173635a61c62ce750195bd73de780","","","-dxfTGcXJoc_1","B","text","PASS","(50, 768)","42","","16.160000","bert-base-uncased / transformers 4.49.0","stepB_text/data/text_extraction_log.csv"
"","","not_recorded_in_source_log","61cba17b32b74af2c29229b769b5c60cc1a173635a61c62ce750195bd73de780","","","-dxfTGcXJoc_1","C","audio","PASS","(50,74)","50","1.0","16.16","librosa 0.10.2.post1 / FFmpeg ffmpeg version 7.1-essentials_build-www.gyan.dev Copyright (c) 2000-2024 the FFmpeg developers","stepC_audio/data/audio_extraction_log.csv"
"","","not_recorded_in_source_log","61cba17b32b74af2c29229b769b5c60cc1a173635a61c62ce750195bd73de780","","","-dxfTGcXJoc_1","D","vision","PASS","(50,35)","50","1.0","16.16","OpenCV 4.11.0 / MediaPipe 0.10.21","stepD_vision/data/vision_extraction_log.csv"
"","","not_recorded_in_source_log","61cba17b32b74af2c29229b769b5c60cc1a173635a61c62ce750195bd73de780","","","-dxfTGcXJoc_1","E","aligned_50","PASS","(50,768)|(50,74)|(50,35)","text=42;audio=50;vision=50","","16.16","build_aligned50.py + validate_aligned50.py","stepE_alignment/data/aligned_50_validation.csv"
"","","not_recorded_in_source_log","61cba17b32b74af2c29229b769b5c60cc1a173635a61c62ce750195bd73de780","","","-dxfTGcXJoc_0","A","index","PASS","1 row","","","20.500000","ffmpeg_stream_copy","stepA_index/data/sample_index.csv"
"","","not_recorded_in_source_log","61cba17b32b74af2c29229b769b5c60cc1a173635a61c62ce750195bd73de780","","","-dxfTGcXJoc_0","B","text","PASS","(50, 768)","50","","20.500000","bert-base-uncased / transformers 4.49.0","stepB_text/data/text_extraction_log.csv"
"","","not_recorded_in_source_log","61cba17b32b74af2c29229b769b5c60cc1a173635a61c62ce750195bd73de780","","","-dxfTGcXJoc_0","C","audio","PASS","(50,74)","50","1.0","20.5","librosa 0.10.2.post1 / FFmpeg ffmpeg version 7.1-essentials_build-www.gyan.dev Copyright (c) 2000-2024 the FFmpeg developers","stepC_audio/data/audio_extraction_log.csv"
"","","not_recorded_in_source_log","61cba17b32b74af2c29229b769b5c60cc1a173635a61c62ce750195bd73de780","","","-dxfTGcXJoc_0","D","vision","PASS","(50,35)","40","0.8","20.5","OpenCV 4.11.0 / MediaPipe 0.10.21","stepD_vision/data/vision_extraction_log.csv"
"","","not_recorded_in_source_log","61cba17b32b74af2c29229b769b5c60cc1a173635a61c62ce750195bd73de780","","","-dxfTGcXJoc_0","E","aligned_50","PASS","(50,768)|(50,74)|(50,35)","text=50;audio=50;vision=40","","20.5","build_aligned50.py + validate_aligned50.py","stepE_alignment/data/aligned_50_validation.csv"
"","","not_recorded_in_source_log","61cba17b32b74af2c29229b769b5c60cc1a173635a61c62ce750195bd73de780","","","-dxfTGcXJoc_2","A","index","PASS","1 row","","","16.700000","ffmpeg_stream_copy","stepA_index/data/sample_index.csv"
"","","not_recorded_in_source_log","61cba17b32b74af2c29229b769b5c60cc1a173635a61c62ce750195bd73de780","","","-dxfTGcXJoc_2","B","text","PASS","(50, 768)","40","","16.700000","bert-base-uncased / transformers 4.49.0","stepB_text/data/text_extraction_log.csv"
"","","not_recorded_in_source_log","61cba17b32b74af2c29229b769b5c60cc1a173635a61c62ce750195bd73de780","","","-dxfTGcXJoc_2","C","audio","PASS","(50,74)","50","1.0","16.7","librosa 0.10.2.post1 / FFmpeg ffmpeg version 7.1-essentials_build-www.gyan.dev Copyright (c) 2000-2024 the FFmpeg developers","stepC_audio/data/audio_extraction_log.csv"
"","","not_recorded_in_source_log","61cba17b32b74af2c29229b769b5c60cc1a173635a61c62ce750195bd73de780","","","-dxfTGcXJoc_2","D","vision","PASS","(50,35)","50","1.0","16.7","OpenCV 4.11.0 / MediaPipe 0.10.21","stepD_vision/data/vision_extraction_log.csv"
"","","not_recorded_in_source_log","61cba17b32b74af2c29229b769b5c60cc1a173635a61c62ce750195bd73de780","","","-dxfTGcXJoc_2","E","aligned_50","PASS","(50,768)|(50,74)|(50,35)","text=40;audio=50;vision=50","","16.7","build_aligned50.py + validate_aligned50.py","stepE_alignment/data/aligned_50_validation.csv"
"","","not_recorded_in_source_log","61cba17b32b74af2c29229b769b5c60cc1a173635a61c62ce750195bd73de780","","","-dxfTGcXJoc_6","A","index","PASS","1 row","","","12.740000","ffmpeg_stream_copy","stepA_index/data/sample_index.csv"
"","","not_recorded_in_source_log","61cba17b32b74af2c29229b769b5c60cc1a173635a61c62ce750195bd73de780","","","-dxfTGcXJoc_6","B","text","PASS","(50, 768)","32","","12.740000","bert-base-uncased / transformers 4.49.0","stepB_text/data/text_extraction_log.csv"
"","","not_recorded_in_source_log","61cba17b32b74af2c29229b769b5c60cc1a173635a61c62ce750195bd73de780","","","-dxfTGcXJoc_6","C","audio","PASS","(50,74)","50","1.0","12.74","librosa 0.10.2.post1 / FFmpeg ffmpeg version 7.1-essentials_build-www.gyan.dev Copyright (c) 2000-2024 the FFmpeg developers","stepC_audio/data/audio_extraction_log.csv"
"","","not_recorded_in_source_log","61cba17b32b74af2c29229b769b5c60cc1a173635a61c62ce750195bd73de780","","","-dxfTGcXJoc_6","D","vision","PASS","(50,35)","50","1.0","12.74","OpenCV 4.11.0 / MediaPipe 0.10.21","stepD_vision/data/vision_extraction_log.csv"
"","","not_recorded_in_source_log","61cba17b32b74af2c29229b769b5c60cc1a173635a61c62ce750195bd73de780","","","-dxfTGcXJoc_6","E","aligned_50","PASS","(50,768)|(50,74)|(50,35)","text=32;audio=50;vision=50","","12.74","build_aligned50.py + validate_aligned50.py","stepE_alignment/data/aligned_50_validation.csv"
"","","not_recorded_in_source_log","61cba17b32b74af2c29229b769b5c60cc1a173635a61c62ce750195bd73de780","","","-egA8-b7-3M_26","A","index","PASS","1 row","","","6.030000","ffmpeg_stream_copy","stepA_index/data/sample_index.csv"
"","","not_recorded_in_source_log","61cba17b32b74af2c29229b769b5c60cc1a173635a61c62ce750195bd73de780","","","-egA8-b7-3M_26","B","text","PASS","(50, 768)","19","","6.030000","bert-base-uncased / transformers 4.49.0","stepB_text/data/text_extraction_log.csv"
"","","not_recorded_in_source_log","61cba17b32b74af2c29229b769b5c60cc1a173635a61c62ce750195bd73de780","","","-egA8-b7-3M_26","C","audio","PASS","(50,74)","49","0.98","6.03","librosa 0.10.2.post1 / FFmpeg ffmpeg version 7.1-essentials_build-www.gyan.dev Copyright (c) 2000-2024 the FFmpeg developers","stepC_audio/data/audio_extraction_log.csv"
"","","not_recorded_in_source_log","61cba17b32b74af2c29229b769b5c60cc1a173635a61c62ce750195bd73de780","","","-egA8-b7-3M_26","D","vision","PASS","(50,35)","49","0.98","6.03","OpenCV 4.11.0 / MediaPipe 0.10.21","stepD_vision/data/vision_extraction_log.csv"
"","","not_recorded_in_source_log","61cba17b32b74af2c29229b769b5c60cc1a173635a61c62ce750195bd73de780","","","-egA8-b7-3M_26","E","aligned_50","PASS","(50,768)|(50,74)|(50,35)","text=19;audio=49;vision=49","","6.03","build_aligned50.py + validate_aligned50.py","stepE_alignment/data/aligned_50_validation.csv"
"","","not_recorded_in_source_log","61cba17b32b74af2c29229b769b5c60cc1a173635a61c62ce750195bd73de780","","","-egA8-b7-3M_17","A","index","PASS","1 row","","","7.270000","ffmpeg_stream_copy","stepA_index/data/sample_index.csv"
"","","not_recorded_in_source_log","61cba17b32b74af2c29229b769b5c60cc1a173635a61c62ce750195bd73de780","","","-egA8-b7-3M_17","B","text","PASS","(50, 768)","19","","7.270000","bert-base-uncased / transformers 4.49.0","stepB_text/data/text_extraction_log.csv"
"","","not_recorded_in_source_log","61cba17b32b74af2c29229b769b5c60cc1a173635a61c62ce750195bd73de780","","","-egA8-b7-3M_17","C","audio","PASS","(50,74)","49","0.98","7.27","librosa 0.10.2.post1 / FFmpeg ffmpeg version 7.1-essentials_build-www.gyan.dev Copyright (c) 2000-2024 the FFmpeg developers","stepC_audio/data/audio_extraction_log.csv"
"","","not_recorded_in_source_log","61cba17b32b74af2c29229b769b5c60cc1a173635a61c62ce750195bd73de780","","","-egA8-b7-3M_17","D","vision","PASS","(50,35)","50","1.0","7.27","OpenCV 4.11.0 / MediaPipe 0.10.21","stepD_vision/data/vision_extraction_log.csv"
"","","not_recorded_in_source_log","61cba17b32b74af2c29229b769b5c60cc1a173635a61c62ce750195bd73de780","","","-egA8-b7-3M_17","E","aligned_50","PASS","(50,768)|(50,74)|(50,35)","text=19;audio=49;vision=50","","7.27","build_aligned50.py + validate_aligned50.py","stepE_alignment/data/aligned_50_validation.csv"
"","","not_recorded_in_source_log","61cba17b32b74af2c29229b769b5c60cc1a173635a61c62ce750195bd73de780","","","-egA8-b7-3M_18","A","index","PASS","1 row","","","8.390000","ffmpeg_stream_copy","stepA_index/data/sample_index.csv"
"","","not_recorded_in_source_log","61cba17b32b74af2c29229b769b5c60cc1a173635a61c62ce750195bd73de780","","","-egA8-b7-3M_18","B","text","PASS","(50, 768)","27","","8.390000","bert-base-uncased / transformers 4.49.0","stepB_text/data/text_extraction_log.csv"
"","","not_recorded_in_source_log","61cba17b32b74af2c29229b769b5c60cc1a173635a61c62ce750195bd73de780","","","-egA8-b7-3M_18","C","audio","PASS","(50,74)","50","1.0","8.39","librosa 0.10.2.post1 / FFmpeg ffmpeg version 7.1-essentials_build-www.gyan.dev Copyright (c) 2000-2024 the FFmpeg developers","stepC_audio/data/audio_extraction_log.csv"
"","","not_recorded_in_source_log","61cba17b32b74af2c29229b769b5c60cc1a173635a61c62ce750195bd73de780","","","-egA8-b7-3M_18","D","vision","PASS","(50,35)","50","1.0","8.39","OpenCV 4.11.0 / MediaPipe 0.10.21","stepD_vision/data/vision_extraction_log.csv"
"","","not_recorded_in_source_log","61cba17b32b74af2c29229b769b5c60cc1a173635a61c62ce750195bd73de780","","","-egA8-b7-3M_18","E","aligned_50","PASS","(50,768)|(50,74)|(50,35)","text=27;audio=50;vision=50","","8.39","build_aligned50.py + validate_aligned50.py","stepE_alignment/data/aligned_50_validation.csv"
"","","not_recorded_in_source_log","61cba17b32b74af2c29229b769b5c60cc1a173635a61c62ce750195bd73de780","","","-egA8-b7-3M_16","A","index","PASS","1 row","","","5.540000","ffmpeg_stream_copy","stepA_index/data/sample_index.csv"
"","","not_recorded_in_source_log","61cba17b32b74af2c29229b769b5c60cc1a173635a61c62ce750195bd73de780","","","-egA8-b7-3M_16","B","text","PASS","(50, 768)","13","","5.540000","bert-base-uncased / transformers 4.49.0","stepB_text/data/text_extraction_log.csv"
"","","not_recorded_in_source_log","61cba17b32b74af2c29229b769b5c60cc1a173635a61c62ce750195bd73de780","","","-egA8-b7-3M_16","C","audio","PASS","(50,74)","50","1.0","5.54","librosa 0.10.2.post1 / FFmpeg ffmpeg version 7.1-essentials_build-www.gyan.dev Copyright (c) 2000-2024 the FFmpeg developers","stepC_audio/data/audio_extraction_log.csv"
"","","not_recorded_in_source_log","61cba17b32b74af2c29229b769b5c60cc1a173635a61c62ce750195bd73de780","","","-egA8-b7-3M_16","D","vision","PASS","(50,35)","50","1.0","5.54","OpenCV 4.11.0 / MediaPipe 0.10.21","stepD_vision/data/vision_extraction_log.csv"
"","","not_recorded_in_source_log","61cba17b32b74af2c29229b769b5c60cc1a173635a61c62ce750195bd73de780","","","-egA8-b7-3M_16","E","aligned_50","PASS","(50,768)|(50,74)|(50,35)","text=13;audio=50;vision=50","","5.54","build_aligned50.py + validate_aligned50.py","stepE_alignment/data/aligned_50_validation.csv"
"","","not_recorded_in_source_log","61cba17b32b74af2c29229b769b5c60cc1a173635a61c62ce750195bd73de780","","","-egA8-b7-3M_13","A","index","PASS","1 row","","","4.180000","ffmpeg_stream_copy","stepA_index/data/sample_index.csv"
"","","not_recorded_in_source_log","61cba17b32b74af2c29229b769b5c60cc1a173635a61c62ce750195bd73de780","","","-egA8-b7-3M_13","B","text","PASS","(50, 768)","16","","4.180000","bert-base-uncased / transformers 4.49.0","stepB_text/data/text_extraction_log.csv"
"","","not_recorded_in_source_log","61cba17b32b74af2c29229b769b5c60cc1a173635a61c62ce750195bd73de780","","","-egA8-b7-3M_13","C","audio","PASS","(50,74)","48","0.96","4.18","librosa 0.10.2.post1 / FFmpeg ffmpeg version 7.1-essentials_build-www.gyan.dev Copyright (c) 2000-2024 the FFmpeg developers","stepC_audio/data/audio_extraction_log.csv"
"","","not_recorded_in_source_log","61cba17b32b74af2c29229b769b5c60cc1a173635a61c62ce750195bd73de780","","","-egA8-b7-3M_13","D","vision","PASS","(50,35)","42","0.84","4.18","OpenCV 4.11.0 / MediaPipe 0.10.21","stepD_vision/data/vision_extraction_log.csv"
"","","not_recorded_in_source_log","61cba17b32b74af2c29229b769b5c60cc1a173635a61c62ce750195bd73de780","","","-egA8-b7-3M_13","E","aligned_50","PASS","(50,768)|(50,74)|(50,35)","text=16;audio=48;vision=42","","4.18","build_aligned50.py + validate_aligned50.py","stepE_alignment/data/aligned_50_validation.csv"
"","","not_recorded_in_source_log","61cba17b32b74af2c29229b769b5c60cc1a173635a61c62ce750195bd73de780","","","-egA8-b7-3M_1","A","index","PASS","1 row","","","10.270000","ffmpeg_stream_copy","stepA_index/data/sample_index.csv"
"","","not_recorded_in_source_log","61cba17b32b74af2c29229b769b5c60cc1a173635a61c62ce750195bd73de780","","","-egA8-b7-3M_1","B","text","PASS","(50, 768)","22","","10.270000","bert-base-uncased / transformers 4.49.0","stepB_text/data/text_extraction_log.csv"
"","","not_recorded_in_source_log","61cba17b32b74af2c29229b769b5c60cc1a173635a61c62ce750195bd73de780","","","-egA8-b7-3M_1","C","audio","PASS","(50,74)","50","1.0","10.27","librosa 0.10.2.post1 / FFmpeg ffmpeg version 7.1-essentials_build-www.gyan.dev Copyright (c) 2000-2024 the FFmpeg developers","stepC_audio/data/audio_extraction_log.csv"
"","","not_recorded_in_source_log","61cba17b32b74af2c29229b769b5c60cc1a173635a61c62ce750195bd73de780","","","-egA8-b7-3M_1","D","vision","PASS","(50,35)","50","1.0","10.27","OpenCV 4.11.0 / MediaPipe 0.10.21","stepD_vision/data/vision_extraction_log.csv"
"","","not_recorded_in_source_log","61cba17b32b74af2c29229b769b5c60cc1a173635a61c62ce750195bd73de780","","","-egA8-b7-3M_1","E","aligned_50","PASS","(50,768)|(50,74)|(50,35)","text=22;audio=50;vision=50","","10.27","build_aligned50.py + validate_aligned50.py","stepE_alignment/data/aligned_50_validation.csv"
"","","not_recorded_in_source_log","61cba17b32b74af2c29229b769b5c60cc1a173635a61c62ce750195bd73de780","","","-egA8-b7-3M_6","A","index","PASS","1 row","","","6.260000","ffmpeg_stream_copy","stepA_index/data/sample_index.csv"
"","","not_recorded_in_source_log","61cba17b32b74af2c29229b769b5c60cc1a173635a61c62ce750195bd73de780","","","-egA8-b7-3M_6","B","text","PASS","(50, 768)","13","","6.260000","bert-base-uncased / transformers 4.49.0","stepB_text/data/text_extraction_log.csv"
"","","not_recorded_in_source_log","61cba17b32b74af2c29229b769b5c60cc1a173635a61c62ce750195bd73de780","","","-egA8-b7-3M_6","C","audio","PASS","(50,74)","50","1.0","6.26","librosa 0.10.2.post1 / FFmpeg ffmpeg version 7.1-essentials_build-www.gyan.dev Copyright (c) 2000-2024 the FFmpeg developers","stepC_audio/data/audio_extraction_log.csv"
"","","not_recorded_in_source_log","61cba17b32b74af2c29229b769b5c60cc1a173635a61c62ce750195bd73de780","","","-egA8-b7-3M_6","D","vision","PASS","(50,35)","50","1.0","6.26","OpenCV 4.11.0 / MediaPipe 0.10.21","stepD_vision/data/vision_extraction_log.csv"
"","","not_recorded_in_source_log","61cba17b32b74af2c29229b769b5c60cc1a173635a61c62ce750195bd73de780","","","-egA8-b7-3M_6","E","aligned_50","PASS","(50,768)|(50,74)|(50,35)","text=13;audio=50;vision=50","","6.26","build_aligned50.py + validate_aligned50.py","stepE_alignment/data/aligned_50_validation.csv"
"","","not_recorded_in_source_log","61cba17b32b74af2c29229b769b5c60cc1a173635a61c62ce750195bd73de780","","","-egA8-b7-3M_9","A","index","PASS","1 row","","","5.090000","ffmpeg_stream_copy","stepA_index/data/sample_index.csv"
"","","not_recorded_in_source_log","61cba17b32b74af2c29229b769b5c60cc1a173635a61c62ce750195bd73de780","","","-egA8-b7-3M_9","B","text","PASS","(50, 768)","12","","5.090000","bert-base-uncased / transformers 4.49.0","stepB_text/data/text_extraction_log.csv"
"","","not_recorded_in_source_log","61cba17b32b74af2c29229b769b5c60cc1a173635a61c62ce750195bd73de780","","","-egA8-b7-3M_9","C","audio","PASS","(50,74)","49","0.98","5.09","librosa 0.10.2.post1 / FFmpeg ffmpeg version 7.1-essentials_build-www.gyan.dev Copyright (c) 2000-2024 the FFmpeg developers","stepC_audio/data/audio_extraction_log.csv"
"","","not_recorded_in_source_log","61cba17b32b74af2c29229b769b5c60cc1a173635a61c62ce750195bd73de780","","","-egA8-b7-3M_9","D","vision","PASS","(50,35)","50","1.0","5.09","OpenCV 4.11.0 / MediaPipe 0.10.21","stepD_vision/data/vision_extraction_log.csv"
"","","not_recorded_in_source_log","61cba17b32b74af2c29229b769b5c60cc1a173635a61c62ce750195bd73de780","","","-egA8-b7-3M_9","E","aligned_50","PASS","(50,768)|(50,74)|(50,35)","text=12;audio=49;vision=50","","5.09","build_aligned50.py + validate_aligned50.py","stepE_alignment/data/aligned_50_validation.csv"
"","","not_recorded_in_source_log","61cba17b32b74af2c29229b769b5c60cc1a173635a61c62ce750195bd73de780","","","-egA8-b7-3M_20","A","index","PASS","1 row","","","6.640000","ffmpeg_stream_copy","stepA_index/data/sample_index.csv"
"","","not_recorded_in_source_log","61cba17b32b74af2c29229b769b5c60cc1a173635a61c62ce750195bd73de780","","","-egA8-b7-3M_20","B","text","PASS","(50, 768)","24","","6.640000","bert-base-uncased / transformers 4.49.0","stepB_text/data/text_extraction_log.csv"
"","","not_recorded_in_source_log","61cba17b32b74af2c29229b769b5c60cc1a173635a61c62ce750195bd73de780","","","-egA8-b7-3M_20","C","audio","PASS","(50,74)","49","0.98","6.64","librosa 0.10.2.post1 / FFmpeg ffmpeg version 7.1-essentials_build-www.gyan.dev Copyright (c) 2000-2024 the FFmpeg developers","stepC_audio/data/audio_extraction_log.csv"
"","","not_recorded_in_source_log","61cba17b32b74af2c29229b769b5c60cc1a173635a61c62ce750195bd73de780","","","-egA8-b7-3M_20","D","vision","PASS","(50,35)","50","1.0","6.64","OpenCV 4.11.0 / MediaPipe 0.10.21","stepD_vision/data/vision_extraction_log.csv"
"","","not_recorded_in_source_log","61cba17b32b74af2c29229b769b5c60cc1a173635a61c62ce750195bd73de780","","","-egA8-b7-3M_20","E","aligned_50","PASS","(50,768)|(50,74)|(50,35)","text=24;audio=49;vision=50","","6.64","build_aligned50.py + validate_aligned50.py","stepE_alignment/data/aligned_50_validation.csv"
"","","not_recorded_in_source_log","61cba17b32b74af2c29229b769b5c60cc1a173635a61c62ce750195bd73de780","","","-iRBcNs9oI8_3","A","index","PASS","1 row","","","5.620000","ffmpeg_stream_copy","stepA_index/data/sample_index.csv"
"","","not_recorded_in_source_log","61cba17b32b74af2c29229b769b5c60cc1a173635a61c62ce750195bd73de780","","","-iRBcNs9oI8_3","B","text","PASS","(50, 768)","9","","5.620000","bert-base-uncased / transformers 4.49.0","stepB_text/data/text_extraction_log.csv"
"","","not_recorded_in_source_log","61cba17b32b74af2c29229b769b5c60cc1a173635a61c62ce750195bd73de780","","","-iRBcNs9oI8_3","C","audio","PASS","(50,74)","50","1.0","5.62","librosa 0.10.2.post1 / FFmpeg ffmpeg version 7.1-essentials_build-www.gyan.dev Copyright (c) 2000-2024 the FFmpeg developers","stepC_audio/data/audio_extraction_log.csv"
"","","not_recorded_in_source_log","61cba17b32b74af2c29229b769b5c60cc1a173635a61c62ce750195bd73de780","","","-iRBcNs9oI8_3","D","vision","FAIL","(50,35)","0","0.0","5.62","OpenCV 4.11.0 / MediaPipe 0.10.21","stepD_vision/data/vision_extraction_log.csv"
"","","not_recorded_in_source_log","61cba17b32b74af2c29229b769b5c60cc1a173635a61c62ce750195bd73de780","","","-iRBcNs9oI8_3","E","aligned_50","PASS","(50,768)|(50,74)|(50,35)","text=9;audio=50;vision=0","","5.62","build_aligned50.py + validate_aligned50.py","stepE_alignment/data/aligned_50_validation.csv"
"","","not_recorded_in_source_log","61cba17b32b74af2c29229b769b5c60cc1a173635a61c62ce750195bd73de780","","","-iRBcNs9oI8_7","A","index","PASS","1 row","","","4.100000","ffmpeg_stream_copy","stepA_index/data/sample_index.csv"
"","","not_recorded_in_source_log","61cba17b32b74af2c29229b769b5c60cc1a173635a61c62ce750195bd73de780","","","-iRBcNs9oI8_7","B","text","PASS","(50, 768)","15","","4.100000","bert-base-uncased / transformers 4.49.0","stepB_text/data/text_extraction_log.csv"
"","","not_recorded_in_source_log","61cba17b32b74af2c29229b769b5c60cc1a173635a61c62ce750195bd73de780","","","-iRBcNs9oI8_7","C","audio","PASS","(50,74)","49","0.98","4.1","librosa 0.10.2.post1 / FFmpeg ffmpeg version 7.1-essentials_build-www.gyan.dev Copyright (c) 2000-2024 the FFmpeg developers","stepC_audio/data/audio_extraction_log.csv"
"","","not_recorded_in_source_log","61cba17b32b74af2c29229b769b5c60cc1a173635a61c62ce750195bd73de780","","","-iRBcNs9oI8_7","D","vision","FAIL","(50,35)","0","0.0","4.1","OpenCV 4.11.0 / MediaPipe 0.10.21","stepD_vision/data/vision_extraction_log.csv"
"","","not_recorded_in_source_log","61cba17b32b74af2c29229b769b5c60cc1a173635a61c62ce750195bd73de780","","","-iRBcNs9oI8_7","E","aligned_50","PASS","(50,768)|(50,74)|(50,35)","text=15;audio=49;vision=0","","4.1","build_aligned50.py + validate_aligned50.py","stepE_alignment/data/aligned_50_validation.csv"
"","","not_recorded_in_source_log","61cba17b32b74af2c29229b769b5c60cc1a173635a61c62ce750195bd73de780","","","-iRBcNs9oI8_6","A","index","PASS","1 row","","","2.900000","ffmpeg_stream_copy","stepA_index/data/sample_index.csv"
"","","not_recorded_in_source_log","61cba17b32b74af2c29229b769b5c60cc1a173635a61c62ce750195bd73de780","","","-iRBcNs9oI8_6","B","text","PASS","(50, 768)","5","","2.900000","bert-base-uncased / transformers 4.49.0","stepB_text/data/text_extraction_log.csv"
"","","not_recorded_in_source_log","61cba17b32b74af2c29229b769b5c60cc1a173635a61c62ce750195bd73de780","","","-iRBcNs9oI8_6","C","audio","PASS","(50,74)","49","0.98","2.9","librosa 0.10.2.post1 / FFmpeg ffmpeg version 7.1-essentials_build-www.gyan.dev Copyright (c) 2000-2024 the FFmpeg developers","stepC_audio/data/audio_extraction_log.csv"
"","","not_recorded_in_source_log","61cba17b32b74af2c29229b769b5c60cc1a173635a61c62ce750195bd73de780","","","-iRBcNs9oI8_6","D","vision","FAIL","(50,35)","0","0.0","2.9","OpenCV 4.11.0 / MediaPipe 0.10.21","stepD_vision/data/vision_extraction_log.csv"
"","","not_recorded_in_source_log","61cba17b32b74af2c29229b769b5c60cc1a173635a61c62ce750195bd73de780","","","-iRBcNs9oI8_6","E","aligned_50","PASS","(50,768)|(50,74)|(50,35)","text=5;audio=49;vision=0","","2.9","build_aligned50.py + validate_aligned50.py","stepE_alignment/data/aligned_50_validation.csv"
"","","not_recorded_in_source_log","61cba17b32b74af2c29229b769b5c60cc1a173635a61c62ce750195bd73de780","","","-iRBcNs9oI8_9","A","index","PASS","1 row","","","3.420000","ffmpeg_stream_copy","stepA_index/data/sample_index.csv"
"","","not_recorded_in_source_log","61cba17b32b74af2c29229b769b5c60cc1a173635a61c62ce750195bd73de780","","","-iRBcNs9oI8_9","B","text","PASS","(50, 768)","5","","3.420000","bert-base-uncased / transformers 4.49.0","stepB_text/data/text_extraction_log.csv"
"","","not_recorded_in_source_log","61cba17b32b74af2c29229b769b5c60cc1a173635a61c62ce750195bd73de780","","","-iRBcNs9oI8_9","C","audio","PASS","(50,74)","50","1.0","3.42","librosa 0.10.2.post1 / FFmpeg ffmpeg version 7.1-essentials_build-www.gyan.dev Copyright (c) 2000-2024 the FFmpeg developers","stepC_audio/data/audio_extraction_log.csv"
"","","not_recorded_in_source_log","61cba17b32b74af2c29229b769b5c60cc1a173635a61c62ce750195bd73de780","","","-iRBcNs9oI8_9","D","vision","PASS","(50,35)","3","0.06","3.42","OpenCV 4.11.0 / MediaPipe 0.10.21","stepD_vision/data/vision_extraction_log.csv"
"","","not_recorded_in_source_log","61cba17b32b74af2c29229b769b5c60cc1a173635a61c62ce750195bd73de780","","","-iRBcNs9oI8_9","E","aligned_50","PASS","(50,768)|(50,74)|(50,35)","text=5;audio=50;vision=3","","3.42","build_aligned50.py + validate_aligned50.py","stepE_alignment/data/aligned_50_validation.csv"
"","","not_recorded_in_source_log","61cba17b32b74af2c29229b769b5c60cc1a173635a61c62ce750195bd73de780","","","-iRBcNs9oI8_8","A","index","PASS","1 row","","","8.090000","ffmpeg_stream_copy","stepA_index/data/sample_index.csv"
"","","not_recorded_in_source_log","61cba17b32b74af2c29229b769b5c60cc1a173635a61c62ce750195bd73de780","","","-iRBcNs9oI8_8","B","text","PASS","(50, 768)","26","","8.090000","bert-base-uncased / transformers 4.49.0","stepB_text/data/text_extraction_log.csv"
"","","not_recorded_in_source_log","61cba17b32b74af2c29229b769b5c60cc1a173635a61c62ce750195bd73de780","","","-iRBcNs9oI8_8","C","audio","PASS","(50,74)","50","1.0","8.09","librosa 0.10.2.post1 / FFmpeg ffmpeg version 7.1-essentials_build-www.gyan.dev Copyright (c) 2000-2024 the FFmpeg developers","stepC_audio/data/audio_extraction_log.csv"
"","","not_recorded_in_source_log","61cba17b32b74af2c29229b769b5c60cc1a173635a61c62ce750195bd73de780","","","-iRBcNs9oI8_8","D","vision","FAIL","(50,35)","0","0.0","8.09","OpenCV 4.11.0 / MediaPipe 0.10.21","stepD_vision/data/vision_extraction_log.csv"
"","","not_recorded_in_source_log","61cba17b32b74af2c29229b769b5c60cc1a173635a61c62ce750195bd73de780","","","-iRBcNs9oI8_8","E","aligned_50","PASS","(50,768)|(50,74)|(50,35)","text=26;audio=50;vision=0","","8.09","build_aligned50.py + validate_aligned50.py","stepE_alignment/data/aligned_50_validation.csv"
"","","not_recorded_in_source_log","61cba17b32b74af2c29229b769b5c60cc1a173635a61c62ce750195bd73de780","","","-lzEya4AM_4_5","A","index","PASS","1 row","","","7.680000","ffmpeg_stream_copy","stepA_index/data/sample_index.csv"
"","","not_recorded_in_source_log","61cba17b32b74af2c29229b769b5c60cc1a173635a61c62ce750195bd73de780","","","-lzEya4AM_4_5","B","text","PASS","(50, 768)","21","","7.680000","bert-base-uncased / transformers 4.49.0","stepB_text/data/text_extraction_log.csv"
"","","not_recorded_in_source_log","61cba17b32b74af2c29229b769b5c60cc1a173635a61c62ce750195bd73de780","","","-lzEya4AM_4_5","C","audio","PASS","(50,74)","50","1.0","7.68","librosa 0.10.2.post1 / FFmpeg ffmpeg version 7.1-essentials_build-www.gyan.dev Copyright (c) 2000-2024 the FFmpeg developers","stepC_audio/data/audio_extraction_log.csv"
"","","not_recorded_in_source_log","61cba17b32b74af2c29229b769b5c60cc1a173635a61c62ce750195bd73de780","","","-lzEya4AM_4_5","D","vision","PASS","(50,35)","50","1.0","7.68","OpenCV 4.11.0 / MediaPipe 0.10.21","stepD_vision/data/vision_extraction_log.csv"
"","","not_recorded_in_source_log","61cba17b32b74af2c29229b769b5c60cc1a173635a61c62ce750195bd73de780","","","-lzEya4AM_4_5","E","aligned_50","PASS","(50,768)|(50,74)|(50,35)","text=21;audio=50;vision=50","","7.68","build_aligned50.py + validate_aligned50.py","stepE_alignment/data/aligned_50_validation.csv"
"","","not_recorded_in_source_log","61cba17b32b74af2c29229b769b5c60cc1a173635a61c62ce750195bd73de780","","","-lzEya4AM_4_6","A","index","PASS","1 row","","","14.790000","ffmpeg_stream_copy","stepA_index/data/sample_index.csv"
"","","not_recorded_in_source_log","61cba17b32b74af2c29229b769b5c60cc1a173635a61c62ce750195bd73de780","","","-lzEya4AM_4_6","B","text","PASS","(50, 768)","48","","14.790000","bert-base-uncased / transformers 4.49.0","stepB_text/data/text_extraction_log.csv"
"","","not_recorded_in_source_log","61cba17b32b74af2c29229b769b5c60cc1a173635a61c62ce750195bd73de780","","","-lzEya4AM_4_6","C","audio","PASS","(50,74)","50","1.0","14.79","librosa 0.10.2.post1 / FFmpeg ffmpeg version 7.1-essentials_build-www.gyan.dev Copyright (c) 2000-2024 the FFmpeg developers","stepC_audio/data/audio_extraction_log.csv"
"","","not_recorded_in_source_log","61cba17b32b74af2c29229b769b5c60cc1a173635a61c62ce750195bd73de780","","","-lzEya4AM_4_6","D","vision","PASS","(50,35)","50","1.0","14.79","OpenCV 4.11.0 / MediaPipe 0.10.21","stepD_vision/data/vision_extraction_log.csv"
"","","not_recorded_in_source_log","61cba17b32b74af2c29229b769b5c60cc1a173635a61c62ce750195bd73de780","","","-lzEya4AM_4_6","E","aligned_50","PASS","(50,768)|(50,74)|(50,35)","text=48;audio=50;vision=50","","14.79","build_aligned50.py + validate_aligned50.py","stepE_alignment/data/aligned_50_validation.csv"
"","","not_recorded_in_source_log","61cba17b32b74af2c29229b769b5c60cc1a173635a61c62ce750195bd73de780","","","-mJ2ud6oKI8_1","A","index","PASS","1 row","","","6.100000","ffmpeg_stream_copy","stepA_index/data/sample_index.csv"
"","","not_recorded_in_source_log","61cba17b32b74af2c29229b769b5c60cc1a173635a61c62ce750195bd73de780","","","-mJ2ud6oKI8_1","B","text","PASS","(50, 768)","13","","6.100000","bert-base-uncased / transformers 4.49.0","stepB_text/data/text_extraction_log.csv"
"","","not_recorded_in_source_log","61cba17b32b74af2c29229b769b5c60cc1a173635a61c62ce750195bd73de780","","","-mJ2ud6oKI8_1","C","audio","PASS","(50,74)","50","1.0","6.1","librosa 0.10.2.post1 / FFmpeg ffmpeg version 7.1-essentials_build-www.gyan.dev Copyright (c) 2000-2024 the FFmpeg developers","stepC_audio/data/audio_extraction_log.csv"
"","","not_recorded_in_source_log","61cba17b32b74af2c29229b769b5c60cc1a173635a61c62ce750195bd73de780","","","-mJ2ud6oKI8_1","D","vision","FAIL","(50,35)","0","0.0","6.1","OpenCV 4.11.0 / MediaPipe 0.10.21","stepD_vision/data/vision_extraction_log.csv"
"","","not_recorded_in_source_log","61cba17b32b74af2c29229b769b5c60cc1a173635a61c62ce750195bd73de780","","","-mJ2ud6oKI8_1","E","aligned_50","PASS","(50,768)|(50,74)|(50,35)","text=13;audio=50;vision=0","","6.1","build_aligned50.py + validate_aligned50.py","stepE_alignment/data/aligned_50_validation.csv"
"","","not_recorded_in_source_log","61cba17b32b74af2c29229b769b5c60cc1a173635a61c62ce750195bd73de780","","","-mJ2ud6oKI8_2","A","index","PASS","1 row","","","5.730000","ffmpeg_stream_copy","stepA_index/data/sample_index.csv"
"","","not_recorded_in_source_log","61cba17b32b74af2c29229b769b5c60cc1a173635a61c62ce750195bd73de780","","","-mJ2ud6oKI8_2","B","text","PASS","(50, 768)","17","","5.730000","bert-base-uncased / transformers 4.49.0","stepB_text/data/text_extraction_log.csv"
"","","not_recorded_in_source_log","61cba17b32b74af2c29229b769b5c60cc1a173635a61c62ce750195bd73de780","","","-mJ2ud6oKI8_2","C","audio","PASS","(50,74)","50","1.0","5.73","librosa 0.10.2.post1 / FFmpeg ffmpeg version 7.1-essentials_build-www.gyan.dev Copyright (c) 2000-2024 the FFmpeg developers","stepC_audio/data/audio_extraction_log.csv"
"","","not_recorded_in_source_log","61cba17b32b74af2c29229b769b5c60cc1a173635a61c62ce750195bd73de780","","","-mJ2ud6oKI8_2","D","vision","FAIL","(50,35)","0","0.0","5.73","OpenCV 4.11.0 / MediaPipe 0.10.21","stepD_vision/data/vision_extraction_log.csv"
"","","not_recorded_in_source_log","61cba17b32b74af2c29229b769b5c60cc1a173635a61c62ce750195bd73de780","","","-mJ2ud6oKI8_2","E","aligned_50","PASS","(50,768)|(50,74)|(50,35)","text=17;audio=50;vision=0","","5.73","build_aligned50.py + validate_aligned50.py","stepE_alignment/data/aligned_50_validation.csv"
"","","not_recorded_in_source_log","61cba17b32b74af2c29229b769b5c60cc1a173635a61c62ce750195bd73de780","","","-mJ2ud6oKI8_6","A","index","PASS","1 row","","","2.260000","ffmpeg_stream_copy","stepA_index/data/sample_index.csv"
"","","not_recorded_in_source_log","61cba17b32b74af2c29229b769b5c60cc1a173635a61c62ce750195bd73de780","","","-mJ2ud6oKI8_6","B","text","PASS","(50, 768)","5","","2.260000","bert-base-uncased / transformers 4.49.0","stepB_text/data/text_extraction_log.csv"
"","","not_recorded_in_source_log","61cba17b32b74af2c29229b769b5c60cc1a173635a61c62ce750195bd73de780","","","-mJ2ud6oKI8_6","C","audio","PASS","(50,74)","49","0.98","2.26","librosa 0.10.2.post1 / FFmpeg ffmpeg version 7.1-essentials_build-www.gyan.dev Copyright (c) 2000-2024 the FFmpeg developers","stepC_audio/data/audio_extraction_log.csv"
"","","not_recorded_in_source_log","61cba17b32b74af2c29229b769b5c60cc1a173635a61c62ce750195bd73de780","","","-mJ2ud6oKI8_6","D","vision","PASS","(50,35)","23","0.46","2.26","OpenCV 4.11.0 / MediaPipe 0.10.21","stepD_vision/data/vision_extraction_log.csv"
"","","not_recorded_in_source_log","61cba17b32b74af2c29229b769b5c60cc1a173635a61c62ce750195bd73de780","","","-mJ2ud6oKI8_6","E","aligned_50","PASS","(50,768)|(50,74)|(50,35)","text=5;audio=49;vision=23","","2.26","build_aligned50.py + validate_aligned50.py","stepE_alignment/data/aligned_50_validation.csv"
"","","not_recorded_in_source_log","61cba17b32b74af2c29229b769b5c60cc1a173635a61c62ce750195bd73de780","","","-mJ2ud6oKI8_9","A","index","PASS","1 row","","","7.030000","ffmpeg_stream_copy","stepA_index/data/sample_index.csv"
"","","not_recorded_in_source_log","61cba17b32b74af2c29229b769b5c60cc1a173635a61c62ce750195bd73de780","","","-mJ2ud6oKI8_9","B","text","PASS","(50, 768)","29","","7.030000","bert-base-uncased / transformers 4.49.0","stepB_text/data/text_extraction_log.csv"
"","","not_recorded_in_source_log","61cba17b32b74af2c29229b769b5c60cc1a173635a61c62ce750195bd73de780","","","-mJ2ud6oKI8_9","C","audio","PASS","(50,74)","50","1.0","7.03","librosa 0.10.2.post1 / FFmpeg ffmpeg version 7.1-essentials_build-www.gyan.dev Copyright (c) 2000-2024 the FFmpeg developers","stepC_audio/data/audio_extraction_log.csv"
"","","not_recorded_in_source_log","61cba17b32b74af2c29229b769b5c60cc1a173635a61c62ce750195bd73de780","","","-mJ2ud6oKI8_9","D","vision","PASS","(50,35)","50","1.0","7.03","OpenCV 4.11.0 / MediaPipe 0.10.21","stepD_vision/data/vision_extraction_log.csv"
"","","not_recorded_in_source_log","61cba17b32b74af2c29229b769b5c60cc1a173635a61c62ce750195bd73de780","","","-mJ2ud6oKI8_9","E","aligned_50","PASS","(50,768)|(50,74)|(50,35)","text=29;audio=50;vision=50","","7.03","build_aligned50.py + validate_aligned50.py","stepE_alignment/data/aligned_50_validation.csv"
"","","not_recorded_in_source_log","61cba17b32b74af2c29229b769b5c60cc1a173635a61c62ce750195bd73de780","","","-mJ2ud6oKI8_8","A","index","PASS","1 row","","","4.190000","ffmpeg_stream_copy","stepA_index/data/sample_index.csv"
"","","not_recorded_in_source_log","61cba17b32b74af2c29229b769b5c60cc1a173635a61c62ce750195bd73de780","","","-mJ2ud6oKI8_8","B","text","PASS","(50, 768)","11","","4.190000","bert-base-uncased / transformers 4.49.0","stepB_text/data/text_extraction_log.csv"
"","","not_recorded_in_source_log","61cba17b32b74af2c29229b769b5c60cc1a173635a61c62ce750195bd73de780","","","-mJ2ud6oKI8_8","C","audio","PASS","(50,74)","50","1.0","4.19","librosa 0.10.2.post1 / FFmpeg ffmpeg version 7.1-essentials_build-www.gyan.dev Copyright (c) 2000-2024 the FFmpeg developers","stepC_audio/data/audio_extraction_log.csv"
"","","not_recorded_in_source_log","61cba17b32b74af2c29229b769b5c60cc1a173635a61c62ce750195bd73de780","","","-mJ2ud6oKI8_8","D","vision","PASS","(50,35)","42","0.84","4.19","OpenCV 4.11.0 / MediaPipe 0.10.21","stepD_vision/data/vision_extraction_log.csv"
"","","not_recorded_in_source_log","61cba17b32b74af2c29229b769b5c60cc1a173635a61c62ce750195bd73de780","","","-mJ2ud6oKI8_8","E","aligned_50","PASS","(50,768)|(50,74)|(50,35)","text=11;audio=50;vision=42","","4.19","build_aligned50.py + validate_aligned50.py","stepE_alignment/data/aligned_50_validation.csv"
"","","not_recorded_in_source_log","61cba17b32b74af2c29229b769b5c60cc1a173635a61c62ce750195bd73de780","","","-mqbVkbCndg_0","A","index","PASS","1 row","","","6.470000","ffmpeg_stream_copy","stepA_index/data/sample_index.csv"
"","","not_recorded_in_source_log","61cba17b32b74af2c29229b769b5c60cc1a173635a61c62ce750195bd73de780","","","-mqbVkbCndg_0","B","text","PASS","(50, 768)","17","","6.470000","bert-base-uncased / transformers 4.49.0","stepB_text/data/text_extraction_log.csv"
"","","not_recorded_in_source_log","61cba17b32b74af2c29229b769b5c60cc1a173635a61c62ce750195bd73de780","","","-mqbVkbCndg_0","C","audio","PASS","(50,74)","50","1.0","6.47","librosa 0.10.2.post1 / FFmpeg ffmpeg version 7.1-essentials_build-www.gyan.dev Copyright (c) 2000-2024 the FFmpeg developers","stepC_audio/data/audio_extraction_log.csv"
"","","not_recorded_in_source_log","61cba17b32b74af2c29229b769b5c60cc1a173635a61c62ce750195bd73de780","","","-mqbVkbCndg_0","D","vision","PASS","(50,35)","50","1.0","6.47","OpenCV 4.11.0 / MediaPipe 0.10.21","stepD_vision/data/vision_extraction_log.csv"
"","","not_recorded_in_source_log","61cba17b32b74af2c29229b769b5c60cc1a173635a61c62ce750195bd73de780","","","-mqbVkbCndg_0","E","aligned_50","PASS","(50,768)|(50,74)|(50,35)","text=17;audio=50;vision=50","","6.47","build_aligned50.py + validate_aligned50.py","stepE_alignment/data/aligned_50_validation.csv"
"","","not_recorded_in_source_log","61cba17b32b74af2c29229b769b5c60cc1a173635a61c62ce750195bd73de780","","","-t217m2on-s_2","A","index","PASS","1 row","","","5.690000","ffmpeg_stream_copy","stepA_index/data/sample_index.csv"
"","","not_recorded_in_source_log","61cba17b32b74af2c29229b769b5c60cc1a173635a61c62ce750195bd73de780","","","-t217m2on-s_2","B","text","PASS","(50, 768)","16","","5.690000","bert-base-uncased / transformers 4.49.0","stepB_text/data/text_extraction_log.csv"
"","","not_recorded_in_source_log","61cba17b32b74af2c29229b769b5c60cc1a173635a61c62ce750195bd73de780","","","-t217m2on-s_2","C","audio","PASS","(50,74)","50","1.0","5.69","librosa 0.10.2.post1 / FFmpeg ffmpeg version 7.1-essentials_build-www.gyan.dev Copyright (c) 2000-2024 the FFmpeg developers","stepC_audio/data/audio_extraction_log.csv"
"","","not_recorded_in_source_log","61cba17b32b74af2c29229b769b5c60cc1a173635a61c62ce750195bd73de780","","","-t217m2on-s_2","D","vision","PASS","(50,35)","50","1.0","5.69","OpenCV 4.11.0 / MediaPipe 0.10.21","stepD_vision/data/vision_extraction_log.csv"
"","","not_recorded_in_source_log","61cba17b32b74af2c29229b769b5c60cc1a173635a61c62ce750195bd73de780","","","-t217m2on-s_2","E","aligned_50","PASS","(50,768)|(50,74)|(50,35)","text=16;audio=50;vision=50","","5.69","build_aligned50.py + validate_aligned50.py","stepE_alignment/data/aligned_50_validation.csv"
"","","not_recorded_in_source_log","61cba17b32b74af2c29229b769b5c60cc1a173635a61c62ce750195bd73de780","","","-t217m2on-s_7","A","index","PASS","1 row","","","17.180000","ffmpeg_stream_copy","stepA_index/data/sample_index.csv"
"","","not_recorded_in_source_log","61cba17b32b74af2c29229b769b5c60cc1a173635a61c62ce750195bd73de780","","","-t217m2on-s_7","B","text","PASS","(50, 768)","50","","17.180000","bert-base-uncased / transformers 4.49.0","stepB_text/data/text_extraction_log.csv"
"","","not_recorded_in_source_log","61cba17b32b74af2c29229b769b5c60cc1a173635a61c62ce750195bd73de780","","","-t217m2on-s_7","C","audio","PASS","(50,74)","50","1.0","17.18","librosa 0.10.2.post1 / FFmpeg ffmpeg version 7.1-essentials_build-www.gyan.dev Copyright (c) 2000-2024 the FFmpeg developers","stepC_audio/data/audio_extraction_log.csv"
"","","not_recorded_in_source_log","61cba17b32b74af2c29229b769b5c60cc1a173635a61c62ce750195bd73de780","","","-t217m2on-s_7","D","vision","PASS","(50,35)","50","1.0","17.18","OpenCV 4.11.0 / MediaPipe 0.10.21","stepD_vision/data/vision_extraction_log.csv"
"","","not_recorded_in_source_log","61cba17b32b74af2c29229b769b5c60cc1a173635a61c62ce750195bd73de780","","","-t217m2on-s_7","E","aligned_50","PASS","(50,768)|(50,74)|(50,35)","text=50;audio=50;vision=50","","17.18","build_aligned50.py + validate_aligned50.py","stepE_alignment/data/aligned_50_validation.csv"
"","","not_recorded_in_source_log","61cba17b32b74af2c29229b769b5c60cc1a173635a61c62ce750195bd73de780","","","-tANM6ETl_M_3","A","index","PASS","1 row","","","6.760000","ffmpeg_stream_copy","stepA_index/data/sample_index.csv"
"","","not_recorded_in_source_log","61cba17b32b74af2c29229b769b5c60cc1a173635a61c62ce750195bd73de780","","","-tANM6ETl_M_3","B","text","PASS","(50, 768)","29","","6.760000","bert-base-uncased / transformers 4.49.0","stepB_text/data/text_extraction_log.csv"
"","","not_recorded_in_source_log","61cba17b32b74af2c29229b769b5c60cc1a173635a61c62ce750195bd73de780","","","-tANM6ETl_M_3","C","audio","PASS","(50,74)","49","0.98","6.76","librosa 0.10.2.post1 / FFmpeg ffmpeg version 7.1-essentials_build-www.gyan.dev Copyright (c) 2000-2024 the FFmpeg developers","stepC_audio/data/audio_extraction_log.csv"
"","","not_recorded_in_source_log","61cba17b32b74af2c29229b769b5c60cc1a173635a61c62ce750195bd73de780","","","-tANM6ETl_M_3","D","vision","PASS","(50,35)","50","1.0","6.76","OpenCV 4.11.0 / MediaPipe 0.10.21","stepD_vision/data/vision_extraction_log.csv"
"","","not_recorded_in_source_log","61cba17b32b74af2c29229b769b5c60cc1a173635a61c62ce750195bd73de780","","","-tANM6ETl_M_3","E","aligned_50","PASS","(50,768)|(50,74)|(50,35)","text=29;audio=49;vision=50","","6.76","build_aligned50.py + validate_aligned50.py","stepE_alignment/data/aligned_50_validation.csv"
"","","not_recorded_in_source_log","61cba17b32b74af2c29229b769b5c60cc1a173635a61c62ce750195bd73de780","","","-tPCytz4rww_11","A","index","PASS","1 row","","","5.470000","ffmpeg_stream_copy","stepA_index/data/sample_index.csv"
"","","not_recorded_in_source_log","61cba17b32b74af2c29229b769b5c60cc1a173635a61c62ce750195bd73de780","","","-tPCytz4rww_11","B","text","PASS","(50, 768)","20","","5.470000","bert-base-uncased / transformers 4.49.0","stepB_text/data/text_extraction_log.csv"
"","","not_recorded_in_source_log","61cba17b32b74af2c29229b769b5c60cc1a173635a61c62ce750195bd73de780","","","-tPCytz4rww_11","C","audio","PASS","(50,74)","50","1.0","5.47","librosa 0.10.2.post1 / FFmpeg ffmpeg version 7.1-essentials_build-www.gyan.dev Copyright (c) 2000-2024 the FFmpeg developers","stepC_audio/data/audio_extraction_log.csv"
"","","not_recorded_in_source_log","61cba17b32b74af2c29229b769b5c60cc1a173635a61c62ce750195bd73de780","","","-tPCytz4rww_11","D","vision","PASS","(50,35)","50","1.0","5.47","OpenCV 4.11.0 / MediaPipe 0.10.21","stepD_vision/data/vision_extraction_log.csv"
"","","not_recorded_in_source_log","61cba17b32b74af2c29229b769b5c60cc1a173635a61c62ce750195bd73de780","","","-tPCytz4rww_11","E","aligned_50","PASS","(50,768)|(50,74)|(50,35)","text=20;audio=50;vision=50","","5.47","build_aligned50.py + validate_aligned50.py","stepE_alignment/data/aligned_50_validation.csv"
"","","not_recorded_in_source_log","61cba17b32b74af2c29229b769b5c60cc1a173635a61c62ce750195bd73de780","","","-tPCytz4rww_10","A","index","PASS","1 row","","","4.790000","ffmpeg_stream_copy","stepA_index/data/sample_index.csv"
"","","not_recorded_in_source_log","61cba17b32b74af2c29229b769b5c60cc1a173635a61c62ce750195bd73de780","","","-tPCytz4rww_10","B","text","PASS","(50, 768)","15","","4.790000","bert-base-uncased / transformers 4.49.0","stepB_text/data/text_extraction_log.csv"
"","","not_recorded_in_source_log","61cba17b32b74af2c29229b769b5c60cc1a173635a61c62ce750195bd73de780","","","-tPCytz4rww_10","C","audio","PASS","(50,74)","49","0.98","4.79","librosa 0.10.2.post1 / FFmpeg ffmpeg version 7.1-essentials_build-www.gyan.dev Copyright (c) 2000-2024 the FFmpeg developers","stepC_audio/data/audio_extraction_log.csv"
"","","not_recorded_in_source_log","61cba17b32b74af2c29229b769b5c60cc1a173635a61c62ce750195bd73de780","","","-tPCytz4rww_10","D","vision","PASS","(50,35)","48","0.96","4.79","OpenCV 4.11.0 / MediaPipe 0.10.21","stepD_vision/data/vision_extraction_log.csv"
"","","not_recorded_in_source_log","61cba17b32b74af2c29229b769b5c60cc1a173635a61c62ce750195bd73de780","","","-tPCytz4rww_10","E","aligned_50","PASS","(50,768)|(50,74)|(50,35)","text=15;audio=49;vision=48","","4.79","build_aligned50.py + validate_aligned50.py","stepE_alignment/data/aligned_50_validation.csv"
"","","not_recorded_in_source_log","61cba17b32b74af2c29229b769b5c60cc1a173635a61c62ce750195bd73de780","","","-tPCytz4rww_12","A","index","PASS","1 row","","","11.860000","ffmpeg_stream_copy","stepA_index/data/sample_index.csv"
"","","not_recorded_in_source_log","61cba17b32b74af2c29229b769b5c60cc1a173635a61c62ce750195bd73de780","","","-tPCytz4rww_12","B","text","PASS","(50, 768)","28","","11.860000","bert-base-uncased / transformers 4.49.0","stepB_text/data/text_extraction_log.csv"
"","","not_recorded_in_source_log","61cba17b32b74af2c29229b769b5c60cc1a173635a61c62ce750195bd73de780","","","-tPCytz4rww_12","C","audio","PASS","(50,74)","50","1.0","11.86","librosa 0.10.2.post1 / FFmpeg ffmpeg version 7.1-essentials_build-www.gyan.dev Copyright (c) 2000-2024 the FFmpeg developers","stepC_audio/data/audio_extraction_log.csv"
"","","not_recorded_in_source_log","61cba17b32b74af2c29229b769b5c60cc1a173635a61c62ce750195bd73de780","","","-tPCytz4rww_12","D","vision","PASS","(50,35)","50","1.0","11.86","OpenCV 4.11.0 / MediaPipe 0.10.21","stepD_vision/data/vision_extraction_log.csv"
"","","not_recorded_in_source_log","61cba17b32b74af2c29229b769b5c60cc1a173635a61c62ce750195bd73de780","","","-tPCytz4rww_12","E","aligned_50","PASS","(50,768)|(50,74)|(50,35)","text=28;audio=50;vision=50","","11.86","build_aligned50.py + validate_aligned50.py","stepE_alignment/data/aligned_50_validation.csv"
"","","not_recorded_in_source_log","61cba17b32b74af2c29229b769b5c60cc1a173635a61c62ce750195bd73de780","","","-tPCytz4rww_16","A","index","PASS","1 row","","","7.210000","ffmpeg_stream_copy","stepA_index/data/sample_index.csv"
"","","not_recorded_in_source_log","61cba17b32b74af2c29229b769b5c60cc1a173635a61c62ce750195bd73de780","","","-tPCytz4rww_16","B","text","PASS","(50, 768)","17","","7.210000","bert-base-uncased / transformers 4.49.0","stepB_text/data/text_extraction_log.csv"
"","","not_recorded_in_source_log","61cba17b32b74af2c29229b769b5c60cc1a173635a61c62ce750195bd73de780","","","-tPCytz4rww_16","C","audio","PASS","(50,74)","50","1.0","7.21","librosa 0.10.2.post1 / FFmpeg ffmpeg version 7.1-essentials_build-www.gyan.dev Copyright (c) 2000-2024 the FFmpeg developers","stepC_audio/data/audio_extraction_log.csv"
"","","not_recorded_in_source_log","61cba17b32b74af2c29229b769b5c60cc1a173635a61c62ce750195bd73de780","","","-tPCytz4rww_16","D","vision","PASS","(50,35)","50","1.0","7.21","OpenCV 4.11.0 / MediaPipe 0.10.21","stepD_vision/data/vision_extraction_log.csv"
"","","not_recorded_in_source_log","61cba17b32b74af2c29229b769b5c60cc1a173635a61c62ce750195bd73de780","","","-tPCytz4rww_16","E","aligned_50","PASS","(50,768)|(50,74)|(50,35)","text=17;audio=50;vision=50","","7.21","build_aligned50.py + validate_aligned50.py","stepE_alignment/data/aligned_50_validation.csv"
"","","not_recorded_in_source_log","61cba17b32b74af2c29229b769b5c60cc1a173635a61c62ce750195bd73de780","","","-tPCytz4rww_18","A","index","PASS","1 row","","","6.640000","ffmpeg_stream_copy","stepA_index/data/sample_index.csv"
"","","not_recorded_in_source_log","61cba17b32b74af2c29229b769b5c60cc1a173635a61c62ce750195bd73de780","","","-tPCytz4rww_18","B","text","PASS","(50, 768)","22","","6.640000","bert-base-uncased / transformers 4.49.0","stepB_text/data/text_extraction_log.csv"
"","","not_recorded_in_source_log","61cba17b32b74af2c29229b769b5c60cc1a173635a61c62ce750195bd73de780","","","-tPCytz4rww_18","C","audio","PASS","(50,74)","50","1.0","6.64","librosa 0.10.2.post1 / FFmpeg ffmpeg version 7.1-essentials_build-www.gyan.dev Copyright (c) 2000-2024 the FFmpeg developers","stepC_audio/data/audio_extraction_log.csv"
"","","not_recorded_in_source_log","61cba17b32b74af2c29229b769b5c60cc1a173635a61c62ce750195bd73de780","","","-tPCytz4rww_18","D","vision","PASS","(50,35)","50","1.0","6.64","OpenCV 4.11.0 / MediaPipe 0.10.21","stepD_vision/data/vision_extraction_log.csv"
"","","not_recorded_in_source_log","61cba17b32b74af2c29229b769b5c60cc1a173635a61c62ce750195bd73de780","","","-tPCytz4rww_18","E","aligned_50","PASS","(50,768)|(50,74)|(50,35)","text=22;audio=50;vision=50","","6.64","build_aligned50.py + validate_aligned50.py","stepE_alignment/data/aligned_50_validation.csv"
"","","not_recorded_in_source_log","61cba17b32b74af2c29229b769b5c60cc1a173635a61c62ce750195bd73de780","","","-vxjVxOeScU_4","A","index","PASS","1 row","","","9.130000","ffmpeg_stream_copy","stepA_index/data/sample_index.csv"
"","","not_recorded_in_source_log","61cba17b32b74af2c29229b769b5c60cc1a173635a61c62ce750195bd73de780","","","-vxjVxOeScU_4","B","text","PASS","(50, 768)","27","","9.130000","bert-base-uncased / transformers 4.49.0","stepB_text/data/text_extraction_log.csv"
"","","not_recorded_in_source_log","61cba17b32b74af2c29229b769b5c60cc1a173635a61c62ce750195bd73de780","","","-vxjVxOeScU_4","C","audio","PASS","(50,74)","50","1.0","9.13","librosa 0.10.2.post1 / FFmpeg ffmpeg version 7.1-essentials_build-www.gyan.dev Copyright (c) 2000-2024 the FFmpeg developers","stepC_audio/data/audio_extraction_log.csv"
"","","not_recorded_in_source_log","61cba17b32b74af2c29229b769b5c60cc1a173635a61c62ce750195bd73de780","","","-vxjVxOeScU_4","D","vision","PASS","(50,35)","50","1.0","9.13","OpenCV 4.11.0 / MediaPipe 0.10.21","stepD_vision/data/vision_extraction_log.csv"
"","","not_recorded_in_source_log","61cba17b32b74af2c29229b769b5c60cc1a173635a61c62ce750195bd73de780","","","-vxjVxOeScU_4","E","aligned_50","PASS","(50,768)|(50,74)|(50,35)","text=27;audio=50;vision=50","","9.13","build_aligned50.py + validate_aligned50.py","stepE_alignment/data/aligned_50_validation.csv"
"","","not_recorded_in_source_log","61cba17b32b74af2c29229b769b5c60cc1a173635a61c62ce750195bd73de780","","","-wMB_hJL-3o_7","A","index","PASS","1 row","","","6.040000","ffmpeg_stream_copy","stepA_index/data/sample_index.csv"
"","","not_recorded_in_source_log","61cba17b32b74af2c29229b769b5c60cc1a173635a61c62ce750195bd73de780","","","-wMB_hJL-3o_7","B","text","PASS","(50, 768)","23","","6.040000","bert-base-uncased / transformers 4.49.0","stepB_text/data/text_extraction_log.csv"
"","","not_recorded_in_source_log","61cba17b32b74af2c29229b769b5c60cc1a173635a61c62ce750195bd73de780","","","-wMB_hJL-3o_7","C","audio","PASS","(50,74)","50","1.0","6.04","librosa 0.10.2.post1 / FFmpeg ffmpeg version 7.1-essentials_build-www.gyan.dev Copyright (c) 2000-2024 the FFmpeg developers","stepC_audio/data/audio_extraction_log.csv"
"","","not_recorded_in_source_log","61cba17b32b74af2c29229b769b5c60cc1a173635a61c62ce750195bd73de780","","","-wMB_hJL-3o_7","D","vision","PASS","(50,35)","48","0.96","6.04","OpenCV 4.11.0 / MediaPipe 0.10.21","stepD_vision/data/vision_extraction_log.csv"
"","","not_recorded_in_source_log","61cba17b32b74af2c29229b769b5c60cc1a173635a61c62ce750195bd73de780","","","-wMB_hJL-3o_7","E","aligned_50","PASS","(50,768)|(50,74)|(50,35)","text=23;audio=50;vision=48","","6.04","build_aligned50.py + validate_aligned50.py","stepE_alignment/data/aligned_50_validation.csv"
"","","not_recorded_in_source_log","61cba17b32b74af2c29229b769b5c60cc1a173635a61c62ce750195bd73de780","","","-wny0OAz3g8_1","A","index","PASS","1 row","","","6.840000","ffmpeg_stream_copy","stepA_index/data/sample_index.csv"
"","","not_recorded_in_source_log","61cba17b32b74af2c29229b769b5c60cc1a173635a61c62ce750195bd73de780","","","-wny0OAz3g8_1","B","text","PASS","(50, 768)","28","","6.840000","bert-base-uncased / transformers 4.49.0","stepB_text/data/text_extraction_log.csv"
"","","not_recorded_in_source_log","61cba17b32b74af2c29229b769b5c60cc1a173635a61c62ce750195bd73de780","","","-wny0OAz3g8_1","C","audio","PASS","(50,74)","50","1.0","6.84","librosa 0.10.2.post1 / FFmpeg ffmpeg version 7.1-essentials_build-www.gyan.dev Copyright (c) 2000-2024 the FFmpeg developers","stepC_audio/data/audio_extraction_log.csv"
"","","not_recorded_in_source_log","61cba17b32b74af2c29229b769b5c60cc1a173635a61c62ce750195bd73de780","","","-wny0OAz3g8_1","D","vision","PASS","(50,35)","46","0.92","6.84","OpenCV 4.11.0 / MediaPipe 0.10.21","stepD_vision/data/vision_extraction_log.csv"
"","","not_recorded_in_source_log","61cba17b32b74af2c29229b769b5c60cc1a173635a61c62ce750195bd73de780","","","-wny0OAz3g8_1","E","aligned_50","PASS","(50,768)|(50,74)|(50,35)","text=28;audio=50;vision=46","","6.84","build_aligned50.py + validate_aligned50.py","stepE_alignment/data/aligned_50_validation.csv"
"","","not_recorded_in_source_log","61cba17b32b74af2c29229b769b5c60cc1a173635a61c62ce750195bd73de780","","","-wny0OAz3g8_0","A","index","PASS","1 row","","","3.330000","ffmpeg_stream_copy","stepA_index/data/sample_index.csv"
"","","not_recorded_in_source_log","61cba17b32b74af2c29229b769b5c60cc1a173635a61c62ce750195bd73de780","","","-wny0OAz3g8_0","B","text","PASS","(50, 768)","11","","3.330000","bert-base-uncased / transformers 4.49.0","stepB_text/data/text_extraction_log.csv"
"","","not_recorded_in_source_log","61cba17b32b74af2c29229b769b5c60cc1a173635a61c62ce750195bd73de780","","","-wny0OAz3g8_0","C","audio","PASS","(50,74)","49","0.98","3.33","librosa 0.10.2.post1 / FFmpeg ffmpeg version 7.1-essentials_build-www.gyan.dev Copyright (c) 2000-2024 the FFmpeg developers","stepC_audio/data/audio_extraction_log.csv"
"","","not_recorded_in_source_log","61cba17b32b74af2c29229b769b5c60cc1a173635a61c62ce750195bd73de780","","","-wny0OAz3g8_0","D","vision","PASS","(50,35)","34","0.68","3.33","OpenCV 4.11.0 / MediaPipe 0.10.21","stepD_vision/data/vision_extraction_log.csv"
"","","not_recorded_in_source_log","61cba17b32b74af2c29229b769b5c60cc1a173635a61c62ce750195bd73de780","","","-wny0OAz3g8_0","E","aligned_50","PASS","(50,768)|(50,74)|(50,35)","text=11;audio=49;vision=34","","3.33","build_aligned50.py + validate_aligned50.py","stepE_alignment/data/aligned_50_validation.csv"
"","","not_recorded_in_source_log","61cba17b32b74af2c29229b769b5c60cc1a173635a61c62ce750195bd73de780","","","-wny0OAz3g8_3","A","index","PASS","1 row","","","6.150000","ffmpeg_stream_copy","stepA_index/data/sample_index.csv"
"","","not_recorded_in_source_log","61cba17b32b74af2c29229b769b5c60cc1a173635a61c62ce750195bd73de780","","","-wny0OAz3g8_3","B","text","PASS","(50, 768)","20","","6.150000","bert-base-uncased / transformers 4.49.0","stepB_text/data/text_extraction_log.csv"
"","","not_recorded_in_source_log","61cba17b32b74af2c29229b769b5c60cc1a173635a61c62ce750195bd73de780","","","-wny0OAz3g8_3","C","audio","PASS","(50,74)","50","1.0","6.15","librosa 0.10.2.post1 / FFmpeg ffmpeg version 7.1-essentials_build-www.gyan.dev Copyright (c) 2000-2024 the FFmpeg developers","stepC_audio/data/audio_extraction_log.csv"
"","","not_recorded_in_source_log","61cba17b32b74af2c29229b769b5c60cc1a173635a61c62ce750195bd73de780","","","-wny0OAz3g8_3","D","vision","PASS","(50,35)","38","0.76","6.15","OpenCV 4.11.0 / MediaPipe 0.10.21","stepD_vision/data/vision_extraction_log.csv"
"","","not_recorded_in_source_log","61cba17b32b74af2c29229b769b5c60cc1a173635a61c62ce750195bd73de780","","","-wny0OAz3g8_3","E","aligned_50","PASS","(50,768)|(50,74)|(50,35)","text=20;audio=50;vision=38","","6.15","build_aligned50.py + validate_aligned50.py","stepE_alignment/data/aligned_50_validation.csv"
"","","not_recorded_in_source_log","61cba17b32b74af2c29229b769b5c60cc1a173635a61c62ce750195bd73de780","","","-wny0OAz3g8_2","A","index","PASS","1 row","","","6.690000","ffmpeg_stream_copy","stepA_index/data/sample_index.csv"
"","","not_recorded_in_source_log","61cba17b32b74af2c29229b769b5c60cc1a173635a61c62ce750195bd73de780","","","-wny0OAz3g8_2","B","text","PASS","(50, 768)","28","","6.690000","bert-base-uncased / transformers 4.49.0","stepB_text/data/text_extraction_log.csv"
"","","not_recorded_in_source_log","61cba17b32b74af2c29229b769b5c60cc1a173635a61c62ce750195bd73de780","","","-wny0OAz3g8_2","C","audio","PASS","(50,74)","49","0.98","6.69","librosa 0.10.2.post1 / FFmpeg ffmpeg version 7.1-essentials_build-www.gyan.dev Copyright (c) 2000-2024 the FFmpeg developers","stepC_audio/data/audio_extraction_log.csv"
"","","not_recorded_in_source_log","61cba17b32b74af2c29229b769b5c60cc1a173635a61c62ce750195bd73de780","","","-wny0OAz3g8_2","D","vision","PASS","(50,35)","49","0.98","6.69","OpenCV 4.11.0 / MediaPipe 0.10.21","stepD_vision/data/vision_extraction_log.csv"
"","","not_recorded_in_source_log","61cba17b32b74af2c29229b769b5c60cc1a173635a61c62ce750195bd73de780","","","-wny0OAz3g8_2","E","aligned_50","PASS","(50,768)|(50,74)|(50,35)","text=28;audio=49;vision=49","","6.69","build_aligned50.py + validate_aligned50.py","stepE_alignment/data/aligned_50_validation.csv"
"","","not_recorded_in_source_log","61cba17b32b74af2c29229b769b5c60cc1a173635a61c62ce750195bd73de780","","","-wny0OAz3g8_5","A","index","PASS","1 row","","","6.910000","ffmpeg_stream_copy","stepA_index/data/sample_index.csv"
"","","not_recorded_in_source_log","61cba17b32b74af2c29229b769b5c60cc1a173635a61c62ce750195bd73de780","","","-wny0OAz3g8_5","B","text","PASS","(50, 768)","27","","6.910000","bert-base-uncased / transformers 4.49.0","stepB_text/data/text_extraction_log.csv"
"","","not_recorded_in_source_log","61cba17b32b74af2c29229b769b5c60cc1a173635a61c62ce750195bd73de780","","","-wny0OAz3g8_5","C","audio","PASS","(50,74)","49","0.98","6.91","librosa 0.10.2.post1 / FFmpeg ffmpeg version 7.1-essentials_build-www.gyan.dev Copyright (c) 2000-2024 the FFmpeg developers","stepC_audio/data/audio_extraction_log.csv"
"","","not_recorded_in_source_log","61cba17b32b74af2c29229b769b5c60cc1a173635a61c62ce750195bd73de780","","","-wny0OAz3g8_5","D","vision","PASS","(50,35)","39","0.78","6.91","OpenCV 4.11.0 / MediaPipe 0.10.21","stepD_vision/data/vision_extraction_log.csv"
"","","not_recorded_in_source_log","61cba17b32b74af2c29229b769b5c60cc1a173635a61c62ce750195bd73de780","","","-wny0OAz3g8_5","E","aligned_50","PASS","(50,768)|(50,74)|(50,35)","text=27;audio=49;vision=39","","6.91","build_aligned50.py + validate_aligned50.py","stepE_alignment/data/aligned_50_validation.csv"
"","","not_recorded_in_source_log","61cba17b32b74af2c29229b769b5c60cc1a173635a61c62ce750195bd73de780","","","-wny0OAz3g8_7","A","index","PASS","1 row","","","8.070000","ffmpeg_stream_copy","stepA_index/data/sample_index.csv"
"","","not_recorded_in_source_log","61cba17b32b74af2c29229b769b5c60cc1a173635a61c62ce750195bd73de780","","","-wny0OAz3g8_7","B","text","PASS","(50, 768)","31","","8.070000","bert-base-uncased / transformers 4.49.0","stepB_text/data/text_extraction_log.csv"
"","","not_recorded_in_source_log","61cba17b32b74af2c29229b769b5c60cc1a173635a61c62ce750195bd73de780","","","-wny0OAz3g8_7","C","audio","PASS","(50,74)","49","0.98","8.07","librosa 0.10.2.post1 / FFmpeg ffmpeg version 7.1-essentials_build-www.gyan.dev Copyright (c) 2000-2024 the FFmpeg developers","stepC_audio/data/audio_extraction_log.csv"
"","","not_recorded_in_source_log","61cba17b32b74af2c29229b769b5c60cc1a173635a61c62ce750195bd73de780","","","-wny0OAz3g8_7","D","vision","PASS","(50,35)","38","0.76","8.07","OpenCV 4.11.0 / MediaPipe 0.10.21","stepD_vision/data/vision_extraction_log.csv"
"","","not_recorded_in_source_log","61cba17b32b74af2c29229b769b5c60cc1a173635a61c62ce750195bd73de780","","","-wny0OAz3g8_7","E","aligned_50","PASS","(50,768)|(50,74)|(50,35)","text=31;audio=49;vision=38","","8.07","build_aligned50.py + validate_aligned50.py","stepE_alignment/data/aligned_50_validation.csv"
"","","not_recorded_in_source_log","61cba17b32b74af2c29229b769b5c60cc1a173635a61c62ce750195bd73de780","","","-wny0OAz3g8_9","A","index","PASS","1 row","","","6.210000","ffmpeg_stream_copy","stepA_index/data/sample_index.csv"
"","","not_recorded_in_source_log","61cba17b32b74af2c29229b769b5c60cc1a173635a61c62ce750195bd73de780","","","-wny0OAz3g8_9","B","text","PASS","(50, 768)","22","","6.210000","bert-base-uncased / transformers 4.49.0","stepB_text/data/text_extraction_log.csv"
"","","not_recorded_in_source_log","61cba17b32b74af2c29229b769b5c60cc1a173635a61c62ce750195bd73de780","","","-wny0OAz3g8_9","C","audio","PASS","(50,74)","49","0.98","6.21","librosa 0.10.2.post1 / FFmpeg ffmpeg version 7.1-essentials_build-www.gyan.dev Copyright (c) 2000-2024 the FFmpeg developers","stepC_audio/data/audio_extraction_log.csv"
"","","not_recorded_in_source_log","61cba17b32b74af2c29229b769b5c60cc1a173635a61c62ce750195bd73de780","","","-wny0OAz3g8_9","D","vision","PASS","(50,35)","48","0.96","6.21","OpenCV 4.11.0 / MediaPipe 0.10.21","stepD_vision/data/vision_extraction_log.csv"
"","","not_recorded_in_source_log","61cba17b32b74af2c29229b769b5c60cc1a173635a61c62ce750195bd73de780","","","-wny0OAz3g8_9","E","aligned_50","PASS","(50,768)|(50,74)|(50,35)","text=22;audio=49;vision=48","","6.21","build_aligned50.py + validate_aligned50.py","stepE_alignment/data/aligned_50_validation.csv"
"","","not_recorded_in_source_log","61cba17b32b74af2c29229b769b5c60cc1a173635a61c62ce750195bd73de780","","","-571d8cVauQ_0","A","index","PASS","1 row","","","5.070000","ffmpeg_stream_copy","stepA_index/data/sample_index.csv"
"","","not_recorded_in_source_log","61cba17b32b74af2c29229b769b5c60cc1a173635a61c62ce750195bd73de780","","","-571d8cVauQ_0","B","text","PASS","(50, 768)","16","","5.070000","bert-base-uncased / transformers 4.49.0","stepB_text/data/text_extraction_log.csv"
"","","not_recorded_in_source_log","61cba17b32b74af2c29229b769b5c60cc1a173635a61c62ce750195bd73de780","","","-571d8cVauQ_0","C","audio","PASS","(50,74)","50","1.0","5.07","librosa 0.10.2.post1 / FFmpeg ffmpeg version 7.1-essentials_build-www.gyan.dev Copyright (c) 2000-2024 the FFmpeg developers","stepC_audio/data/audio_extraction_log.csv"
"","","not_recorded_in_source_log","61cba17b32b74af2c29229b769b5c60cc1a173635a61c62ce750195bd73de780","","","-571d8cVauQ_0","D","vision","PASS","(50,35)","49","0.98","5.07","OpenCV 4.11.0 / MediaPipe 0.10.21","stepD_vision/data/vision_extraction_log.csv"
"","","not_recorded_in_source_log","61cba17b32b74af2c29229b769b5c60cc1a173635a61c62ce750195bd73de780","","","-571d8cVauQ_0","E","aligned_50","PASS","(50,768)|(50,74)|(50,35)","text=16;audio=50;vision=49","","5.07","build_aligned50.py + validate_aligned50.py","stepE_alignment/data/aligned_50_validation.csv"
"","","not_recorded_in_source_log","61cba17b32b74af2c29229b769b5c60cc1a173635a61c62ce750195bd73de780","","","-571d8cVauQ_5","A","index","PASS","1 row","","","15.270000","ffmpeg_stream_copy","stepA_index/data/sample_index.csv"
"","","not_recorded_in_source_log","61cba17b32b74af2c29229b769b5c60cc1a173635a61c62ce750195bd73de780","","","-571d8cVauQ_5","B","text","PASS","(50, 768)","50","","15.270000","bert-base-uncased / transformers 4.49.0","stepB_text/data/text_extraction_log.csv"
"","","not_recorded_in_source_log","61cba17b32b74af2c29229b769b5c60cc1a173635a61c62ce750195bd73de780","","","-571d8cVauQ_5","C","audio","PASS","(50,74)","50","1.0","15.27","librosa 0.10.2.post1 / FFmpeg ffmpeg version 7.1-essentials_build-www.gyan.dev Copyright (c) 2000-2024 the FFmpeg developers","stepC_audio/data/audio_extraction_log.csv"
"","","not_recorded_in_source_log","61cba17b32b74af2c29229b769b5c60cc1a173635a61c62ce750195bd73de780","","","-571d8cVauQ_5","D","vision","PASS","(50,35)","50","1.0","15.27","OpenCV 4.11.0 / MediaPipe 0.10.21","stepD_vision/data/vision_extraction_log.csv"
"","","not_recorded_in_source_log","61cba17b32b74af2c29229b769b5c60cc1a173635a61c62ce750195bd73de780","","","-571d8cVauQ_5","E","aligned_50","PASS","(50,768)|(50,74)|(50,35)","text=50;audio=50;vision=50","","15.27","build_aligned50.py + validate_aligned50.py","stepE_alignment/data/aligned_50_validation.csv"
"","","not_recorded_in_source_log","61cba17b32b74af2c29229b769b5c60cc1a173635a61c62ce750195bd73de780","","","-I_e4mIh0yE_1","A","index","PASS","1 row","","","7.620000","ffmpeg_stream_copy","stepA_index/data/sample_index.csv"
"","","not_recorded_in_source_log","61cba17b32b74af2c29229b769b5c60cc1a173635a61c62ce750195bd73de780","","","-I_e4mIh0yE_1","B","text","PASS","(50, 768)","21","","7.620000","bert-base-uncased / transformers 4.49.0","stepB_text/data/text_extraction_log.csv"
"","","not_recorded_in_source_log","61cba17b32b74af2c29229b769b5c60cc1a173635a61c62ce750195bd73de780","","","-I_e4mIh0yE_1","C","audio","PASS","(50,74)","49","0.98","7.62","librosa 0.10.2.post1 / FFmpeg ffmpeg version 7.1-essentials_build-www.gyan.dev Copyright (c) 2000-2024 the FFmpeg developers","stepC_audio/data/audio_extraction_log.csv"
"","","not_recorded_in_source_log","61cba17b32b74af2c29229b769b5c60cc1a173635a61c62ce750195bd73de780","","","-I_e4mIh0yE_1","D","vision","PASS","(50,35)","50","1.0","7.62","OpenCV 4.11.0 / MediaPipe 0.10.21","stepD_vision/data/vision_extraction_log.csv"
"","","not_recorded_in_source_log","61cba17b32b74af2c29229b769b5c60cc1a173635a61c62ce750195bd73de780","","","-I_e4mIh0yE_1","E","aligned_50","PASS","(50,768)|(50,74)|(50,35)","text=21;audio=49;vision=50","","7.62","build_aligned50.py + validate_aligned50.py","stepE_alignment/data/aligned_50_validation.csv"
"","","not_recorded_in_source_log","61cba17b32b74af2c29229b769b5c60cc1a173635a61c62ce750195bd73de780","","","-I_e4mIh0yE_3","A","index","PASS","1 row","","","9.160000","ffmpeg_stream_copy","stepA_index/data/sample_index.csv"
"","","not_recorded_in_source_log","61cba17b32b74af2c29229b769b5c60cc1a173635a61c62ce750195bd73de780","","","-I_e4mIh0yE_3","B","text","PASS","(50, 768)","30","","9.160000","bert-base-uncased / transformers 4.49.0","stepB_text/data/text_extraction_log.csv"
"","","not_recorded_in_source_log","61cba17b32b74af2c29229b769b5c60cc1a173635a61c62ce750195bd73de780","","","-I_e4mIh0yE_3","C","audio","PASS","(50,74)","49","0.98","9.16","librosa 0.10.2.post1 / FFmpeg ffmpeg version 7.1-essentials_build-www.gyan.dev Copyright (c) 2000-2024 the FFmpeg developers","stepC_audio/data/audio_extraction_log.csv"
"","","not_recorded_in_source_log","61cba17b32b74af2c29229b769b5c60cc1a173635a61c62ce750195bd73de780","","","-I_e4mIh0yE_3","D","vision","PASS","(50,35)","50","1.0","9.16","OpenCV 4.11.0 / MediaPipe 0.10.21","stepD_vision/data/vision_extraction_log.csv"
"","","not_recorded_in_source_log","61cba17b32b74af2c29229b769b5c60cc1a173635a61c62ce750195bd73de780","","","-I_e4mIh0yE_3","E","aligned_50","PASS","(50,768)|(50,74)|(50,35)","text=30;audio=49;vision=50","","9.16","build_aligned50.py + validate_aligned50.py","stepE_alignment/data/aligned_50_validation.csv"
"","","not_recorded_in_source_log","61cba17b32b74af2c29229b769b5c60cc1a173635a61c62ce750195bd73de780","","","-UacrmKiTn4_10","A","index","PASS","1 row","","","7.360000","ffmpeg_stream_copy","stepA_index/data/sample_index.csv"
"","","not_recorded_in_source_log","61cba17b32b74af2c29229b769b5c60cc1a173635a61c62ce750195bd73de780","","","-UacrmKiTn4_10","B","text","PASS","(50, 768)","22","","7.360000","bert-base-uncased / transformers 4.49.0","stepB_text/data/text_extraction_log.csv"
"","","not_recorded_in_source_log","61cba17b32b74af2c29229b769b5c60cc1a173635a61c62ce750195bd73de780","","","-UacrmKiTn4_10","C","audio","PASS","(50,74)","50","1.0","7.36","librosa 0.10.2.post1 / FFmpeg ffmpeg version 7.1-essentials_build-www.gyan.dev Copyright (c) 2000-2024 the FFmpeg developers","stepC_audio/data/audio_extraction_log.csv"
"","","not_recorded_in_source_log","61cba17b32b74af2c29229b769b5c60cc1a173635a61c62ce750195bd73de780","","","-UacrmKiTn4_10","D","vision","PASS","(50,35)","50","1.0","7.36","OpenCV 4.11.0 / MediaPipe 0.10.21","stepD_vision/data/vision_extraction_log.csv"
"","","not_recorded_in_source_log","61cba17b32b74af2c29229b769b5c60cc1a173635a61c62ce750195bd73de780","","","-UacrmKiTn4_10","E","aligned_50","PASS","(50,768)|(50,74)|(50,35)","text=22;audio=50;vision=50","","7.36","build_aligned50.py + validate_aligned50.py","stepE_alignment/data/aligned_50_validation.csv"
"","","not_recorded_in_source_log","61cba17b32b74af2c29229b769b5c60cc1a173635a61c62ce750195bd73de780","","","-UacrmKiTn4_4","A","index","PASS","1 row","","","4.740000","ffmpeg_stream_copy","stepA_index/data/sample_index.csv"
"","","not_recorded_in_source_log","61cba17b32b74af2c29229b769b5c60cc1a173635a61c62ce750195bd73de780","","","-UacrmKiTn4_4","B","text","PASS","(50, 768)","15","","4.740000","bert-base-uncased / transformers 4.49.0","stepB_text/data/text_extraction_log.csv"
"","","not_recorded_in_source_log","61cba17b32b74af2c29229b769b5c60cc1a173635a61c62ce750195bd73de780","","","-UacrmKiTn4_4","C","audio","PASS","(50,74)","50","1.0","4.74","librosa 0.10.2.post1 / FFmpeg ffmpeg version 7.1-essentials_build-www.gyan.dev Copyright (c) 2000-2024 the FFmpeg developers","stepC_audio/data/audio_extraction_log.csv"
"","","not_recorded_in_source_log","61cba17b32b74af2c29229b769b5c60cc1a173635a61c62ce750195bd73de780","","","-UacrmKiTn4_4","D","vision","PASS","(50,35)","48","0.96","4.74","OpenCV 4.11.0 / MediaPipe 0.10.21","stepD_vision/data/vision_extraction_log.csv"
"","","not_recorded_in_source_log","61cba17b32b74af2c29229b769b5c60cc1a173635a61c62ce750195bd73de780","","","-UacrmKiTn4_4","E","aligned_50","PASS","(50,768)|(50,74)|(50,35)","text=15;audio=50;vision=48","","4.74","build_aligned50.py + validate_aligned50.py","stepE_alignment/data/aligned_50_validation.csv"
"","","not_recorded_in_source_log","61cba17b32b74af2c29229b769b5c60cc1a173635a61c62ce750195bd73de780","","","-hnBHBN8p5A_7","A","index","PASS","1 row","","","7.370000","ffmpeg_stream_copy","stepA_index/data/sample_index.csv"
"","","not_recorded_in_source_log","61cba17b32b74af2c29229b769b5c60cc1a173635a61c62ce750195bd73de780","","","-hnBHBN8p5A_7","B","text","PASS","(50, 768)","17","","7.370000","bert-base-uncased / transformers 4.49.0","stepB_text/data/text_extraction_log.csv"
"","","not_recorded_in_source_log","61cba17b32b74af2c29229b769b5c60cc1a173635a61c62ce750195bd73de780","","","-hnBHBN8p5A_7","C","audio","PASS","(50,74)","50","1.0","7.37","librosa 0.10.2.post1 / FFmpeg ffmpeg version 7.1-essentials_build-www.gyan.dev Copyright (c) 2000-2024 the FFmpeg developers","stepC_audio/data/audio_extraction_log.csv"
"","","not_recorded_in_source_log","61cba17b32b74af2c29229b769b5c60cc1a173635a61c62ce750195bd73de780","","","-hnBHBN8p5A_7","D","vision","PASS","(50,35)","7","0.14","7.37","OpenCV 4.11.0 / MediaPipe 0.10.21","stepD_vision/data/vision_extraction_log.csv"
"","","not_recorded_in_source_log","61cba17b32b74af2c29229b769b5c60cc1a173635a61c62ce750195bd73de780","","","-hnBHBN8p5A_7","E","aligned_50","PASS","(50,768)|(50,74)|(50,35)","text=17;audio=50;vision=7","","7.37","build_aligned50.py + validate_aligned50.py","stepE_alignment/data/aligned_50_validation.csv"
"","","not_recorded_in_source_log","61cba17b32b74af2c29229b769b5c60cc1a173635a61c62ce750195bd73de780","","","-hnBHBN8p5A_6","A","index","PASS","1 row","","","6.400000","ffmpeg_stream_copy","stepA_index/data/sample_index.csv"
"","","not_recorded_in_source_log","61cba17b32b74af2c29229b769b5c60cc1a173635a61c62ce750195bd73de780","","","-hnBHBN8p5A_6","B","text","PASS","(50, 768)","14","","6.400000","bert-base-uncased / transformers 4.49.0","stepB_text/data/text_extraction_log.csv"
"","","not_recorded_in_source_log","61cba17b32b74af2c29229b769b5c60cc1a173635a61c62ce750195bd73de780","","","-hnBHBN8p5A_6","C","audio","PASS","(50,74)","50","1.0","6.4","librosa 0.10.2.post1 / FFmpeg ffmpeg version 7.1-essentials_build-www.gyan.dev Copyright (c) 2000-2024 the FFmpeg developers","stepC_audio/data/audio_extraction_log.csv"
"","","not_recorded_in_source_log","61cba17b32b74af2c29229b769b5c60cc1a173635a61c62ce750195bd73de780","","","-hnBHBN8p5A_6","D","vision","PASS","(50,35)","8","0.16","6.4","OpenCV 4.11.0 / MediaPipe 0.10.21","stepD_vision/data/vision_extraction_log.csv"
"","","not_recorded_in_source_log","61cba17b32b74af2c29229b769b5c60cc1a173635a61c62ce750195bd73de780","","","-hnBHBN8p5A_6","E","aligned_50","PASS","(50,768)|(50,74)|(50,35)","text=14;audio=50;vision=8","","6.4","build_aligned50.py + validate_aligned50.py","stepE_alignment/data/aligned_50_validation.csv"
"","","not_recorded_in_source_log","61cba17b32b74af2c29229b769b5c60cc1a173635a61c62ce750195bd73de780","","","-qDkUB0GgYY_6","A","index","PASS","1 row","","","4.680000","ffmpeg_stream_copy","stepA_index/data/sample_index.csv"
"","","not_recorded_in_source_log","61cba17b32b74af2c29229b769b5c60cc1a173635a61c62ce750195bd73de780","","","-qDkUB0GgYY_6","B","text","PASS","(50, 768)","18","","4.680000","bert-base-uncased / transformers 4.49.0","stepB_text/data/text_extraction_log.csv"
"","","not_recorded_in_source_log","61cba17b32b74af2c29229b769b5c60cc1a173635a61c62ce750195bd73de780","","","-qDkUB0GgYY_6","C","audio","PASS","(50,74)","50","1.0","4.68","librosa 0.10.2.post1 / FFmpeg ffmpeg version 7.1-essentials_build-www.gyan.dev Copyright (c) 2000-2024 the FFmpeg developers","stepC_audio/data/audio_extraction_log.csv"
"","","not_recorded_in_source_log","61cba17b32b74af2c29229b769b5c60cc1a173635a61c62ce750195bd73de780","","","-qDkUB0GgYY_6","D","vision","PASS","(50,35)","47","0.94","4.68","OpenCV 4.11.0 / MediaPipe 0.10.21","stepD_vision/data/vision_extraction_log.csv"
"","","not_recorded_in_source_log","61cba17b32b74af2c29229b769b5c60cc1a173635a61c62ce750195bd73de780","","","-qDkUB0GgYY_6","E","aligned_50","PASS","(50,768)|(50,74)|(50,35)","text=18;audio=50;vision=47","","4.68","build_aligned50.py + validate_aligned50.py","stepE_alignment/data/aligned_50_validation.csv"
"","","not_recorded_in_source_log","61cba17b32b74af2c29229b769b5c60cc1a173635a61c62ce750195bd73de780","","","-uywlfIYOS8_4","A","index","PASS","1 row","","","6.040000","ffmpeg_stream_copy","stepA_index/data/sample_index.csv"
"","","not_recorded_in_source_log","61cba17b32b74af2c29229b769b5c60cc1a173635a61c62ce750195bd73de780","","","-uywlfIYOS8_4","B","text","PASS","(50, 768)","22","","6.040000","bert-base-uncased / transformers 4.49.0","stepB_text/data/text_extraction_log.csv"
"","","not_recorded_in_source_log","61cba17b32b74af2c29229b769b5c60cc1a173635a61c62ce750195bd73de780","","","-uywlfIYOS8_4","C","audio","PASS","(50,74)","49","0.98","6.04","librosa 0.10.2.post1 / FFmpeg ffmpeg version 7.1-essentials_build-www.gyan.dev Copyright (c) 2000-2024 the FFmpeg developers","stepC_audio/data/audio_extraction_log.csv"
"","","not_recorded_in_source_log","61cba17b32b74af2c29229b769b5c60cc1a173635a61c62ce750195bd73de780","","","-uywlfIYOS8_4","D","vision","PASS","(50,35)","50","1.0","6.04","OpenCV 4.11.0 / MediaPipe 0.10.21","stepD_vision/data/vision_extraction_log.csv"
"","","not_recorded_in_source_log","61cba17b32b74af2c29229b769b5c60cc1a173635a61c62ce750195bd73de780","","","-uywlfIYOS8_4","E","aligned_50","PASS","(50,768)|(50,74)|(50,35)","text=22;audio=49;vision=50","","6.04","build_aligned50.py + validate_aligned50.py","stepE_alignment/data/aligned_50_validation.csv"
"","","not_recorded_in_source_log","61cba17b32b74af2c29229b769b5c60cc1a173635a61c62ce750195bd73de780","","","-6rXp3zJ3kc_8","A","index","PASS","1 row","","","12.810000","ffmpeg_stream_copy","stepA_index/data/sample_index.csv"
"","","not_recorded_in_source_log","61cba17b32b74af2c29229b769b5c60cc1a173635a61c62ce750195bd73de780","","","-6rXp3zJ3kc_8","B","text","PASS","(50, 768)","38","","12.810000","bert-base-uncased / transformers 4.49.0","stepB_text/data/text_extraction_log.csv"
"","","not_recorded_in_source_log","61cba17b32b74af2c29229b769b5c60cc1a173635a61c62ce750195bd73de780","","","-6rXp3zJ3kc_8","C","audio","PASS","(50,74)","50","1.0","12.81","librosa 0.10.2.post1 / FFmpeg ffmpeg version 7.1-essentials_build-www.gyan.dev Copyright (c) 2000-2024 the FFmpeg developers","stepC_audio/data/audio_extraction_log.csv"
"","","not_recorded_in_source_log","61cba17b32b74af2c29229b769b5c60cc1a173635a61c62ce750195bd73de780","","","-6rXp3zJ3kc_8","D","vision","PASS","(50,35)","50","1.0","12.81","OpenCV 4.11.0 / MediaPipe 0.10.21","stepD_vision/data/vision_extraction_log.csv"
"","","not_recorded_in_source_log","61cba17b32b74af2c29229b769b5c60cc1a173635a61c62ce750195bd73de780","","","-6rXp3zJ3kc_8","E","aligned_50","PASS","(50,768)|(50,74)|(50,35)","text=38;audio=50;vision=50","","12.81","build_aligned50.py + validate_aligned50.py","stepE_alignment/data/aligned_50_validation.csv"
"","","not_recorded_in_source_log","61cba17b32b74af2c29229b769b5c60cc1a173635a61c62ce750195bd73de780","","","-9y-fZ3swSY_0","A","index","PASS","1 row","","","6.830000","ffmpeg_stream_copy","stepA_index/data/sample_index.csv"
"","","not_recorded_in_source_log","61cba17b32b74af2c29229b769b5c60cc1a173635a61c62ce750195bd73de780","","","-9y-fZ3swSY_0","B","text","PASS","(50, 768)","28","","6.830000","bert-base-uncased / transformers 4.49.0","stepB_text/data/text_extraction_log.csv"
"","","not_recorded_in_source_log","61cba17b32b74af2c29229b769b5c60cc1a173635a61c62ce750195bd73de780","","","-9y-fZ3swSY_0","C","audio","PASS","(50,74)","50","1.0","6.83","librosa 0.10.2.post1 / FFmpeg ffmpeg version 7.1-essentials_build-www.gyan.dev Copyright (c) 2000-2024 the FFmpeg developers","stepC_audio/data/audio_extraction_log.csv"
"","","not_recorded_in_source_log","61cba17b32b74af2c29229b769b5c60cc1a173635a61c62ce750195bd73de780","","","-9y-fZ3swSY_0","D","vision","PASS","(50,35)","50","1.0","6.83","OpenCV 4.11.0 / MediaPipe 0.10.21","stepD_vision/data/vision_extraction_log.csv"
"","","not_recorded_in_source_log","61cba17b32b74af2c29229b769b5c60cc1a173635a61c62ce750195bd73de780","","","-9y-fZ3swSY_0","E","aligned_50","PASS","(50,768)|(50,74)|(50,35)","text=28;audio=50;vision=50","","6.83","build_aligned50.py + validate_aligned50.py","stepE_alignment/data/aligned_50_validation.csv"
"","","not_recorded_in_source_log","61cba17b32b74af2c29229b769b5c60cc1a173635a61c62ce750195bd73de780","","","-9y-fZ3swSY_4","A","index","PASS","1 row","","","2.820000","ffmpeg_stream_copy","stepA_index/data/sample_index.csv"
"","","not_recorded_in_source_log","61cba17b32b74af2c29229b769b5c60cc1a173635a61c62ce750195bd73de780","","","-9y-fZ3swSY_4","B","text","PASS","(50, 768)","11","","2.820000","bert-base-uncased / transformers 4.49.0","stepB_text/data/text_extraction_log.csv"
"","","not_recorded_in_source_log","61cba17b32b74af2c29229b769b5c60cc1a173635a61c62ce750195bd73de780","","","-9y-fZ3swSY_4","C","audio","PASS","(50,74)","47","0.94","2.82","librosa 0.10.2.post1 / FFmpeg ffmpeg version 7.1-essentials_build-www.gyan.dev Copyright (c) 2000-2024 the FFmpeg developers","stepC_audio/data/audio_extraction_log.csv"
"","","not_recorded_in_source_log","61cba17b32b74af2c29229b769b5c60cc1a173635a61c62ce750195bd73de780","","","-9y-fZ3swSY_4","D","vision","PASS","(50,35)","27","0.54","2.82","OpenCV 4.11.0 / MediaPipe 0.10.21","stepD_vision/data/vision_extraction_log.csv"
"","","not_recorded_in_source_log","61cba17b32b74af2c29229b769b5c60cc1a173635a61c62ce750195bd73de780","","","-9y-fZ3swSY_4","E","aligned_50","PASS","(50,768)|(50,74)|(50,35)","text=11;audio=47;vision=27","","2.82","build_aligned50.py + validate_aligned50.py","stepE_alignment/data/aligned_50_validation.csv"
"","","not_recorded_in_source_log","61cba17b32b74af2c29229b769b5c60cc1a173635a61c62ce750195bd73de780","","","-9y-fZ3swSY_8","A","index","PASS","1 row","","","4.990000","ffmpeg_stream_copy","stepA_index/data/sample_index.csv"
"","","not_recorded_in_source_log","61cba17b32b74af2c29229b769b5c60cc1a173635a61c62ce750195bd73de780","","","-9y-fZ3swSY_8","B","text","PASS","(50, 768)","14","","4.990000","bert-base-uncased / transformers 4.49.0","stepB_text/data/text_extraction_log.csv"
"","","not_recorded_in_source_log","61cba17b32b74af2c29229b769b5c60cc1a173635a61c62ce750195bd73de780","","","-9y-fZ3swSY_8","C","audio","PASS","(50,74)","50","1.0","4.99","librosa 0.10.2.post1 / FFmpeg ffmpeg version 7.1-essentials_build-www.gyan.dev Copyright (c) 2000-2024 the FFmpeg developers","stepC_audio/data/audio_extraction_log.csv"
"","","not_recorded_in_source_log","61cba17b32b74af2c29229b769b5c60cc1a173635a61c62ce750195bd73de780","","","-9y-fZ3swSY_8","D","vision","PASS","(50,35)","43","0.86","4.99","OpenCV 4.11.0 / MediaPipe 0.10.21","stepD_vision/data/vision_extraction_log.csv"
"","","not_recorded_in_source_log","61cba17b32b74af2c29229b769b5c60cc1a173635a61c62ce750195bd73de780","","","-9y-fZ3swSY_8","E","aligned_50","PASS","(50,768)|(50,74)|(50,35)","text=14;audio=50;vision=43","","4.99","build_aligned50.py + validate_aligned50.py","stepE_alignment/data/aligned_50_validation.csv"
"","","not_recorded_in_source_log","61cba17b32b74af2c29229b769b5c60cc1a173635a61c62ce750195bd73de780","","","-AUZQgSxyPQ_2","A","index","PASS","1 row","","","22.510000","ffmpeg_stream_copy","stepA_index/data/sample_index.csv"
"","","not_recorded_in_source_log","61cba17b32b74af2c29229b769b5c60cc1a173635a61c62ce750195bd73de780","","","-AUZQgSxyPQ_2","B","text","PASS","(50, 768)","50","","22.510000","bert-base-uncased / transformers 4.49.0","stepB_text/data/text_extraction_log.csv"
"","","not_recorded_in_source_log","61cba17b32b74af2c29229b769b5c60cc1a173635a61c62ce750195bd73de780","","","-AUZQgSxyPQ_2","C","audio","PASS","(50,74)","50","1.0","22.51","librosa 0.10.2.post1 / FFmpeg ffmpeg version 7.1-essentials_build-www.gyan.dev Copyright (c) 2000-2024 the FFmpeg developers","stepC_audio/data/audio_extraction_log.csv"
"","","not_recorded_in_source_log","61cba17b32b74af2c29229b769b5c60cc1a173635a61c62ce750195bd73de780","","","-AUZQgSxyPQ_2","D","vision","PASS","(50,35)","50","1.0","22.51","OpenCV 4.11.0 / MediaPipe 0.10.21","stepD_vision/data/vision_extraction_log.csv"
"","","not_recorded_in_source_log","61cba17b32b74af2c29229b769b5c60cc1a173635a61c62ce750195bd73de780","","","-AUZQgSxyPQ_2","E","aligned_50","PASS","(50,768)|(50,74)|(50,35)","text=50;audio=50;vision=50","","22.51","build_aligned50.py + validate_aligned50.py","stepE_alignment/data/aligned_50_validation.csv"
"","","not_recorded_in_source_log","61cba17b32b74af2c29229b769b5c60cc1a173635a61c62ce750195bd73de780","","","-HeZS2-Prhc_2","A","index","PASS","1 row","","","8.260000","ffmpeg_stream_copy","stepA_index/data/sample_index.csv"
"","","not_recorded_in_source_log","61cba17b32b74af2c29229b769b5c60cc1a173635a61c62ce750195bd73de780","","","-HeZS2-Prhc_2","B","text","PASS","(50, 768)","17","","8.260000","bert-base-uncased / transformers 4.49.0","stepB_text/data/text_extraction_log.csv"
"","","not_recorded_in_source_log","61cba17b32b74af2c29229b769b5c60cc1a173635a61c62ce750195bd73de780","","","-HeZS2-Prhc_2","C","audio","PASS","(50,74)","50","1.0","8.26","librosa 0.10.2.post1 / FFmpeg ffmpeg version 7.1-essentials_build-www.gyan.dev Copyright (c) 2000-2024 the FFmpeg developers","stepC_audio/data/audio_extraction_log.csv"
"","","not_recorded_in_source_log","61cba17b32b74af2c29229b769b5c60cc1a173635a61c62ce750195bd73de780","","","-HeZS2-Prhc_2","D","vision","PASS","(50,35)","50","1.0","8.26","OpenCV 4.11.0 / MediaPipe 0.10.21","stepD_vision/data/vision_extraction_log.csv"
"","","not_recorded_in_source_log","61cba17b32b74af2c29229b769b5c60cc1a173635a61c62ce750195bd73de780","","","-HeZS2-Prhc_2","E","aligned_50","PASS","(50,768)|(50,74)|(50,35)","text=17;audio=50;vision=50","","8.26","build_aligned50.py + validate_aligned50.py","stepE_alignment/data/aligned_50_validation.csv"
"","","not_recorded_in_source_log","61cba17b32b74af2c29229b769b5c60cc1a173635a61c62ce750195bd73de780","","","-MeTTeMJBNc_0","A","index","PASS","1 row","","","9.300000","ffmpeg_stream_copy","stepA_index/data/sample_index.csv"
"","","not_recorded_in_source_log","61cba17b32b74af2c29229b769b5c60cc1a173635a61c62ce750195bd73de780","","","-MeTTeMJBNc_0","B","text","PASS","(50, 768)","26","","9.300000","bert-base-uncased / transformers 4.49.0","stepB_text/data/text_extraction_log.csv"
"","","not_recorded_in_source_log","61cba17b32b74af2c29229b769b5c60cc1a173635a61c62ce750195bd73de780","","","-MeTTeMJBNc_0","C","audio","PASS","(50,74)","50","1.0","9.3","librosa 0.10.2.post1 / FFmpeg ffmpeg version 7.1-essentials_build-www.gyan.dev Copyright (c) 2000-2024 the FFmpeg developers","stepC_audio/data/audio_extraction_log.csv"
"","","not_recorded_in_source_log","61cba17b32b74af2c29229b769b5c60cc1a173635a61c62ce750195bd73de780","","","-MeTTeMJBNc_0","D","vision","PASS","(50,35)","50","1.0","9.3","OpenCV 4.11.0 / MediaPipe 0.10.21","stepD_vision/data/vision_extraction_log.csv"
"","","not_recorded_in_source_log","61cba17b32b74af2c29229b769b5c60cc1a173635a61c62ce750195bd73de780","","","-MeTTeMJBNc_0","E","aligned_50","PASS","(50,768)|(50,74)|(50,35)","text=26;audio=50;vision=50","","9.3","build_aligned50.py + validate_aligned50.py","stepE_alignment/data/aligned_50_validation.csv"
"","","not_recorded_in_source_log","61cba17b32b74af2c29229b769b5c60cc1a173635a61c62ce750195bd73de780","","","-MeTTeMJBNc_13","A","index","PASS","1 row","","","5.430000","ffmpeg_stream_copy","stepA_index/data/sample_index.csv"
"","","not_recorded_in_source_log","61cba17b32b74af2c29229b769b5c60cc1a173635a61c62ce750195bd73de780","","","-MeTTeMJBNc_13","B","text","PASS","(50, 768)","16","","5.430000","bert-base-uncased / transformers 4.49.0","stepB_text/data/text_extraction_log.csv"
"","","not_recorded_in_source_log","61cba17b32b74af2c29229b769b5c60cc1a173635a61c62ce750195bd73de780","","","-MeTTeMJBNc_13","C","audio","PASS","(50,74)","49","0.98","5.43","librosa 0.10.2.post1 / FFmpeg ffmpeg version 7.1-essentials_build-www.gyan.dev Copyright (c) 2000-2024 the FFmpeg developers","stepC_audio/data/audio_extraction_log.csv"
"","","not_recorded_in_source_log","61cba17b32b74af2c29229b769b5c60cc1a173635a61c62ce750195bd73de780","","","-MeTTeMJBNc_13","D","vision","PASS","(50,35)","49","0.98","5.43","OpenCV 4.11.0 / MediaPipe 0.10.21","stepD_vision/data/vision_extraction_log.csv"
"","","not_recorded_in_source_log","61cba17b32b74af2c29229b769b5c60cc1a173635a61c62ce750195bd73de780","","","-MeTTeMJBNc_13","E","aligned_50","PASS","(50,768)|(50,74)|(50,35)","text=16;audio=49;vision=49","","5.43","build_aligned50.py + validate_aligned50.py","stepE_alignment/data/aligned_50_validation.csv"
"","","not_recorded_in_source_log","61cba17b32b74af2c29229b769b5c60cc1a173635a61c62ce750195bd73de780","","","-MeTTeMJBNc_7","A","index","PASS","1 row","","","10.520000","ffmpeg_stream_copy","stepA_index/data/sample_index.csv"
"","","not_recorded_in_source_log","61cba17b32b74af2c29229b769b5c60cc1a173635a61c62ce750195bd73de780","","","-MeTTeMJBNc_7","B","text","PASS","(50, 768)","33","","10.520000","bert-base-uncased / transformers 4.49.0","stepB_text/data/text_extraction_log.csv"
"","","not_recorded_in_source_log","61cba17b32b74af2c29229b769b5c60cc1a173635a61c62ce750195bd73de780","","","-MeTTeMJBNc_7","C","audio","PASS","(50,74)","50","1.0","10.52","librosa 0.10.2.post1 / FFmpeg ffmpeg version 7.1-essentials_build-www.gyan.dev Copyright (c) 2000-2024 the FFmpeg developers","stepC_audio/data/audio_extraction_log.csv"
"","","not_recorded_in_source_log","61cba17b32b74af2c29229b769b5c60cc1a173635a61c62ce750195bd73de780","","","-MeTTeMJBNc_7","D","vision","PASS","(50,35)","50","1.0","10.52","OpenCV 4.11.0 / MediaPipe 0.10.21","stepD_vision/data/vision_extraction_log.csv"
"","","not_recorded_in_source_log","61cba17b32b74af2c29229b769b5c60cc1a173635a61c62ce750195bd73de780","","","-MeTTeMJBNc_7","E","aligned_50","PASS","(50,768)|(50,74)|(50,35)","text=33;audio=50;vision=50","","10.52","build_aligned50.py + validate_aligned50.py","stepE_alignment/data/aligned_50_validation.csv"
"","","not_recorded_in_source_log","61cba17b32b74af2c29229b769b5c60cc1a173635a61c62ce750195bd73de780","","","-RfYyzHpjk4_11","A","index","PASS","1 row","","","5.240000","ffmpeg_stream_copy","stepA_index/data/sample_index.csv"
"","","not_recorded_in_source_log","61cba17b32b74af2c29229b769b5c60cc1a173635a61c62ce750195bd73de780","","","-RfYyzHpjk4_11","B","text","PASS","(50, 768)","19","","5.240000","bert-base-uncased / transformers 4.49.0","stepB_text/data/text_extraction_log.csv"
"","","not_recorded_in_source_log","61cba17b32b74af2c29229b769b5c60cc1a173635a61c62ce750195bd73de780","","","-RfYyzHpjk4_11","C","audio","PASS","(50,74)","49","0.98","5.24","librosa 0.10.2.post1 / FFmpeg ffmpeg version 7.1-essentials_build-www.gyan.dev Copyright (c) 2000-2024 the FFmpeg developers","stepC_audio/data/audio_extraction_log.csv"
"","","not_recorded_in_source_log","61cba17b32b74af2c29229b769b5c60cc1a173635a61c62ce750195bd73de780","","","-RfYyzHpjk4_11","D","vision","PASS","(50,35)","49","0.98","5.24","OpenCV 4.11.0 / MediaPipe 0.10.21","stepD_vision/data/vision_extraction_log.csv"
"","","not_recorded_in_source_log","61cba17b32b74af2c29229b769b5c60cc1a173635a61c62ce750195bd73de780","","","-RfYyzHpjk4_11","E","aligned_50","PASS","(50,768)|(50,74)|(50,35)","text=19;audio=49;vision=49","","5.24","build_aligned50.py + validate_aligned50.py","stepE_alignment/data/aligned_50_validation.csv"
"","","not_recorded_in_source_log","61cba17b32b74af2c29229b769b5c60cc1a173635a61c62ce750195bd73de780","","","-RfYyzHpjk4_8","A","index","PASS","1 row","","","4.590000","ffmpeg_stream_copy","stepA_index/data/sample_index.csv"
"","","not_recorded_in_source_log","61cba17b32b74af2c29229b769b5c60cc1a173635a61c62ce750195bd73de780","","","-RfYyzHpjk4_8","B","text","PASS","(50, 768)","21","","4.590000","bert-base-uncased / transformers 4.49.0","stepB_text/data/text_extraction_log.csv"
"","","not_recorded_in_source_log","61cba17b32b74af2c29229b769b5c60cc1a173635a61c62ce750195bd73de780","","","-RfYyzHpjk4_8","C","audio","PASS","(50,74)","50","1.0","4.59","librosa 0.10.2.post1 / FFmpeg ffmpeg version 7.1-essentials_build-www.gyan.dev Copyright (c) 2000-2024 the FFmpeg developers","stepC_audio/data/audio_extraction_log.csv"
"","","not_recorded_in_source_log","61cba17b32b74af2c29229b769b5c60cc1a173635a61c62ce750195bd73de780","","","-RfYyzHpjk4_8","D","vision","PASS","(50,35)","46","0.92","4.59","OpenCV 4.11.0 / MediaPipe 0.10.21","stepD_vision/data/vision_extraction_log.csv"
"","","not_recorded_in_source_log","61cba17b32b74af2c29229b769b5c60cc1a173635a61c62ce750195bd73de780","","","-RfYyzHpjk4_8","E","aligned_50","PASS","(50,768)|(50,74)|(50,35)","text=21;audio=50;vision=46","","4.59","build_aligned50.py + validate_aligned50.py","stepE_alignment/data/aligned_50_validation.csv"
"","","not_recorded_in_source_log","61cba17b32b74af2c29229b769b5c60cc1a173635a61c62ce750195bd73de780","","","-RfYyzHpjk4_2","A","index","PASS","1 row","","","5.520000","ffmpeg_stream_copy","stepA_index/data/sample_index.csv"
"","","not_recorded_in_source_log","61cba17b32b74af2c29229b769b5c60cc1a173635a61c62ce750195bd73de780","","","-RfYyzHpjk4_2","B","text","PASS","(50, 768)","29","","5.520000","bert-base-uncased / transformers 4.49.0","stepB_text/data/text_extraction_log.csv"
"","","not_recorded_in_source_log","61cba17b32b74af2c29229b769b5c60cc1a173635a61c62ce750195bd73de780","","","-RfYyzHpjk4_2","C","audio","PASS","(50,74)","49","0.98","5.52","librosa 0.10.2.post1 / FFmpeg ffmpeg version 7.1-essentials_build-www.gyan.dev Copyright (c) 2000-2024 the FFmpeg developers","stepC_audio/data/audio_extraction_log.csv"
"","","not_recorded_in_source_log","61cba17b32b74af2c29229b769b5c60cc1a173635a61c62ce750195bd73de780","","","-RfYyzHpjk4_2","D","vision","PASS","(50,35)","46","0.92","5.52","OpenCV 4.11.0 / MediaPipe 0.10.21","stepD_vision/data/vision_extraction_log.csv"
"","","not_recorded_in_source_log","61cba17b32b74af2c29229b769b5c60cc1a173635a61c62ce750195bd73de780","","","-RfYyzHpjk4_2","E","aligned_50","PASS","(50,768)|(50,74)|(50,35)","text=29;audio=49;vision=46","","5.52","build_aligned50.py + validate_aligned50.py","stepE_alignment/data/aligned_50_validation.csv"
"","","not_recorded_in_source_log","61cba17b32b74af2c29229b769b5c60cc1a173635a61c62ce750195bd73de780","","","-UUCSKoHeMA_0","A","index","PASS","1 row","","","7.800000","ffmpeg_stream_copy","stepA_index/data/sample_index.csv"
"","","not_recorded_in_source_log","61cba17b32b74af2c29229b769b5c60cc1a173635a61c62ce750195bd73de780","","","-UUCSKoHeMA_0","B","text","PASS","(50, 768)","23","","7.800000","bert-base-uncased / transformers 4.49.0","stepB_text/data/text_extraction_log.csv"
"","","not_recorded_in_source_log","61cba17b32b74af2c29229b769b5c60cc1a173635a61c62ce750195bd73de780","","","-UUCSKoHeMA_0","C","audio","PASS","(50,74)","50","1.0","7.8","librosa 0.10.2.post1 / FFmpeg ffmpeg version 7.1-essentials_build-www.gyan.dev Copyright (c) 2000-2024 the FFmpeg developers","stepC_audio/data/audio_extraction_log.csv"
"","","not_recorded_in_source_log","61cba17b32b74af2c29229b769b5c60cc1a173635a61c62ce750195bd73de780","","","-UUCSKoHeMA_0","D","vision","PASS","(50,35)","50","1.0","7.8","OpenCV 4.11.0 / MediaPipe 0.10.21","stepD_vision/data/vision_extraction_log.csv"
"","","not_recorded_in_source_log","61cba17b32b74af2c29229b769b5c60cc1a173635a61c62ce750195bd73de780","","","-UUCSKoHeMA_0","E","aligned_50","PASS","(50,768)|(50,74)|(50,35)","text=23;audio=50;vision=50","","7.8","build_aligned50.py + validate_aligned50.py","stepE_alignment/data/aligned_50_validation.csv"
"","","not_recorded_in_source_log","61cba17b32b74af2c29229b769b5c60cc1a173635a61c62ce750195bd73de780","","","-ri04Z7vwnc_0","A","index","PASS","1 row","","","2.810000","ffmpeg_stream_copy","stepA_index/data/sample_index.csv"
"","","not_recorded_in_source_log","61cba17b32b74af2c29229b769b5c60cc1a173635a61c62ce750195bd73de780","","","-ri04Z7vwnc_0","B","text","PASS","(50, 768)","8","","2.810000","bert-base-uncased / transformers 4.49.0","stepB_text/data/text_extraction_log.csv"
"","","not_recorded_in_source_log","61cba17b32b74af2c29229b769b5c60cc1a173635a61c62ce750195bd73de780","","","-ri04Z7vwnc_0","C","audio","PASS","(50,74)","49","0.98","2.81","librosa 0.10.2.post1 / FFmpeg ffmpeg version 7.1-essentials_build-www.gyan.dev Copyright (c) 2000-2024 the FFmpeg developers","stepC_audio/data/audio_extraction_log.csv"
"","","not_recorded_in_source_log","61cba17b32b74af2c29229b769b5c60cc1a173635a61c62ce750195bd73de780","","","-ri04Z7vwnc_0","D","vision","FAIL","(50,35)","0","0.0","2.81","OpenCV 4.11.0 / MediaPipe 0.10.21","stepD_vision/data/vision_extraction_log.csv"
"","","not_recorded_in_source_log","61cba17b32b74af2c29229b769b5c60cc1a173635a61c62ce750195bd73de780","","","-ri04Z7vwnc_0","E","aligned_50","PASS","(50,768)|(50,74)|(50,35)","text=8;audio=49;vision=0","","2.81","build_aligned50.py + validate_aligned50.py","stepE_alignment/data/aligned_50_validation.csv"
"","","not_recorded_in_source_log","61cba17b32b74af2c29229b769b5c60cc1a173635a61c62ce750195bd73de780","","","-ri04Z7vwnc_2","A","index","PASS","1 row","","","6.030000","ffmpeg_stream_copy","stepA_index/data/sample_index.csv"
"","","not_recorded_in_source_log","61cba17b32b74af2c29229b769b5c60cc1a173635a61c62ce750195bd73de780","","","-ri04Z7vwnc_2","B","text","PASS","(50, 768)","26","","6.030000","bert-base-uncased / transformers 4.49.0","stepB_text/data/text_extraction_log.csv"
"","","not_recorded_in_source_log","61cba17b32b74af2c29229b769b5c60cc1a173635a61c62ce750195bd73de780","","","-ri04Z7vwnc_2","C","audio","PASS","(50,74)","49","0.98","6.03","librosa 0.10.2.post1 / FFmpeg ffmpeg version 7.1-essentials_build-www.gyan.dev Copyright (c) 2000-2024 the FFmpeg developers","stepC_audio/data/audio_extraction_log.csv"
"","","not_recorded_in_source_log","61cba17b32b74af2c29229b769b5c60cc1a173635a61c62ce750195bd73de780","","","-ri04Z7vwnc_2","D","vision","PASS","(50,35)","18","0.36","6.03","OpenCV 4.11.0 / MediaPipe 0.10.21","stepD_vision/data/vision_extraction_log.csv"
"","","not_recorded_in_source_log","61cba17b32b74af2c29229b769b5c60cc1a173635a61c62ce750195bd73de780","","","-ri04Z7vwnc_2","E","aligned_50","PASS","(50,768)|(50,74)|(50,35)","text=26;audio=49;vision=18","","6.03","build_aligned50.py + validate_aligned50.py","stepE_alignment/data/aligned_50_validation.csv"
"","","not_recorded_in_source_log","61cba17b32b74af2c29229b769b5c60cc1a173635a61c62ce750195bd73de780","","","-ri04Z7vwnc_5","A","index","PASS","1 row","","","3.550000","ffmpeg_stream_copy","stepA_index/data/sample_index.csv"
"","","not_recorded_in_source_log","61cba17b32b74af2c29229b769b5c60cc1a173635a61c62ce750195bd73de780","","","-ri04Z7vwnc_5","B","text","PASS","(50, 768)","11","","3.550000","bert-base-uncased / transformers 4.49.0","stepB_text/data/text_extraction_log.csv"
"","","not_recorded_in_source_log","61cba17b32b74af2c29229b769b5c60cc1a173635a61c62ce750195bd73de780","","","-ri04Z7vwnc_5","C","audio","PASS","(50,74)","49","0.98","3.55","librosa 0.10.2.post1 / FFmpeg ffmpeg version 7.1-essentials_build-www.gyan.dev Copyright (c) 2000-2024 the FFmpeg developers","stepC_audio/data/audio_extraction_log.csv"
"","","not_recorded_in_source_log","61cba17b32b74af2c29229b769b5c60cc1a173635a61c62ce750195bd73de780","","","-ri04Z7vwnc_5","D","vision","PASS","(50,35)","35","0.7","3.55","OpenCV 4.11.0 / MediaPipe 0.10.21","stepD_vision/data/vision_extraction_log.csv"
"","","not_recorded_in_source_log","61cba17b32b74af2c29229b769b5c60cc1a173635a61c62ce750195bd73de780","","","-ri04Z7vwnc_5","E","aligned_50","PASS","(50,768)|(50,74)|(50,35)","text=11;audio=49;vision=35","","3.55","build_aligned50.py + validate_aligned50.py","stepE_alignment/data/aligned_50_validation.csv"
"","","not_recorded_in_source_log","61cba17b32b74af2c29229b769b5c60cc1a173635a61c62ce750195bd73de780","","","-s9qJ7ATP7w_1","A","index","PASS","1 row","","","4.790000","ffmpeg_stream_copy","stepA_index/data/sample_index.csv"
"","","not_recorded_in_source_log","61cba17b32b74af2c29229b769b5c60cc1a173635a61c62ce750195bd73de780","","","-s9qJ7ATP7w_1","B","text","PASS","(50, 768)","12","","4.790000","bert-base-uncased / transformers 4.49.0","stepB_text/data/text_extraction_log.csv"
"","","not_recorded_in_source_log","61cba17b32b74af2c29229b769b5c60cc1a173635a61c62ce750195bd73de780","","","-s9qJ7ATP7w_1","C","audio","PASS","(50,74)","49","0.98","4.79","librosa 0.10.2.post1 / FFmpeg ffmpeg version 7.1-essentials_build-www.gyan.dev Copyright (c) 2000-2024 the FFmpeg developers","stepC_audio/data/audio_extraction_log.csv"
"","","not_recorded_in_source_log","61cba17b32b74af2c29229b769b5c60cc1a173635a61c62ce750195bd73de780","","","-s9qJ7ATP7w_1","D","vision","PASS","(50,35)","48","0.96","4.79","OpenCV 4.11.0 / MediaPipe 0.10.21","stepD_vision/data/vision_extraction_log.csv"
"","","not_recorded_in_source_log","61cba17b32b74af2c29229b769b5c60cc1a173635a61c62ce750195bd73de780","","","-s9qJ7ATP7w_1","E","aligned_50","PASS","(50,768)|(50,74)|(50,35)","text=12;audio=49;vision=48","","4.79","build_aligned50.py + validate_aligned50.py","stepE_alignment/data/aligned_50_validation.csv"
"","","not_recorded_in_source_log","61cba17b32b74af2c29229b769b5c60cc1a173635a61c62ce750195bd73de780","","","-s9qJ7ATP7w_0","A","index","PASS","1 row","","","6.800000","ffmpeg_stream_copy","stepA_index/data/sample_index.csv"
"","","not_recorded_in_source_log","61cba17b32b74af2c29229b769b5c60cc1a173635a61c62ce750195bd73de780","","","-s9qJ7ATP7w_0","B","text","PASS","(50, 768)","28","","6.800000","bert-base-uncased / transformers 4.49.0","stepB_text/data/text_extraction_log.csv"
"","","not_recorded_in_source_log","61cba17b32b74af2c29229b769b5c60cc1a173635a61c62ce750195bd73de780","","","-s9qJ7ATP7w_0","C","audio","PASS","(50,74)","50","1.0","6.8","librosa 0.10.2.post1 / FFmpeg ffmpeg version 7.1-essentials_build-www.gyan.dev Copyright (c) 2000-2024 the FFmpeg developers","stepC_audio/data/audio_extraction_log.csv"
"","","not_recorded_in_source_log","61cba17b32b74af2c29229b769b5c60cc1a173635a61c62ce750195bd73de780","","","-s9qJ7ATP7w_0","D","vision","PASS","(50,35)","49","0.98","6.8","OpenCV 4.11.0 / MediaPipe 0.10.21","stepD_vision/data/vision_extraction_log.csv"
"","","not_recorded_in_source_log","61cba17b32b74af2c29229b769b5c60cc1a173635a61c62ce750195bd73de780","","","-s9qJ7ATP7w_0","E","aligned_50","PASS","(50,768)|(50,74)|(50,35)","text=28;audio=50;vision=49","","6.8","build_aligned50.py + validate_aligned50.py","stepE_alignment/data/aligned_50_validation.csv"
"","","not_recorded_in_source_log","61cba17b32b74af2c29229b769b5c60cc1a173635a61c62ce750195bd73de780","","","-s9qJ7ATP7w_5","A","index","PASS","1 row","","","8.560000","ffmpeg_stream_copy","stepA_index/data/sample_index.csv"
"","","not_recorded_in_source_log","61cba17b32b74af2c29229b769b5c60cc1a173635a61c62ce750195bd73de780","","","-s9qJ7ATP7w_5","B","text","PASS","(50, 768)","20","","8.560000","bert-base-uncased / transformers 4.49.0","stepB_text/data/text_extraction_log.csv"
"","","not_recorded_in_source_log","61cba17b32b74af2c29229b769b5c60cc1a173635a61c62ce750195bd73de780","","","-s9qJ7ATP7w_5","C","audio","PASS","(50,74)","49","0.98","8.56","librosa 0.10.2.post1 / FFmpeg ffmpeg version 7.1-essentials_build-www.gyan.dev Copyright (c) 2000-2024 the FFmpeg developers","stepC_audio/data/audio_extraction_log.csv"
"","","not_recorded_in_source_log","61cba17b32b74af2c29229b769b5c60cc1a173635a61c62ce750195bd73de780","","","-s9qJ7ATP7w_5","D","vision","PASS","(50,35)","50","1.0","8.56","OpenCV 4.11.0 / MediaPipe 0.10.21","stepD_vision/data/vision_extraction_log.csv"
"","","not_recorded_in_source_log","61cba17b32b74af2c29229b769b5c60cc1a173635a61c62ce750195bd73de780","","","-s9qJ7ATP7w_5","E","aligned_50","PASS","(50,768)|(50,74)|(50,35)","text=20;audio=49;vision=50","","8.56","build_aligned50.py + validate_aligned50.py","stepE_alignment/data/aligned_50_validation.csv"
"","","not_recorded_in_source_log","61cba17b32b74af2c29229b769b5c60cc1a173635a61c62ce750195bd73de780","","","-s9qJ7ATP7w_4","A","index","PASS","1 row","","","4.430000","ffmpeg_stream_copy","stepA_index/data/sample_index.csv"
"","","not_recorded_in_source_log","61cba17b32b74af2c29229b769b5c60cc1a173635a61c62ce750195bd73de780","","","-s9qJ7ATP7w_4","B","text","PASS","(50, 768)","10","","4.430000","bert-base-uncased / transformers 4.49.0","stepB_text/data/text_extraction_log.csv"
"","","not_recorded_in_source_log","61cba17b32b74af2c29229b769b5c60cc1a173635a61c62ce750195bd73de780","","","-s9qJ7ATP7w_4","C","audio","PASS","(50,74)","48","0.96","4.43","librosa 0.10.2.post1 / FFmpeg ffmpeg version 7.1-essentials_build-www.gyan.dev Copyright (c) 2000-2024 the FFmpeg developers","stepC_audio/data/audio_extraction_log.csv"
"","","not_recorded_in_source_log","61cba17b32b74af2c29229b769b5c60cc1a173635a61c62ce750195bd73de780","","","-s9qJ7ATP7w_4","D","vision","PASS","(50,35)","29","0.58","4.43","OpenCV 4.11.0 / MediaPipe 0.10.21","stepD_vision/data/vision_extraction_log.csv"
"","","not_recorded_in_source_log","61cba17b32b74af2c29229b769b5c60cc1a173635a61c62ce750195bd73de780","","","-s9qJ7ATP7w_4","E","aligned_50","PASS","(50,768)|(50,74)|(50,35)","text=10;audio=48;vision=29","","4.43","build_aligned50.py + validate_aligned50.py","stepE_alignment/data/aligned_50_validation.csv"
"","","not_recorded_in_source_log","61cba17b32b74af2c29229b769b5c60cc1a173635a61c62ce750195bd73de780","","","-s9qJ7ATP7w_7","A","index","PASS","1 row","","","6.970000","ffmpeg_stream_copy","stepA_index/data/sample_index.csv"
"","","not_recorded_in_source_log","61cba17b32b74af2c29229b769b5c60cc1a173635a61c62ce750195bd73de780","","","-s9qJ7ATP7w_7","B","text","PASS","(50, 768)","38","","6.970000","bert-base-uncased / transformers 4.49.0","stepB_text/data/text_extraction_log.csv"
"","","not_recorded_in_source_log","61cba17b32b74af2c29229b769b5c60cc1a173635a61c62ce750195bd73de780","","","-s9qJ7ATP7w_7","C","audio","PASS","(50,74)","49","0.98","6.97","librosa 0.10.2.post1 / FFmpeg ffmpeg version 7.1-essentials_build-www.gyan.dev Copyright (c) 2000-2024 the FFmpeg developers","stepC_audio/data/audio_extraction_log.csv"
"","","not_recorded_in_source_log","61cba17b32b74af2c29229b769b5c60cc1a173635a61c62ce750195bd73de780","","","-s9qJ7ATP7w_7","D","vision","PASS","(50,35)","29","0.58","6.97","OpenCV 4.11.0 / MediaPipe 0.10.21","stepD_vision/data/vision_extraction_log.csv"
"","","not_recorded_in_source_log","61cba17b32b74af2c29229b769b5c60cc1a173635a61c62ce750195bd73de780","","","-s9qJ7ATP7w_7","E","aligned_50","PASS","(50,768)|(50,74)|(50,35)","text=38;audio=49;vision=29","","6.97","build_aligned50.py + validate_aligned50.py","stepE_alignment/data/aligned_50_validation.csv"
"","","not_recorded_in_source_log","61cba17b32b74af2c29229b769b5c60cc1a173635a61c62ce750195bd73de780","","","-s9qJ7ATP7w_6","A","index","PASS","1 row","","","2.480000","ffmpeg_stream_copy","stepA_index/data/sample_index.csv"
"","","not_recorded_in_source_log","61cba17b32b74af2c29229b769b5c60cc1a173635a61c62ce750195bd73de780","","","-s9qJ7ATP7w_6","B","text","PASS","(50, 768)","5","","2.480000","bert-base-uncased / transformers 4.49.0","stepB_text/data/text_extraction_log.csv"
"","","not_recorded_in_source_log","61cba17b32b74af2c29229b769b5c60cc1a173635a61c62ce750195bd73de780","","","-s9qJ7ATP7w_6","C","audio","PASS","(50,74)","47","0.94","2.48","librosa 0.10.2.post1 / FFmpeg ffmpeg version 7.1-essentials_build-www.gyan.dev Copyright (c) 2000-2024 the FFmpeg developers","stepC_audio/data/audio_extraction_log.csv"
"","","not_recorded_in_source_log","61cba17b32b74af2c29229b769b5c60cc1a173635a61c62ce750195bd73de780","","","-s9qJ7ATP7w_6","D","vision","PASS","(50,35)","19","0.38","2.48","OpenCV 4.11.0 / MediaPipe 0.10.21","stepD_vision/data/vision_extraction_log.csv"
"","","not_recorded_in_source_log","61cba17b32b74af2c29229b769b5c60cc1a173635a61c62ce750195bd73de780","","","-s9qJ7ATP7w_6","E","aligned_50","PASS","(50,768)|(50,74)|(50,35)","text=5;audio=47;vision=19","","2.48","build_aligned50.py + validate_aligned50.py","stepE_alignment/data/aligned_50_validation.csv"
"","","not_recorded_in_source_log","61cba17b32b74af2c29229b769b5c60cc1a173635a61c62ce750195bd73de780","","","-s9qJ7ATP7w_8","A","index","PASS","1 row","","","3.290000","ffmpeg_stream_copy","stepA_index/data/sample_index.csv"
"","","not_recorded_in_source_log","61cba17b32b74af2c29229b769b5c60cc1a173635a61c62ce750195bd73de780","","","-s9qJ7ATP7w_8","B","text","PASS","(50, 768)","17","","3.290000","bert-base-uncased / transformers 4.49.0","stepB_text/data/text_extraction_log.csv"
"","","not_recorded_in_source_log","61cba17b32b74af2c29229b769b5c60cc1a173635a61c62ce750195bd73de780","","","-s9qJ7ATP7w_8","C","audio","PASS","(50,74)","49","0.98","3.29","librosa 0.10.2.post1 / FFmpeg ffmpeg version 7.1-essentials_build-www.gyan.dev Copyright (c) 2000-2024 the FFmpeg developers","stepC_audio/data/audio_extraction_log.csv"
"","","not_recorded_in_source_log","61cba17b32b74af2c29229b769b5c60cc1a173635a61c62ce750195bd73de780","","","-s9qJ7ATP7w_8","D","vision","PASS","(50,35)","33","0.66","3.29","OpenCV 4.11.0 / MediaPipe 0.10.21","stepD_vision/data/vision_extraction_log.csv"
"","","not_recorded_in_source_log","61cba17b32b74af2c29229b769b5c60cc1a173635a61c62ce750195bd73de780","","","-s9qJ7ATP7w_8","E","aligned_50","PASS","(50,768)|(50,74)|(50,35)","text=17;audio=49;vision=33","","3.29","build_aligned50.py + validate_aligned50.py","stepE_alignment/data/aligned_50_validation.csv"
"","","not_recorded_in_source_log","61cba17b32b74af2c29229b769b5c60cc1a173635a61c62ce750195bd73de780","","","-yRb-Jum7EQ_1","A","index","PASS","1 row","","","29.290000","ffmpeg_stream_copy","stepA_index/data/sample_index.csv"
"","","not_recorded_in_source_log","61cba17b32b74af2c29229b769b5c60cc1a173635a61c62ce750195bd73de780","","","-yRb-Jum7EQ_1","B","text","PASS","(50, 768)","50","","29.290000","bert-base-uncased / transformers 4.49.0","stepB_text/data/text_extraction_log.csv"
"","","not_recorded_in_source_log","61cba17b32b74af2c29229b769b5c60cc1a173635a61c62ce750195bd73de780","","","-yRb-Jum7EQ_1","C","audio","PASS","(50,74)","50","1.0","29.29","librosa 0.10.2.post1 / FFmpeg ffmpeg version 7.1-essentials_build-www.gyan.dev Copyright (c) 2000-2024 the FFmpeg developers","stepC_audio/data/audio_extraction_log.csv"
"","","not_recorded_in_source_log","61cba17b32b74af2c29229b769b5c60cc1a173635a61c62ce750195bd73de780","","","-yRb-Jum7EQ_1","D","vision","PASS","(50,35)","50","1.0","29.29","OpenCV 4.11.0 / MediaPipe 0.10.21","stepD_vision/data/vision_extraction_log.csv"
"","","not_recorded_in_source_log","61cba17b32b74af2c29229b769b5c60cc1a173635a61c62ce750195bd73de780","","","-yRb-Jum7EQ_1","E","aligned_50","PASS","(50,768)|(50,74)|(50,35)","text=50;audio=50;vision=50","","29.29","build_aligned50.py + validate_aligned50.py","stepE_alignment/data/aligned_50_validation.csv"
"","","not_recorded_in_source_log","61cba17b32b74af2c29229b769b5c60cc1a173635a61c62ce750195bd73de780","","","-yRb-Jum7EQ_5","A","index","PASS","1 row","","","13.170000","ffmpeg_stream_copy","stepA_index/data/sample_index.csv"
"","","not_recorded_in_source_log","61cba17b32b74af2c29229b769b5c60cc1a173635a61c62ce750195bd73de780","","","-yRb-Jum7EQ_5","B","text","PASS","(50, 768)","31","","13.170000","bert-base-uncased / transformers 4.49.0","stepB_text/data/text_extraction_log.csv"
"","","not_recorded_in_source_log","61cba17b32b74af2c29229b769b5c60cc1a173635a61c62ce750195bd73de780","","","-yRb-Jum7EQ_5","C","audio","PASS","(50,74)","50","1.0","13.17","librosa 0.10.2.post1 / FFmpeg ffmpeg version 7.1-essentials_build-www.gyan.dev Copyright (c) 2000-2024 the FFmpeg developers","stepC_audio/data/audio_extraction_log.csv"
"","","not_recorded_in_source_log","61cba17b32b74af2c29229b769b5c60cc1a173635a61c62ce750195bd73de780","","","-yRb-Jum7EQ_5","D","vision","PASS","(50,35)","50","1.0","13.17","OpenCV 4.11.0 / MediaPipe 0.10.21","stepD_vision/data/vision_extraction_log.csv"
"","","not_recorded_in_source_log","61cba17b32b74af2c29229b769b5c60cc1a173635a61c62ce750195bd73de780","","","-yRb-Jum7EQ_5","E","aligned_50","PASS","(50,768)|(50,74)|(50,35)","text=31;audio=50;vision=50","","13.17","build_aligned50.py + validate_aligned50.py","stepE_alignment/data/aligned_50_validation.csv"
"","","not_recorded_in_source_log","61cba17b32b74af2c29229b769b5c60cc1a173635a61c62ce750195bd73de780","","","-yRb-Jum7EQ_6","A","index","PASS","1 row","","","11.240000","ffmpeg_stream_copy","stepA_index/data/sample_index.csv"
"","","not_recorded_in_source_log","61cba17b32b74af2c29229b769b5c60cc1a173635a61c62ce750195bd73de780","","","-yRb-Jum7EQ_6","B","text","PASS","(50, 768)","24","","11.240000","bert-base-uncased / transformers 4.49.0","stepB_text/data/text_extraction_log.csv"
"","","not_recorded_in_source_log","61cba17b32b74af2c29229b769b5c60cc1a173635a61c62ce750195bd73de780","","","-yRb-Jum7EQ_6","C","audio","PASS","(50,74)","50","1.0","11.24","librosa 0.10.2.post1 / FFmpeg ffmpeg version 7.1-essentials_build-www.gyan.dev Copyright (c) 2000-2024 the FFmpeg developers","stepC_audio/data/audio_extraction_log.csv"
"","","not_recorded_in_source_log","61cba17b32b74af2c29229b769b5c60cc1a173635a61c62ce750195bd73de780","","","-yRb-Jum7EQ_6","D","vision","PASS","(50,35)","50","1.0","11.24","OpenCV 4.11.0 / MediaPipe 0.10.21","stepD_vision/data/vision_extraction_log.csv"
"","","not_recorded_in_source_log","61cba17b32b74af2c29229b769b5c60cc1a173635a61c62ce750195bd73de780","","","-yRb-Jum7EQ_6","E","aligned_50","PASS","(50,768)|(50,74)|(50,35)","text=24;audio=50;vision=50","","11.24","build_aligned50.py + validate_aligned50.py","stepE_alignment/data/aligned_50_validation.csv"
