sample_id,modality,start_bin,end_bin_exclusive,normalized_start,normalized_end,position_unit,target_probability_after_occlusion,classification_delta_signed,classification_delta_abs,intensity_after_occlusion,regression_delta_signed,regression_delta_abs,valid_fraction,evidence_status,classification_rank,regression_rank,selected_classification,selected_regression
01,text,0,5,0.0,0.1,token_bin,0.5888603925704956,0.09688568115234375,0.09688568115234375,0.0,0.0,0.0,0.8,token_index_only,8,3,False,True
01,text,2,7,0.04,0.14,token_bin,0.5049865245819092,0.18075954914093018,0.18075954914093018,0.0,0.0,0.0,1.0,token_index_only,3,4,True,False
01,text,4,9,0.08,0.18,token_bin,0.622867226600647,0.06287884712219238,0.06287884712219238,0.0,0.0,0.0,1.0,token_index_only,9,5,False,False
01,text,6,11,0.12,0.22,token_bin,0.5510786771774292,0.13466739654541016,0.13466739654541016,0.0,0.0,0.0,1.0,token_index_only,6,6,False,False
01,text,8,13,0.16,0.26,token_bin,0.806075930595398,-0.1203298568725586,0.1203298568725586,0.0,0.0,0.0,1.0,token_index_only,7,7,False,False
01,text,10,15,0.2,0.3,token_bin,0.851099967956543,-0.1653538942337036,0.1653538942337036,0.0,0.0,0.0,1.0,token_index_only,4,8,False,False
01,text,12,17,0.24,0.34,token_bin,0.7085267305374146,-0.022780656814575195,0.022780656814575195,0.0,0.0,0.0,1.0,token_index_only,11,9,False,False
01,text,14,19,0.28,0.38,token_bin,0.6673711538314819,0.018374919891357422,0.018374919891357422,0.0,0.0,0.0,1.0,token_index_only,12,10,False,False
01,text,16,21,0.32,0.42,token_bin,0.4740784764289856,0.21166759729385376,0.21166759729385376,0.21090920269489288,-0.21090920269489288,0.21090920269489288,1.0,token_index_only,2,2,True,True
01,text,18,23,0.36,0.46,token_bin,0.4678838849067688,0.21786218881607056,0.21786218881607056,0.22557932138442993,-0.22557932138442993,0.22557932138442993,1.0,token_index_only,1,1,True,True
01,text,20,25,0.4,0.5,token_bin,0.5385861396789551,0.14715993404388428,0.14715993404388428,0.0,0.0,0.0,0.6,token_index_only,5,11,False,False
01,text,22,27,0.44,0.54,token_bin,0.6578251719474792,0.027920901775360107,0.027920901775360107,0.0,0.0,0.0,0.2,token_index_only,10,12,False,False
01,text,24,29,0.48,0.58,token_bin,0.6857461333274841,-5.960464477539063e-08,5.960464477539063e-08,0.0,0.0,0.0,0.0,token_index_only,13,13,False,False
01,text,26,31,0.52,0.62,token_bin,0.6857461333274841,-5.960464477539063e-08,5.960464477539063e-08,0.0,0.0,0.0,0.0,token_index_only,14,14,False,False
01,text,28,33,0.56,0.66,token_bin,0.6857461333274841,-5.960464477539063e-08,5.960464477539063e-08,0.0,0.0,0.0,0.0,token_index_only,15,15,False,False
01,text,30,35,0.6,0.7,token_bin,0.6857461333274841,-5.960464477539063e-08,5.960464477539063e-08,0.0,0.0,0.0,0.0,token_index_only,16,16,False,False
01,text,32,37,0.64,0.74,token_bin,0.6857461333274841,-5.960464477539063e-08,5.960464477539063e-08,0.0,0.0,0.0,0.0,token_index_only,17,17,False,False
01,text,34,39,0.68,0.78,token_bin,0.6857461333274841,-5.960464477539063e-08,5.960464477539063e-08,0.0,0.0,0.0,0.0,token_index_only,18,18,False,False
01,text,36,41,0.72,0.82,token_bin,0.6857461333274841,-5.960464477539063e-08,5.960464477539063e-08,0.0,0.0,0.0,0.0,token_index_only,19,19,False,False
01,text,38,43,0.76,0.86,token_bin,0.6857461333274841,-5.960464477539063e-08,5.960464477539063e-08,0.0,0.0,0.0,0.0,token_index_only,20,20,False,False
01,text,40,45,0.8,0.9,token_bin,0.6857461333274841,-5.960464477539063e-08,5.960464477539063e-08,0.0,0.0,0.0,0.0,token_index_only,21,21,False,False
01,text,42,47,0.84,0.94,token_bin,0.6857461333274841,-5.960464477539063e-08,5.960464477539063e-08,0.0,0.0,0.0,0.0,token_index_only,22,22,False,False
01,text,44,49,0.88,0.98,token_bin,0.6857461333274841,-5.960464477539063e-08,5.960464477539063e-08,0.0,0.0,0.0,0.0,token_index_only,23,23,False,False
01,text,45,50,0.9,1.0,token_bin,0.6857461333274841,-5.960464477539063e-08,5.960464477539063e-08,0.0,0.0,0.0,0.0,token_index_only,24,24,False,False
01,audio,0,5,0.0,0.1,normalized_video_time,0.7461395263671875,-0.060393452644348145,0.060393452644348145,0.0,0.0,0.0,0.8,normalized_time_only,2,1,True,True
01,audio,2,7,0.04,0.14,normalized_video_time,0.7466678619384766,-0.06092178821563721,0.06092178821563721,0.0,0.0,0.0,1.0,normalized_time_only,1,2,True,True
01,audio,4,9,0.08,0.18,normalized_video_time,0.706630527973175,-0.020884454250335693,0.020884454250335693,0.0,0.0,0.0,1.0,normalized_time_only,9,3,False,True
01,audio,6,11,0.12,0.22,normalized_video_time,0.6859971284866333,-0.0002510547637939453,0.0002510547637939453,0.0,0.0,0.0,1.0,normalized_time_only,12,4,False,False
01,audio,8,13,0.16,0.26,normalized_video_time,0.6540051698684692,0.03174090385437012,0.03174090385437012,0.0,0.0,0.0,1.0,normalized_time_only,7,5,False,False
01,audio,10,15,0.2,0.3,normalized_video_time,0.6387215256690979,0.047024548053741455,0.047024548053741455,0.0,0.0,0.0,1.0,normalized_time_only,4,6,False,False
01,audio,12,17,0.24,0.34,normalized_video_time,0.643138587474823,0.04260748624801636,0.04260748624801636,0.0,0.0,0.0,1.0,normalized_time_only,5,7,False,False
01,audio,14,19,0.28,0.38,normalized_video_time,0.6655225157737732,0.020223557949066162,0.020223557949066162,0.0,0.0,0.0,1.0,normalized_time_only,10,8,False,False
01,audio,16,21,0.32,0.42,normalized_video_time,0.6442457437515259,0.04150032997131348,0.04150032997131348,0.0,0.0,0.0,1.0,normalized_time_only,6,9,False,False
01,audio,18,23,0.36,0.46,normalized_video_time,0.6304354071617126,0.05531066656112671,0.05531066656112671,0.0,0.0,0.0,1.0,normalized_time_only,3,10,True,False
01,audio,20,25,0.4,0.5,normalized_video_time,0.6583045721054077,0.02744150161743164,0.02744150161743164,0.0,0.0,0.0,0.6,normalized_time_only,8,11,False,False
01,audio,22,27,0.44,0.54,normalized_video_time,0.6805408000946045,0.005205273628234863,0.005205273628234863,0.0,0.0,0.0,0.2,normalized_time_only,11,12,False,False
01,audio,24,29,0.48,0.58,normalized_video_time,0.6857461333274841,-5.960464477539063e-08,5.960464477539063e-08,0.0,0.0,0.0,0.0,normalized_time_only,13,13,False,False
01,audio,26,31,0.52,0.62,normalized_video_time,0.6857461333274841,-5.960464477539063e-08,5.960464477539063e-08,0.0,0.0,0.0,0.0,normalized_time_only,14,14,False,False
01,audio,28,33,0.56,0.66,normalized_video_time,0.6857461333274841,-5.960464477539063e-08,5.960464477539063e-08,0.0,0.0,0.0,0.0,normalized_time_only,15,15,False,False
01,audio,30,35,0.6,0.7,normalized_video_time,0.6857461333274841,-5.960464477539063e-08,5.960464477539063e-08,0.0,0.0,0.0,0.0,normalized_time_only,16,16,False,False
01,audio,32,37,0.64,0.74,normalized_video_time,0.6857461333274841,-5.960464477539063e-08,5.960464477539063e-08,0.0,0.0,0.0,0.0,normalized_time_only,17,17,False,False
01,audio,34,39,0.68,0.78,normalized_video_time,0.6857461333274841,-5.960464477539063e-08,5.960464477539063e-08,0.0,0.0,0.0,0.0,normalized_time_only,18,18,False,False
01,audio,36,41,0.72,0.82,normalized_video_time,0.6857461333274841,-5.960464477539063e-08,5.960464477539063e-08,0.0,0.0,0.0,0.0,normalized_time_only,19,19,False,False
01,audio,38,43,0.76,0.86,normalized_video_time,0.6857461333274841,-5.960464477539063e-08,5.960464477539063e-08,0.0,0.0,0.0,0.0,normalized_time_only,20,20,False,False
01,audio,40,45,0.8,0.9,normalized_video_time,0.6857461333274841,-5.960464477539063e-08,5.960464477539063e-08,0.0,0.0,0.0,0.0,normalized_time_only,21,21,False,False
01,audio,42,47,0.84,0.94,normalized_video_time,0.6857461333274841,-5.960464477539063e-08,5.960464477539063e-08,0.0,0.0,0.0,0.0,normalized_time_only,22,22,False,False
01,audio,44,49,0.88,0.98,normalized_video_time,0.6857461333274841,-5.960464477539063e-08,5.960464477539063e-08,0.0,0.0,0.0,0.0,normalized_time_only,23,23,False,False
01,audio,45,50,0.9,1.0,normalized_video_time,0.6857461333274841,-5.960464477539063e-08,5.960464477539063e-08,0.0,0.0,0.0,0.0,normalized_time_only,24,24,False,False
01,vision,0,5,0.0,0.1,normalized_video_time,0.6824257373809814,0.00332033634185791,0.00332033634185791,0.0,0.0,0.0,0.8,normalized_time_only,11,1,False,True
01,vision,2,7,0.04,0.14,normalized_video_time,0.6769118309020996,0.008834242820739746,0.008834242820739746,0.0,0.0,0.0,1.0,normalized_time_only,5,2,False,True
01,vision,4,9,0.08,0.18,normalized_video_time,0.6838416457176208,0.0019044280052185059,0.0019044280052185059,0.0,0.0,0.0,1.0,normalized_time_only,12,3,False,True
01,vision,6,11,0.12,0.22,normalized_video_time,0.6921197772026062,-0.006373703479766846,0.006373703479766846,0.0,0.0,0.0,1.0,normalized_time_only,7,4,False,False
01,vision,8,13,0.16,0.26,normalized_video_time,0.6918234825134277,-0.006077408790588379,0.006077408790588379,0.0,0.0,0.0,1.0,normalized_time_only,8,5,False,False
01,vision,10,15,0.2,0.3,normalized_video_time,0.6914769411087036,-0.005730867385864258,0.005730867385864258,0.0,0.0,0.0,1.0,normalized_time_only,9,6,False,False
01,vision,12,17,0.24,0.34,normalized_video_time,0.6941097974777222,-0.008363723754882812,0.008363723754882812,0.0,0.0,0.0,1.0,normalized_time_only,6,7,False,False
01,vision,14,19,0.28,0.38,normalized_video_time,0.6966031789779663,-0.010857105255126953,0.010857105255126953,0.0,0.0,0.0,1.0,normalized_time_only,4,8,False,False
01,vision,16,21,0.32,0.42,normalized_video_time,0.6972399353981018,-0.011493861675262451,0.011493861675262451,0.0,0.0,0.0,1.0,normalized_time_only,3,9,True,False
01,vision,18,23,0.36,0.46,normalized_video_time,0.7005982995033264,-0.01485222578048706,0.01485222578048706,0.0,0.0,0.0,1.0,normalized_time_only,1,10,True,False
01,vision,20,25,0.4,0.5,normalized_video_time,0.6976324319839478,-0.011886358261108398,0.011886358261108398,0.0,0.0,0.0,0.6,normalized_time_only,2,11,True,False
01,vision,22,27,0.44,0.54,normalized_video_time,0.6899252533912659,-0.004179179668426514,0.004179179668426514,0.0,0.0,0.0,0.2,normalized_time_only,10,12,False,False
01,vision,24,29,0.48,0.58,normalized_video_time,0.6857461333274841,-5.960464477539063e-08,5.960464477539063e-08,0.0,0.0,0.0,0.0,normalized_time_only,13,13,False,False
01,vision,26,31,0.52,0.62,normalized_video_time,0.6857461333274841,-5.960464477539063e-08,5.960464477539063e-08,0.0,0.0,0.0,0.0,normalized_time_only,14,14,False,False
01,vision,28,33,0.56,0.66,normalized_video_time,0.6857461333274841,-5.960464477539063e-08,5.960464477539063e-08,0.0,0.0,0.0,0.0,normalized_time_only,15,15,False,False
01,vision,30,35,0.6,0.7,normalized_video_time,0.6857461333274841,-5.960464477539063e-08,5.960464477539063e-08,0.0,0.0,0.0,0.0,normalized_time_only,16,16,False,False
01,vision,32,37,0.64,0.74,normalized_video_time,0.6857461333274841,-5.960464477539063e-08,5.960464477539063e-08,0.0,0.0,0.0,0.0,normalized_time_only,17,17,False,False
01,vision,34,39,0.68,0.78,normalized_video_time,0.6857461333274841,-5.960464477539063e-08,5.960464477539063e-08,0.0,0.0,0.0,0.0,normalized_time_only,18,18,False,False
01,vision,36,41,0.72,0.82,normalized_video_time,0.6857461333274841,-5.960464477539063e-08,5.960464477539063e-08,0.0,0.0,0.0,0.0,normalized_time_only,19,19,False,False
01,vision,38,43,0.76,0.86,normalized_video_time,0.6857461333274841,-5.960464477539063e-08,5.960464477539063e-08,0.0,0.0,0.0,0.0,normalized_time_only,20,20,False,False
01,vision,40,45,0.8,0.9,normalized_video_time,0.6857461333274841,-5.960464477539063e-08,5.960464477539063e-08,0.0,0.0,0.0,0.0,normalized_time_only,21,21,False,False
01,vision,42,47,0.84,0.94,normalized_video_time,0.6857461333274841,-5.960464477539063e-08,5.960464477539063e-08,0.0,0.0,0.0,0.0,normalized_time_only,22,22,False,False
01,vision,44,49,0.88,0.98,normalized_video_time,0.6857461333274841,-5.960464477539063e-08,5.960464477539063e-08,0.0,0.0,0.0,0.0,normalized_time_only,23,23,False,False
01,vision,45,50,0.9,1.0,normalized_video_time,0.6857461333274841,-5.960464477539063e-08,5.960464477539063e-08,0.0,0.0,0.0,0.0,normalized_time_only,24,24,False,False
02,text,0,5,0.0,0.1,token_bin,0.6660160422325134,0.08705365657806396,0.08705365657806396,0.5927063226699829,0.07490521669387817,0.07490521669387817,0.8,token_index_only,6,7,False,False
02,text,2,7,0.04,0.14,token_bin,0.6639048457145691,0.0891648530960083,0.0891648530960083,0.5779920816421509,0.0896194577217102,0.0896194577217102,1.0,token_index_only,5,5,False,False
02,text,4,9,0.08,0.18,token_bin,0.3668862283229828,0.3861834704875946,0.3861834704875946,-9.999999974752427e-07,0.6676125526428223,0.6676125526428223,1.0,token_index_only,2,2,True,True
02,text,6,11,0.12,0.22,token_bin,0.21247567236423492,0.5405940264463425,0.5405940264463425,-0.05067187547683716,0.7182834148406982,0.7182834148406982,1.0,token_index_only,1,1,True,True
02,text,8,13,0.16,0.26,token_bin,0.6307888031005859,0.12228089570999146,0.12228089570999146,0.4413370192050934,0.2262745201587677,0.2262745201587677,1.0,token_index_only,3,3,True,True
02,text,10,15,0.2,0.3,token_bin,0.6789728403091431,0.07409685850143433,0.07409685850143433,0.5194629430770874,0.14814859628677368,0.14814859628677368,1.0,token_index_only,7,4,False,False
02,text,12,17,0.24,0.34,token_bin,0.7399007678031921,0.013168931007385254,0.013168931007385254,0.7141097187995911,-0.04649817943572998,0.04649817943572998,1.0,token_index_only,10,8,False,False
02,text,14,19,0.28,0.38,token_bin,0.7921159267425537,-0.03904622793197632,0.03904622793197632,0.7066030502319336,-0.03899151086807251,0.03899151086807251,1.0,token_index_only,9,9,False,False
02,text,16,21,0.32,0.42,token_bin,0.8264448046684265,-0.07337510585784912,0.07337510585784912,0.6804404854774475,-0.012828946113586426,0.012828946113586426,0.8,token_index_only,8,10,False,False
02,text,18,23,0.36,0.46,token_bin,0.85909104347229,-0.10602134466171265,0.10602134466171265,0.7436504364013672,-0.0760388970375061,0.0760388970375061,0.4,token_index_only,4,6,False,False
02,text,20,25,0.4,0.5,token_bin,0.7530696988105774,0.0,0.0,0.6676115989685059,-5.960464477539063e-08,5.960464477539063e-08,0.0,token_index_only,11,11,False,False
02,text,22,27,0.44,0.54,token_bin,0.7530696988105774,0.0,0.0,0.6676115989685059,-5.960464477539063e-08,5.960464477539063e-08,0.0,token_index_only,12,12,False,False
02,text,24,29,0.48,0.58,token_bin,0.7530696988105774,0.0,0.0,0.6676115989685059,-5.960464477539063e-08,5.960464477539063e-08,0.0,token_index_only,13,13,False,False
02,text,26,31,0.52,0.62,token_bin,0.7530696988105774,0.0,0.0,0.6676115989685059,-5.960464477539063e-08,5.960464477539063e-08,0.0,token_index_only,14,14,False,False
02,text,28,33,0.56,0.66,token_bin,0.7530696988105774,0.0,0.0,0.6676115989685059,-5.960464477539063e-08,5.960464477539063e-08,0.0,token_index_only,15,15,False,False
02,text,30,35,0.6,0.7,token_bin,0.7530696988105774,0.0,0.0,0.6676115989685059,-5.960464477539063e-08,5.960464477539063e-08,0.0,token_index_only,16,16,False,False
02,text,32,37,0.64,0.74,token_bin,0.7530696988105774,0.0,0.0,0.6676115989685059,-5.960464477539063e-08,5.960464477539063e-08,0.0,token_index_only,17,17,False,False
02,text,34,39,0.68,0.78,token_bin,0.7530696988105774,0.0,0.0,0.6676115989685059,-5.960464477539063e-08,5.960464477539063e-08,0.0,token_index_only,18,18,False,False
02,text,36,41,0.72,0.82,token_bin,0.7530696988105774,0.0,0.0,0.6676115989685059,-5.960464477539063e-08,5.960464477539063e-08,0.0,token_index_only,19,19,False,False
02,text,38,43,0.76,0.86,token_bin,0.7530696988105774,0.0,0.0,0.6676115989685059,-5.960464477539063e-08,5.960464477539063e-08,0.0,token_index_only,20,20,False,False
02,text,40,45,0.8,0.9,token_bin,0.7530696988105774,0.0,0.0,0.6676115989685059,-5.960464477539063e-08,5.960464477539063e-08,0.0,token_index_only,21,21,False,False
02,text,42,47,0.84,0.94,token_bin,0.7530696988105774,0.0,0.0,0.6676115989685059,-5.960464477539063e-08,5.960464477539063e-08,0.0,token_index_only,22,22,False,False
02,text,44,49,0.88,0.98,token_bin,0.7530696988105774,0.0,0.0,0.6676115989685059,-5.960464477539063e-08,5.960464477539063e-08,0.0,token_index_only,23,23,False,False
02,text,45,50,0.9,1.0,token_bin,0.7530696988105774,0.0,0.0,0.6676115989685059,-5.960464477539063e-08,5.960464477539063e-08,0.0,token_index_only,24,24,False,False
02,audio,0,5,0.0,0.1,normalized_video_time,0.7625951766967773,-0.009525477886199951,0.009525477886199951,0.7066577672958374,-0.03904622793197632,0.03904622793197632,0.8,normalized_time_only,6,6,False,False
02,audio,2,7,0.04,0.14,normalized_video_time,0.771718442440033,-0.018648743629455566,0.018648743629455566,0.7329373955726624,-0.06532585620880127,0.06532585620880127,1.0,normalized_time_only,1,1,True,True
02,audio,4,9,0.08,0.18,normalized_video_time,0.7706677913665771,-0.017598092555999756,0.017598092555999756,0.7233334183692932,-0.05572187900543213,0.05572187900543213,1.0,normalized_time_only,3,2,True,True
02,audio,6,11,0.12,0.22,normalized_video_time,0.7710460424423218,-0.017976343631744385,0.017976343631744385,0.7115712761878967,-0.043959736824035645,0.043959736824035645,1.0,normalized_time_only,2,5,True,False
02,audio,8,13,0.16,0.26,normalized_video_time,0.7688024640083313,-0.015732765197753906,0.015732765197753906,0.7128739356994629,-0.04526239633560181,0.04526239633560181,1.0,normalized_time_only,4,4,False,False
02,audio,10,15,0.2,0.3,normalized_video_time,0.7683994174003601,-0.015329718589782715,0.015329718589782715,0.7211088538169861,-0.053497314453125,0.053497314453125,1.0,normalized_time_only,5,3,False,True
02,audio,12,17,0.24,0.34,normalized_video_time,0.7579980492591858,-0.0049283504486083984,0.0049283504486083984,0.6993590593338013,-0.031747519969940186,0.031747519969940186,1.0,normalized_time_only,8,7,False,False
02,audio,14,19,0.28,0.38,normalized_video_time,0.7508555054664612,0.002214193344116211,0.002214193344116211,0.6801416873931885,-0.012530148029327393,0.012530148029327393,1.0,normalized_time_only,10,10,False,False
02,audio,16,21,0.32,0.42,normalized_video_time,0.7554616332054138,-0.0023919343948364258,0.0023919343948364258,0.6830790042877197,-0.015467464923858643,0.015467464923858643,0.8,normalized_time_only,9,9,False,False
02,audio,18,23,0.36,0.46,normalized_video_time,0.7593979239463806,-0.006328225135803223,0.006328225135803223,0.6870066523551941,-0.019395112991333008,0.019395112991333008,0.4,normalized_time_only,7,8,False,False
02,audio,20,25,0.4,0.5,normalized_video_time,0.7530696988105774,0.0,0.0,0.6676115989685059,-5.960464477539063e-08,5.960464477539063e-08,0.0,normalized_time_only,11,11,False,False
02,audio,22,27,0.44,0.54,normalized_video_time,0.7530696988105774,0.0,0.0,0.6676115989685059,-5.960464477539063e-08,5.960464477539063e-08,0.0,normalized_time_only,12,12,False,False
02,audio,24,29,0.48,0.58,normalized_video_time,0.7530696988105774,0.0,0.0,0.6676115989685059,-5.960464477539063e-08,5.960464477539063e-08,0.0,normalized_time_only,13,13,False,False
02,audio,26,31,0.52,0.62,normalized_video_time,0.7530696988105774,0.0,0.0,0.6676115989685059,-5.960464477539063e-08,5.960464477539063e-08,0.0,normalized_time_only,14,14,False,False
02,audio,28,33,0.56,0.66,normalized_video_time,0.7530696988105774,0.0,0.0,0.6676115989685059,-5.960464477539063e-08,5.960464477539063e-08,0.0,normalized_time_only,15,15,False,False
02,audio,30,35,0.6,0.7,normalized_video_time,0.7530696988105774,0.0,0.0,0.6676115989685059,-5.960464477539063e-08,5.960464477539063e-08,0.0,normalized_time_only,16,16,False,False
02,audio,32,37,0.64,0.74,normalized_video_time,0.7530696988105774,0.0,0.0,0.6676115989685059,-5.960464477539063e-08,5.960464477539063e-08,0.0,normalized_time_only,17,17,False,False
02,audio,34,39,0.68,0.78,normalized_video_time,0.7530696988105774,0.0,0.0,0.6676115989685059,-5.960464477539063e-08,5.960464477539063e-08,0.0,normalized_time_only,18,18,False,False
02,audio,36,41,0.72,0.82,normalized_video_time,0.7530696988105774,0.0,0.0,0.6676115989685059,-5.960464477539063e-08,5.960464477539063e-08,0.0,normalized_time_only,19,19,False,False
02,audio,38,43,0.76,0.86,normalized_video_time,0.7530696988105774,0.0,0.0,0.6676115989685059,-5.960464477539063e-08,5.960464477539063e-08,0.0,normalized_time_only,20,20,False,False
02,audio,40,45,0.8,0.9,normalized_video_time,0.7530696988105774,0.0,0.0,0.6676115989685059,-5.960464477539063e-08,5.960464477539063e-08,0.0,normalized_time_only,21,21,False,False
02,audio,42,47,0.84,0.94,normalized_video_time,0.7530696988105774,0.0,0.0,0.6676115989685059,-5.960464477539063e-08,5.960464477539063e-08,0.0,normalized_time_only,22,22,False,False
02,audio,44,49,0.88,0.98,normalized_video_time,0.7530696988105774,0.0,0.0,0.6676115989685059,-5.960464477539063e-08,5.960464477539063e-08,0.0,normalized_time_only,23,23,False,False
02,audio,45,50,0.9,1.0,normalized_video_time,0.7530696988105774,0.0,0.0,0.6676115989685059,-5.960464477539063e-08,5.960464477539063e-08,0.0,normalized_time_only,24,24,False,False
02,vision,0,5,0.0,0.1,normalized_video_time,0.7467825412750244,0.0062871575355529785,0.0062871575355529785,0.6648507118225098,0.0027608275413513184,0.0027608275413513184,0.8,normalized_time_only,4,6,False,False
02,vision,2,7,0.04,0.14,normalized_video_time,0.7465237975120544,0.006545901298522949,0.006545901298522949,0.6664568185806274,0.0011547207832336426,0.0011547207832336426,1.0,normalized_time_only,2,9,True,False
02,vision,4,9,0.08,0.18,normalized_video_time,0.7473946213722229,0.005675077438354492,0.005675077438354492,0.6697967052459717,-0.0021851658821105957,0.0021851658821105957,1.0,normalized_time_only,5,8,False,False
02,vision,6,11,0.12,0.22,normalized_video_time,0.7467260956764221,0.0063436031341552734,0.0063436031341552734,0.6703461408615112,-0.0027346014976501465,0.0027346014976501465,1.0,normalized_time_only,3,7,True,False
02,vision,8,13,0.16,0.26,normalized_video_time,0.7454245686531067,0.007645130157470703,0.007645130157470703,0.667941153049469,-0.00032961368560791016,0.00032961368560791016,1.0,normalized_time_only,1,10,True,False
02,vision,10,15,0.2,0.3,normalized_video_time,0.7476918697357178,0.005377829074859619,0.005377829074859619,0.6729928255081177,-0.005381286144256592,0.005381286144256592,1.0,normalized_time_only,6,5,False,False
02,vision,12,17,0.24,0.34,normalized_video_time,0.7499056458473206,0.003164052963256836,0.003164052963256836,0.6777788400650024,-0.010167300701141357,0.010167300701141357,1.0,normalized_time_only,7,3,False,True
02,vision,14,19,0.28,0.38,normalized_video_time,0.7515428066253662,0.0015268921852111816,0.0015268921852111816,0.6804895401000977,-0.012878000736236572,0.012878000736236572,1.0,normalized_time_only,8,1,False,True
02,vision,16,21,0.32,0.42,normalized_video_time,0.7525895237922668,0.0004801750183105469,0.0004801750183105469,0.6796368360519409,-0.012025296688079834,0.012025296688079834,0.8,normalized_time_only,9,2,False,True
02,vision,18,23,0.36,0.46,normalized_video_time,0.7532444596290588,-0.0001747608184814453,0.0001747608184814453,0.674842119216919,-0.007230579853057861,0.007230579853057861,0.4,normalized_time_only,10,4,False,False
02,vision,20,25,0.4,0.5,normalized_video_time,0.7530696988105774,0.0,0.0,0.6676115989685059,-5.960464477539063e-08,5.960464477539063e-08,0.0,normalized_time_only,11,11,False,False
02,vision,22,27,0.44,0.54,normalized_video_time,0.7530696988105774,0.0,0.0,0.6676115989685059,-5.960464477539063e-08,5.960464477539063e-08,0.0,normalized_time_only,12,12,False,False
02,vision,24,29,0.48,0.58,normalized_video_time,0.7530696988105774,0.0,0.0,0.6676115989685059,-5.960464477539063e-08,5.960464477539063e-08,0.0,normalized_time_only,13,13,False,False
02,vision,26,31,0.52,0.62,normalized_video_time,0.7530696988105774,0.0,0.0,0.6676115989685059,-5.960464477539063e-08,5.960464477539063e-08,0.0,normalized_time_only,14,14,False,False
02,vision,28,33,0.56,0.66,normalized_video_time,0.7530696988105774,0.0,0.0,0.6676115989685059,-5.960464477539063e-08,5.960464477539063e-08,0.0,normalized_time_only,15,15,False,False
02,vision,30,35,0.6,0.7,normalized_video_time,0.7530696988105774,0.0,0.0,0.6676115989685059,-5.960464477539063e-08,5.960464477539063e-08,0.0,normalized_time_only,16,16,False,False
02,vision,32,37,0.64,0.74,normalized_video_time,0.7530696988105774,0.0,0.0,0.6676115989685059,-5.960464477539063e-08,5.960464477539063e-08,0.0,normalized_time_only,17,17,False,False
02,vision,34,39,0.68,0.78,normalized_video_time,0.7530696988105774,0.0,0.0,0.6676115989685059,-5.960464477539063e-08,5.960464477539063e-08,0.0,normalized_time_only,18,18,False,False
02,vision,36,41,0.72,0.82,normalized_video_time,0.7530696988105774,0.0,0.0,0.6676115989685059,-5.960464477539063e-08,5.960464477539063e-08,0.0,normalized_time_only,19,19,False,False
02,vision,38,43,0.76,0.86,normalized_video_time,0.7530696988105774,0.0,0.0,0.6676115989685059,-5.960464477539063e-08,5.960464477539063e-08,0.0,normalized_time_only,20,20,False,False
02,vision,40,45,0.8,0.9,normalized_video_time,0.7530696988105774,0.0,0.0,0.6676115989685059,-5.960464477539063e-08,5.960464477539063e-08,0.0,normalized_time_only,21,21,False,False
02,vision,42,47,0.84,0.94,normalized_video_time,0.7530696988105774,0.0,0.0,0.6676115989685059,-5.960464477539063e-08,5.960464477539063e-08,0.0,normalized_time_only,22,22,False,False
02,vision,44,49,0.88,0.98,normalized_video_time,0.7530696988105774,0.0,0.0,0.6676115989685059,-5.960464477539063e-08,5.960464477539063e-08,0.0,normalized_time_only,23,23,False,False
02,vision,45,50,0.9,1.0,normalized_video_time,0.7530696988105774,0.0,0.0,0.6676115989685059,-5.960464477539063e-08,5.960464477539063e-08,0.0,normalized_time_only,24,24,False,False
03,text,0,5,0.0,0.1,token_bin,0.567816436290741,0.04424196481704712,0.04424196481704712,0.0,0.0,0.0,0.8,token_index_only,10,1,False,True
03,text,2,7,0.04,0.14,token_bin,0.5206770300865173,0.09138137102127075,0.09138137102127075,0.0,0.0,0.0,1.0,token_index_only,3,2,True,True
03,text,4,9,0.08,0.18,token_bin,0.5157703161239624,0.09628808498382568,0.09628808498382568,0.0,0.0,0.0,1.0,token_index_only,2,3,True,True
03,text,6,11,0.12,0.22,token_bin,0.4929282069206238,0.1191301941871643,0.1191301941871643,0.0,0.0,0.0,1.0,token_index_only,1,4,True,False
03,text,8,13,0.16,0.26,token_bin,0.5424879193305969,0.06957048177719116,0.06957048177719116,0.0,0.0,0.0,1.0,token_index_only,5,5,False,False
03,text,10,15,0.2,0.3,token_bin,0.5709940791130066,0.041064321994781494,0.041064321994781494,0.0,0.0,0.0,1.0,token_index_only,11,6,False,False
03,text,12,17,0.24,0.34,token_bin,0.5297819972038269,0.08227640390396118,0.08227640390396118,0.0,0.0,0.0,1.0,token_index_only,4,7,False,False
03,text,14,19,0.28,0.38,token_bin,0.5906827449798584,0.021375656127929688,0.021375656127929688,0.0,0.0,0.0,1.0,token_index_only,16,8,False,False
03,text,16,21,0.32,0.42,token_bin,0.6526663303375244,-0.04060792922973633,0.04060792922973633,0.0,0.0,0.0,1.0,token_index_only,12,9,False,False
03,text,18,23,0.36,0.46,token_bin,0.6523885130882263,-0.04033011198043823,0.04033011198043823,0.0,0.0,0.0,1.0,token_index_only,13,10,False,False
03,text,20,25,0.4,0.5,token_bin,0.6422858238220215,-0.0302274227142334,0.0302274227142334,0.0,0.0,0.0,1.0,token_index_only,15,11,False,False
03,text,22,27,0.44,0.54,token_bin,0.5520856380462646,0.05997276306152344,0.05997276306152344,0.0,0.0,0.0,1.0,token_index_only,6,12,False,False
03,text,24,29,0.48,0.58,token_bin,0.5603048801422119,0.05175352096557617,0.05175352096557617,0.0,0.0,0.0,1.0,token_index_only,7,13,False,False
03,text,26,31,0.52,0.62,token_bin,0.5971054434776306,0.01495295763015747,0.01495295763015747,0.0,0.0,0.0,1.0,token_index_only,17,14,False,False
03,text,28,33,0.56,0.66,token_bin,0.5641567707061768,0.04790163040161133,0.04790163040161133,0.0,0.0,0.0,1.0,token_index_only,8,15,False,False
03,text,30,35,0.6,0.7,token_bin,0.5656558871269226,0.04640251398086548,0.04640251398086548,0.0,0.0,0.0,0.8,token_index_only,9,16,False,False
03,text,32,37,0.64,0.74,token_bin,0.5794053673744202,0.03265303373336792,0.03265303373336792,0.0,0.0,0.0,0.4,token_index_only,14,17,False,False
03,text,34,39,0.68,0.78,token_bin,0.6120584011077881,0.0,0.0,0.0,0.0,0.0,0.0,token_index_only,18,18,False,False
03,text,36,41,0.72,0.82,token_bin,0.6120584011077881,0.0,0.0,0.0,0.0,0.0,0.0,token_index_only,19,19,False,False
03,text,38,43,0.76,0.86,token_bin,0.6120584011077881,0.0,0.0,0.0,0.0,0.0,0.0,token_index_only,20,20,False,False
03,text,40,45,0.8,0.9,token_bin,0.6120584011077881,0.0,0.0,0.0,0.0,0.0,0.0,token_index_only,21,21,False,False
03,text,42,47,0.84,0.94,token_bin,0.6120584011077881,0.0,0.0,0.0,0.0,0.0,0.0,token_index_only,22,22,False,False
03,text,44,49,0.88,0.98,token_bin,0.6120584011077881,0.0,0.0,0.0,0.0,0.0,0.0,token_index_only,23,23,False,False
03,text,45,50,0.9,1.0,token_bin,0.6120584011077881,0.0,0.0,0.0,0.0,0.0,0.0,token_index_only,24,24,False,False
03,audio,0,5,0.0,0.1,normalized_video_time,0.5969172120094299,0.015141189098358154,0.015141189098358154,0.0,0.0,0.0,0.8,normalized_time_only,6,1,False,True
03,audio,2,7,0.04,0.14,normalized_video_time,0.5748353004455566,0.037223100662231445,0.037223100662231445,0.0,0.0,0.0,1.0,normalized_time_only,1,2,True,True
03,audio,4,9,0.08,0.18,normalized_video_time,0.5782698392868042,0.03378856182098389,0.03378856182098389,0.0,0.0,0.0,1.0,normalized_time_only,2,3,True,True
03,audio,6,11,0.12,0.22,normalized_video_time,0.5978649854660034,0.014193415641784668,0.014193415641784668,0.0,0.0,0.0,1.0,normalized_time_only,7,4,False,False
03,audio,8,13,0.16,0.26,normalized_video_time,0.6139509081840515,-0.0018925070762634277,0.0018925070762634277,0.0,0.0,0.0,1.0,normalized_time_only,16,5,False,False
03,audio,10,15,0.2,0.3,normalized_video_time,0.6145710349082947,-0.002512633800506592,0.002512633800506592,0.0,0.0,0.0,1.0,normalized_time_only,15,6,False,False
03,audio,12,17,0.24,0.34,normalized_video_time,0.6078993678092957,0.004159033298492432,0.004159033298492432,0.0,0.0,0.0,1.0,normalized_time_only,13,7,False,False
03,audio,14,19,0.28,0.38,normalized_video_time,0.6084539890289307,0.003604412078857422,0.003604412078857422,0.0,0.0,0.0,1.0,normalized_time_only,14,8,False,False
03,audio,16,21,0.32,0.42,normalized_video_time,0.6121774315834045,-0.00011903047561645508,0.00011903047561645508,0.0,0.0,0.0,1.0,normalized_time_only,17,9,False,False
03,audio,18,23,0.36,0.46,normalized_video_time,0.5956125855445862,0.016445815563201904,0.016445815563201904,0.0,0.0,0.0,1.0,normalized_time_only,5,10,False,False
03,audio,20,25,0.4,0.5,normalized_video_time,0.5863627791404724,0.025695621967315674,0.025695621967315674,0.0,0.0,0.0,1.0,normalized_time_only,3,11,True,False
03,audio,22,27,0.44,0.54,normalized_video_time,0.5945413708686829,0.017517030239105225,0.017517030239105225,0.0,0.0,0.0,1.0,normalized_time_only,4,12,False,False
03,audio,24,29,0.48,0.58,normalized_video_time,0.6171078681945801,-0.005049467086791992,0.005049467086791992,0.0,0.0,0.0,1.0,normalized_time_only,12,13,False,False
03,audio,26,31,0.52,0.62,normalized_video_time,0.6174394488334656,-0.00538104772567749,0.00538104772567749,0.0,0.0,0.0,1.0,normalized_time_only,11,14,False,False
03,audio,28,33,0.56,0.66,normalized_video_time,0.6207117438316345,-0.008653342723846436,0.008653342723846436,0.0,0.0,0.0,1.0,normalized_time_only,9,15,False,False
03,audio,30,35,0.6,0.7,normalized_video_time,0.6241365671157837,-0.012078166007995605,0.012078166007995605,0.0,0.0,0.0,0.8,normalized_time_only,8,16,False,False
03,audio,32,37,0.64,0.74,normalized_video_time,0.619290292263031,-0.00723189115524292,0.00723189115524292,0.0,0.0,0.0,0.4,normalized_time_only,10,17,False,False
03,audio,34,39,0.68,0.78,normalized_video_time,0.6120584011077881,0.0,0.0,0.0,0.0,0.0,0.0,normalized_time_only,18,18,False,False
03,audio,36,41,0.72,0.82,normalized_video_time,0.6120584011077881,0.0,0.0,0.0,0.0,0.0,0.0,normalized_time_only,19,19,False,False
03,audio,38,43,0.76,0.86,normalized_video_time,0.6120584011077881,0.0,0.0,0.0,0.0,0.0,0.0,normalized_time_only,20,20,False,False
03,audio,40,45,0.8,0.9,normalized_video_time,0.6120584011077881,0.0,0.0,0.0,0.0,0.0,0.0,normalized_time_only,21,21,False,False
03,audio,42,47,0.84,0.94,normalized_video_time,0.6120584011077881,0.0,0.0,0.0,0.0,0.0,0.0,normalized_time_only,22,22,False,False
03,audio,44,49,0.88,0.98,normalized_video_time,0.6120584011077881,0.0,0.0,0.0,0.0,0.0,0.0,normalized_time_only,23,23,False,False
03,audio,45,50,0.9,1.0,normalized_video_time,0.6120584011077881,0.0,0.0,0.0,0.0,0.0,0.0,normalized_time_only,24,24,False,False
03,vision,0,5,0.0,0.1,normalized_video_time,0.6130078434944153,-0.0009494423866271973,0.0009494423866271973,0.0,0.0,0.0,0.8,normalized_time_only,17,1,False,True
03,vision,2,7,0.04,0.14,normalized_video_time,0.616204023361206,-0.004145622253417969,0.004145622253417969,0.0,0.0,0.0,1.0,normalized_time_only,12,2,False,True
03,vision,4,9,0.08,0.18,normalized_video_time,0.6170740723609924,-0.005015671253204346,0.005015671253204346,0.0,0.0,0.0,1.0,normalized_time_only,9,3,False,True
03,vision,6,11,0.12,0.22,normalized_video_time,0.6168680787086487,-0.004809677600860596,0.004809677600860596,0.0,0.0,0.0,1.0,normalized_time_only,10,4,False,False
03,vision,8,13,0.16,0.26,normalized_video_time,0.616426944732666,-0.00436854362487793,0.00436854362487793,0.0,0.0,0.0,1.0,normalized_time_only,11,5,False,False
03,vision,10,15,0.2,0.3,normalized_video_time,0.618569016456604,-0.006510615348815918,0.006510615348815918,0.0,0.0,0.0,1.0,normalized_time_only,7,6,False,False
03,vision,12,17,0.24,0.34,normalized_video_time,0.6193007230758667,-0.007242321968078613,0.007242321968078613,0.0,0.0,0.0,1.0,normalized_time_only,5,7,False,False
03,vision,14,19,0.28,0.38,normalized_video_time,0.6214011311531067,-0.009342730045318604,0.009342730045318604,0.0,0.0,0.0,1.0,normalized_time_only,3,8,True,False
03,vision,16,21,0.32,0.42,normalized_video_time,0.6196879744529724,-0.007629573345184326,0.007629573345184326,0.0,0.0,0.0,1.0,normalized_time_only,4,9,False,False
03,vision,18,23,0.36,0.46,normalized_video_time,0.6157745718955994,-0.0037161707878112793,0.0037161707878112793,0.0,0.0,0.0,1.0,normalized_time_only,13,10,False,False
03,vision,20,25,0.4,0.5,normalized_video_time,0.6142516136169434,-0.0021932125091552734,0.0021932125091552734,0.0,0.0,0.0,1.0,normalized_time_only,16,11,False,False
03,vision,22,27,0.44,0.54,normalized_video_time,0.6147094368934631,-0.002651035785675049,0.002651035785675049,0.0,0.0,0.0,1.0,normalized_time_only,15,12,False,False
03,vision,24,29,0.48,0.58,normalized_video_time,0.6187798380851746,-0.006721436977386475,0.006721436977386475,0.0,0.0,0.0,1.0,normalized_time_only,6,13,False,False
03,vision,26,31,0.52,0.62,normalized_video_time,0.6221709251403809,-0.010112524032592773,0.010112524032592773,0.0,0.0,0.0,1.0,normalized_time_only,1,14,True,False
03,vision,28,33,0.56,0.66,normalized_video_time,0.6218140721321106,-0.00975567102432251,0.00975567102432251,0.0,0.0,0.0,1.0,normalized_time_only,2,15,True,False
03,vision,30,35,0.6,0.7,normalized_video_time,0.6182998418807983,-0.006241440773010254,0.006241440773010254,0.0,0.0,0.0,0.8,normalized_time_only,8,16,False,False
03,vision,32,37,0.64,0.74,normalized_video_time,0.6153262853622437,-0.0032678842544555664,0.0032678842544555664,0.0,0.0,0.0,0.4,normalized_time_only,14,17,False,False
03,vision,34,39,0.68,0.78,normalized_video_time,0.6120584011077881,0.0,0.0,0.0,0.0,0.0,0.0,normalized_time_only,18,18,False,False
03,vision,36,41,0.72,0.82,normalized_video_time,0.6120584011077881,0.0,0.0,0.0,0.0,0.0,0.0,normalized_time_only,19,19,False,False
03,vision,38,43,0.76,0.86,normalized_video_time,0.6120584011077881,0.0,0.0,0.0,0.0,0.0,0.0,normalized_time_only,20,20,False,False
03,vision,40,45,0.8,0.9,normalized_video_time,0.6120584011077881,0.0,0.0,0.0,0.0,0.0,0.0,normalized_time_only,21,21,False,False
03,vision,42,47,0.84,0.94,normalized_video_time,0.6120584011077881,0.0,0.0,0.0,0.0,0.0,0.0,normalized_time_only,22,22,False,False
03,vision,44,49,0.88,0.98,normalized_video_time,0.6120584011077881,0.0,0.0,0.0,0.0,0.0,0.0,normalized_time_only,23,23,False,False
03,vision,45,50,0.9,1.0,normalized_video_time,0.6120584011077881,0.0,0.0,0.0,0.0,0.0,0.0,normalized_time_only,24,24,False,False
04,text,0,5,0.0,0.1,token_bin,0.9470663666725159,-0.055387675762176514,0.055387675762176514,1.4278508424758911,-0.2292194366455078,0.2292194366455078,0.8,token_index_only,8,4,False,False
04,text,2,7,0.04,0.14,token_bin,0.9384415745735168,-0.04676288366317749,0.04676288366317749,1.4092764854431152,-0.21064507961273193,0.21064507961273193,1.0,token_index_only,10,5,False,False
04,text,4,9,0.08,0.18,token_bin,0.8381677865982056,0.05351090431213379,0.05351090431213379,1.084364652633667,0.11426675319671631,0.11426675319671631,1.0,token_index_only,9,8,False,False
04,text,6,11,0.12,0.22,token_bin,0.8551444411277771,0.036534249782562256,0.036534249782562256,1.1125075817108154,0.08612382411956787,0.08612382411956787,1.0,token_index_only,11,9,False,False
04,text,8,13,0.16,0.26,token_bin,0.784386396408081,0.1072922945022583,0.1072922945022583,0.9349202513694763,0.263711154460907,0.263711154460907,1.0,token_index_only,3,3,True,True
04,text,10,15,0.2,0.3,token_bin,0.8264808058738708,0.0651978850364685,0.0651978850364685,1.0586583614349365,0.13997304439544678,0.13997304439544678,1.0,token_index_only,7,7,False,False
04,text,12,17,0.24,0.34,token_bin,0.6465104818344116,0.24516820907592773,0.24516820907592773,0.8107322454452515,0.38789916038513184,0.38789916038513184,1.0,token_index_only,1,1,True,True
04,text,14,19,0.28,0.38,token_bin,0.8256872892379761,0.06599140167236328,0.06599140167236328,1.116471767425537,0.08215963840484619,0.08215963840484619,1.0,token_index_only,6,10,False,False
04,text,16,21,0.32,0.42,token_bin,0.8238838315010071,0.06779485940933228,0.06779485940933228,1.1778056621551514,0.020825743675231934,0.020825743675231934,1.0,token_index_only,5,13,False,False
04,text,18,23,0.36,0.46,token_bin,0.8789710402488708,0.012707650661468506,0.012707650661468506,1.2655153274536133,-0.06688392162322998,0.06688392162322998,1.0,token_index_only,13,11,False,False
04,text,20,25,0.4,0.5,token_bin,0.7035729885101318,0.18810570240020752,0.18810570240020752,0.847819447517395,0.3508119583129883,0.3508119583129883,1.0,token_index_only,2,2,True,True
04,text,22,27,0.44,0.54,token_bin,0.818209171295166,0.07346951961517334,0.07346951961517334,1.0139741897583008,0.18465721607208252,0.18465721607208252,1.0,token_index_only,4,6,False,False
04,text,24,29,0.48,0.58,token_bin,0.928117573261261,-0.03643888235092163,0.03643888235092163,1.2547658681869507,-0.05613446235656738,0.05613446235656738,0.6,token_index_only,12,12,False,False
04,text,26,31,0.52,0.62,token_bin,0.8857684135437012,0.005910277366638184,0.005910277366638184,1.183303713798523,0.015327692031860352,0.015327692031860352,0.2,token_index_only,14,14,False,False
04,text,28,33,0.56,0.66,token_bin,0.8916786909103394,0.0,0.0,1.1986314058303833,0.0,0.0,0.0,token_index_only,15,15,False,False
04,text,30,35,0.6,0.7,token_bin,0.8916786909103394,0.0,0.0,1.1986314058303833,0.0,0.0,0.0,token_index_only,16,16,False,False
04,text,32,37,0.64,0.74,token_bin,0.8916786909103394,0.0,0.0,1.1986314058303833,0.0,0.0,0.0,token_index_only,17,17,False,False
04,text,34,39,0.68,0.78,token_bin,0.8916786909103394,0.0,0.0,1.1986314058303833,0.0,0.0,0.0,token_index_only,18,18,False,False
04,text,36,41,0.72,0.82,token_bin,0.8916786909103394,0.0,0.0,1.1986314058303833,0.0,0.0,0.0,token_index_only,19,19,False,False
04,text,38,43,0.76,0.86,token_bin,0.8916786909103394,0.0,0.0,1.1986314058303833,0.0,0.0,0.0,token_index_only,20,20,False,False
04,text,40,45,0.8,0.9,token_bin,0.8916786909103394,0.0,0.0,1.1986314058303833,0.0,0.0,0.0,token_index_only,21,21,False,False
04,text,42,47,0.84,0.94,token_bin,0.8916786909103394,0.0,0.0,1.1986314058303833,0.0,0.0,0.0,token_index_only,22,22,False,False
04,text,44,49,0.88,0.98,token_bin,0.8916786909103394,0.0,0.0,1.1986314058303833,0.0,0.0,0.0,token_index_only,23,23,False,False
04,text,45,50,0.9,1.0,token_bin,0.8916786909103394,0.0,0.0,1.1986314058303833,0.0,0.0,0.0,token_index_only,24,24,False,False
04,audio,0,5,0.0,0.1,normalized_video_time,0.8950029015541077,-0.0033242106437683105,0.0033242106437683105,1.2145402431488037,-0.01590883731842041,0.01590883731842041,0.8,normalized_time_only,8,8,False,False
04,audio,2,7,0.04,0.14,normalized_video_time,0.8954024910926819,-0.0037238001823425293,0.0037238001823425293,1.219902753829956,-0.021271347999572754,0.021271347999572754,1.0,normalized_time_only,6,5,False,False
04,audio,4,9,0.08,0.18,normalized_video_time,0.8932483792304993,-0.0015696883201599121,0.0015696883201599121,1.2221169471740723,-0.023485541343688965,0.023485541343688965,1.0,normalized_time_only,11,4,False,False
04,audio,6,11,0.12,0.22,normalized_video_time,0.8920425772666931,-0.00036388635635375977,0.00036388635635375977,1.215019702911377,-0.016388297080993652,0.016388297080993652,1.0,normalized_time_only,14,6,False,False
04,audio,8,13,0.16,0.26,normalized_video_time,0.896617591381073,-0.004938900470733643,0.004938900470733643,1.226719856262207,-0.02808845043182373,0.02808845043182373,1.0,normalized_time_only,4,3,False,True
04,audio,10,15,0.2,0.3,normalized_video_time,0.8997080326080322,-0.008029341697692871,0.008029341697692871,1.2326756715774536,-0.03404426574707031,0.03404426574707031,1.0,normalized_time_only,1,1,True,True
04,audio,12,17,0.24,0.34,normalized_video_time,0.8982746601104736,-0.006595969200134277,0.006595969200134277,1.2297356128692627,-0.031104207038879395,0.031104207038879395,1.0,normalized_time_only,2,2,True,True
04,audio,14,19,0.28,0.38,normalized_video_time,0.894988477230072,-0.003309786319732666,0.003309786319732666,1.2143917083740234,-0.015760302543640137,0.015760302543640137,1.0,normalized_time_only,9,9,False,False
04,audio,16,21,0.32,0.42,normalized_video_time,0.8951692581176758,-0.0034905672073364258,0.0034905672073364258,1.2033500671386719,-0.004718661308288574,0.004718661308288574,1.0,normalized_time_only,7,12,False,False
04,audio,18,23,0.36,0.46,normalized_video_time,0.8967785239219666,-0.005099833011627197,0.005099833011627197,1.2094471454620361,-0.010815739631652832,0.010815739631652832,1.0,normalized_time_only,3,10,True,False
04,audio,20,25,0.4,0.5,normalized_video_time,0.8963646292686462,-0.004685938358306885,0.004685938358306885,1.2145601511001587,-0.01592874526977539,0.01592874526977539,1.0,normalized_time_only,5,7,False,False
04,audio,22,27,0.44,0.54,normalized_video_time,0.8927551507949829,-0.0010764598846435547,0.0010764598846435547,1.2087806463241577,-0.010149240493774414,0.010149240493774414,1.0,normalized_time_only,12,11,False,False
04,audio,24,29,0.48,0.58,normalized_video_time,0.8893828988075256,0.0022957921028137207,0.0022957921028137207,1.1966854333877563,0.0019459724426269531,0.0019459724426269531,0.6,normalized_time_only,10,13,False,False
04,audio,26,31,0.52,0.62,normalized_video_time,0.8911486864089966,0.0005300045013427734,0.0005300045013427734,1.1986525058746338,-2.110004425048828e-05,2.110004425048828e-05,0.2,normalized_time_only,13,14,False,False
04,audio,28,33,0.56,0.66,normalized_video_time,0.8916786909103394,0.0,0.0,1.1986314058303833,0.0,0.0,0.0,normalized_time_only,15,15,False,False
04,audio,30,35,0.6,0.7,normalized_video_time,0.8916786909103394,0.0,0.0,1.1986314058303833,0.0,0.0,0.0,normalized_time_only,16,16,False,False
04,audio,32,37,0.64,0.74,normalized_video_time,0.8916786909103394,0.0,0.0,1.1986314058303833,0.0,0.0,0.0,normalized_time_only,17,17,False,False
04,audio,34,39,0.68,0.78,normalized_video_time,0.8916786909103394,0.0,0.0,1.1986314058303833,0.0,0.0,0.0,normalized_time_only,18,18,False,False
04,audio,36,41,0.72,0.82,normalized_video_time,0.8916786909103394,0.0,0.0,1.1986314058303833,0.0,0.0,0.0,normalized_time_only,19,19,False,False
04,audio,38,43,0.76,0.86,normalized_video_time,0.8916786909103394,0.0,0.0,1.1986314058303833,0.0,0.0,0.0,normalized_time_only,20,20,False,False
04,audio,40,45,0.8,0.9,normalized_video_time,0.8916786909103394,0.0,0.0,1.1986314058303833,0.0,0.0,0.0,normalized_time_only,21,21,False,False
04,audio,42,47,0.84,0.94,normalized_video_time,0.8916786909103394,0.0,0.0,1.1986314058303833,0.0,0.0,0.0,normalized_time_only,22,22,False,False
04,audio,44,49,0.88,0.98,normalized_video_time,0.8916786909103394,0.0,0.0,1.1986314058303833,0.0,0.0,0.0,normalized_time_only,23,23,False,False
04,audio,45,50,0.9,1.0,normalized_video_time,0.8916786909103394,0.0,0.0,1.1986314058303833,0.0,0.0,0.0,normalized_time_only,24,24,False,False
04,vision,0,5,0.0,0.1,normalized_video_time,0.8917874097824097,-0.0001087188720703125,0.0001087188720703125,1.1987227201461792,-9.131431579589844e-05,9.131431579589844e-05,0.8,normalized_time_only,14,14,False,False
04,vision,2,7,0.04,0.14,normalized_video_time,0.8918546438217163,-0.00017595291137695312,0.00017595291137695312,1.2025096416473389,-0.0038782358169555664,0.0038782358169555664,1.0,normalized_time_only,13,13,False,False
04,vision,4,9,0.08,0.18,normalized_video_time,0.8863335251808167,0.005345165729522705,0.005345165729522705,1.1801481246948242,0.018483281135559082,0.018483281135559082,1.0,normalized_time_only,10,11,False,False
04,vision,6,11,0.12,0.22,normalized_video_time,0.8789527416229248,0.01272594928741455,0.01272594928741455,1.1510229110717773,0.04760849475860596,0.04760849475860596,1.0,normalized_time_only,4,6,False,False
04,vision,8,13,0.16,0.26,normalized_video_time,0.8775373697280884,0.014141321182250977,0.014141321182250977,1.150272011756897,0.04835939407348633,0.04835939407348633,1.0,normalized_time_only,3,4,True,False
04,vision,10,15,0.2,0.3,normalized_video_time,0.8751354217529297,0.016543269157409668,0.016543269157409668,1.1444408893585205,0.05419051647186279,0.05419051647186279,1.0,normalized_time_only,1,1,True,True
04,vision,12,17,0.24,0.34,normalized_video_time,0.8763007521629333,0.015377938747406006,0.015377938747406006,1.1490274667739868,0.049603939056396484,0.049603939056396484,1.0,normalized_time_only,2,2,True,True
04,vision,14,19,0.28,0.38,normalized_video_time,0.8810839056968689,0.010594785213470459,0.010594785213470459,1.161891222000122,0.03674018383026123,0.03674018383026123,1.0,normalized_time_only,7,7,False,False
04,vision,16,21,0.32,0.42,normalized_video_time,0.8849424123764038,0.006736278533935547,0.006736278533935547,1.1727818250656128,0.025849580764770508,0.025849580764770508,1.0,normalized_time_only,9,9,False,False
04,vision,18,23,0.36,0.46,normalized_video_time,0.8823339343070984,0.009344756603240967,0.009344756603240967,1.1622352600097656,0.036396145820617676,0.036396145820617676,1.0,normalized_time_only,8,8,False,False
04,vision,20,25,0.4,0.5,normalized_video_time,0.8793447017669678,0.012333989143371582,0.012333989143371582,1.1502742767333984,0.04835712909698486,0.04835712909698486,1.0,normalized_time_only,5,5,False,False
04,vision,22,27,0.44,0.54,normalized_video_time,0.8801969885826111,0.011481702327728271,0.011481702327728271,1.1494510173797607,0.04918038845062256,0.04918038845062256,1.0,normalized_time_only,6,3,False,True
04,vision,24,29,0.48,0.58,normalized_video_time,0.8863989114761353,0.0052797794342041016,0.0052797794342041016,1.1731011867523193,0.025530219078063965,0.025530219078063965,0.6,normalized_time_only,11,10,False,False
04,vision,26,31,0.52,0.62,normalized_video_time,0.8900813460350037,0.0015973448753356934,0.0015973448753356934,1.1902543306350708,0.0083770751953125,0.0083770751953125,0.2,normalized_time_only,12,12,False,False
04,vision,28,33,0.56,0.66,normalized_video_time,0.8916786909103394,0.0,0.0,1.1986314058303833,0.0,0.0,0.0,normalized_time_only,15,15,False,False
04,vision,30,35,0.6,0.7,normalized_video_time,0.8916786909103394,0.0,0.0,1.1986314058303833,0.0,0.0,0.0,normalized_time_only,16,16,False,False
04,vision,32,37,0.64,0.74,normalized_video_time,0.8916786909103394,0.0,0.0,1.1986314058303833,0.0,0.0,0.0,normalized_time_only,17,17,False,False
04,vision,34,39,0.68,0.78,normalized_video_time,0.8916786909103394,0.0,0.0,1.1986314058303833,0.0,0.0,0.0,normalized_time_only,18,18,False,False
04,vision,36,41,0.72,0.82,normalized_video_time,0.8916786909103394,0.0,0.0,1.1986314058303833,0.0,0.0,0.0,normalized_time_only,19,19,False,False
04,vision,38,43,0.76,0.86,normalized_video_time,0.8916786909103394,0.0,0.0,1.1986314058303833,0.0,0.0,0.0,normalized_time_only,20,20,False,False
04,vision,40,45,0.8,0.9,normalized_video_time,0.8916786909103394,0.0,0.0,1.1986314058303833,0.0,0.0,0.0,normalized_time_only,21,21,False,False
04,vision,42,47,0.84,0.94,normalized_video_time,0.8916786909103394,0.0,0.0,1.1986314058303833,0.0,0.0,0.0,normalized_time_only,22,22,False,False
04,vision,44,49,0.88,0.98,normalized_video_time,0.8916786909103394,0.0,0.0,1.1986314058303833,0.0,0.0,0.0,normalized_time_only,23,23,False,False
04,vision,45,50,0.9,1.0,normalized_video_time,0.8916786909103394,0.0,0.0,1.1986314058303833,0.0,0.0,0.0,normalized_time_only,24,24,False,False
05,text,0,5,0.0,0.1,token_bin,0.8854895234107971,0.043878018856048584,0.043878018856048584,0.7338747978210449,0.14292412996292114,0.14292412996292114,0.8,token_index_only,4,4,False,False
05,text,2,7,0.04,0.14,token_bin,0.8743227124214172,0.05504482984542847,0.05504482984542847,0.719084620475769,0.15771430730819702,0.15771430730819702,1.0,token_index_only,3,3,True,True
05,text,4,9,0.08,0.18,token_bin,0.8878832459449768,0.041484296321868896,0.041484296321868896,0.7358682155609131,0.14093071222305298,0.14093071222305298,1.0,token_index_only,5,5,False,False
05,text,6,11,0.12,0.22,token_bin,0.8122067451477051,0.11716079711914062,0.11716079711914062,0.5755789875984192,0.3012199401855469,0.3012199401855469,1.0,token_index_only,1,1,True,True
05,text,8,13,0.16,0.26,token_bin,0.9124661684036255,0.016901373863220215,0.016901373863220215,0.804288387298584,0.07251054048538208,0.07251054048538208,1.0,token_index_only,6,7,False,False
05,text,10,15,0.2,0.3,token_bin,0.9229455590248108,0.006421983242034912,0.006421983242034912,0.8564413785934448,0.02035754919052124,0.02035754919052124,1.0,token_index_only,8,8,False,False
05,text,12,17,0.24,0.34,token_bin,0.9448727965354919,-0.01550525426864624,0.01550525426864624,0.9670262336730957,-0.09022730588912964,0.09022730588912964,0.8,token_index_only,7,6,False,False
05,text,14,19,0.28,0.38,token_bin,0.862605631351471,0.06676191091537476,0.06676191091537476,0.6898478269577026,0.18695110082626343,0.18695110082626343,0.4,token_index_only,2,2,True,True
05,text,16,21,0.32,0.42,token_bin,0.9293675422668457,0.0,0.0,0.8767988681793213,5.960464477539063e-08,5.960464477539063e-08,0.0,token_index_only,9,9,False,False
05,text,18,23,0.36,0.46,token_bin,0.9293675422668457,0.0,0.0,0.8767988681793213,5.960464477539063e-08,5.960464477539063e-08,0.0,token_index_only,10,10,False,False
05,text,20,25,0.4,0.5,token_bin,0.9293675422668457,0.0,0.0,0.8767988681793213,5.960464477539063e-08,5.960464477539063e-08,0.0,token_index_only,11,11,False,False
05,text,22,27,0.44,0.54,token_bin,0.9293675422668457,0.0,0.0,0.8767988681793213,5.960464477539063e-08,5.960464477539063e-08,0.0,token_index_only,12,12,False,False
05,text,24,29,0.48,0.58,token_bin,0.9293675422668457,0.0,0.0,0.8767988681793213,5.960464477539063e-08,5.960464477539063e-08,0.0,token_index_only,13,13,False,False
05,text,26,31,0.52,0.62,token_bin,0.9293675422668457,0.0,0.0,0.8767988681793213,5.960464477539063e-08,5.960464477539063e-08,0.0,token_index_only,14,14,False,False
05,text,28,33,0.56,0.66,token_bin,0.9293675422668457,0.0,0.0,0.8767988681793213,5.960464477539063e-08,5.960464477539063e-08,0.0,token_index_only,15,15,False,False
05,text,30,35,0.6,0.7,token_bin,0.9293675422668457,0.0,0.0,0.8767988681793213,5.960464477539063e-08,5.960464477539063e-08,0.0,token_index_only,16,16,False,False
05,text,32,37,0.64,0.74,token_bin,0.9293675422668457,0.0,0.0,0.8767988681793213,5.960464477539063e-08,5.960464477539063e-08,0.0,token_index_only,17,17,False,False
05,text,34,39,0.68,0.78,token_bin,0.9293675422668457,0.0,0.0,0.8767988681793213,5.960464477539063e-08,5.960464477539063e-08,0.0,token_index_only,18,18,False,False
05,text,36,41,0.72,0.82,token_bin,0.9293675422668457,0.0,0.0,0.8767988681793213,5.960464477539063e-08,5.960464477539063e-08,0.0,token_index_only,19,19,False,False
05,text,38,43,0.76,0.86,token_bin,0.9293675422668457,0.0,0.0,0.8767988681793213,5.960464477539063e-08,5.960464477539063e-08,0.0,token_index_only,20,20,False,False
05,text,40,45,0.8,0.9,token_bin,0.9293675422668457,0.0,0.0,0.8767988681793213,5.960464477539063e-08,5.960464477539063e-08,0.0,token_index_only,21,21,False,False
05,text,42,47,0.84,0.94,token_bin,0.9293675422668457,0.0,0.0,0.8767988681793213,5.960464477539063e-08,5.960464477539063e-08,0.0,token_index_only,22,22,False,False
05,text,44,49,0.88,0.98,token_bin,0.9293675422668457,0.0,0.0,0.8767988681793213,5.960464477539063e-08,5.960464477539063e-08,0.0,token_index_only,23,23,False,False
05,text,45,50,0.9,1.0,token_bin,0.9293675422668457,0.0,0.0,0.8767988681793213,5.960464477539063e-08,5.960464477539063e-08,0.0,token_index_only,24,24,False,False
05,audio,0,5,0.0,0.1,normalized_video_time,0.9289131760597229,0.00045436620712280273,0.00045436620712280273,0.903688907623291,-0.02688997983932495,0.02688997983932495,0.8,normalized_time_only,8,6,False,False
05,audio,2,7,0.04,0.14,normalized_video_time,0.9283062815666199,0.00106126070022583,0.00106126070022583,0.9088171720504761,-0.03201824426651001,0.03201824426651001,1.0,normalized_time_only,6,4,False,False
05,audio,4,9,0.08,0.18,normalized_video_time,0.9277251958847046,0.0016423463821411133,0.0016423463821411133,0.9056923985481262,-0.028893470764160156,0.028893470764160156,1.0,normalized_time_only,5,5,False,False
05,audio,6,11,0.12,0.22,normalized_video_time,0.9285765290260315,0.000791013240814209,0.000791013240814209,0.896838903427124,-0.02003997564315796,0.02003997564315796,1.0,normalized_time_only,7,7,False,False
05,audio,8,13,0.16,0.26,normalized_video_time,0.9333189129829407,-0.003951370716094971,0.003951370716094971,0.9266809225082397,-0.04988199472427368,0.04988199472427368,1.0,normalized_time_only,2,2,True,True
05,audio,10,15,0.2,0.3,normalized_video_time,0.9354634881019592,-0.006095945835113525,0.006095945835113525,0.9422297477722168,-0.06543081998825073,0.06543081998825073,1.0,normalized_time_only,1,1,True,True
05,audio,12,17,0.24,0.34,normalized_video_time,0.9321988821029663,-0.0028313398361206055,0.0028313398361206055,0.9163386821746826,-0.03953975439071655,0.03953975439071655,0.8,normalized_time_only,3,3,True,True
05,audio,14,19,0.28,0.38,normalized_video_time,0.9273237586021423,0.002043783664703369,0.002043783664703369,0.8733914494514465,0.0034074783325195312,0.0034074783325195312,0.4,normalized_time_only,4,8,False,False
05,audio,16,21,0.32,0.42,normalized_video_time,0.9293675422668457,0.0,0.0,0.8767988681793213,5.960464477539063e-08,5.960464477539063e-08,0.0,normalized_time_only,9,9,False,False
05,audio,18,23,0.36,0.46,normalized_video_time,0.9293675422668457,0.0,0.0,0.8767988681793213,5.960464477539063e-08,5.960464477539063e-08,0.0,normalized_time_only,10,10,False,False
05,audio,20,25,0.4,0.5,normalized_video_time,0.9293675422668457,0.0,0.0,0.8767988681793213,5.960464477539063e-08,5.960464477539063e-08,0.0,normalized_time_only,11,11,False,False
05,audio,22,27,0.44,0.54,normalized_video_time,0.9293675422668457,0.0,0.0,0.8767988681793213,5.960464477539063e-08,5.960464477539063e-08,0.0,normalized_time_only,12,12,False,False
05,audio,24,29,0.48,0.58,normalized_video_time,0.9293675422668457,0.0,0.0,0.8767988681793213,5.960464477539063e-08,5.960464477539063e-08,0.0,normalized_time_only,13,13,False,False
05,audio,26,31,0.52,0.62,normalized_video_time,0.9293675422668457,0.0,0.0,0.8767988681793213,5.960464477539063e-08,5.960464477539063e-08,0.0,normalized_time_only,14,14,False,False
05,audio,28,33,0.56,0.66,normalized_video_time,0.9293675422668457,0.0,0.0,0.8767988681793213,5.960464477539063e-08,5.960464477539063e-08,0.0,normalized_time_only,15,15,False,False
05,audio,30,35,0.6,0.7,normalized_video_time,0.9293675422668457,0.0,0.0,0.8767988681793213,5.960464477539063e-08,5.960464477539063e-08,0.0,normalized_time_only,16,16,False,False
05,audio,32,37,0.64,0.74,normalized_video_time,0.9293675422668457,0.0,0.0,0.8767988681793213,5.960464477539063e-08,5.960464477539063e-08,0.0,normalized_time_only,17,17,False,False
05,audio,34,39,0.68,0.78,normalized_video_time,0.9293675422668457,0.0,0.0,0.8767988681793213,5.960464477539063e-08,5.960464477539063e-08,0.0,normalized_time_only,18,18,False,False
05,audio,36,41,0.72,0.82,normalized_video_time,0.9293675422668457,0.0,0.0,0.8767988681793213,5.960464477539063e-08,5.960464477539063e-08,0.0,normalized_time_only,19,19,False,False
05,audio,38,43,0.76,0.86,normalized_video_time,0.9293675422668457,0.0,0.0,0.8767988681793213,5.960464477539063e-08,5.960464477539063e-08,0.0,normalized_time_only,20,20,False,False
05,audio,40,45,0.8,0.9,normalized_video_time,0.9293675422668457,0.0,0.0,0.8767988681793213,5.960464477539063e-08,5.960464477539063e-08,0.0,normalized_time_only,21,21,False,False
05,audio,42,47,0.84,0.94,normalized_video_time,0.9293675422668457,0.0,0.0,0.8767988681793213,5.960464477539063e-08,5.960464477539063e-08,0.0,normalized_time_only,22,22,False,False
05,audio,44,49,0.88,0.98,normalized_video_time,0.9293675422668457,0.0,0.0,0.8767988681793213,5.960464477539063e-08,5.960464477539063e-08,0.0,normalized_time_only,23,23,False,False
05,audio,45,50,0.9,1.0,normalized_video_time,0.9293675422668457,0.0,0.0,0.8767988681793213,5.960464477539063e-08,5.960464477539063e-08,0.0,normalized_time_only,24,24,False,False
05,vision,0,5,0.0,0.1,normalized_video_time,0.8957984447479248,0.0335690975189209,0.0335690975189209,0.7280455231666565,0.14875340461730957,0.14875340461730957,0.8,normalized_time_only,2,2,True,True
05,vision,2,7,0.04,0.14,normalized_video_time,0.8863961696624756,0.04297137260437012,0.04297137260437012,0.6975586414337158,0.17924028635025024,0.17924028635025024,1.0,normalized_time_only,1,1,True,True
05,vision,4,9,0.08,0.18,normalized_video_time,0.9077818393707275,0.021585702896118164,0.021585702896118164,0.7721970677375793,0.10460186004638672,0.10460186004638672,1.0,normalized_time_only,3,3,True,True
05,vision,6,11,0.12,0.22,normalized_video_time,0.930175244808197,-0.0008077025413513184,0.0008077025413513184,0.8855379223823547,-0.008738994598388672,0.008738994598388672,1.0,normalized_time_only,7,6,False,False
05,vision,8,13,0.16,0.26,normalized_video_time,0.9379241466522217,-0.008556604385375977,0.008556604385375977,0.937170147895813,-0.060371220111846924,0.060371220111846924,1.0,normalized_time_only,4,4,False,False
05,vision,10,15,0.2,0.3,normalized_video_time,0.9359557032585144,-0.006588160991668701,0.006588160991668701,0.913838267326355,-0.037039339542388916,0.037039339542388916,1.0,normalized_time_only,5,5,False,False
05,vision,12,17,0.24,0.34,normalized_video_time,0.9304140210151672,-0.0010464787483215332,0.0010464787483215332,0.8785896301269531,-0.0017907023429870605,0.0017907023429870605,0.8,normalized_time_only,6,8,False,False
05,vision,14,19,0.28,0.38,normalized_video_time,0.9291658997535706,0.00020164251327514648,0.00020164251327514648,0.8721743822097778,0.004624545574188232,0.004624545574188232,0.4,normalized_time_only,8,7,False,False
05,vision,16,21,0.32,0.42,normalized_video_time,0.9293675422668457,0.0,0.0,0.8767988681793213,5.960464477539063e-08,5.960464477539063e-08,0.0,normalized_time_only,9,9,False,False
05,vision,18,23,0.36,0.46,normalized_video_time,0.9293675422668457,0.0,0.0,0.8767988681793213,5.960464477539063e-08,5.960464477539063e-08,0.0,normalized_time_only,10,10,False,False
05,vision,20,25,0.4,0.5,normalized_video_time,0.9293675422668457,0.0,0.0,0.8767988681793213,5.960464477539063e-08,5.960464477539063e-08,0.0,normalized_time_only,11,11,False,False
05,vision,22,27,0.44,0.54,normalized_video_time,0.9293675422668457,0.0,0.0,0.8767988681793213,5.960464477539063e-08,5.960464477539063e-08,0.0,normalized_time_only,12,12,False,False
05,vision,24,29,0.48,0.58,normalized_video_time,0.9293675422668457,0.0,0.0,0.8767988681793213,5.960464477539063e-08,5.960464477539063e-08,0.0,normalized_time_only,13,13,False,False
05,vision,26,31,0.52,0.62,normalized_video_time,0.9293675422668457,0.0,0.0,0.8767988681793213,5.960464477539063e-08,5.960464477539063e-08,0.0,normalized_time_only,14,14,False,False
05,vision,28,33,0.56,0.66,normalized_video_time,0.9293675422668457,0.0,0.0,0.8767988681793213,5.960464477539063e-08,5.960464477539063e-08,0.0,normalized_time_only,15,15,False,False
05,vision,30,35,0.6,0.7,normalized_video_time,0.9293675422668457,0.0,0.0,0.8767988681793213,5.960464477539063e-08,5.960464477539063e-08,0.0,normalized_time_only,16,16,False,False
05,vision,32,37,0.64,0.74,normalized_video_time,0.9293675422668457,0.0,0.0,0.8767988681793213,5.960464477539063e-08,5.960464477539063e-08,0.0,normalized_time_only,17,17,False,False
05,vision,34,39,0.68,0.78,normalized_video_time,0.9293675422668457,0.0,0.0,0.8767988681793213,5.960464477539063e-08,5.960464477539063e-08,0.0,normalized_time_only,18,18,False,False
05,vision,36,41,0.72,0.82,normalized_video_time,0.9293675422668457,0.0,0.0,0.8767988681793213,5.960464477539063e-08,5.960464477539063e-08,0.0,normalized_time_only,19,19,False,False
05,vision,38,43,0.76,0.86,normalized_video_time,0.9293675422668457,0.0,0.0,0.8767988681793213,5.960464477539063e-08,5.960464477539063e-08,0.0,normalized_time_only,20,20,False,False
05,vision,40,45,0.8,0.9,normalized_video_time,0.9293675422668457,0.0,0.0,0.8767988681793213,5.960464477539063e-08,5.960464477539063e-08,0.0,normalized_time_only,21,21,False,False
05,vision,42,47,0.84,0.94,normalized_video_time,0.9293675422668457,0.0,0.0,0.8767988681793213,5.960464477539063e-08,5.960464477539063e-08,0.0,normalized_time_only,22,22,False,False
05,vision,44,49,0.88,0.98,normalized_video_time,0.9293675422668457,0.0,0.0,0.8767988681793213,5.960464477539063e-08,5.960464477539063e-08,0.0,normalized_time_only,23,23,False,False
05,vision,45,50,0.9,1.0,normalized_video_time,0.9293675422668457,0.0,0.0,0.8767988681793213,5.960464477539063e-08,5.960464477539063e-08,0.0,normalized_time_only,24,24,False,False
06,text,0,5,0.0,0.1,token_bin,0.8983361124992371,0.014719903469085693,0.014719903469085693,1.1796717643737793,-0.017690420150756836,0.017690420150756836,0.8,token_index_only,13,16,False,False
06,text,2,7,0.04,0.14,token_bin,0.8650243878364563,0.048031628131866455,0.048031628131866455,1.068537950515747,0.09344339370727539,0.09344339370727539,1.0,token_index_only,7,10,False,False
06,text,4,9,0.08,0.18,token_bin,0.8575700521469116,0.05548596382141113,0.05548596382141113,1.0477923154830933,0.1141890287399292,0.1141890287399292,1.0,token_index_only,3,8,True,False
06,text,6,11,0.12,0.22,token_bin,0.8633436560630798,0.04971235990524292,0.04971235990524292,1.0226011276245117,0.13938021659851074,0.13938021659851074,1.0,token_index_only,4,7,False,False
06,text,8,13,0.16,0.26,token_bin,0.8638522028923035,0.04920381307601929,0.04920381307601929,1.010158658027649,0.15182268619537354,0.15182268619537354,1.0,token_index_only,5,5,False,False
06,text,10,15,0.2,0.3,token_bin,0.8935080170631409,0.019547998905181885,0.019547998905181885,1.0813639163970947,0.08061742782592773,0.08061742782592773,1.0,token_index_only,11,11,False,False
06,text,12,17,0.24,0.34,token_bin,0.910105288028717,0.002950727939605713,0.002950727939605713,1.1553080081939697,0.006673336029052734,0.006673336029052734,1.0,token_index_only,18,18,False,False
06,text,14,19,0.28,0.38,token_bin,0.88129061460495,0.0317654013633728,0.0317654013633728,1.0554572343826294,0.10652410984039307,0.10652410984039307,1.0,token_index_only,10,9,False,False
06,text,16,21,0.32,0.42,token_bin,0.865127444267273,0.047928571701049805,0.047928571701049805,1.0111901760101318,0.15079116821289062,0.15079116821289062,1.0,token_index_only,8,6,False,False
06,text,18,23,0.36,0.46,token_bin,0.3821055293083191,0.5309504866600037,0.5309504866600037,0.0,1.1619813442230225,1.1619813442230225,1.0,token_index_only,1,1,True,True
06,text,20,25,0.4,0.5,token_bin,0.5679818987846375,0.3450741171836853,0.3450741171836853,0.5783559083938599,0.5836254358291626,0.5836254358291626,1.0,token_index_only,2,2,True,True
06,text,22,27,0.44,0.54,token_bin,0.9001230001449585,0.012933015823364258,0.012933015823364258,1.1199212074279785,0.042060136795043945,0.042060136795043945,1.0,token_index_only,14,13,False,False
06,text,24,29,0.48,0.58,token_bin,0.932376503944397,-0.01932048797607422,0.01932048797607422,1.21735680103302,-0.05537545680999756,0.05537545680999756,1.0,token_index_only,12,12,False,False
06,text,26,31,0.52,0.62,token_bin,0.9612456560134888,-0.048189640045166016,0.048189640045166016,1.4643771648406982,-0.3023958206176758,0.3023958206176758,1.0,token_index_only,6,3,False,True
06,text,28,33,0.56,0.66,token_bin,0.9458613395690918,-0.03280532360076904,0.03280532360076904,1.355858325958252,-0.1938769817352295,0.1938769817352295,1.0,token_index_only,9,4,False,False
06,text,30,35,0.6,0.7,token_bin,0.921432614326477,-0.008376598358154297,0.008376598358154297,1.197211503982544,-0.035230159759521484,0.035230159759521484,1.0,token_index_only,15,14,False,False
06,text,32,37,0.64,0.74,token_bin,0.904991626739502,0.0080643892288208,0.0080643892288208,1.1356855630874634,0.026295781135559082,0.026295781135559082,0.8,token_index_only,16,15,False,False
06,text,34,39,0.68,0.78,token_bin,0.9082664251327515,0.004789590835571289,0.004789590835571289,1.1507039070129395,0.011277437210083008,0.011277437210083008,0.4,token_index_only,17,17,False,False
06,text,36,41,0.72,0.82,token_bin,0.9130560159683228,0.0,0.0,1.161981225013733,1.1920928955078125e-07,1.1920928955078125e-07,0.0,token_index_only,19,19,False,False
06,text,38,43,0.76,0.86,token_bin,0.9130560159683228,0.0,0.0,1.161981225013733,1.1920928955078125e-07,1.1920928955078125e-07,0.0,token_index_only,20,20,False,False
06,text,40,45,0.8,0.9,token_bin,0.9130560159683228,0.0,0.0,1.161981225013733,1.1920928955078125e-07,1.1920928955078125e-07,0.0,token_index_only,21,21,False,False
06,text,42,47,0.84,0.94,token_bin,0.9130560159683228,0.0,0.0,1.161981225013733,1.1920928955078125e-07,1.1920928955078125e-07,0.0,token_index_only,22,22,False,False
06,text,44,49,0.88,0.98,token_bin,0.9130560159683228,0.0,0.0,1.161981225013733,1.1920928955078125e-07,1.1920928955078125e-07,0.0,token_index_only,23,23,False,False
06,text,45,50,0.9,1.0,token_bin,0.9130560159683228,0.0,0.0,1.161981225013733,1.1920928955078125e-07,1.1920928955078125e-07,0.0,token_index_only,24,24,False,False
06,audio,0,5,0.0,0.1,normalized_video_time,0.9118425846099854,0.0012134313583374023,0.0012134313583374023,1.1596200466156006,0.002361297607421875,0.002361297607421875,0.8,normalized_time_only,11,16,False,False
06,audio,2,7,0.04,0.14,normalized_video_time,0.9130730032920837,-1.6987323760986328e-05,1.6987323760986328e-05,1.1599609851837158,0.0020203590393066406,0.0020203590393066406,1.0,normalized_time_only,18,18,False,False
06,audio,4,9,0.08,0.18,normalized_video_time,0.9121236801147461,0.0009323358535766602,0.0009323358535766602,1.1513001918792725,0.01068115234375,0.01068115234375,1.0,normalized_time_only,12,5,False,False
06,audio,6,11,0.12,0.22,normalized_video_time,0.9117451906204224,0.0013108253479003906,0.0013108253479003906,1.147520661354065,0.01446068286895752,0.01446068286895752,1.0,normalized_time_only,10,4,False,False
06,audio,8,13,0.16,0.26,normalized_video_time,0.9122651219367981,0.0007908940315246582,0.0007908940315246582,1.1524949073791504,0.00948643684387207,0.00948643684387207,1.0,normalized_time_only,13,6,False,False
06,audio,10,15,0.2,0.3,normalized_video_time,0.9124842286109924,0.0005717873573303223,0.0005717873573303223,1.1565192937850952,0.005462050437927246,0.005462050437927246,1.0,normalized_time_only,15,9,False,False
06,audio,12,17,0.24,0.34,normalized_video_time,0.9116582870483398,0.0013977289199829102,0.0013977289199829102,1.1573013067245483,0.004680037498474121,0.004680037498474121,1.0,normalized_time_only,8,12,False,False
06,audio,14,19,0.28,0.38,normalized_video_time,0.9116594791412354,0.0013965368270874023,0.0013965368270874023,1.1556787490844727,0.006302595138549805,0.006302595138549805,1.0,normalized_time_only,9,7,False,False
06,audio,16,21,0.32,0.42,normalized_video_time,0.9100794196128845,0.0029765963554382324,0.0029765963554382324,1.143794059753418,0.018187284469604492,0.018187284469604492,1.0,normalized_time_only,4,1,False,True
06,audio,18,23,0.36,0.46,normalized_video_time,0.9091543555259705,0.003901660442352295,0.003901660442352295,1.1457641124725342,0.01621723175048828,0.01621723175048828,1.0,normalized_time_only,3,2,True,True
06,audio,20,25,0.4,0.5,normalized_video_time,0.9066475033760071,0.006408512592315674,0.006408512592315674,1.1459091901779175,0.01607215404510498,0.01607215404510498,1.0,normalized_time_only,1,3,True,True
06,audio,22,27,0.44,0.54,normalized_video_time,0.9077515006065369,0.005304515361785889,0.005304515361785889,1.1569864749908447,0.004994869232177734,0.004994869232177734,1.0,normalized_time_only,2,10,True,False
06,audio,24,29,0.48,0.58,normalized_video_time,0.9105278253555298,0.0025281906127929688,0.0025281906127929688,1.164167881011963,-0.0021865367889404297,0.0021865367889404297,1.0,normalized_time_only,5,17,False,False
06,audio,26,31,0.52,0.62,normalized_video_time,0.9123706817626953,0.0006853342056274414,0.0006853342056274414,1.1649582386016846,-0.0029768943786621094,0.0029768943786621094,1.0,normalized_time_only,14,15,False,False
06,audio,28,33,0.56,0.66,normalized_video_time,0.912940263748169,0.0001157522201538086,0.0001157522201538086,1.1650922298431396,-0.0031108856201171875,0.0031108856201171875,1.0,normalized_time_only,17,14,False,False
06,audio,30,35,0.6,0.7,normalized_video_time,0.9145697951316833,-0.0015137791633605957,0.0015137791633605957,1.1677541732788086,-0.005772829055786133,0.005772829055786133,1.0,normalized_time_only,6,8,False,False
06,audio,32,37,0.64,0.74,normalized_video_time,0.9144570231437683,-0.0014010071754455566,0.0014010071754455566,1.1667135953903198,-0.004732251167297363,0.004732251167297363,0.8,normalized_time_only,7,11,False,False
06,audio,34,39,0.68,0.78,normalized_video_time,0.9132564067840576,-0.00020039081573486328,0.00020039081573486328,1.157785177230835,0.0041961669921875,0.0041961669921875,0.4,normalized_time_only,16,13,False,False
06,audio,36,41,0.72,0.82,normalized_video_time,0.9130560159683228,0.0,0.0,1.161981225013733,1.1920928955078125e-07,1.1920928955078125e-07,0.0,normalized_time_only,19,19,False,False
06,audio,38,43,0.76,0.86,normalized_video_time,0.9130560159683228,0.0,0.0,1.161981225013733,1.1920928955078125e-07,1.1920928955078125e-07,0.0,normalized_time_only,20,20,False,False
06,audio,40,45,0.8,0.9,normalized_video_time,0.9130560159683228,0.0,0.0,1.161981225013733,1.1920928955078125e-07,1.1920928955078125e-07,0.0,normalized_time_only,21,21,False,False
06,audio,42,47,0.84,0.94,normalized_video_time,0.9130560159683228,0.0,0.0,1.161981225013733,1.1920928955078125e-07,1.1920928955078125e-07,0.0,normalized_time_only,22,22,False,False
06,audio,44,49,0.88,0.98,normalized_video_time,0.9130560159683228,0.0,0.0,1.161981225013733,1.1920928955078125e-07,1.1920928955078125e-07,0.0,normalized_time_only,23,23,False,False
06,audio,45,50,0.9,1.0,normalized_video_time,0.9130560159683228,0.0,0.0,1.161981225013733,1.1920928955078125e-07,1.1920928955078125e-07,0.0,normalized_time_only,24,24,False,False
06,vision,0,5,0.0,0.1,normalized_video_time,0.9123216867446899,0.0007343292236328125,0.0007343292236328125,1.1620702743530273,-8.893013000488281e-05,8.893013000488281e-05,0.8,normalized_time_only,8,18,False,False
06,vision,2,7,0.04,0.14,normalized_video_time,0.9124544262886047,0.0006015896797180176,0.0006015896797180176,1.163879156112671,-0.0018978118896484375,0.0018978118896484375,1.0,normalized_time_only,11,11,False,False
06,vision,4,9,0.08,0.18,normalized_video_time,0.913111686706543,-5.5670738220214844e-05,5.5670738220214844e-05,1.167595386505127,-0.005614042282104492,0.005614042282104492,1.0,normalized_time_only,18,4,False,False
06,vision,6,11,0.12,0.22,normalized_video_time,0.9133725166320801,-0.0003165006637573242,0.0003165006637573242,1.168997049331665,-0.007015705108642578,0.007015705108642578,1.0,normalized_time_only,15,1,False,True
06,vision,8,13,0.16,0.26,normalized_video_time,0.9133508801460266,-0.0002948641777038574,0.0002948641777038574,1.1680139303207397,-0.006032586097717285,0.006032586097717285,1.0,normalized_time_only,17,2,False,True
06,vision,10,15,0.2,0.3,normalized_video_time,0.913459300994873,-0.00040328502655029297,0.00040328502655029297,1.1678792238235474,-0.005897879600524902,0.005897879600524902,1.0,normalized_time_only,13,3,False,True
06,vision,12,17,0.24,0.34,normalized_video_time,0.9126700758934021,0.0003859400749206543,0.0003859400749206543,1.1645898818969727,-0.0026085376739501953,0.0026085376739501953,1.0,normalized_time_only,14,7,False,False
06,vision,14,19,0.28,0.38,normalized_video_time,0.911902666091919,0.0011533498764038086,0.0011533498764038086,1.1615891456604004,0.0003921985626220703,0.0003921985626220703,1.0,normalized_time_only,2,15,True,False
06,vision,16,21,0.32,0.42,normalized_video_time,0.9115502834320068,0.001505732536315918,0.001505732536315918,1.1609983444213867,0.0009829998016357422,0.0009829998016357422,1.0,normalized_time_only,1,14,True,False
06,vision,18,23,0.36,0.46,normalized_video_time,0.9122709631919861,0.0007850527763366699,0.0007850527763366699,1.164138913154602,-0.00215756893157959,0.00215756893157959,1.0,normalized_time_only,6,9,False,False
06,vision,20,25,0.4,0.5,normalized_video_time,0.9123228788375854,0.0007331371307373047,0.0007331371307373047,1.1632294654846191,-0.0012481212615966797,0.0012481212615966797,1.0,normalized_time_only,9,13,False,False
06,vision,22,27,0.44,0.54,normalized_video_time,0.9123133420944214,0.0007426738739013672,0.0007426738739013672,1.1604783535003662,0.00150299072265625,0.00150299072265625,1.0,normalized_time_only,7,12,False,False
06,vision,24,29,0.48,0.58,normalized_video_time,0.9120078682899475,0.0010481476783752441,0.0010481476783752441,1.1571882963180542,0.004793047904968262,0.004793047904968262,1.0,normalized_time_only,3,5,True,False
06,vision,26,31,0.52,0.62,normalized_video_time,0.9121753573417664,0.0008806586265563965,0.0008806586265563965,1.1581361293792725,0.00384521484375,0.00384521484375,1.0,normalized_time_only,5,6,False,False
06,vision,28,33,0.56,0.66,normalized_video_time,0.912746012210846,0.00031000375747680664,0.00031000375747680664,1.161604881286621,0.0003764629364013672,0.0003764629364013672,1.0,normalized_time_only,16,16,False,False
06,vision,30,35,0.6,0.7,normalized_video_time,0.9125416874885559,0.0005143284797668457,0.0005143284797668457,1.1616928577423096,0.0002884864807128906,0.0002884864807128906,1.0,normalized_time_only,12,17,False,False
06,vision,32,37,0.64,0.74,normalized_video_time,0.9120851755142212,0.0009708404541015625,0.0009708404541015625,1.1598124504089355,0.002168893814086914,0.002168893814086914,0.8,normalized_time_only,4,8,False,False
06,vision,34,39,0.68,0.78,normalized_video_time,0.9123730659484863,0.0006829500198364258,0.0006829500198364258,1.1599828004837036,0.0019985437393188477,0.0019985437393188477,0.4,normalized_time_only,10,10,False,False
06,vision,36,41,0.72,0.82,normalized_video_time,0.9130560159683228,0.0,0.0,1.161981225013733,1.1920928955078125e-07,1.1920928955078125e-07,0.0,normalized_time_only,19,19,False,False
06,vision,38,43,0.76,0.86,normalized_video_time,0.9130560159683228,0.0,0.0,1.161981225013733,1.1920928955078125e-07,1.1920928955078125e-07,0.0,normalized_time_only,20,20,False,False
06,vision,40,45,0.8,0.9,normalized_video_time,0.9130560159683228,0.0,0.0,1.161981225013733,1.1920928955078125e-07,1.1920928955078125e-07,0.0,normalized_time_only,21,21,False,False
06,vision,42,47,0.84,0.94,normalized_video_time,0.9130560159683228,0.0,0.0,1.161981225013733,1.1920928955078125e-07,1.1920928955078125e-07,0.0,normalized_time_only,22,22,False,False
06,vision,44,49,0.88,0.98,normalized_video_time,0.9130560159683228,0.0,0.0,1.161981225013733,1.1920928955078125e-07,1.1920928955078125e-07,0.0,normalized_time_only,23,23,False,False
06,vision,45,50,0.9,1.0,normalized_video_time,0.9130560159683228,0.0,0.0,1.161981225013733,1.1920928955078125e-07,1.1920928955078125e-07,0.0,normalized_time_only,24,24,False,False
07,text,0,5,0.0,0.1,token_bin,0.9594901204109192,-0.0031186938285827637,0.0031186938285827637,0.9865131378173828,-0.031128287315368652,0.031128287315368652,0.8,token_index_only,18,20,False,False
07,text,2,7,0.04,0.14,token_bin,0.9579533934593201,-0.0015819668769836426,0.0015819668769836426,0.9775407314300537,-0.02215588092803955,0.02215588092803955,1.0,token_index_only,22,22,False,False
07,text,4,9,0.08,0.18,token_bin,0.9369443655014038,0.019427061080932617,0.019427061080932617,0.865410327911377,0.08997452259063721,0.08997452259063721,1.0,token_index_only,7,10,False,False
07,text,6,11,0.12,0.22,token_bin,0.9481077194213867,0.008263707160949707,0.008263707160949707,0.9273519515991211,0.028032898902893066,0.028032898902893066,1.0,token_index_only,12,21,False,False
07,text,8,13,0.16,0.26,token_bin,0.9639331698417664,-0.007561743259429932,0.007561743259429932,1.055478811264038,-0.10009396076202393,0.10009396076202393,1.0,token_index_only,13,8,False,False
07,text,10,15,0.2,0.3,token_bin,0.9592165946960449,-0.002845168113708496,0.002845168113708496,1.018052339553833,-0.06266748905181885,0.06266748905181885,1.0,token_index_only,20,14,False,False
07,text,12,17,0.24,0.34,token_bin,0.9626666903495789,-0.006295263767242432,0.006295263767242432,1.0437382459640503,-0.08835339546203613,0.08835339546203613,1.0,token_index_only,16,11,False,False
07,text,14,19,0.28,0.38,token_bin,0.958230197429657,-0.0018587708473205566,0.0018587708473205566,0.9992592334747314,-0.043874382972717285,0.043874382972717285,1.0,token_index_only,21,18,False,False
07,text,16,21,0.32,0.42,token_bin,0.9508092999458313,0.005562126636505127,0.005562126636505127,0.9090291261672974,0.0463557243347168,0.0463557243347168,1.0,token_index_only,17,17,False,False
07,text,18,23,0.36,0.46,token_bin,0.9360114932060242,0.020359933376312256,0.020359933376312256,0.8485838770866394,0.10680097341537476,0.10680097341537476,1.0,token_index_only,5,7,False,False
07,text,20,25,0.4,0.5,token_bin,0.9627125263214111,-0.006341099739074707,0.006341099739074707,1.0417332649230957,-0.08634841442108154,0.08634841442108154,1.0,token_index_only,15,12,False,False
07,text,22,27,0.44,0.54,token_bin,0.9579399228096008,-0.0015684962272644043,0.0015684962272644043,1.02000093460083,-0.06461608409881592,0.06461608409881592,1.0,token_index_only,23,13,False,False
07,text,24,29,0.48,0.58,token_bin,0.9361133575439453,0.020258069038391113,0.020258069038391113,0.8583109974861145,0.09707385301589966,0.09707385301589966,1.0,token_index_only,6,9,False,False
07,text,26,31,0.52,0.62,token_bin,0.9254632592201233,0.030908167362213135,0.030908167362213135,0.799405574798584,0.15597927570343018,0.15597927570343018,1.0,token_index_only,2,2,True,True
07,text,28,33,0.56,0.66,token_bin,0.8805452585220337,0.07582616806030273,0.07582616806030273,0.6515709161758423,0.3038139343261719,0.3038139343261719,1.0,token_index_only,1,1,True,True
07,text,30,35,0.6,0.7,token_bin,0.9277040362358093,0.0286673903465271,0.0286673903465271,0.8022074699401855,0.1531773805618286,0.1531773805618286,1.0,token_index_only,3,3,True,True
07,text,32,37,0.64,0.74,token_bin,0.9533698558807373,0.003001570701599121,0.003001570701599121,0.947329580783844,0.008055269718170166,0.008055269718170166,1.0,token_index_only,19,24,False,False
07,text,34,39,0.68,0.78,token_bin,0.9477070569992065,0.008664369583129883,0.008664369583129883,0.9187482595443726,0.0366365909576416,0.0366365909576416,1.0,token_index_only,11,19,False,False
07,text,36,41,0.72,0.82,token_bin,0.9446981549263,0.011673271656036377,0.011673271656036377,0.8957247734069824,0.05966007709503174,0.05966007709503174,1.0,token_index_only,8,15,False,False
07,text,38,43,0.76,0.86,token_bin,0.9316546320915222,0.02471679449081421,0.02471679449081421,0.8356488943099976,0.1197359561920166,0.1197359561920166,1.0,token_index_only,4,5,False,False
07,text,40,45,0.8,0.9,token_bin,0.9498720765113831,0.006499350070953369,0.006499350070953369,0.9355500936508179,0.01983475685119629,0.01983475685119629,1.0,token_index_only,14,23,False,False
07,text,42,47,0.84,0.94,token_bin,0.9578994512557983,-0.001528024673461914,0.001528024673461914,1.014754295349121,-0.059369444847106934,0.059369444847106934,1.0,token_index_only,24,16,False,False
07,text,44,49,0.88,0.98,token_bin,0.96783047914505,-0.011459052562713623,0.011459052562713623,1.0879957675933838,-0.13261091709136963,0.13261091709136963,1.0,token_index_only,9,4,False,False
07,text,45,50,0.9,1.0,token_bin,0.966316819190979,-0.009945392608642578,0.009945392608642578,1.0662339925765991,-0.11084914207458496,0.11084914207458496,0.8,token_index_only,10,6,False,False
07,audio,0,5,0.0,0.1,normalized_video_time,0.9572238326072693,-0.0008524060249328613,0.0008524060249328613,0.9619382619857788,-0.0065534114837646484,0.0065534114837646484,0.8,normalized_time_only,14,15,False,False
07,audio,2,7,0.04,0.14,normalized_video_time,0.9576467275619507,-0.0012753009796142578,0.0012753009796142578,0.9653326272964478,-0.009947776794433594,0.009947776794433594,1.0,normalized_time_only,11,10,False,False
07,audio,4,9,0.08,0.18,normalized_video_time,0.957073450088501,-0.0007020235061645508,0.0007020235061645508,0.9634217619895935,-0.008036911487579346,0.008036911487579346,1.0,normalized_time_only,16,13,False,False
07,audio,6,11,0.12,0.22,normalized_video_time,0.9569588899612427,-0.00058746337890625,0.00058746337890625,0.9649626016616821,-0.009577751159667969,0.009577751159667969,1.0,normalized_time_only,18,11,False,False
07,audio,8,13,0.16,0.26,normalized_video_time,0.9577580094337463,-0.0013865828514099121,0.0013865828514099121,0.9706684350967407,-0.015283584594726562,0.015283584594726562,1.0,normalized_time_only,9,1,False,True
07,audio,10,15,0.2,0.3,normalized_video_time,0.9578854441642761,-0.0015140175819396973,0.0015140175819396973,0.9701068997383118,-0.014722049236297607,0.014722049236297607,1.0,normalized_time_only,7,3,False,True
07,audio,12,17,0.24,0.34,normalized_video_time,0.9578467011451721,-0.0014752745628356934,0.0014752745628356934,0.9694160223007202,-0.014031171798706055,0.014031171798706055,1.0,normalized_time_only,8,5,False,False
07,audio,14,19,0.28,0.38,normalized_video_time,0.9577311277389526,-0.001359701156616211,0.001359701156616211,0.9668924808502197,-0.011507630348205566,0.011507630348205566,1.0,normalized_time_only,10,8,False,False
07,audio,16,21,0.32,0.42,normalized_video_time,0.957402229309082,-0.0010308027267456055,0.0010308027267456055,0.964133620262146,-0.008748769760131836,0.008748769760131836,1.0,normalized_time_only,13,12,False,False
07,audio,18,23,0.36,0.46,normalized_video_time,0.9562800526618958,9.137392044067383e-05,9.137392044067383e-05,0.955832839012146,-0.00044798851013183594,0.00044798851013183594,1.0,normalized_time_only,22,23,False,False
07,audio,20,25,0.4,0.5,normalized_video_time,0.9548296332359314,0.0015417933464050293,0.0015417933464050293,0.9486339092254639,0.006750941276550293,0.006750941276550293,1.0,normalized_time_only,5,14,False,False
07,audio,22,27,0.44,0.54,normalized_video_time,0.953774631023407,0.0025967955589294434,0.0025967955589294434,0.9410275220870972,0.014357328414916992,0.014357328414916992,1.0,normalized_time_only,2,4,True,False
07,audio,24,29,0.48,0.58,normalized_video_time,0.9536094069480896,0.002762019634246826,0.002762019634246826,0.9404169321060181,0.014967918395996094,0.014967918395996094,1.0,normalized_time_only,1,2,True,True
07,audio,26,31,0.52,0.62,normalized_video_time,0.9541631937026978,0.002208232879638672,0.002208232879638672,0.9431568384170532,0.012228012084960938,0.012228012084960938,1.0,normalized_time_only,3,7,True,False
07,audio,28,33,0.56,0.66,normalized_video_time,0.955186665058136,0.0011847615242004395,0.0011847615242004395,0.9533369541168213,0.002047896385192871,0.002047896385192871,1.0,normalized_time_only,12,20,False,False
07,audio,30,35,0.6,0.7,normalized_video_time,0.9563320279121399,3.93986701965332e-05,3.93986701965332e-05,0.9603872895240784,-0.005002439022064209,0.005002439022064209,1.0,normalized_time_only,24,17,False,False
07,audio,32,37,0.64,0.74,normalized_video_time,0.9562923312187195,7.909536361694336e-05,7.909536361694336e-05,0.9555582404136658,-0.00017338991165161133,0.00017338991165161133,1.0,normalized_time_only,23,24,False,False
07,audio,34,39,0.68,0.78,normalized_video_time,0.956626832485199,-0.00025540590286254883,0.00025540590286254883,0.9546893835067749,0.0006954669952392578,0.0006954669952392578,1.0,normalized_time_only,21,22,False,False
07,audio,36,41,0.72,0.82,normalized_video_time,0.9578964710235596,-0.0015250444412231445,0.0015250444412231445,0.9659209251403809,-0.0105360746383667,0.0105360746383667,1.0,normalized_time_only,6,9,False,False
07,audio,38,43,0.76,0.86,normalized_video_time,0.9581666588783264,-0.0017952322959899902,0.0017952322959899902,0.9694100618362427,-0.014025211334228516,0.014025211334228516,1.0,normalized_time_only,4,6,False,False
07,audio,40,45,0.8,0.9,normalized_video_time,0.9569507241249084,-0.0005792975425720215,0.0005792975425720215,0.9594445824623108,-0.004059731960296631,0.004059731960296631,1.0,normalized_time_only,20,18,False,False
07,audio,42,47,0.84,0.94,normalized_video_time,0.9556335806846619,0.0007378458976745605,0.0007378458976745605,0.9497063755989075,0.0056784749031066895,0.0056784749031066895,1.0,normalized_time_only,15,16,False,False
07,audio,44,49,0.88,0.98,normalized_video_time,0.9557024240493774,0.0006690025329589844,0.0006690025329589844,0.9530105590820312,0.00237429141998291,0.00237429141998291,1.0,normalized_time_only,17,19,False,False
07,audio,45,50,0.9,1.0,normalized_video_time,0.9557846188545227,0.0005868077278137207,0.0005868077278137207,0.9539576768875122,0.0014271736145019531,0.0014271736145019531,0.8,normalized_time_only,19,21,False,False
07,vision,0,5,0.0,0.1,normalized_video_time,0.9584997892379761,-0.0021283626556396484,0.0021283626556396484,0.977583110332489,-0.022198259830474854,0.022198259830474854,0.8,normalized_time_only,9,4,False,False
07,vision,2,7,0.04,0.14,normalized_video_time,0.9589688777923584,-0.0025974512100219727,0.0025974512100219727,0.9813185334205627,-0.025933682918548584,0.025933682918548584,1.0,normalized_time_only,4,1,False,True
07,vision,4,9,0.08,0.18,normalized_video_time,0.958649754524231,-0.0022783279418945312,0.0022783279418945312,0.9787921905517578,-0.023407340049743652,0.023407340049743652,1.0,normalized_time_only,7,2,False,True
07,vision,6,11,0.12,0.22,normalized_video_time,0.958369255065918,-0.001997828483581543,0.001997828483581543,0.977907121181488,-0.022522270679473877,0.022522270679473877,1.0,normalized_time_only,10,3,False,True
07,vision,8,13,0.16,0.26,normalized_video_time,0.9578448534011841,-0.0014734268188476562,0.0014734268188476562,0.9755284786224365,-0.020143628120422363,0.020143628120422363,1.0,normalized_time_only,13,5,False,False
07,vision,10,15,0.2,0.3,normalized_video_time,0.9563152194023132,5.620718002319336e-05,5.620718002319336e-05,0.9616773128509521,-0.006292462348937988,0.006292462348937988,1.0,normalized_time_only,24,15,False,False
07,vision,12,17,0.24,0.34,normalized_video_time,0.9554688930511475,0.0009025335311889648,0.0009025335311889648,0.9552022218704224,0.00018262863159179688,0.00018262863159179688,1.0,normalized_time_only,18,24,False,False
07,vision,14,19,0.28,0.38,normalized_video_time,0.955046534538269,0.0013248920440673828,0.0013248920440673828,0.953452467918396,0.001932382583618164,0.001932382583618164,1.0,normalized_time_only,14,21,False,False
07,vision,16,21,0.32,0.42,normalized_video_time,0.9550756216049194,0.0012958049774169922,0.0012958049774169922,0.9520330429077148,0.0033518075942993164,0.0033518075942993164,1.0,normalized_time_only,15,19,False,False
07,vision,18,23,0.36,0.46,normalized_video_time,0.9558055400848389,0.0005658864974975586,0.0005658864974975586,0.9548234939575195,0.0005613565444946289,0.0005613565444946289,1.0,normalized_time_only,21,23,False,False
07,vision,20,25,0.4,0.5,normalized_video_time,0.9569523334503174,-0.000580906867980957,0.000580906867980957,0.9628872871398926,-0.007502436637878418,0.007502436637878418,1.0,normalized_time_only,20,13,False,False
07,vision,22,27,0.44,0.54,normalized_video_time,0.9564291834831238,-5.7756900787353516e-05,5.7756900787353516e-05,0.959679901599884,-0.004295051097869873,0.004295051097869873,1.0,normalized_time_only,23,18,False,False
07,vision,24,29,0.48,0.58,normalized_video_time,0.9558240175247192,0.0005474090576171875,0.0005474090576171875,0.9546287059783936,0.0007561445236206055,0.0007561445236206055,1.0,normalized_time_only,22,22,False,False
07,vision,26,31,0.52,0.62,normalized_video_time,0.9552412629127502,0.0011301636695861816,0.0011301636695861816,0.9507472515106201,0.004637598991394043,0.004637598991394043,1.0,normalized_time_only,17,17,False,False
07,vision,28,33,0.56,0.66,normalized_video_time,0.9556050896644592,0.0007663369178771973,0.0007663369178771973,0.953095555305481,0.002289295196533203,0.002289295196533203,1.0,normalized_time_only,19,20,False,False
07,vision,30,35,0.6,0.7,normalized_video_time,0.9552388787269592,0.0011325478553771973,0.0011325478553771973,0.9499683380126953,0.005416512489318848,0.005416512489318848,1.0,normalized_time_only,16,16,False,False
07,vision,32,37,0.64,0.74,normalized_video_time,0.9547144174575806,0.0016570091247558594,0.0016570091247558594,0.9460141658782959,0.009370684623718262,0.009370684623718262,1.0,normalized_time_only,11,12,False,False
07,vision,34,39,0.68,0.78,normalized_video_time,0.9538304805755615,0.0025409460067749023,0.0025409460067749023,0.9394019842147827,0.015982866287231445,0.015982866287231445,1.0,normalized_time_only,5,7,False,False
07,vision,36,41,0.72,0.82,normalized_video_time,0.9536477327346802,0.00272369384765625,0.00272369384765625,0.9393519759178162,0.016032874584197998,0.016032874584197998,1.0,normalized_time_only,2,6,True,False
07,vision,38,43,0.76,0.86,normalized_video_time,0.9535609483718872,0.0028104782104492188,0.0028104782104492188,0.9402016401290894,0.015183210372924805,0.015183210372924805,1.0,normalized_time_only,1,8,True,False
07,vision,40,45,0.8,0.9,normalized_video_time,0.9537464380264282,0.002624988555908203,0.002624988555908203,0.9411602020263672,0.014224648475646973,0.014224648475646973,1.0,normalized_time_only,3,9,True,False
07,vision,42,47,0.84,0.94,normalized_video_time,0.9539965391159058,0.002374887466430664,0.002374887466430664,0.9434685707092285,0.011916279792785645,0.011916279792785645,1.0,normalized_time_only,6,10,False,False
07,vision,44,49,0.88,0.98,normalized_video_time,0.954145073890686,0.0022263526916503906,0.0022263526916503906,0.9448903799057007,0.010494470596313477,0.010494470596313477,1.0,normalized_time_only,8,11,False,False
07,vision,45,50,0.9,1.0,normalized_video_time,0.9547193050384521,0.0016521215438842773,0.0016521215438842773,0.9480972290039062,0.00728762149810791,0.00728762149810791,0.8,normalized_time_only,12,14,False,False
08,text,0,5,0.0,0.1,token_bin,0.8096197843551636,0.11637777090072632,0.11637777090072632,0.6019075512886047,0.24913179874420166,0.24913179874420166,0.8,token_index_only,5,5,False,False
08,text,2,7,0.04,0.14,token_bin,0.6491698622703552,0.27682769298553467,0.27682769298553467,0.4029383361339569,0.4481010138988495,0.4481010138988495,1.0,token_index_only,2,4,True,False
08,text,4,9,0.08,0.18,token_bin,0.5570480823516846,0.3689494729042053,0.3689494729042053,0.2946738600730896,0.5563654899597168,0.5563654899597168,1.0,token_index_only,1,1,True,True
08,text,6,11,0.12,0.22,token_bin,0.7016356587409973,0.22436189651489258,0.22436189651489258,0.3728153109550476,0.4782240390777588,0.4782240390777588,1.0,token_index_only,3,3,True,True
08,text,8,13,0.16,0.26,token_bin,0.7115799784660339,0.21441757678985596,0.21441757678985596,0.36978355050086975,0.48125579953193665,0.48125579953193665,0.8,token_index_only,4,2,False,True
08,text,10,15,0.2,0.3,token_bin,0.910099983215332,0.01589757204055786,0.01589757204055786,0.7416567802429199,0.10938256978988647,0.10938256978988647,0.4,token_index_only,6,6,False,False
08,text,12,17,0.24,0.34,token_bin,0.9259975552558899,0.0,0.0,0.8510392904281616,5.960464477539063e-08,5.960464477539063e-08,0.0,token_index_only,7,7,False,False
08,text,14,19,0.28,0.38,token_bin,0.9259975552558899,0.0,0.0,0.8510392904281616,5.960464477539063e-08,5.960464477539063e-08,0.0,token_index_only,8,8,False,False
08,text,16,21,0.32,0.42,token_bin,0.9259975552558899,0.0,0.0,0.8510392904281616,5.960464477539063e-08,5.960464477539063e-08,0.0,token_index_only,9,9,False,False
08,text,18,23,0.36,0.46,token_bin,0.9259975552558899,0.0,0.0,0.8510392904281616,5.960464477539063e-08,5.960464477539063e-08,0.0,token_index_only,10,10,False,False
08,text,20,25,0.4,0.5,token_bin,0.9259975552558899,0.0,0.0,0.8510392904281616,5.960464477539063e-08,5.960464477539063e-08,0.0,token_index_only,11,11,False,False
08,text,22,27,0.44,0.54,token_bin,0.9259975552558899,0.0,0.0,0.8510392904281616,5.960464477539063e-08,5.960464477539063e-08,0.0,token_index_only,12,12,False,False
08,text,24,29,0.48,0.58,token_bin,0.9259975552558899,0.0,0.0,0.8510392904281616,5.960464477539063e-08,5.960464477539063e-08,0.0,token_index_only,13,13,False,False
08,text,26,31,0.52,0.62,token_bin,0.9259975552558899,0.0,0.0,0.8510392904281616,5.960464477539063e-08,5.960464477539063e-08,0.0,token_index_only,14,14,False,False
08,text,28,33,0.56,0.66,token_bin,0.9259975552558899,0.0,0.0,0.8510392904281616,5.960464477539063e-08,5.960464477539063e-08,0.0,token_index_only,15,15,False,False
08,text,30,35,0.6,0.7,token_bin,0.9259975552558899,0.0,0.0,0.8510392904281616,5.960464477539063e-08,5.960464477539063e-08,0.0,token_index_only,16,16,False,False
08,text,32,37,0.64,0.74,token_bin,0.9259975552558899,0.0,0.0,0.8510392904281616,5.960464477539063e-08,5.960464477539063e-08,0.0,token_index_only,17,17,False,False
08,text,34,39,0.68,0.78,token_bin,0.9259975552558899,0.0,0.0,0.8510392904281616,5.960464477539063e-08,5.960464477539063e-08,0.0,token_index_only,18,18,False,False
08,text,36,41,0.72,0.82,token_bin,0.9259975552558899,0.0,0.0,0.8510392904281616,5.960464477539063e-08,5.960464477539063e-08,0.0,token_index_only,19,19,False,False
08,text,38,43,0.76,0.86,token_bin,0.9259975552558899,0.0,0.0,0.8510392904281616,5.960464477539063e-08,5.960464477539063e-08,0.0,token_index_only,20,20,False,False
08,text,40,45,0.8,0.9,token_bin,0.9259975552558899,0.0,0.0,0.8510392904281616,5.960464477539063e-08,5.960464477539063e-08,0.0,token_index_only,21,21,False,False
08,text,42,47,0.84,0.94,token_bin,0.9259975552558899,0.0,0.0,0.8510392904281616,5.960464477539063e-08,5.960464477539063e-08,0.0,token_index_only,22,22,False,False
08,text,44,49,0.88,0.98,token_bin,0.9259975552558899,0.0,0.0,0.8510392904281616,5.960464477539063e-08,5.960464477539063e-08,0.0,token_index_only,23,23,False,False
08,text,45,50,0.9,1.0,token_bin,0.9259975552558899,0.0,0.0,0.8510392904281616,5.960464477539063e-08,5.960464477539063e-08,0.0,token_index_only,24,24,False,False
08,audio,0,5,0.0,0.1,normalized_video_time,0.9050081372261047,0.020989418029785156,0.020989418029785156,0.8032673597335815,0.047771990299224854,0.047771990299224854,0.8,normalized_time_only,1,4,True,False
08,audio,2,7,0.04,0.14,normalized_video_time,0.915147602558136,0.010849952697753906,0.010849952697753906,0.8616969585418701,-0.01065760850906372,0.01065760850906372,1.0,normalized_time_only,5,5,False,False
08,audio,4,9,0.08,0.18,normalized_video_time,0.9406322240829468,-0.014634668827056885,0.014634668827056885,0.9646972417831421,-0.1136578917503357,0.1136578917503357,1.0,normalized_time_only,3,2,True,True
08,audio,6,11,0.12,0.22,normalized_video_time,0.9411872625350952,-0.015189707279205322,0.015189707279205322,0.9656128883361816,-0.11457353830337524,0.11457353830337524,1.0,normalized_time_only,2,1,True,True
08,audio,8,13,0.16,0.26,normalized_video_time,0.9396634697914124,-0.013665914535522461,0.013665914535522461,0.9484480619430542,-0.0974087119102478,0.0974087119102478,0.8,normalized_time_only,4,3,False,True
08,audio,10,15,0.2,0.3,normalized_video_time,0.9272423982620239,-0.0012448430061340332,0.0012448430061340332,0.8585473895072937,-0.007508039474487305,0.007508039474487305,0.4,normalized_time_only,6,6,False,False
08,audio,12,17,0.24,0.34,normalized_video_time,0.9259975552558899,0.0,0.0,0.8510392904281616,5.960464477539063e-08,5.960464477539063e-08,0.0,normalized_time_only,7,7,False,False
08,audio,14,19,0.28,0.38,normalized_video_time,0.9259975552558899,0.0,0.0,0.8510392904281616,5.960464477539063e-08,5.960464477539063e-08,0.0,normalized_time_only,8,8,False,False
08,audio,16,21,0.32,0.42,normalized_video_time,0.9259975552558899,0.0,0.0,0.8510392904281616,5.960464477539063e-08,5.960464477539063e-08,0.0,normalized_time_only,9,9,False,False
08,audio,18,23,0.36,0.46,normalized_video_time,0.9259975552558899,0.0,0.0,0.8510392904281616,5.960464477539063e-08,5.960464477539063e-08,0.0,normalized_time_only,10,10,False,False
08,audio,20,25,0.4,0.5,normalized_video_time,0.9259975552558899,0.0,0.0,0.8510392904281616,5.960464477539063e-08,5.960464477539063e-08,0.0,normalized_time_only,11,11,False,False
08,audio,22,27,0.44,0.54,normalized_video_time,0.9259975552558899,0.0,0.0,0.8510392904281616,5.960464477539063e-08,5.960464477539063e-08,0.0,normalized_time_only,12,12,False,False
08,audio,24,29,0.48,0.58,normalized_video_time,0.9259975552558899,0.0,0.0,0.8510392904281616,5.960464477539063e-08,5.960464477539063e-08,0.0,normalized_time_only,13,13,False,False
08,audio,26,31,0.52,0.62,normalized_video_time,0.9259975552558899,0.0,0.0,0.8510392904281616,5.960464477539063e-08,5.960464477539063e-08,0.0,normalized_time_only,14,14,False,False
08,audio,28,33,0.56,0.66,normalized_video_time,0.9259975552558899,0.0,0.0,0.8510392904281616,5.960464477539063e-08,5.960464477539063e-08,0.0,normalized_time_only,15,15,False,False
08,audio,30,35,0.6,0.7,normalized_video_time,0.9259975552558899,0.0,0.0,0.8510392904281616,5.960464477539063e-08,5.960464477539063e-08,0.0,normalized_time_only,16,16,False,False
08,audio,32,37,0.64,0.74,normalized_video_time,0.9259975552558899,0.0,0.0,0.8510392904281616,5.960464477539063e-08,5.960464477539063e-08,0.0,normalized_time_only,17,17,False,False
08,audio,34,39,0.68,0.78,normalized_video_time,0.9259975552558899,0.0,0.0,0.8510392904281616,5.960464477539063e-08,5.960464477539063e-08,0.0,normalized_time_only,18,18,False,False
08,audio,36,41,0.72,0.82,normalized_video_time,0.9259975552558899,0.0,0.0,0.8510392904281616,5.960464477539063e-08,5.960464477539063e-08,0.0,normalized_time_only,19,19,False,False
08,audio,38,43,0.76,0.86,normalized_video_time,0.9259975552558899,0.0,0.0,0.8510392904281616,5.960464477539063e-08,5.960464477539063e-08,0.0,normalized_time_only,20,20,False,False
08,audio,40,45,0.8,0.9,normalized_video_time,0.9259975552558899,0.0,0.0,0.8510392904281616,5.960464477539063e-08,5.960464477539063e-08,0.0,normalized_time_only,21,21,False,False
08,audio,42,47,0.84,0.94,normalized_video_time,0.9259975552558899,0.0,0.0,0.8510392904281616,5.960464477539063e-08,5.960464477539063e-08,0.0,normalized_time_only,22,22,False,False
08,audio,44,49,0.88,0.98,normalized_video_time,0.9259975552558899,0.0,0.0,0.8510392904281616,5.960464477539063e-08,5.960464477539063e-08,0.0,normalized_time_only,23,23,False,False
08,audio,45,50,0.9,1.0,normalized_video_time,0.9259975552558899,0.0,0.0,0.8510392904281616,5.960464477539063e-08,5.960464477539063e-08,0.0,normalized_time_only,24,24,False,False
08,vision,0,5,0.0,0.1,normalized_video_time,0.9335433840751648,-0.007545828819274902,0.007545828819274902,0.8817527890205383,-0.030713438987731934,0.030713438987731934,0.8,normalized_time_only,3,3,True,True
08,vision,2,7,0.04,0.14,normalized_video_time,0.9345954060554504,-0.008597850799560547,0.008597850799560547,0.8896931409835815,-0.038653790950775146,0.038653790950775146,1.0,normalized_time_only,1,2,True,True
08,vision,4,9,0.08,0.18,normalized_video_time,0.9337242841720581,-0.007726728916168213,0.007726728916168213,0.8900067806243896,-0.03896743059158325,0.03896743059158325,1.0,normalized_time_only,2,1,True,True
08,vision,6,11,0.12,0.22,normalized_video_time,0.932007372379303,-0.006009817123413086,0.006009817123413086,0.8776472210884094,-0.026607871055603027,0.026607871055603027,1.0,normalized_time_only,4,4,False,False
08,vision,8,13,0.16,0.26,normalized_video_time,0.9307043552398682,-0.0047067999839782715,0.0047067999839782715,0.8663729429244995,-0.015333592891693115,0.015333592891693115,0.8,normalized_time_only,5,5,False,False
08,vision,10,15,0.2,0.3,normalized_video_time,0.9284887313842773,-0.002491176128387451,0.002491176128387451,0.8561490774154663,-0.005109727382659912,0.005109727382659912,0.4,normalized_time_only,6,6,False,False
08,vision,12,17,0.24,0.34,normalized_video_time,0.9259975552558899,0.0,0.0,0.8510392904281616,5.960464477539063e-08,5.960464477539063e-08,0.0,normalized_time_only,7,7,False,False
08,vision,14,19,0.28,0.38,normalized_video_time,0.9259975552558899,0.0,0.0,0.8510392904281616,5.960464477539063e-08,5.960464477539063e-08,0.0,normalized_time_only,8,8,False,False
08,vision,16,21,0.32,0.42,normalized_video_time,0.9259975552558899,0.0,0.0,0.8510392904281616,5.960464477539063e-08,5.960464477539063e-08,0.0,normalized_time_only,9,9,False,False
08,vision,18,23,0.36,0.46,normalized_video_time,0.9259975552558899,0.0,0.0,0.8510392904281616,5.960464477539063e-08,5.960464477539063e-08,0.0,normalized_time_only,10,10,False,False
08,vision,20,25,0.4,0.5,normalized_video_time,0.9259975552558899,0.0,0.0,0.8510392904281616,5.960464477539063e-08,5.960464477539063e-08,0.0,normalized_time_only,11,11,False,False
08,vision,22,27,0.44,0.54,normalized_video_time,0.9259975552558899,0.0,0.0,0.8510392904281616,5.960464477539063e-08,5.960464477539063e-08,0.0,normalized_time_only,12,12,False,False
08,vision,24,29,0.48,0.58,normalized_video_time,0.9259975552558899,0.0,0.0,0.8510392904281616,5.960464477539063e-08,5.960464477539063e-08,0.0,normalized_time_only,13,13,False,False
08,vision,26,31,0.52,0.62,normalized_video_time,0.9259975552558899,0.0,0.0,0.8510392904281616,5.960464477539063e-08,5.960464477539063e-08,0.0,normalized_time_only,14,14,False,False
08,vision,28,33,0.56,0.66,normalized_video_time,0.9259975552558899,0.0,0.0,0.8510392904281616,5.960464477539063e-08,5.960464477539063e-08,0.0,normalized_time_only,15,15,False,False
08,vision,30,35,0.6,0.7,normalized_video_time,0.9259975552558899,0.0,0.0,0.8510392904281616,5.960464477539063e-08,5.960464477539063e-08,0.0,normalized_time_only,16,16,False,False
08,vision,32,37,0.64,0.74,normalized_video_time,0.9259975552558899,0.0,0.0,0.8510392904281616,5.960464477539063e-08,5.960464477539063e-08,0.0,normalized_time_only,17,17,False,False
08,vision,34,39,0.68,0.78,normalized_video_time,0.9259975552558899,0.0,0.0,0.8510392904281616,5.960464477539063e-08,5.960464477539063e-08,0.0,normalized_time_only,18,18,False,False
08,vision,36,41,0.72,0.82,normalized_video_time,0.9259975552558899,0.0,0.0,0.8510392904281616,5.960464477539063e-08,5.960464477539063e-08,0.0,normalized_time_only,19,19,False,False
08,vision,38,43,0.76,0.86,normalized_video_time,0.9259975552558899,0.0,0.0,0.8510392904281616,5.960464477539063e-08,5.960464477539063e-08,0.0,normalized_time_only,20,20,False,False
08,vision,40,45,0.8,0.9,normalized_video_time,0.9259975552558899,0.0,0.0,0.8510392904281616,5.960464477539063e-08,5.960464477539063e-08,0.0,normalized_time_only,21,21,False,False
08,vision,42,47,0.84,0.94,normalized_video_time,0.9259975552558899,0.0,0.0,0.8510392904281616,5.960464477539063e-08,5.960464477539063e-08,0.0,normalized_time_only,22,22,False,False
08,vision,44,49,0.88,0.98,normalized_video_time,0.9259975552558899,0.0,0.0,0.8510392904281616,5.960464477539063e-08,5.960464477539063e-08,0.0,normalized_time_only,23,23,False,False
08,vision,45,50,0.9,1.0,normalized_video_time,0.9259975552558899,0.0,0.0,0.8510392904281616,5.960464477539063e-08,5.960464477539063e-08,0.0,normalized_time_only,24,24,False,False
09,text,0,5,0.0,0.1,token_bin,0.8052835464477539,0.038406550884246826,0.038406550884246826,-0.8034545183181763,-0.14814406633377075,0.14814406633377075,0.8,token_index_only,7,7,False,False
09,text,2,7,0.04,0.14,token_bin,0.8176541328430176,0.026035964488983154,0.026035964488983154,-0.8665686845779419,-0.08502990007400513,0.08502990007400513,1.0,token_index_only,9,9,False,False
09,text,4,9,0.08,0.18,token_bin,0.7531193494796753,0.09057074785232544,0.09057074785232544,-0.7231426239013672,-0.22845596075057983,0.22845596075057983,1.0,token_index_only,5,5,False,False
09,text,6,11,0.12,0.22,token_bin,0.6308003067970276,0.21288979053497314,0.21288979053497314,-0.3923656940460205,-0.5592328906059265,0.5592328906059265,1.0,token_index_only,1,1,True,True
09,text,8,13,0.16,0.26,token_bin,0.7236747145652771,0.12001538276672363,0.12001538276672363,-0.5889215469360352,-0.36267703771591187,0.36267703771591187,1.0,token_index_only,3,2,True,True
09,text,10,15,0.2,0.3,token_bin,0.7169409394264221,0.1267491579055786,0.1267491579055786,-0.5891411900520325,-0.36245739459991455,0.36245739459991455,1.0,token_index_only,2,3,True,True
09,text,12,17,0.24,0.34,token_bin,0.7381020188331604,0.10558807849884033,0.10558807849884033,-0.6794376373291016,-0.27216094732284546,0.27216094732284546,1.0,token_index_only,4,4,False,False
09,text,14,19,0.28,0.38,token_bin,0.7702774405479431,0.07341265678405762,0.07341265678405762,-0.7256613373756409,-0.22593724727630615,0.22593724727630615,1.0,token_index_only,6,6,False,False
09,text,16,21,0.32,0.42,token_bin,0.8157774209976196,0.027912676334381104,0.027912676334381104,-0.8466945290565491,-0.10490405559539795,0.10490405559539795,0.6,token_index_only,8,8,False,False
09,text,18,23,0.36,0.46,token_bin,0.8331016302108765,0.010588467121124268,0.010588467121124268,-0.9107385277748108,-0.04086005687713623,0.04086005687713623,0.2,token_index_only,10,10,False,False
09,text,20,25,0.4,0.5,token_bin,0.8436899781227112,1.1920928955078125e-07,1.1920928955078125e-07,-0.9515987634658813,1.7881393432617188e-07,1.7881393432617188e-07,0.0,token_index_only,11,11,False,False
09,text,22,27,0.44,0.54,token_bin,0.8436899781227112,1.1920928955078125e-07,1.1920928955078125e-07,-0.9515987634658813,1.7881393432617188e-07,1.7881393432617188e-07,0.0,token_index_only,12,12,False,False
09,text,24,29,0.48,0.58,token_bin,0.8436899781227112,1.1920928955078125e-07,1.1920928955078125e-07,-0.9515987634658813,1.7881393432617188e-07,1.7881393432617188e-07,0.0,token_index_only,13,13,False,False
09,text,26,31,0.52,0.62,token_bin,0.8436899781227112,1.1920928955078125e-07,1.1920928955078125e-07,-0.9515987634658813,1.7881393432617188e-07,1.7881393432617188e-07,0.0,token_index_only,14,14,False,False
09,text,28,33,0.56,0.66,token_bin,0.8436899781227112,1.1920928955078125e-07,1.1920928955078125e-07,-0.9515987634658813,1.7881393432617188e-07,1.7881393432617188e-07,0.0,token_index_only,15,15,False,False
09,text,30,35,0.6,0.7,token_bin,0.8436899781227112,1.1920928955078125e-07,1.1920928955078125e-07,-0.9515987634658813,1.7881393432617188e-07,1.7881393432617188e-07,0.0,token_index_only,16,16,False,False
09,text,32,37,0.64,0.74,token_bin,0.8436899781227112,1.1920928955078125e-07,1.1920928955078125e-07,-0.9515987634658813,1.7881393432617188e-07,1.7881393432617188e-07,0.0,token_index_only,17,17,False,False
09,text,34,39,0.68,0.78,token_bin,0.8436899781227112,1.1920928955078125e-07,1.1920928955078125e-07,-0.9515987634658813,1.7881393432617188e-07,1.7881393432617188e-07,0.0,token_index_only,18,18,False,False
09,text,36,41,0.72,0.82,token_bin,0.8436899781227112,1.1920928955078125e-07,1.1920928955078125e-07,-0.9515987634658813,1.7881393432617188e-07,1.7881393432617188e-07,0.0,token_index_only,19,19,False,False
09,text,38,43,0.76,0.86,token_bin,0.8436899781227112,1.1920928955078125e-07,1.1920928955078125e-07,-0.9515987634658813,1.7881393432617188e-07,1.7881393432617188e-07,0.0,token_index_only,20,20,False,False
09,text,40,45,0.8,0.9,token_bin,0.8436899781227112,1.1920928955078125e-07,1.1920928955078125e-07,-0.9515987634658813,1.7881393432617188e-07,1.7881393432617188e-07,0.0,token_index_only,21,21,False,False
09,text,42,47,0.84,0.94,token_bin,0.8436899781227112,1.1920928955078125e-07,1.1920928955078125e-07,-0.9515987634658813,1.7881393432617188e-07,1.7881393432617188e-07,0.0,token_index_only,22,22,False,False
09,text,44,49,0.88,0.98,token_bin,0.8436899781227112,1.1920928955078125e-07,1.1920928955078125e-07,-0.9515987634658813,1.7881393432617188e-07,1.7881393432617188e-07,0.0,token_index_only,23,23,False,False
09,text,45,50,0.9,1.0,token_bin,0.8436899781227112,1.1920928955078125e-07,1.1920928955078125e-07,-0.9515987634658813,1.7881393432617188e-07,1.7881393432617188e-07,0.0,token_index_only,24,24,False,False
09,audio,0,5,0.0,0.1,normalized_video_time,0.8764549493789673,-0.03276485204696655,0.03276485204696655,-1.112296462059021,0.16069787740707397,0.16069787740707397,0.8,normalized_time_only,1,1,True,True
09,audio,2,7,0.04,0.14,normalized_video_time,0.8697380423545837,-0.026047945022583008,0.026047945022583008,-1.0834031105041504,0.13180452585220337,0.13180452585220337,1.0,normalized_time_only,3,2,True,True
09,audio,4,9,0.08,0.18,normalized_video_time,0.8303973078727722,0.013292789459228516,0.013292789459228516,-0.9100332856178284,-0.04156529903411865,0.04156529903411865,1.0,normalized_time_only,5,5,False,False
09,audio,6,11,0.12,0.22,normalized_video_time,0.81619793176651,0.027492165565490723,0.027492165565490723,-0.8539125323295593,-0.0976860523223877,0.0976860523223877,1.0,normalized_time_only,2,3,True,True
09,audio,8,13,0.16,0.26,normalized_video_time,0.8477845191955566,-0.004094421863555908,0.004094421863555908,-0.9713009595870972,0.019702374935150146,0.019702374935150146,1.0,normalized_time_only,8,6,False,False
09,audio,10,15,0.2,0.3,normalized_video_time,0.8623135685920715,-0.0186234712600708,0.0186234712600708,-1.031311273574829,0.07971268892288208,0.07971268892288208,1.0,normalized_time_only,4,4,False,False
09,audio,12,17,0.24,0.34,normalized_video_time,0.8414662480354309,0.0022238492965698242,0.0022238492965698242,-0.9708291292190552,0.019230544567108154,0.019230544567108154,1.0,normalized_time_only,9,7,False,False
09,audio,14,19,0.28,0.38,normalized_video_time,0.8368119597434998,0.0068781375885009766,0.0068781375885009766,-0.9547950029373169,0.003196418285369873,0.003196418285369873,1.0,normalized_time_only,6,9,False,False
09,audio,16,21,0.32,0.42,normalized_video_time,0.8380273580551147,0.005662739276885986,0.005662739276885986,-0.9456285238265991,-0.0059700608253479,0.0059700608253479,0.6,normalized_time_only,7,8,False,False
09,audio,18,23,0.36,0.46,normalized_video_time,0.8423417210578918,0.0013483762741088867,0.0013483762741088867,-0.9507200717926025,-0.0008785128593444824,0.0008785128593444824,0.2,normalized_time_only,10,10,False,False
09,audio,20,25,0.4,0.5,normalized_video_time,0.8436899781227112,1.1920928955078125e-07,1.1920928955078125e-07,-0.9515987634658813,1.7881393432617188e-07,1.7881393432617188e-07,0.0,normalized_time_only,11,11,False,False
09,audio,22,27,0.44,0.54,normalized_video_time,0.8436899781227112,1.1920928955078125e-07,1.1920928955078125e-07,-0.9515987634658813,1.7881393432617188e-07,1.7881393432617188e-07,0.0,normalized_time_only,12,12,False,False
09,audio,24,29,0.48,0.58,normalized_video_time,0.8436899781227112,1.1920928955078125e-07,1.1920928955078125e-07,-0.9515987634658813,1.7881393432617188e-07,1.7881393432617188e-07,0.0,normalized_time_only,13,13,False,False
09,audio,26,31,0.52,0.62,normalized_video_time,0.8436899781227112,1.1920928955078125e-07,1.1920928955078125e-07,-0.9515987634658813,1.7881393432617188e-07,1.7881393432617188e-07,0.0,normalized_time_only,14,14,False,False
09,audio,28,33,0.56,0.66,normalized_video_time,0.8436899781227112,1.1920928955078125e-07,1.1920928955078125e-07,-0.9515987634658813,1.7881393432617188e-07,1.7881393432617188e-07,0.0,normalized_time_only,15,15,False,False
09,audio,30,35,0.6,0.7,normalized_video_time,0.8436899781227112,1.1920928955078125e-07,1.1920928955078125e-07,-0.9515987634658813,1.7881393432617188e-07,1.7881393432617188e-07,0.0,normalized_time_only,16,16,False,False
09,audio,32,37,0.64,0.74,normalized_video_time,0.8436899781227112,1.1920928955078125e-07,1.1920928955078125e-07,-0.9515987634658813,1.7881393432617188e-07,1.7881393432617188e-07,0.0,normalized_time_only,17,17,False,False
09,audio,34,39,0.68,0.78,normalized_video_time,0.8436899781227112,1.1920928955078125e-07,1.1920928955078125e-07,-0.9515987634658813,1.7881393432617188e-07,1.7881393432617188e-07,0.0,normalized_time_only,18,18,False,False
09,audio,36,41,0.72,0.82,normalized_video_time,0.8436899781227112,1.1920928955078125e-07,1.1920928955078125e-07,-0.9515987634658813,1.7881393432617188e-07,1.7881393432617188e-07,0.0,normalized_time_only,19,19,False,False
09,audio,38,43,0.76,0.86,normalized_video_time,0.8436899781227112,1.1920928955078125e-07,1.1920928955078125e-07,-0.9515987634658813,1.7881393432617188e-07,1.7881393432617188e-07,0.0,normalized_time_only,20,20,False,False
09,audio,40,45,0.8,0.9,normalized_video_time,0.8436899781227112,1.1920928955078125e-07,1.1920928955078125e-07,-0.9515987634658813,1.7881393432617188e-07,1.7881393432617188e-07,0.0,normalized_time_only,21,21,False,False
09,audio,42,47,0.84,0.94,normalized_video_time,0.8436899781227112,1.1920928955078125e-07,1.1920928955078125e-07,-0.9515987634658813,1.7881393432617188e-07,1.7881393432617188e-07,0.0,normalized_time_only,22,22,False,False
09,audio,44,49,0.88,0.98,normalized_video_time,0.8436899781227112,1.1920928955078125e-07,1.1920928955078125e-07,-0.9515987634658813,1.7881393432617188e-07,1.7881393432617188e-07,0.0,normalized_time_only,23,23,False,False
09,audio,45,50,0.9,1.0,normalized_video_time,0.8436899781227112,1.1920928955078125e-07,1.1920928955078125e-07,-0.9515987634658813,1.7881393432617188e-07,1.7881393432617188e-07,0.0,normalized_time_only,24,24,False,False
09,vision,0,5,0.0,0.1,normalized_video_time,0.8373766541481018,0.006313443183898926,0.006313443183898926,-0.9481782913208008,-0.0034202933311462402,0.0034202933311462402,0.8,normalized_time_only,8,10,False,False
09,vision,2,7,0.04,0.14,normalized_video_time,0.8376587629318237,0.006031334400177002,0.006031334400177002,-0.9594887495040894,0.007890164852142334,0.007890164852142334,1.0,normalized_time_only,9,9,False,False
09,vision,4,9,0.08,0.18,normalized_video_time,0.8483642339706421,-0.004674136638641357,0.004674136638641357,-1.0108832120895386,0.05928462743759155,0.05928462743759155,1.0,normalized_time_only,10,7,False,False
09,vision,6,11,0.12,0.22,normalized_video_time,0.8665339946746826,-0.022843897342681885,0.022843897342681885,-1.1022770404815674,0.15067845582962036,0.15067845582962036,1.0,normalized_time_only,6,5,False,False
09,vision,8,13,0.16,0.26,normalized_video_time,0.8832993507385254,-0.03960925340652466,0.03960925340652466,-1.182854175567627,0.23125559091567993,0.23125559091567993,1.0,normalized_time_only,3,2,True,True
09,vision,10,15,0.2,0.3,normalized_video_time,0.8912299871444702,-0.04753988981246948,0.04753988981246948,-1.208585262298584,0.25698667764663696,0.25698667764663696,1.0,normalized_time_only,1,1,True,True
09,vision,12,17,0.24,0.34,normalized_video_time,0.8859002590179443,-0.042210161685943604,0.042210161685943604,-1.1479346752166748,0.19633609056472778,0.19633609056472778,1.0,normalized_time_only,2,3,True,True
09,vision,14,19,0.28,0.38,normalized_video_time,0.8808112740516663,-0.03712117671966553,0.03712117671966553,-1.1114002466201782,0.1598016619682312,0.1598016619682312,1.0,normalized_time_only,4,4,False,False
09,vision,16,21,0.32,0.42,normalized_video_time,0.8679088354110718,-0.024218738079071045,0.024218738079071045,-1.053239107131958,0.10164052248001099,0.10164052248001099,0.6,normalized_time_only,5,6,False,False
09,vision,18,23,0.36,0.46,normalized_video_time,0.8513824939727783,-0.007692396640777588,0.007692396640777588,-0.9851820468902588,0.03358346223831177,0.03358346223831177,0.2,normalized_time_only,7,8,False,False
09,vision,20,25,0.4,0.5,normalized_video_time,0.8436899781227112,1.1920928955078125e-07,1.1920928955078125e-07,-0.9515987634658813,1.7881393432617188e-07,1.7881393432617188e-07,0.0,normalized_time_only,11,11,False,False
09,vision,22,27,0.44,0.54,normalized_video_time,0.8436899781227112,1.1920928955078125e-07,1.1920928955078125e-07,-0.9515987634658813,1.7881393432617188e-07,1.7881393432617188e-07,0.0,normalized_time_only,12,12,False,False
09,vision,24,29,0.48,0.58,normalized_video_time,0.8436899781227112,1.1920928955078125e-07,1.1920928955078125e-07,-0.9515987634658813,1.7881393432617188e-07,1.7881393432617188e-07,0.0,normalized_time_only,13,13,False,False
09,vision,26,31,0.52,0.62,normalized_video_time,0.8436899781227112,1.1920928955078125e-07,1.1920928955078125e-07,-0.9515987634658813,1.7881393432617188e-07,1.7881393432617188e-07,0.0,normalized_time_only,14,14,False,False
09,vision,28,33,0.56,0.66,normalized_video_time,0.8436899781227112,1.1920928955078125e-07,1.1920928955078125e-07,-0.9515987634658813,1.7881393432617188e-07,1.7881393432617188e-07,0.0,normalized_time_only,15,15,False,False
09,vision,30,35,0.6,0.7,normalized_video_time,0.8436899781227112,1.1920928955078125e-07,1.1920928955078125e-07,-0.9515987634658813,1.7881393432617188e-07,1.7881393432617188e-07,0.0,normalized_time_only,16,16,False,False
09,vision,32,37,0.64,0.74,normalized_video_time,0.8436899781227112,1.1920928955078125e-07,1.1920928955078125e-07,-0.9515987634658813,1.7881393432617188e-07,1.7881393432617188e-07,0.0,normalized_time_only,17,17,False,False
09,vision,34,39,0.68,0.78,normalized_video_time,0.8436899781227112,1.1920928955078125e-07,1.1920928955078125e-07,-0.9515987634658813,1.7881393432617188e-07,1.7881393432617188e-07,0.0,normalized_time_only,18,18,False,False
09,vision,36,41,0.72,0.82,normalized_video_time,0.8436899781227112,1.1920928955078125e-07,1.1920928955078125e-07,-0.9515987634658813,1.7881393432617188e-07,1.7881393432617188e-07,0.0,normalized_time_only,19,19,False,False
09,vision,38,43,0.76,0.86,normalized_video_time,0.8436899781227112,1.1920928955078125e-07,1.1920928955078125e-07,-0.9515987634658813,1.7881393432617188e-07,1.7881393432617188e-07,0.0,normalized_time_only,20,20,False,False
09,vision,40,45,0.8,0.9,normalized_video_time,0.8436899781227112,1.1920928955078125e-07,1.1920928955078125e-07,-0.9515987634658813,1.7881393432617188e-07,1.7881393432617188e-07,0.0,normalized_time_only,21,21,False,False
09,vision,42,47,0.84,0.94,normalized_video_time,0.8436899781227112,1.1920928955078125e-07,1.1920928955078125e-07,-0.9515987634658813,1.7881393432617188e-07,1.7881393432617188e-07,0.0,normalized_time_only,22,22,False,False
09,vision,44,49,0.88,0.98,normalized_video_time,0.8436899781227112,1.1920928955078125e-07,1.1920928955078125e-07,-0.9515987634658813,1.7881393432617188e-07,1.7881393432617188e-07,0.0,normalized_time_only,23,23,False,False
09,vision,45,50,0.9,1.0,normalized_video_time,0.8436899781227112,1.1920928955078125e-07,1.1920928955078125e-07,-0.9515987634658813,1.7881393432617188e-07,1.7881393432617188e-07,0.0,normalized_time_only,24,24,False,False
10,text,0,5,0.0,0.1,token_bin,0.9551289081573486,0.004487752914428711,0.004487752914428711,-1.739870548248291,-0.0462949275970459,0.0462949275970459,0.8,token_index_only,13,11,False,False
10,text,2,7,0.04,0.14,token_bin,0.9604288935661316,-0.000812232494354248,0.000812232494354248,-1.785937786102295,-0.0002276897430419922,0.0002276897430419922,1.0,token_index_only,16,16,False,False
10,text,4,9,0.08,0.18,token_bin,0.9618104696273804,-0.0021938085556030273,0.0021938085556030273,-1.8119823932647705,0.025816917419433594,0.025816917419433594,1.0,token_index_only,14,13,False,False
10,text,6,11,0.12,0.22,token_bin,0.9586383700370789,0.0009782910346984863,0.0009782910346984863,-1.7686762809753418,-0.017489194869995117,0.017489194869995117,1.0,token_index_only,15,15,False,False
10,text,8,13,0.16,0.26,token_bin,0.9536094665527344,0.006007194519042969,0.006007194519042969,-1.7275676727294922,-0.05859780311584473,0.05859780311584473,1.0,token_index_only,12,9,False,False
10,text,10,15,0.2,0.3,token_bin,0.9531090259552002,0.0065076351165771484,0.0065076351165771484,-1.7479829788208008,-0.03818249702453613,0.03818249702453613,1.0,token_index_only,10,12,False,False
10,text,12,17,0.24,0.34,token_bin,0.9451561570167542,0.014460504055023193,0.014460504055023193,-1.6949472427368164,-0.09121823310852051,0.09121823310852051,1.0,token_index_only,6,6,False,False
10,text,14,19,0.28,0.38,token_bin,0.9453995823860168,0.014217078685760498,0.014217078685760498,-1.7059060335159302,-0.08025944232940674,0.08025944232940674,1.0,token_index_only,7,8,False,False
10,text,16,21,0.32,0.42,token_bin,0.9532715082168579,0.006345152854919434,0.006345152854919434,-1.763345718383789,-0.02281975746154785,0.02281975746154785,1.0,token_index_only,11,14,False,False
10,text,18,23,0.36,0.46,token_bin,0.9504873752593994,0.00912928581237793,0.00912928581237793,-1.7305026054382324,-0.05566287040710449,0.05566287040710449,1.0,token_index_only,9,10,False,False
10,text,20,25,0.4,0.5,token_bin,0.9422140717506409,0.017402589321136475,0.017402589321136475,-1.6545298099517822,-0.1316356658935547,0.1316356658935547,1.0,token_index_only,5,5,False,False
10,text,22,27,0.44,0.54,token_bin,0.9420703649520874,0.01754629611968994,0.01754629611968994,-1.6437954902648926,-0.14236998558044434,0.14236998558044434,1.0,token_index_only,4,4,False,False
10,text,24,29,0.48,0.58,token_bin,0.9482771158218384,0.011339545249938965,0.011339545249938965,-1.6978973150253296,-0.08826816082000732,0.08826816082000732,1.0,token_index_only,8,7,False,False
10,text,26,31,0.52,0.62,token_bin,0.8223443627357483,0.13727229833602905,0.13727229833602905,-1.0195386409759521,-0.7666268348693848,0.7666268348693848,1.0,token_index_only,1,1,True,True
10,text,28,33,0.56,0.66,token_bin,0.845123827457428,0.11449283361434937,0.11449283361434937,-1.096496820449829,-0.6896686553955078,0.6896686553955078,0.6,token_index_only,2,2,True,True
10,text,30,35,0.6,0.7,token_bin,0.8757706880569458,0.08384597301483154,0.08384597301483154,-1.2058861255645752,-0.5802793502807617,0.5802793502807617,0.2,token_index_only,3,3,True,True
10,text,32,37,0.64,0.74,token_bin,0.9596166610717773,0.0,0.0,-1.786165475845337,0.0,0.0,0.0,token_index_only,17,17,False,False
10,text,34,39,0.68,0.78,token_bin,0.9596166610717773,0.0,0.0,-1.786165475845337,0.0,0.0,0.0,token_index_only,18,18,False,False
10,text,36,41,0.72,0.82,token_bin,0.9596166610717773,0.0,0.0,-1.786165475845337,0.0,0.0,0.0,token_index_only,19,19,False,False
10,text,38,43,0.76,0.86,token_bin,0.9596166610717773,0.0,0.0,-1.786165475845337,0.0,0.0,0.0,token_index_only,20,20,False,False
10,text,40,45,0.8,0.9,token_bin,0.9596166610717773,0.0,0.0,-1.786165475845337,0.0,0.0,0.0,token_index_only,21,21,False,False
10,text,42,47,0.84,0.94,token_bin,0.9596166610717773,0.0,0.0,-1.786165475845337,0.0,0.0,0.0,token_index_only,22,22,False,False
10,text,44,49,0.88,0.98,token_bin,0.9596166610717773,0.0,0.0,-1.786165475845337,0.0,0.0,0.0,token_index_only,23,23,False,False
10,text,45,50,0.9,1.0,token_bin,0.9596166610717773,0.0,0.0,-1.786165475845337,0.0,0.0,0.0,token_index_only,24,24,False,False
10,audio,0,5,0.0,0.1,normalized_video_time,0.9632900357246399,-0.003673374652862549,0.003673374652862549,-1.8256549835205078,0.0394895076751709,0.0394895076751709,0.8,normalized_time_only,10,12,False,False
10,audio,2,7,0.04,0.14,normalized_video_time,0.9637815356254578,-0.00416487455368042,0.00416487455368042,-1.8313175439834595,0.04515206813812256,0.04515206813812256,1.0,normalized_time_only,9,9,False,False
10,audio,4,9,0.08,0.18,normalized_video_time,0.9640562534332275,-0.004439592361450195,0.004439592361450195,-1.8298554420471191,0.04368996620178223,0.04368996620178223,1.0,normalized_time_only,8,10,False,False
10,audio,6,11,0.12,0.22,normalized_video_time,0.9641712307929993,-0.004554569721221924,0.004554569721221924,-1.835249662399292,0.04908418655395508,0.04908418655395508,1.0,normalized_time_only,6,6,False,False
10,audio,8,13,0.16,0.26,normalized_video_time,0.9642400741577148,-0.0046234130859375,0.0046234130859375,-1.8420531749725342,0.055887699127197266,0.055887699127197266,1.0,normalized_time_only,5,4,False,False
10,audio,10,15,0.2,0.3,normalized_video_time,0.9641486406326294,-0.004531979560852051,0.004531979560852051,-1.840909481048584,0.05474400520324707,0.05474400520324707,1.0,normalized_time_only,7,5,False,False
10,audio,12,17,0.24,0.34,normalized_video_time,0.9631901383399963,-0.003573477268218994,0.003573477268218994,-1.8272147178649902,0.04104924201965332,0.04104924201965332,1.0,normalized_time_only,12,11,False,False
10,audio,14,19,0.28,0.38,normalized_video_time,0.9619808793067932,-0.002364218235015869,0.002364218235015869,-1.8146936893463135,0.028528213500976562,0.028528213500976562,1.0,normalized_time_only,14,14,False,False
10,audio,16,21,0.32,0.42,normalized_video_time,0.9631014466285706,-0.003484785556793213,0.003484785556793213,-1.8240602016448975,0.03789472579956055,0.03789472579956055,1.0,normalized_time_only,13,13,False,False
10,audio,18,23,0.36,0.46,normalized_video_time,0.9644628763198853,-0.00484621524810791,0.00484621524810791,-1.8328585624694824,0.04669308662414551,0.04669308662414551,1.0,normalized_time_only,3,8,True,False
10,audio,20,25,0.4,0.5,normalized_video_time,0.9652528166770935,-0.005636155605316162,0.005636155605316162,-1.8472741842269897,0.06110870838165283,0.06110870838165283,1.0,normalized_time_only,2,2,True,True
10,audio,22,27,0.44,0.54,normalized_video_time,0.965298056602478,-0.005681395530700684,0.005681395530700684,-1.850075125694275,0.06390964984893799,0.06390964984893799,1.0,normalized_time_only,1,1,True,True
10,audio,24,29,0.48,0.58,normalized_video_time,0.964242160320282,-0.004625499248504639,0.004625499248504639,-1.8431793451309204,0.057013869285583496,0.057013869285583496,1.0,normalized_time_only,4,3,False,True
10,audio,26,31,0.52,0.62,normalized_video_time,0.9632863998413086,-0.00366973876953125,0.00366973876953125,-1.8329203128814697,0.04675483703613281,0.04675483703613281,1.0,normalized_time_only,11,7,False,False
10,audio,28,33,0.56,0.66,normalized_video_time,0.9615824818611145,-0.001965820789337158,0.001965820789337158,-1.8087143898010254,0.022548913955688477,0.022548913955688477,0.6,normalized_time_only,15,15,False,False
10,audio,30,35,0.6,0.7,normalized_video_time,0.9604370594024658,-0.0008203983306884766,0.0008203983306884766,-1.7966668605804443,0.010501384735107422,0.010501384735107422,0.2,normalized_time_only,16,16,False,False
10,audio,32,37,0.64,0.74,normalized_video_time,0.9596166610717773,0.0,0.0,-1.786165475845337,0.0,0.0,0.0,normalized_time_only,17,17,False,False
10,audio,34,39,0.68,0.78,normalized_video_time,0.9596166610717773,0.0,0.0,-1.786165475845337,0.0,0.0,0.0,normalized_time_only,18,18,False,False
10,audio,36,41,0.72,0.82,normalized_video_time,0.9596166610717773,0.0,0.0,-1.786165475845337,0.0,0.0,0.0,normalized_time_only,19,19,False,False
10,audio,38,43,0.76,0.86,normalized_video_time,0.9596166610717773,0.0,0.0,-1.786165475845337,0.0,0.0,0.0,normalized_time_only,20,20,False,False
10,audio,40,45,0.8,0.9,normalized_video_time,0.9596166610717773,0.0,0.0,-1.786165475845337,0.0,0.0,0.0,normalized_time_only,21,21,False,False
10,audio,42,47,0.84,0.94,normalized_video_time,0.9596166610717773,0.0,0.0,-1.786165475845337,0.0,0.0,0.0,normalized_time_only,22,22,False,False
10,audio,44,49,0.88,0.98,normalized_video_time,0.9596166610717773,0.0,0.0,-1.786165475845337,0.0,0.0,0.0,normalized_time_only,23,23,False,False
10,audio,45,50,0.9,1.0,normalized_video_time,0.9596166610717773,0.0,0.0,-1.786165475845337,0.0,0.0,0.0,normalized_time_only,24,24,False,False
10,vision,0,5,0.0,0.1,normalized_video_time,0.9515880346298218,0.008028626441955566,0.008028626441955566,-1.6822139024734497,-0.10395157337188721,0.10395157337188721,0.8,normalized_time_only,2,1,True,True
10,vision,2,7,0.04,0.14,normalized_video_time,0.9512057304382324,0.008410930633544922,0.008410930633544922,-1.6862064599990845,-0.09995901584625244,0.09995901584625244,1.0,normalized_time_only,1,2,True,True
10,vision,4,9,0.08,0.18,normalized_video_time,0.9542907476425171,0.005325913429260254,0.005325913429260254,-1.7271831035614014,-0.05898237228393555,0.05898237228393555,1.0,normalized_time_only,3,3,True,True
10,vision,6,11,0.12,0.22,normalized_video_time,0.9571954011917114,0.002421259880065918,0.002421259880065918,-1.7541308403015137,-0.03203463554382324,0.03203463554382324,1.0,normalized_time_only,4,4,False,False
10,vision,8,13,0.16,0.26,normalized_video_time,0.959595799446106,2.086162567138672e-05,2.086162567138672e-05,-1.7695491313934326,-0.016616344451904297,0.016616344451904297,1.0,normalized_time_only,16,8,False,False
10,vision,10,15,0.2,0.3,normalized_video_time,0.9607503414154053,-0.0011336803436279297,0.0011336803436279297,-1.7824363708496094,-0.003729104995727539,0.003729104995727539,1.0,normalized_time_only,11,12,False,False
10,vision,12,17,0.24,0.34,normalized_video_time,0.9598849415779114,-0.0002682805061340332,0.0002682805061340332,-1.783210039138794,-0.0029554367065429688,0.0029554367065429688,1.0,normalized_time_only,15,14,False,False
10,vision,14,19,0.28,0.38,normalized_video_time,0.9604394435882568,-0.0008227825164794922,0.0008227825164794922,-1.7911531925201416,0.0049877166748046875,0.0049877166748046875,1.0,normalized_time_only,12,11,False,False
10,vision,16,21,0.32,0.42,normalized_video_time,0.9611886739730835,-0.0015720129013061523,0.0015720129013061523,-1.7898926734924316,0.0037271976470947266,0.0037271976470947266,1.0,normalized_time_only,8,13,False,False
10,vision,18,23,0.36,0.46,normalized_video_time,0.9617807269096375,-0.0021640658378601074,0.0021640658378601074,-1.783395528793335,-0.002769947052001953,0.002769947052001953,1.0,normalized_time_only,6,15,False,False
10,vision,20,25,0.4,0.5,normalized_video_time,0.9608839154243469,-0.00126725435256958,0.00126725435256958,-1.7797925472259521,-0.006372928619384766,0.006372928619384766,1.0,normalized_time_only,10,9,False,False
10,vision,22,27,0.44,0.54,normalized_video_time,0.9604291319847107,-0.0008124709129333496,0.0008124709129333496,-1.7843875885009766,-0.0017778873443603516,0.0017778873443603516,1.0,normalized_time_only,13,16,False,False
10,vision,24,29,0.48,0.58,normalized_video_time,0.9615138173103333,-0.0018971562385559082,0.0018971562385559082,-1.8043581247329712,0.018192648887634277,0.018192648887634277,1.0,normalized_time_only,7,7,False,False
10,vision,26,31,0.52,0.62,normalized_video_time,0.9619623422622681,-0.0023456811904907227,0.0023456811904907227,-1.8157050609588623,0.02953958511352539,0.02953958511352539,1.0,normalized_time_only,5,5,False,False
10,vision,28,33,0.56,0.66,normalized_video_time,0.9610008597373962,-0.0013841986656188965,0.0013841986656188965,-1.805577039718628,0.019411563873291016,0.019411563873291016,0.6,normalized_time_only,9,6,False,False
10,vision,30,35,0.6,0.7,normalized_video_time,0.9599849581718445,-0.00036829710006713867,0.00036829710006713867,-1.7925142049789429,0.006348729133605957,0.006348729133605957,0.2,normalized_time_only,14,10,False,False
10,vision,32,37,0.64,0.74,normalized_video_time,0.9596166610717773,0.0,0.0,-1.786165475845337,0.0,0.0,0.0,normalized_time_only,17,17,False,False
10,vision,34,39,0.68,0.78,normalized_video_time,0.9596166610717773,0.0,0.0,-1.786165475845337,0.0,0.0,0.0,normalized_time_only,18,18,False,False
10,vision,36,41,0.72,0.82,normalized_video_time,0.9596166610717773,0.0,0.0,-1.786165475845337,0.0,0.0,0.0,normalized_time_only,19,19,False,False
10,vision,38,43,0.76,0.86,normalized_video_time,0.9596166610717773,0.0,0.0,-1.786165475845337,0.0,0.0,0.0,normalized_time_only,20,20,False,False
10,vision,40,45,0.8,0.9,normalized_video_time,0.9596166610717773,0.0,0.0,-1.786165475845337,0.0,0.0,0.0,normalized_time_only,21,21,False,False
10,vision,42,47,0.84,0.94,normalized_video_time,0.9596166610717773,0.0,0.0,-1.786165475845337,0.0,0.0,0.0,normalized_time_only,22,22,False,False
10,vision,44,49,0.88,0.98,normalized_video_time,0.9596166610717773,0.0,0.0,-1.786165475845337,0.0,0.0,0.0,normalized_time_only,23,23,False,False
10,vision,45,50,0.9,1.0,normalized_video_time,0.9596166610717773,0.0,0.0,-1.786165475845337,0.0,0.0,0.0,normalized_time_only,24,24,False,False
11,text,0,5,0.0,0.1,token_bin,0.06991077214479446,0.9052829667925835,0.9052829667925835,0.0,-1.8518221378326416,1.8518221378326416,0.8,token_index_only,2,1,True,True
11,text,2,7,0.04,0.14,token_bin,0.05797287076711655,0.9172208681702614,0.9172208681702614,0.0,-1.8518221378326416,1.8518221378326416,1.0,token_index_only,1,2,True,True
11,text,4,9,0.08,0.18,token_bin,0.21896196901798248,0.7562317699193954,0.7562317699193954,0.0,-1.8518221378326416,1.8518221378326416,1.0,token_index_only,3,3,True,True
11,text,6,11,0.12,0.22,token_bin,0.9776180386543274,-0.002424299716949463,0.002424299716949463,-1.8909404277801514,0.039118289947509766,0.039118289947509766,1.0,token_index_only,6,7,False,False
11,text,8,13,0.16,0.26,token_bin,0.975725531578064,-0.0005317926406860352,0.0005317926406860352,-1.889091968536377,0.03726983070373535,0.03726983070373535,1.0,token_index_only,8,8,False,False
11,text,10,15,0.2,0.3,token_bin,0.97702956199646,-0.0018358230590820312,0.0018358230590820312,-1.9342764616012573,0.08245432376861572,0.08245432376861572,1.0,token_index_only,7,6,False,False
11,text,12,17,0.24,0.34,token_bin,0.9824640154838562,-0.0072702765464782715,0.0072702765464782715,-2.001420497894287,0.1495983600616455,0.1495983600616455,0.6,token_index_only,5,4,False,False
11,text,14,19,0.28,0.38,token_bin,0.9828422665596008,-0.0076485276222229,0.0076485276222229,-1.9876495599746704,0.1358274221420288,0.1358274221420288,0.2,token_index_only,4,5,False,False
11,text,16,21,0.32,0.42,token_bin,0.9751937389373779,0.0,0.0,-1.8518221378326416,0.0,0.0,0.0,token_index_only,9,9,False,False
11,text,18,23,0.36,0.46,token_bin,0.9751937389373779,0.0,0.0,-1.8518221378326416,0.0,0.0,0.0,token_index_only,10,10,False,False
11,text,20,25,0.4,0.5,token_bin,0.9751937389373779,0.0,0.0,-1.8518221378326416,0.0,0.0,0.0,token_index_only,11,11,False,False
11,text,22,27,0.44,0.54,token_bin,0.9751937389373779,0.0,0.0,-1.8518221378326416,0.0,0.0,0.0,token_index_only,12,12,False,False
11,text,24,29,0.48,0.58,token_bin,0.9751937389373779,0.0,0.0,-1.8518221378326416,0.0,0.0,0.0,token_index_only,13,13,False,False
11,text,26,31,0.52,0.62,token_bin,0.9751937389373779,0.0,0.0,-1.8518221378326416,0.0,0.0,0.0,token_index_only,14,14,False,False
11,text,28,33,0.56,0.66,token_bin,0.9751937389373779,0.0,0.0,-1.8518221378326416,0.0,0.0,0.0,token_index_only,15,15,False,False
11,text,30,35,0.6,0.7,token_bin,0.9751937389373779,0.0,0.0,-1.8518221378326416,0.0,0.0,0.0,token_index_only,16,16,False,False
11,text,32,37,0.64,0.74,token_bin,0.9751937389373779,0.0,0.0,-1.8518221378326416,0.0,0.0,0.0,token_index_only,17,17,False,False
11,text,34,39,0.68,0.78,token_bin,0.9751937389373779,0.0,0.0,-1.8518221378326416,0.0,0.0,0.0,token_index_only,18,18,False,False
11,text,36,41,0.72,0.82,token_bin,0.9751937389373779,0.0,0.0,-1.8518221378326416,0.0,0.0,0.0,token_index_only,19,19,False,False
11,text,38,43,0.76,0.86,token_bin,0.9751937389373779,0.0,0.0,-1.8518221378326416,0.0,0.0,0.0,token_index_only,20,20,False,False
11,text,40,45,0.8,0.9,token_bin,0.9751937389373779,0.0,0.0,-1.8518221378326416,0.0,0.0,0.0,token_index_only,21,21,False,False
11,text,42,47,0.84,0.94,token_bin,0.9751937389373779,0.0,0.0,-1.8518221378326416,0.0,0.0,0.0,token_index_only,22,22,False,False
11,text,44,49,0.88,0.98,token_bin,0.9751937389373779,0.0,0.0,-1.8518221378326416,0.0,0.0,0.0,token_index_only,23,23,False,False
11,text,45,50,0.9,1.0,token_bin,0.9751937389373779,0.0,0.0,-1.8518221378326416,0.0,0.0,0.0,token_index_only,24,24,False,False
11,audio,0,5,0.0,0.1,normalized_video_time,0.9732601642608643,0.0019335746765136719,0.0019335746765136719,-1.8275202512741089,-0.024301886558532715,0.024301886558532715,0.8,normalized_time_only,3,5,True,False
11,audio,2,7,0.04,0.14,normalized_video_time,0.9744754433631897,0.0007182955741882324,0.0007182955741882324,-1.8781988620758057,0.026376724243164062,0.026376724243164062,1.0,normalized_time_only,5,4,False,False
11,audio,4,9,0.08,0.18,normalized_video_time,0.9773526191711426,-0.0021588802337646484,0.0021588802337646484,-1.937357783317566,0.08553564548492432,0.08553564548492432,1.0,normalized_time_only,2,1,True,True
11,audio,6,11,0.12,0.22,normalized_video_time,0.9778533577919006,-0.002659618854522705,0.002659618854522705,-1.9366540908813477,0.08483195304870605,0.08483195304870605,1.0,normalized_time_only,1,2,True,True
11,audio,8,13,0.16,0.26,normalized_video_time,0.9769392609596252,-0.0017455220222473145,0.0017455220222473145,-1.9006562232971191,0.04883408546447754,0.04883408546447754,1.0,normalized_time_only,4,3,False,True
11,audio,10,15,0.2,0.3,normalized_video_time,0.975295901298523,-0.00010216236114501953,0.00010216236114501953,-1.874452829360962,0.022630691528320312,0.022630691528320312,1.0,normalized_time_only,8,6,False,False
11,audio,12,17,0.24,0.34,normalized_video_time,0.9746920466423035,0.0005016922950744629,0.0005016922950744629,-1.8538033962249756,0.0019812583923339844,0.0019812583923339844,0.6,normalized_time_only,6,8,False,False
11,audio,14,19,0.28,0.38,normalized_video_time,0.9755876660346985,-0.00039392709732055664,0.00039392709732055664,-1.8648723363876343,0.013050198554992676,0.013050198554992676,0.2,normalized_time_only,7,7,False,False
11,audio,16,21,0.32,0.42,normalized_video_time,0.9751937389373779,0.0,0.0,-1.8518221378326416,0.0,0.0,0.0,normalized_time_only,9,9,False,False
11,audio,18,23,0.36,0.46,normalized_video_time,0.9751937389373779,0.0,0.0,-1.8518221378326416,0.0,0.0,0.0,normalized_time_only,10,10,False,False
11,audio,20,25,0.4,0.5,normalized_video_time,0.9751937389373779,0.0,0.0,-1.8518221378326416,0.0,0.0,0.0,normalized_time_only,11,11,False,False
11,audio,22,27,0.44,0.54,normalized_video_time,0.9751937389373779,0.0,0.0,-1.8518221378326416,0.0,0.0,0.0,normalized_time_only,12,12,False,False
11,audio,24,29,0.48,0.58,normalized_video_time,0.9751937389373779,0.0,0.0,-1.8518221378326416,0.0,0.0,0.0,normalized_time_only,13,13,False,False
11,audio,26,31,0.52,0.62,normalized_video_time,0.9751937389373779,0.0,0.0,-1.8518221378326416,0.0,0.0,0.0,normalized_time_only,14,14,False,False
11,audio,28,33,0.56,0.66,normalized_video_time,0.9751937389373779,0.0,0.0,-1.8518221378326416,0.0,0.0,0.0,normalized_time_only,15,15,False,False
11,audio,30,35,0.6,0.7,normalized_video_time,0.9751937389373779,0.0,0.0,-1.8518221378326416,0.0,0.0,0.0,normalized_time_only,16,16,False,False
11,audio,32,37,0.64,0.74,normalized_video_time,0.9751937389373779,0.0,0.0,-1.8518221378326416,0.0,0.0,0.0,normalized_time_only,17,17,False,False
11,audio,34,39,0.68,0.78,normalized_video_time,0.9751937389373779,0.0,0.0,-1.8518221378326416,0.0,0.0,0.0,normalized_time_only,18,18,False,False
11,audio,36,41,0.72,0.82,normalized_video_time,0.9751937389373779,0.0,0.0,-1.8518221378326416,0.0,0.0,0.0,normalized_time_only,19,19,False,False
11,audio,38,43,0.76,0.86,normalized_video_time,0.9751937389373779,0.0,0.0,-1.8518221378326416,0.0,0.0,0.0,normalized_time_only,20,20,False,False
11,audio,40,45,0.8,0.9,normalized_video_time,0.9751937389373779,0.0,0.0,-1.8518221378326416,0.0,0.0,0.0,normalized_time_only,21,21,False,False
11,audio,42,47,0.84,0.94,normalized_video_time,0.9751937389373779,0.0,0.0,-1.8518221378326416,0.0,0.0,0.0,normalized_time_only,22,22,False,False
11,audio,44,49,0.88,0.98,normalized_video_time,0.9751937389373779,0.0,0.0,-1.8518221378326416,0.0,0.0,0.0,normalized_time_only,23,23,False,False
11,audio,45,50,0.9,1.0,normalized_video_time,0.9751937389373779,0.0,0.0,-1.8518221378326416,0.0,0.0,0.0,normalized_time_only,24,24,False,False
11,vision,0,5,0.0,0.1,normalized_video_time,0.9651355743408203,0.010058164596557617,0.010058164596557617,-1.7101397514343262,-0.14168238639831543,0.14168238639831543,0.8,normalized_time_only,2,2,True,True
11,vision,2,7,0.04,0.14,normalized_video_time,0.963610827922821,0.011582911014556885,0.011582911014556885,-1.6940031051635742,-0.15781903266906738,0.15781903266906738,1.0,normalized_time_only,1,1,True,True
11,vision,4,9,0.08,0.18,normalized_video_time,0.9669265747070312,0.00826716423034668,0.00826716423034668,-1.7496511936187744,-0.10217094421386719,0.10217094421386719,1.0,normalized_time_only,3,3,True,True
11,vision,6,11,0.12,0.22,normalized_video_time,0.9692842960357666,0.005909442901611328,0.005909442901611328,-1.7947025299072266,-0.05711960792541504,0.05711960792541504,1.0,normalized_time_only,4,4,False,False
11,vision,8,13,0.16,0.26,normalized_video_time,0.9699236750602722,0.005270063877105713,0.005270063877105713,-1.8058093786239624,-0.0460127592086792,0.0460127592086792,1.0,normalized_time_only,5,5,False,False
11,vision,10,15,0.2,0.3,normalized_video_time,0.9714545607566833,0.00373917818069458,0.00373917818069458,-1.8272669315338135,-0.024555206298828125,0.024555206298828125,1.0,normalized_time_only,6,6,False,False
11,vision,12,17,0.24,0.34,normalized_video_time,0.9734420776367188,0.0017516613006591797,0.0017516613006591797,-1.844651699066162,-0.007170438766479492,0.007170438766479492,0.6,normalized_time_only,7,7,False,False
11,vision,14,19,0.28,0.38,normalized_video_time,0.9747119545936584,0.0004817843437194824,0.0004817843437194824,-1.8497825860977173,-0.0020395517349243164,0.0020395517349243164,0.2,normalized_time_only,8,8,False,False
11,vision,16,21,0.32,0.42,normalized_video_time,0.9751937389373779,0.0,0.0,-1.8518221378326416,0.0,0.0,0.0,normalized_time_only,9,9,False,False
11,vision,18,23,0.36,0.46,normalized_video_time,0.9751937389373779,0.0,0.0,-1.8518221378326416,0.0,0.0,0.0,normalized_time_only,10,10,False,False
11,vision,20,25,0.4,0.5,normalized_video_time,0.9751937389373779,0.0,0.0,-1.8518221378326416,0.0,0.0,0.0,normalized_time_only,11,11,False,False
11,vision,22,27,0.44,0.54,normalized_video_time,0.9751937389373779,0.0,0.0,-1.8518221378326416,0.0,0.0,0.0,normalized_time_only,12,12,False,False
11,vision,24,29,0.48,0.58,normalized_video_time,0.9751937389373779,0.0,0.0,-1.8518221378326416,0.0,0.0,0.0,normalized_time_only,13,13,False,False
11,vision,26,31,0.52,0.62,normalized_video_time,0.9751937389373779,0.0,0.0,-1.8518221378326416,0.0,0.0,0.0,normalized_time_only,14,14,False,False
11,vision,28,33,0.56,0.66,normalized_video_time,0.9751937389373779,0.0,0.0,-1.8518221378326416,0.0,0.0,0.0,normalized_time_only,15,15,False,False
11,vision,30,35,0.6,0.7,normalized_video_time,0.9751937389373779,0.0,0.0,-1.8518221378326416,0.0,0.0,0.0,normalized_time_only,16,16,False,False
11,vision,32,37,0.64,0.74,normalized_video_time,0.9751937389373779,0.0,0.0,-1.8518221378326416,0.0,0.0,0.0,normalized_time_only,17,17,False,False
11,vision,34,39,0.68,0.78,normalized_video_time,0.9751937389373779,0.0,0.0,-1.8518221378326416,0.0,0.0,0.0,normalized_time_only,18,18,False,False
11,vision,36,41,0.72,0.82,normalized_video_time,0.9751937389373779,0.0,0.0,-1.8518221378326416,0.0,0.0,0.0,normalized_time_only,19,19,False,False
11,vision,38,43,0.76,0.86,normalized_video_time,0.9751937389373779,0.0,0.0,-1.8518221378326416,0.0,0.0,0.0,normalized_time_only,20,20,False,False
11,vision,40,45,0.8,0.9,normalized_video_time,0.9751937389373779,0.0,0.0,-1.8518221378326416,0.0,0.0,0.0,normalized_time_only,21,21,False,False
11,vision,42,47,0.84,0.94,normalized_video_time,0.9751937389373779,0.0,0.0,-1.8518221378326416,0.0,0.0,0.0,normalized_time_only,22,22,False,False
11,vision,44,49,0.88,0.98,normalized_video_time,0.9751937389373779,0.0,0.0,-1.8518221378326416,0.0,0.0,0.0,normalized_time_only,23,23,False,False
11,vision,45,50,0.9,1.0,normalized_video_time,0.9751937389373779,0.0,0.0,-1.8518221378326416,0.0,0.0,0.0,normalized_time_only,24,24,False,False
12,text,0,5,0.0,0.1,token_bin,0.569969654083252,0.27023398876190186,0.27023398876190186,-0.25675535202026367,-0.6002270579338074,0.6002270579338074,0.8,token_index_only,1,1,True,True
12,text,2,7,0.04,0.14,token_bin,0.5806984901428223,0.25950515270233154,0.25950515270233154,-0.2601994276046753,-0.5967829823493958,0.5967829823493958,1.0,token_index_only,2,2,True,True
12,text,4,9,0.08,0.18,token_bin,0.8356105089187622,0.0045931339263916016,0.0045931339263916016,-0.8378986120223999,-0.019083797931671143,0.019083797931671143,1.0,token_index_only,19,20,False,False
12,text,6,11,0.12,0.22,token_bin,0.819252073764801,0.020951569080352783,0.020951569080352783,-0.7857158184051514,-0.07126659154891968,0.07126659154891968,1.0,token_index_only,9,11,False,False
12,text,8,13,0.16,0.26,token_bin,0.8218520879745483,0.01835155487060547,0.01835155487060547,-0.8028900623321533,-0.054092347621917725,0.054092347621917725,1.0,token_index_only,12,14,False,False
12,text,10,15,0.2,0.3,token_bin,0.8475477695465088,-0.0073441267013549805,0.0073441267013549805,-0.875561535358429,0.01857912540435791,0.01857912540435791,1.0,token_index_only,16,21,False,False
12,text,12,17,0.24,0.34,token_bin,0.8629822731018066,-0.022778630256652832,0.022778630256652832,-0.9563832879066467,0.09940087795257568,0.09940087795257568,1.0,token_index_only,8,6,False,False
12,text,14,19,0.28,0.38,token_bin,0.8586674928665161,-0.018463850021362305,0.018463850021362305,-0.937665581703186,0.08068317174911499,0.08068317174911499,1.0,token_index_only,11,10,False,False
12,text,16,21,0.32,0.42,token_bin,0.8338865637779236,0.006317079067230225,0.006317079067230225,-0.8487201929092407,-0.008262217044830322,0.008262217044830322,1.0,token_index_only,17,22,False,False
12,text,18,23,0.36,0.46,token_bin,0.854603111743927,-0.014399468898773193,0.014399468898773193,-0.9214131832122803,0.06443077325820923,0.06443077325820923,1.0,token_index_only,15,12,False,False
12,text,20,25,0.4,0.5,token_bin,0.8393018245697021,0.0009018182754516602,0.0009018182754516602,-0.9053404331207275,0.048358023166656494,0.048358023166656494,1.0,token_index_only,22,15,False,False
12,text,22,27,0.44,0.54,token_bin,0.8374338746070862,0.002769768238067627,0.002769768238067627,-0.887894332408905,0.030911922454833984,0.030911922454833984,1.0,token_index_only,21,17,False,False
12,text,24,29,0.48,0.58,token_bin,0.8437392115592957,-0.0035355687141418457,0.0035355687141418457,-0.8922253847122192,0.03524297475814819,0.03524297475814819,1.0,token_index_only,20,16,False,False
12,text,26,31,0.52,0.62,token_bin,0.8561224341392517,-0.0159187912940979,0.0159187912940979,-0.9199017286300659,0.06291931867599487,0.06291931867599487,1.0,token_index_only,14,13,False,False
12,text,28,33,0.56,0.66,token_bin,0.8676534295082092,-0.02744978666305542,0.02744978666305542,-0.9567475318908691,0.0997651219367981,0.0997651219367981,1.0,token_index_only,5,5,False,False
12,text,30,35,0.6,0.7,token_bin,0.8669066429138184,-0.02670300006866455,0.02670300006866455,-0.9507245421409607,0.09374213218688965,0.09374213218688965,1.0,token_index_only,6,7,False,False
12,text,32,37,0.64,0.74,token_bin,0.8648708462715149,-0.024667203426361084,0.024667203426361084,-0.9500979781150818,0.09311556816101074,0.09311556816101074,1.0,token_index_only,7,9,False,False
12,text,34,39,0.68,0.78,token_bin,0.8728751540184021,-0.03267151117324829,0.03267151117324829,-1.0022592544555664,0.14527684450149536,0.14527684450149536,1.0,token_index_only,4,3,False,True
12,text,36,41,0.72,0.82,token_bin,0.8602257370948792,-0.020022094249725342,0.020022094249725342,-0.9663392901420593,0.10935688018798828,0.10935688018798828,1.0,token_index_only,10,4,False,False
12,text,38,43,0.76,0.86,token_bin,0.8226786255836487,0.017525017261505127,0.017525017261505127,-0.8368724584579468,-0.020109951496124268,0.020109951496124268,1.0,token_index_only,13,19,False,False
12,text,40,45,0.8,0.9,token_bin,0.801620602607727,0.03858304023742676,0.03858304023742676,-0.7636293172836304,-0.09335309267044067,0.09335309267044067,0.6,token_index_only,3,8,True,False
12,text,42,47,0.84,0.94,token_bin,0.8454625010490417,-0.0052588582038879395,0.0052588582038879395,-0.8793421983718872,0.022359788417816162,0.022359788417816162,0.2,token_index_only,18,18,False,False
12,text,44,49,0.88,0.98,token_bin,0.8402036428451538,0.0,0.0,-0.856982409954071,0.0,0.0,0.0,token_index_only,23,23,False,False
12,text,45,50,0.9,1.0,token_bin,0.8402036428451538,0.0,0.0,-0.856982409954071,0.0,0.0,0.0,token_index_only,24,24,False,False
12,audio,0,5,0.0,0.1,normalized_video_time,0.8601617813110352,-0.019958138465881348,0.019958138465881348,-0.9400886297225952,0.08310621976852417,0.08310621976852417,0.8,normalized_time_only,3,3,True,True
12,audio,2,7,0.04,0.14,normalized_video_time,0.8615251183509827,-0.021321475505828857,0.021321475505828857,-0.9469988346099854,0.0900164246559143,0.0900164246559143,1.0,normalized_time_only,2,1,True,True
12,audio,4,9,0.08,0.18,normalized_video_time,0.8551754951477051,-0.01497185230255127,0.01497185230255127,-0.9224361777305603,0.06545376777648926,0.06545376777648926,1.0,normalized_time_only,6,5,False,False
12,audio,6,11,0.12,0.22,normalized_video_time,0.8492218255996704,-0.009018182754516602,0.009018182754516602,-0.8943743705749512,0.03739196062088013,0.03739196062088013,1.0,normalized_time_only,15,13,False,False
12,audio,8,13,0.16,0.26,normalized_video_time,0.8519340753555298,-0.011730432510375977,0.011730432510375977,-0.9064381122589111,0.04945570230484009,0.04945570230484009,1.0,normalized_time_only,10,10,False,False
12,audio,10,15,0.2,0.3,normalized_video_time,0.8467192649841309,-0.006515622138977051,0.006515622138977051,-0.8853923082351685,0.028409898281097412,0.028409898281097412,1.0,normalized_time_only,18,18,False,False
12,audio,12,17,0.24,0.34,normalized_video_time,0.842075526714325,-0.0018718838691711426,0.0018718838691711426,-0.8751152157783508,0.018132805824279785,0.018132805824279785,1.0,normalized_time_only,22,21,False,False
12,audio,14,19,0.28,0.38,normalized_video_time,0.8484166264533997,-0.00821298360824585,0.00821298360824585,-0.9041027426719666,0.04712033271789551,0.04712033271789551,1.0,normalized_time_only,16,11,False,False
12,audio,16,21,0.32,0.42,normalized_video_time,0.8483068943023682,-0.008103251457214355,0.008103251457214355,-0.9020238518714905,0.045041441917419434,0.045041441917419434,1.0,normalized_time_only,17,12,False,False
12,audio,18,23,0.36,0.46,normalized_video_time,0.8452144265174866,-0.005010783672332764,0.005010783672332764,-0.8843992948532104,0.027416884899139404,0.027416884899139404,1.0,normalized_time_only,19,19,False,False
12,audio,20,25,0.4,0.5,normalized_video_time,0.8515792489051819,-0.011375606060028076,0.011375606060028076,-0.9153001308441162,0.058317720890045166,0.058317720890045166,1.0,normalized_time_only,12,7,False,False
12,audio,22,27,0.44,0.54,normalized_video_time,0.8549758195877075,-0.014772176742553711,0.014772176742553711,-0.9343315362930298,0.07734912633895874,0.07734912633895874,1.0,normalized_time_only,7,4,False,False
12,audio,24,29,0.48,0.58,normalized_video_time,0.8582721948623657,-0.018068552017211914,0.018068552017211914,-0.9415588974952698,0.08457648754119873,0.08457648754119873,1.0,normalized_time_only,4,2,False,True
12,audio,26,31,0.52,0.62,normalized_video_time,0.8524002432823181,-0.012196600437164307,0.012196600437164307,-0.9114614725112915,0.05447906255722046,0.05447906255722046,1.0,normalized_time_only,9,8,False,False
12,audio,28,33,0.56,0.66,normalized_video_time,0.8444730639457703,-0.004269421100616455,0.004269421100616455,-0.8790522813796997,0.022069871425628662,0.022069871425628662,1.0,normalized_time_only,21,20,False,False
12,audio,30,35,0.6,0.7,normalized_video_time,0.82709139585495,0.013112246990203857,0.013112246990203857,-0.8202574253082275,-0.036724984645843506,0.036724984645843506,1.0,normalized_time_only,8,14,False,False
12,audio,32,37,0.64,0.74,normalized_video_time,0.8288813829421997,0.011322259902954102,0.011322259902954102,-0.8267948627471924,-0.030187547206878662,0.030187547206878662,1.0,normalized_time_only,13,17,False,False
12,audio,34,39,0.68,0.78,normalized_video_time,0.8291516900062561,0.011051952838897705,0.011051952838897705,-0.8266627788543701,-0.030319631099700928,0.030319631099700928,1.0,normalized_time_only,14,16,False,False
12,audio,36,41,0.72,0.82,normalized_video_time,0.8286011219024658,0.011602520942687988,0.011602520942687988,-0.8255305290222168,-0.03145188093185425,0.03145188093185425,1.0,normalized_time_only,11,15,False,False
12,audio,38,43,0.76,0.86,normalized_video_time,0.8188478946685791,0.021355748176574707,0.021355748176574707,-0.7917062044143677,-0.06527620553970337,0.06527620553970337,1.0,normalized_time_only,1,6,True,False
12,audio,40,45,0.8,0.9,normalized_video_time,0.8242008090019226,0.0160028338432312,0.0160028338432312,-0.8062861561775208,-0.05069625377655029,0.05069625377655029,0.6,normalized_time_only,5,9,False,False
12,audio,42,47,0.84,0.94,normalized_video_time,0.8356032967567444,0.004600346088409424,0.004600346088409424,-0.842625081539154,-0.014357328414916992,0.014357328414916992,0.2,normalized_time_only,20,22,False,False
12,audio,44,49,0.88,0.98,normalized_video_time,0.8402036428451538,0.0,0.0,-0.856982409954071,0.0,0.0,0.0,normalized_time_only,23,23,False,False
12,audio,45,50,0.9,1.0,normalized_video_time,0.8402036428451538,0.0,0.0,-0.856982409954071,0.0,0.0,0.0,normalized_time_only,24,24,False,False
12,vision,0,5,0.0,0.1,normalized_video_time,0.8412944674491882,-0.0010908246040344238,0.0010908246040344238,-0.8575598001480103,0.000577390193939209,0.000577390193939209,0.8,normalized_time_only,12,21,False,False
12,vision,2,7,0.04,0.14,normalized_video_time,0.8418765068054199,-0.0016728639602661133,0.0016728639602661133,-0.8613322973251343,0.004349887371063232,0.004349887371063232,1.0,normalized_time_only,7,7,False,False
12,vision,4,9,0.08,0.18,normalized_video_time,0.8415642380714417,-0.0013605952262878418,0.0013605952262878418,-0.8609663248062134,0.003983914852142334,0.003983914852142334,1.0,normalized_time_only,9,10,False,False
12,vision,6,11,0.12,0.22,normalized_video_time,0.8408190608024597,-0.0006154179573059082,0.0006154179573059082,-0.8610179424285889,0.004035532474517822,0.004035532474517822,1.0,normalized_time_only,17,9,False,False
12,vision,8,13,0.16,0.26,normalized_video_time,0.8408998847007751,-0.0006962418556213379,0.0006962418556213379,-0.8611340522766113,0.004151642322540283,0.004151642322540283,1.0,normalized_time_only,16,8,False,False
12,vision,10,15,0.2,0.3,normalized_video_time,0.8399878740310669,0.00021576881408691406,0.00021576881408691406,-0.8557993173599243,-0.0011830925941467285,0.0011830925941467285,1.0,normalized_time_only,21,17,False,False
12,vision,12,17,0.24,0.34,normalized_video_time,0.8411640524864197,-0.0009604096412658691,0.0009604096412658691,-0.8565938472747803,-0.0003885626792907715,0.0003885626792907715,1.0,normalized_time_only,13,22,False,False
12,vision,14,19,0.28,0.38,normalized_video_time,0.8419844508171082,-0.0017808079719543457,0.0017808079719543457,-0.8605796098709106,0.0035971999168395996,0.0035971999168395996,1.0,normalized_time_only,5,11,False,False
12,vision,16,21,0.32,0.42,normalized_video_time,0.8394402861595154,0.0007633566856384277,0.0007633566856384277,-0.850238561630249,-0.0067438483238220215,0.0067438483238220215,1.0,normalized_time_only,15,5,False,False
12,vision,18,23,0.36,0.46,normalized_video_time,0.8364570736885071,0.0037465691566467285,0.0037465691566467285,-0.8370505571365356,-0.0199318528175354,0.0199318528175354,1.0,normalized_time_only,2,1,True,True
12,vision,20,25,0.4,0.5,normalized_video_time,0.8385059237480164,0.0016977190971374512,0.0016977190971374512,-0.8467356562614441,-0.010246753692626953,0.010246753692626953,1.0,normalized_time_only,6,4,False,False
12,vision,22,27,0.44,0.54,normalized_video_time,0.8410075306892395,-0.0008038878440856934,0.0008038878440856934,-0.8603858947753906,0.00340348482131958,0.00340348482131958,1.0,normalized_time_only,14,12,False,False
12,vision,24,29,0.48,0.58,normalized_video_time,0.8399060368537903,0.0002976059913635254,0.0002976059913635254,-0.858823299407959,0.0018408894538879395,0.0018408894538879395,1.0,normalized_time_only,20,15,False,False
12,vision,26,31,0.52,0.62,normalized_video_time,0.8388277292251587,0.0013759136199951172,0.0013759136199951172,-0.859893798828125,0.002911388874053955,0.002911388874053955,1.0,normalized_time_only,8,13,False,False
12,vision,28,33,0.56,0.66,normalized_video_time,0.8389065265655518,0.0012971162796020508,0.0012971162796020508,-0.8595987558364868,0.0026163458824157715,0.0026163458824157715,1.0,normalized_time_only,10,14,False,False
12,vision,30,35,0.6,0.7,normalized_video_time,0.8375805616378784,0.0026230812072753906,0.0026230812072753906,-0.8502665162086487,-0.006715893745422363,0.006715893745422363,1.0,normalized_time_only,3,6,True,False
12,vision,32,37,0.64,0.74,normalized_video_time,0.8352317214012146,0.004971921443939209,0.004971921443939209,-0.8372665643692017,-0.019715845584869385,0.019715845584869385,1.0,normalized_time_only,1,2,True,True
12,vision,34,39,0.68,0.78,normalized_video_time,0.8377766609191895,0.0024269819259643555,0.0024269819259643555,-0.8443871140480042,-0.012595295906066895,0.012595295906066895,1.0,normalized_time_only,4,3,False,True
12,vision,36,41,0.72,0.82,normalized_video_time,0.8408055901527405,-0.0006019473075866699,0.0006019473075866699,-0.8557970523834229,-0.0011853575706481934,0.0011853575706481934,1.0,normalized_time_only,18,16,False,False
12,vision,38,43,0.76,0.86,normalized_video_time,0.8413072228431702,-0.0011035799980163574,0.0011035799980163574,-0.8576937913894653,0.0007113814353942871,0.0007113814353942871,1.0,normalized_time_only,11,18,False,False
12,vision,40,45,0.8,0.9,normalized_video_time,0.8406797051429749,-0.0004760622978210449,0.0004760622978210449,-0.8575860857963562,0.0006036758422851562,0.0006036758422851562,0.6,normalized_time_only,19,20,False,False
12,vision,42,47,0.84,0.94,normalized_video_time,0.8402377963066101,-3.415346145629883e-05,3.415346145629883e-05,-0.8563529849052429,-0.000629425048828125,0.000629425048828125,0.2,normalized_time_only,22,19,False,False
12,vision,44,49,0.88,0.98,normalized_video_time,0.8402036428451538,0.0,0.0,-0.856982409954071,0.0,0.0,0.0,normalized_time_only,23,23,False,False
12,vision,45,50,0.9,1.0,normalized_video_time,0.8402036428451538,0.0,0.0,-0.856982409954071,0.0,0.0,0.0,normalized_time_only,24,24,False,False
13,text,0,5,0.0,0.1,token_bin,0.7563918232917786,0.05385792255401611,0.05385792255401611,0.0,0.0,0.0,0.8,token_index_only,8,1,False,True
13,text,2,7,0.04,0.14,token_bin,0.7395763993263245,0.07067334651947021,0.07067334651947021,0.0,0.0,0.0,1.0,token_index_only,7,2,False,True
13,text,4,9,0.08,0.18,token_bin,0.7187159657478333,0.09153378009796143,0.09153378009796143,0.0,0.0,0.0,1.0,token_index_only,4,3,False,True
13,text,6,11,0.12,0.22,token_bin,0.6437948346138,0.16645491123199463,0.16645491123199463,0.0,0.0,0.0,1.0,token_index_only,1,4,True,False
13,text,8,13,0.16,0.26,token_bin,0.6634597182273865,0.1467900276184082,0.1467900276184082,0.0,0.0,0.0,1.0,token_index_only,3,5,True,False
13,text,10,15,0.2,0.3,token_bin,0.6536070108413696,0.15664273500442505,0.15664273500442505,0.0,0.0,0.0,1.0,token_index_only,2,6,True,False
13,text,12,17,0.24,0.34,token_bin,0.7288464903831482,0.08140325546264648,0.08140325546264648,0.0,0.0,0.0,1.0,token_index_only,6,7,False,False
13,text,14,19,0.28,0.38,token_bin,0.723041832447052,0.08720791339874268,0.08720791339874268,0.0,0.0,0.0,1.0,token_index_only,5,8,False,False
13,text,16,21,0.32,0.42,token_bin,0.7902706861495972,0.01997905969619751,0.01997905969619751,0.0,0.0,0.0,1.0,token_index_only,12,9,False,False
13,text,18,23,0.36,0.46,token_bin,0.8056221008300781,0.004627645015716553,0.004627645015716553,0.0,0.0,0.0,1.0,token_index_only,16,10,False,False
13,text,20,25,0.4,0.5,token_bin,0.8194307684898376,-0.009181022644042969,0.009181022644042969,0.0,0.0,0.0,1.0,token_index_only,14,11,False,False
13,text,22,27,0.44,0.54,token_bin,0.7859722375869751,0.02427750825881958,0.02427750825881958,0.0,0.0,0.0,1.0,token_index_only,9,12,False,False
13,text,24,29,0.48,0.58,token_bin,0.8229886293411255,-0.01273888349533081,0.01273888349533081,0.0,0.0,0.0,1.0,token_index_only,13,13,False,False
13,text,26,31,0.52,0.62,token_bin,0.8333738446235657,-0.023124098777770996,0.023124098777770996,0.0,0.0,0.0,1.0,token_index_only,10,14,False,False
13,text,28,33,0.56,0.66,token_bin,0.8316011428833008,-0.021351397037506104,0.021351397037506104,0.0,0.0,0.0,0.6,token_index_only,11,15,False,False
13,text,30,35,0.6,0.7,token_bin,0.801301121711731,0.00894862413406372,0.00894862413406372,0.0,0.0,0.0,0.2,token_index_only,15,16,False,False
13,text,32,37,0.64,0.74,token_bin,0.8102496862411499,5.960464477539063e-08,5.960464477539063e-08,0.0,0.0,0.0,0.0,token_index_only,17,17,False,False
13,text,34,39,0.68,0.78,token_bin,0.8102496862411499,5.960464477539063e-08,5.960464477539063e-08,0.0,0.0,0.0,0.0,token_index_only,18,18,False,False
13,text,36,41,0.72,0.82,token_bin,0.8102496862411499,5.960464477539063e-08,5.960464477539063e-08,0.0,0.0,0.0,0.0,token_index_only,19,19,False,False
13,text,38,43,0.76,0.86,token_bin,0.8102496862411499,5.960464477539063e-08,5.960464477539063e-08,0.0,0.0,0.0,0.0,token_index_only,20,20,False,False
13,text,40,45,0.8,0.9,token_bin,0.8102496862411499,5.960464477539063e-08,5.960464477539063e-08,0.0,0.0,0.0,0.0,token_index_only,21,21,False,False
13,text,42,47,0.84,0.94,token_bin,0.8102496862411499,5.960464477539063e-08,5.960464477539063e-08,0.0,0.0,0.0,0.0,token_index_only,22,22,False,False
13,text,44,49,0.88,0.98,token_bin,0.8102496862411499,5.960464477539063e-08,5.960464477539063e-08,0.0,0.0,0.0,0.0,token_index_only,23,23,False,False
13,text,45,50,0.9,1.0,token_bin,0.8102496862411499,5.960464477539063e-08,5.960464477539063e-08,0.0,0.0,0.0,0.0,token_index_only,24,24,False,False
13,audio,0,5,0.0,0.1,normalized_video_time,0.8226870894432068,-0.01243734359741211,0.01243734359741211,0.0,0.0,0.0,0.8,normalized_time_only,4,1,False,True
13,audio,2,7,0.04,0.14,normalized_video_time,0.8210282325744629,-0.010778486728668213,0.010778486728668213,0.0,0.0,0.0,1.0,normalized_time_only,8,2,False,True
13,audio,4,9,0.08,0.18,normalized_video_time,0.8180609345436096,-0.007811188697814941,0.007811188697814941,0.0,0.0,0.0,1.0,normalized_time_only,12,3,False,True
13,audio,6,11,0.12,0.22,normalized_video_time,0.8167035579681396,-0.006453812122344971,0.006453812122344971,0.0,0.0,0.0,1.0,normalized_time_only,14,4,False,False
13,audio,8,13,0.16,0.26,normalized_video_time,0.7946181297302246,0.01563161611557007,0.01563161611557007,0.0,0.0,0.0,1.0,normalized_time_only,3,5,True,False
13,audio,10,15,0.2,0.3,normalized_video_time,0.7636721134185791,0.046577632427215576,0.046577632427215576,0.0,0.0,0.0,1.0,normalized_time_only,2,6,True,False
13,audio,12,17,0.24,0.34,normalized_video_time,0.7622414827346802,0.0480082631111145,0.0480082631111145,0.0,0.0,0.0,1.0,normalized_time_only,1,7,True,False
13,audio,14,19,0.28,0.38,normalized_video_time,0.7991021871566772,0.011147558689117432,0.011147558689117432,0.0,0.0,0.0,1.0,normalized_time_only,7,8,False,False
13,audio,16,21,0.32,0.42,normalized_video_time,0.8170704245567322,-0.0068206787109375,0.0068206787109375,0.0,0.0,0.0,1.0,normalized_time_only,13,9,False,False
13,audio,18,23,0.36,0.46,normalized_video_time,0.822591245174408,-0.012341499328613281,0.012341499328613281,0.0,0.0,0.0,1.0,normalized_time_only,5,10,False,False
13,audio,20,25,0.4,0.5,normalized_video_time,0.8222670555114746,-0.012017309665679932,0.012017309665679932,0.0,0.0,0.0,1.0,normalized_time_only,6,11,False,False
13,audio,22,27,0.44,0.54,normalized_video_time,0.8204689025878906,-0.010219156742095947,0.010219156742095947,0.0,0.0,0.0,1.0,normalized_time_only,9,12,False,False
13,audio,24,29,0.48,0.58,normalized_video_time,0.8110352158546448,-0.0007854700088500977,0.0007854700088500977,0.0,0.0,0.0,1.0,normalized_time_only,16,13,False,False
13,audio,26,31,0.52,0.62,normalized_video_time,0.8004688024520874,0.009780943393707275,0.009780943393707275,0.0,0.0,0.0,1.0,normalized_time_only,11,14,False,False
13,audio,28,33,0.56,0.66,normalized_video_time,0.8002074956893921,0.010042250156402588,0.010042250156402588,0.0,0.0,0.0,0.6,normalized_time_only,10,15,False,False
13,audio,30,35,0.6,0.7,normalized_video_time,0.8077556490898132,0.0024940967559814453,0.0024940967559814453,0.0,0.0,0.0,0.2,normalized_time_only,15,16,False,False
13,audio,32,37,0.64,0.74,normalized_video_time,0.8102496862411499,5.960464477539063e-08,5.960464477539063e-08,0.0,0.0,0.0,0.0,normalized_time_only,17,17,False,False
13,audio,34,39,0.68,0.78,normalized_video_time,0.8102496862411499,5.960464477539063e-08,5.960464477539063e-08,0.0,0.0,0.0,0.0,normalized_time_only,18,18,False,False
13,audio,36,41,0.72,0.82,normalized_video_time,0.8102496862411499,5.960464477539063e-08,5.960464477539063e-08,0.0,0.0,0.0,0.0,normalized_time_only,19,19,False,False
13,audio,38,43,0.76,0.86,normalized_video_time,0.8102496862411499,5.960464477539063e-08,5.960464477539063e-08,0.0,0.0,0.0,0.0,normalized_time_only,20,20,False,False
13,audio,40,45,0.8,0.9,normalized_video_time,0.8102496862411499,5.960464477539063e-08,5.960464477539063e-08,0.0,0.0,0.0,0.0,normalized_time_only,21,21,False,False
13,audio,42,47,0.84,0.94,normalized_video_time,0.8102496862411499,5.960464477539063e-08,5.960464477539063e-08,0.0,0.0,0.0,0.0,normalized_time_only,22,22,False,False
13,audio,44,49,0.88,0.98,normalized_video_time,0.8102496862411499,5.960464477539063e-08,5.960464477539063e-08,0.0,0.0,0.0,0.0,normalized_time_only,23,23,False,False
13,audio,45,50,0.9,1.0,normalized_video_time,0.8102496862411499,5.960464477539063e-08,5.960464477539063e-08,0.0,0.0,0.0,0.0,normalized_time_only,24,24,False,False
13,vision,0,5,0.0,0.1,normalized_video_time,0.8102496862411499,5.960464477539063e-08,5.960464477539063e-08,0.0,0.0,0.0,0.0,normalized_time_only,1,1,True,True
13,vision,2,7,0.04,0.14,normalized_video_time,0.8102496862411499,5.960464477539063e-08,5.960464477539063e-08,0.0,0.0,0.0,0.0,normalized_time_only,2,2,True,True
13,vision,4,9,0.08,0.18,normalized_video_time,0.8102496862411499,5.960464477539063e-08,5.960464477539063e-08,0.0,0.0,0.0,0.0,normalized_time_only,3,3,True,True
13,vision,6,11,0.12,0.22,normalized_video_time,0.8102496862411499,5.960464477539063e-08,5.960464477539063e-08,0.0,0.0,0.0,0.0,normalized_time_only,4,4,False,False
13,vision,8,13,0.16,0.26,normalized_video_time,0.8102496862411499,5.960464477539063e-08,5.960464477539063e-08,0.0,0.0,0.0,0.0,normalized_time_only,5,5,False,False
13,vision,10,15,0.2,0.3,normalized_video_time,0.8102496862411499,5.960464477539063e-08,5.960464477539063e-08,0.0,0.0,0.0,0.0,normalized_time_only,6,6,False,False
13,vision,12,17,0.24,0.34,normalized_video_time,0.8102496862411499,5.960464477539063e-08,5.960464477539063e-08,0.0,0.0,0.0,0.0,normalized_time_only,7,7,False,False
13,vision,14,19,0.28,0.38,normalized_video_time,0.8102496862411499,5.960464477539063e-08,5.960464477539063e-08,0.0,0.0,0.0,0.0,normalized_time_only,8,8,False,False
13,vision,16,21,0.32,0.42,normalized_video_time,0.8102496862411499,5.960464477539063e-08,5.960464477539063e-08,0.0,0.0,0.0,0.0,normalized_time_only,9,9,False,False
13,vision,18,23,0.36,0.46,normalized_video_time,0.8102496862411499,5.960464477539063e-08,5.960464477539063e-08,0.0,0.0,0.0,0.0,normalized_time_only,10,10,False,False
13,vision,20,25,0.4,0.5,normalized_video_time,0.8102496862411499,5.960464477539063e-08,5.960464477539063e-08,0.0,0.0,0.0,0.0,normalized_time_only,11,11,False,False
13,vision,22,27,0.44,0.54,normalized_video_time,0.8102496862411499,5.960464477539063e-08,5.960464477539063e-08,0.0,0.0,0.0,0.0,normalized_time_only,12,12,False,False
13,vision,24,29,0.48,0.58,normalized_video_time,0.8102496862411499,5.960464477539063e-08,5.960464477539063e-08,0.0,0.0,0.0,0.0,normalized_time_only,13,13,False,False
13,vision,26,31,0.52,0.62,normalized_video_time,0.8102496862411499,5.960464477539063e-08,5.960464477539063e-08,0.0,0.0,0.0,0.0,normalized_time_only,14,14,False,False
13,vision,28,33,0.56,0.66,normalized_video_time,0.8102496862411499,5.960464477539063e-08,5.960464477539063e-08,0.0,0.0,0.0,0.0,normalized_time_only,15,15,False,False
13,vision,30,35,0.6,0.7,normalized_video_time,0.8102496862411499,5.960464477539063e-08,5.960464477539063e-08,0.0,0.0,0.0,0.0,normalized_time_only,16,16,False,False
13,vision,32,37,0.64,0.74,normalized_video_time,0.8102496862411499,5.960464477539063e-08,5.960464477539063e-08,0.0,0.0,0.0,0.0,normalized_time_only,17,17,False,False
13,vision,34,39,0.68,0.78,normalized_video_time,0.8102496862411499,5.960464477539063e-08,5.960464477539063e-08,0.0,0.0,0.0,0.0,normalized_time_only,18,18,False,False
13,vision,36,41,0.72,0.82,normalized_video_time,0.8102496862411499,5.960464477539063e-08,5.960464477539063e-08,0.0,0.0,0.0,0.0,normalized_time_only,19,19,False,False
13,vision,38,43,0.76,0.86,normalized_video_time,0.8102496862411499,5.960464477539063e-08,5.960464477539063e-08,0.0,0.0,0.0,0.0,normalized_time_only,20,20,False,False
13,vision,40,45,0.8,0.9,normalized_video_time,0.8102496862411499,5.960464477539063e-08,5.960464477539063e-08,0.0,0.0,0.0,0.0,normalized_time_only,21,21,False,False
13,vision,42,47,0.84,0.94,normalized_video_time,0.8102496862411499,5.960464477539063e-08,5.960464477539063e-08,0.0,0.0,0.0,0.0,normalized_time_only,22,22,False,False
13,vision,44,49,0.88,0.98,normalized_video_time,0.8102496862411499,5.960464477539063e-08,5.960464477539063e-08,0.0,0.0,0.0,0.0,normalized_time_only,23,23,False,False
13,vision,45,50,0.9,1.0,normalized_video_time,0.8102496862411499,5.960464477539063e-08,5.960464477539063e-08,0.0,0.0,0.0,0.0,normalized_time_only,24,24,False,False
14,text,0,5,0.0,0.1,token_bin,0.6182908415794373,-0.031134963035583496,0.031134963035583496,0.433149516582489,-0.015570342540740967,0.015570342540740967,0.8,token_index_only,13,14,False,False
14,text,2,7,0.04,0.14,token_bin,0.5232565999031067,0.06389927864074707,0.06389927864074707,0.37997201085090637,0.037607163190841675,0.037607163190841675,1.0,token_index_only,9,6,False,False
14,text,4,9,0.08,0.18,token_bin,0.5132863521575928,0.07386952638626099,0.07386952638626099,0.3941847085952759,0.023394465446472168,0.023394465446472168,1.0,token_index_only,7,13,False,False
14,text,6,11,0.12,0.22,token_bin,0.5370308756828308,0.05012500286102295,0.05012500286102295,0.4143175482749939,0.0032616257667541504,0.0032616257667541504,1.0,token_index_only,10,18,False,False
14,text,8,13,0.16,0.26,token_bin,0.7053517699241638,-0.11819589138031006,0.11819589138031006,0.5461698174476624,-0.1285906434059143,0.1285906434059143,1.0,token_index_only,4,4,False,False
14,text,10,15,0.2,0.3,token_bin,0.6630603671073914,-0.0759044885635376,0.0759044885635376,0.48081111907958984,-0.0632319450378418,0.0632319450378418,1.0,token_index_only,6,5,False,False
14,text,12,17,0.24,0.34,token_bin,0.6363910436630249,-0.04923516511917114,0.04923516511917114,0.4504166543483734,-0.032837480306625366,0.032837480306625366,1.0,token_index_only,11,9,False,False
14,text,14,19,0.28,0.38,token_bin,0.6549801230430603,-0.06782424449920654,0.06782424449920654,0.44886255264282227,-0.03128337860107422,0.03128337860107422,1.0,token_index_only,8,10,False,False
14,text,16,21,0.32,0.42,token_bin,0.606472373008728,-0.019316494464874268,0.019316494464874268,0.41197827458381653,0.0056008994579315186,0.0056008994579315186,1.0,token_index_only,17,17,False,False
14,text,18,23,0.36,0.46,token_bin,0.7007554769515991,-0.11359959840774536,0.11359959840774536,0.4526377022266388,-0.03505852818489075,0.03505852818489075,1.0,token_index_only,5,8,False,False
14,text,20,25,0.4,0.5,token_bin,0.9018518328666687,-0.31469595432281494,0.31469595432281494,0.7416055798530579,-0.3240264058113098,0.3240264058113098,1.0,token_index_only,1,2,True,True
14,text,22,27,0.44,0.54,token_bin,0.8855283260345459,-0.29837244749069214,0.29837244749069214,0.719618558883667,-0.30203938484191895,0.30203938484191895,1.0,token_index_only,2,3,True,True
14,text,24,29,0.48,0.58,token_bin,0.6108735203742981,-0.023717641830444336,0.023717641830444336,0.4540087580680847,-0.03642958402633667,0.03642958402633667,1.0,token_index_only,15,7,False,False
14,text,26,31,0.52,0.62,token_bin,0.45300886034965515,0.1341470181941986,0.1341470181941986,0.0,0.41757917404174805,0.41757917404174805,1.0,token_index_only,3,1,True,True
14,text,28,33,0.56,0.66,token_bin,0.613797664642334,-0.026641786098480225,0.026641786098480225,0.448312371969223,-0.030733197927474976,0.030733197927474976,1.0,token_index_only,14,11,False,False
14,text,30,35,0.6,0.7,token_bin,0.5654284954071045,0.021727383136749268,0.021727383136749268,0.41009682416915894,0.007482349872589111,0.007482349872589111,1.0,token_index_only,16,16,False,False
14,text,32,37,0.64,0.74,token_bin,0.5757834315299988,0.01137244701385498,0.01137244701385498,0.41002795100212097,0.007551223039627075,0.007551223039627075,0.8,token_index_only,18,15,False,False
14,text,34,39,0.68,0.78,token_bin,0.550162136554718,0.03699374198913574,0.03699374198913574,0.3931049108505249,0.024474263191223145,0.024474263191223145,0.4,token_index_only,12,12,False,False
14,text,36,41,0.72,0.82,token_bin,0.5871558785438538,0.0,0.0,0.4175790846347809,8.940696716308594e-08,8.940696716308594e-08,0.0,token_index_only,19,19,False,False
14,text,38,43,0.76,0.86,token_bin,0.5871558785438538,0.0,0.0,0.4175790846347809,8.940696716308594e-08,8.940696716308594e-08,0.0,token_index_only,20,20,False,False
14,text,40,45,0.8,0.9,token_bin,0.5871558785438538,0.0,0.0,0.4175790846347809,8.940696716308594e-08,8.940696716308594e-08,0.0,token_index_only,21,21,False,False
14,text,42,47,0.84,0.94,token_bin,0.5871558785438538,0.0,0.0,0.4175790846347809,8.940696716308594e-08,8.940696716308594e-08,0.0,token_index_only,22,22,False,False
14,text,44,49,0.88,0.98,token_bin,0.5871558785438538,0.0,0.0,0.4175790846347809,8.940696716308594e-08,8.940696716308594e-08,0.0,token_index_only,23,23,False,False
14,text,45,50,0.9,1.0,token_bin,0.5871558785438538,0.0,0.0,0.4175790846347809,8.940696716308594e-08,8.940696716308594e-08,0.0,token_index_only,24,24,False,False
14,audio,0,5,0.0,0.1,normalized_video_time,0.5860522389411926,0.0011036396026611328,0.0011036396026611328,0.418504536151886,-0.0009253621101379395,0.0009253621101379395,0.8,normalized_time_only,15,15,False,False
14,audio,2,7,0.04,0.14,normalized_video_time,0.5819190144538879,0.00523686408996582,0.00523686408996582,0.41764310002326965,-6.392598152160645e-05,6.392598152160645e-05,1.0,normalized_time_only,13,18,False,False
14,audio,4,9,0.08,0.18,normalized_video_time,0.5766528844833374,0.010502994060516357,0.010502994060516357,0.41482123732566833,0.002757936716079712,0.002757936716079712,1.0,normalized_time_only,9,9,False,False
14,audio,6,11,0.12,0.22,normalized_video_time,0.5790855884552002,0.008070290088653564,0.008070290088653564,0.41645747423171997,0.0011216998100280762,0.0011216998100280762,1.0,normalized_time_only,10,14,False,False
14,audio,8,13,0.16,0.26,normalized_video_time,0.5813707709312439,0.005785107612609863,0.005785107612609863,0.41703730821609497,0.0005418658256530762,0.0005418658256530762,1.0,normalized_time_only,11,17,False,False
14,audio,10,15,0.2,0.3,normalized_video_time,0.5825713276863098,0.004584550857543945,0.004584550857543945,0.4167606830596924,0.0008184909820556641,0.0008184909820556641,1.0,normalized_time_only,14,16,False,False
14,audio,12,17,0.24,0.34,normalized_video_time,0.5868285298347473,0.0003273487091064453,0.0003273487091064453,0.4188009202480316,-0.0012217462062835693,0.0012217462062835693,1.0,normalized_time_only,17,13,False,False
14,audio,14,19,0.28,0.38,normalized_video_time,0.5862953662872314,0.0008605122566223145,0.0008605122566223145,0.42012521624565125,-0.0025460422039031982,0.0025460422039031982,1.0,normalized_time_only,16,10,False,False
14,audio,16,21,0.32,0.42,normalized_video_time,0.5874428153038025,-0.00028693675994873047,0.00028693675994873047,0.4195104241371155,-0.0019312500953674316,0.0019312500953674316,1.0,normalized_time_only,18,12,False,False
14,audio,18,23,0.36,0.46,normalized_video_time,0.5924121141433716,-0.005256235599517822,0.005256235599517822,0.4198259115219116,-0.0022467374801635742,0.0022467374801635742,1.0,normalized_time_only,12,11,False,False
14,audio,20,25,0.4,0.5,normalized_video_time,0.6151008009910583,-0.02794492244720459,0.02794492244720459,0.43489885330200195,-0.017319679260253906,0.017319679260253906,1.0,normalized_time_only,7,7,False,False
14,audio,22,27,0.44,0.54,normalized_video_time,0.6360254287719727,-0.048869550228118896,0.048869550228118896,0.4528855085372925,-0.035306334495544434,0.035306334495544434,1.0,normalized_time_only,5,5,False,False
14,audio,24,29,0.48,0.58,normalized_video_time,0.6581413745880127,-0.07098549604415894,0.07098549604415894,0.47572165727615356,-0.05814248323440552,0.05814248323440552,1.0,normalized_time_only,1,1,True,True
14,audio,26,31,0.52,0.62,normalized_video_time,0.6491276621818542,-0.06197178363800049,0.06197178363800049,0.47064924240112305,-0.053070068359375,0.053070068359375,1.0,normalized_time_only,2,2,True,True
14,audio,28,33,0.56,0.66,normalized_video_time,0.642799973487854,-0.055644094944000244,0.055644094944000244,0.47024980187416077,-0.05267062783241272,0.05267062783241272,1.0,normalized_time_only,3,3,True,True
14,audio,30,35,0.6,0.7,normalized_video_time,0.637252688407898,-0.05009680986404419,0.05009680986404419,0.4653753638267517,-0.04779618978500366,0.04779618978500366,1.0,normalized_time_only,4,4,False,False
14,audio,32,37,0.64,0.74,normalized_video_time,0.6246596574783325,-0.03750377893447876,0.03750377893447876,0.4479886293411255,-0.03040945529937744,0.03040945529937744,0.8,normalized_time_only,6,6,False,False
14,audio,34,39,0.68,0.78,normalized_video_time,0.6068031191825867,-0.01964724063873291,0.01964724063873291,0.4292794167995453,-0.011700242757797241,0.011700242757797241,0.4,normalized_time_only,8,8,False,False
14,audio,36,41,0.72,0.82,normalized_video_time,0.5871558785438538,0.0,0.0,0.4175790846347809,8.940696716308594e-08,8.940696716308594e-08,0.0,normalized_time_only,19,19,False,False
14,audio,38,43,0.76,0.86,normalized_video_time,0.5871558785438538,0.0,0.0,0.4175790846347809,8.940696716308594e-08,8.940696716308594e-08,0.0,normalized_time_only,20,20,False,False
14,audio,40,45,0.8,0.9,normalized_video_time,0.5871558785438538,0.0,0.0,0.4175790846347809,8.940696716308594e-08,8.940696716308594e-08,0.0,normalized_time_only,21,21,False,False
14,audio,42,47,0.84,0.94,normalized_video_time,0.5871558785438538,0.0,0.0,0.4175790846347809,8.940696716308594e-08,8.940696716308594e-08,0.0,normalized_time_only,22,22,False,False
14,audio,44,49,0.88,0.98,normalized_video_time,0.5871558785438538,0.0,0.0,0.4175790846347809,8.940696716308594e-08,8.940696716308594e-08,0.0,normalized_time_only,23,23,False,False
14,audio,45,50,0.9,1.0,normalized_video_time,0.5871558785438538,0.0,0.0,0.4175790846347809,8.940696716308594e-08,8.940696716308594e-08,0.0,normalized_time_only,24,24,False,False
14,vision,0,5,0.0,0.1,normalized_video_time,0.5773053169250488,0.009850561618804932,0.009850561618804932,0.41512826085090637,0.002450913190841675,0.002450913190841675,0.8,normalized_time_only,18,17,False,False
14,vision,2,7,0.04,0.14,normalized_video_time,0.5762777328491211,0.010878145694732666,0.010878145694732666,0.4161229729652405,0.0014562010765075684,0.0014562010765075684,1.0,normalized_time_only,17,18,False,False
14,vision,4,9,0.08,0.18,normalized_video_time,0.5738460421562195,0.013309836387634277,0.013309836387634277,0.41451671719551086,0.0030624568462371826,0.0030624568462371826,1.0,normalized_time_only,16,16,False,False
14,vision,6,11,0.12,0.22,normalized_video_time,0.570704460144043,0.01645141839981079,0.01645141839981079,0.41192248463630676,0.005656689405441284,0.005656689405441284,1.0,normalized_time_only,15,15,False,False
14,vision,8,13,0.16,0.26,normalized_video_time,0.5698534250259399,0.01730245351791382,0.01730245351791382,0.41166746616363525,0.005911707878112793,0.005911707878112793,1.0,normalized_time_only,14,14,False,False
14,vision,10,15,0.2,0.3,normalized_video_time,0.5693368911743164,0.017818987369537354,0.017818987369537354,0.41137492656707764,0.00620424747467041,0.00620424747467041,1.0,normalized_time_only,13,13,False,False
14,vision,12,17,0.24,0.34,normalized_video_time,0.5629422664642334,0.02421361207962036,0.02421361207962036,0.4050895571708679,0.012489616870880127,0.012489616870880127,1.0,normalized_time_only,10,10,False,False
14,vision,14,19,0.28,0.38,normalized_video_time,0.5532040596008301,0.03395181894302368,0.03395181894302368,0.3958900272846222,0.021689146757125854,0.021689146757125854,1.0,normalized_time_only,6,6,False,False
14,vision,16,21,0.32,0.42,normalized_video_time,0.5465145707130432,0.04064130783081055,0.04064130783081055,0.3900478482246399,0.027531325817108154,0.027531325817108154,1.0,normalized_time_only,3,3,True,True
14,vision,18,23,0.36,0.46,normalized_video_time,0.5509327054023743,0.03622317314147949,0.03622317314147949,0.3942074775695801,0.02337169647216797,0.02337169647216797,1.0,normalized_time_only,5,5,False,False
14,vision,20,25,0.4,0.5,normalized_video_time,0.5600671768188477,0.027088701725006104,0.027088701725006104,0.4029163122177124,0.014662861824035645,0.014662861824035645,1.0,normalized_time_only,8,9,False,False
14,vision,22,27,0.44,0.54,normalized_video_time,0.5629545450210571,0.02420133352279663,0.02420133352279663,0.405645489692688,0.011933684349060059,0.011933684349060059,1.0,normalized_time_only,11,12,False,False
14,vision,24,29,0.48,0.58,normalized_video_time,0.5626009106636047,0.024554967880249023,0.024554967880249023,0.40525227785110474,0.01232689619064331,0.01232689619064331,1.0,normalized_time_only,9,11,False,False
14,vision,26,31,0.52,0.62,normalized_video_time,0.5575931072235107,0.029562771320343018,0.029562771320343018,0.40065592527389526,0.016923248767852783,0.016923248767852783,1.0,normalized_time_only,7,7,False,False
14,vision,28,33,0.56,0.66,normalized_video_time,0.5469138622283936,0.040242016315460205,0.040242016315460205,0.3917571008205414,0.025822073221206665,0.025822073221206665,1.0,normalized_time_only,4,4,False,False
14,vision,30,35,0.6,0.7,normalized_video_time,0.5305200219154358,0.05663585662841797,0.05663585662841797,0.37887120246887207,0.03870797157287598,0.03870797157287598,1.0,normalized_time_only,1,1,True,True
14,vision,32,37,0.64,0.74,normalized_video_time,0.5408113598823547,0.04634451866149902,0.04634451866149902,0.3846268653869629,0.032952308654785156,0.032952308654785156,0.8,normalized_time_only,2,2,True,True
14,vision,34,39,0.68,0.78,normalized_video_time,0.5649588704109192,0.02219700813293457,0.02219700813293457,0.40081965923309326,0.016759514808654785,0.016759514808654785,0.4,normalized_time_only,12,8,False,False
14,vision,36,41,0.72,0.82,normalized_video_time,0.5871558785438538,0.0,0.0,0.4175790846347809,8.940696716308594e-08,8.940696716308594e-08,0.0,normalized_time_only,19,19,False,False
14,vision,38,43,0.76,0.86,normalized_video_time,0.5871558785438538,0.0,0.0,0.4175790846347809,8.940696716308594e-08,8.940696716308594e-08,0.0,normalized_time_only,20,20,False,False
14,vision,40,45,0.8,0.9,normalized_video_time,0.5871558785438538,0.0,0.0,0.4175790846347809,8.940696716308594e-08,8.940696716308594e-08,0.0,normalized_time_only,21,21,False,False
14,vision,42,47,0.84,0.94,normalized_video_time,0.5871558785438538,0.0,0.0,0.4175790846347809,8.940696716308594e-08,8.940696716308594e-08,0.0,normalized_time_only,22,22,False,False
14,vision,44,49,0.88,0.98,normalized_video_time,0.5871558785438538,0.0,0.0,0.4175790846347809,8.940696716308594e-08,8.940696716308594e-08,0.0,normalized_time_only,23,23,False,False
14,vision,45,50,0.9,1.0,normalized_video_time,0.5871558785438538,0.0,0.0,0.4175790846347809,8.940696716308594e-08,8.940696716308594e-08,0.0,normalized_time_only,24,24,False,False
15,text,0,5,0.0,0.1,token_bin,0.514546811580658,-0.009553074836730957,0.009553074836730957,-0.2701319754123688,0.04290801286697388,0.04290801286697388,0.8,token_index_only,10,9,False,False
15,text,2,7,0.04,0.14,token_bin,0.25510722398757935,0.24988651275634766,0.24988651275634766,0.0,-0.2272239625453949,0.2272239625453949,1.0,token_index_only,1,1,True,True
15,text,4,9,0.08,0.18,token_bin,0.3529420793056488,0.1520516574382782,0.1520516574382782,0.0,-0.2272239625453949,0.2272239625453949,1.0,token_index_only,2,2,True,True
15,text,6,11,0.12,0.22,token_bin,0.5313121676445007,-0.02631843090057373,0.02631843090057373,-0.23463566601276398,0.00741170346736908,0.00741170346736908,1.0,token_index_only,8,11,False,False
15,text,8,13,0.16,0.26,token_bin,0.6122345924377441,-0.10724085569381714,0.10724085569381714,-0.34842774271965027,0.12120378017425537,0.12120378017425537,1.0,token_index_only,4,5,False,False
15,text,10,15,0.2,0.3,token_bin,0.5645160675048828,-0.05952233076095581,0.05952233076095581,-0.28301572799682617,0.055791765451431274,0.055791765451431274,1.0,token_index_only,6,6,False,False
15,text,12,17,0.24,0.34,token_bin,0.4823395311832428,0.022654205560684204,0.022654205560684204,-0.17793600261211395,-0.049287959933280945,0.049287959933280945,1.0,token_index_only,9,7,False,False
15,text,14,19,0.28,0.38,token_bin,0.39430537819862366,0.11068835854530334,0.11068835854530334,0.0,-0.2272239625453949,0.2272239625453949,1.0,token_index_only,3,3,True,True
15,text,16,21,0.32,0.42,token_bin,0.4309875965118408,0.07400614023208618,0.07400614023208618,-0.03634905815124512,-0.19087490439414978,0.19087490439414978,1.0,token_index_only,5,4,False,False
15,text,18,23,0.36,0.46,token_bin,0.5077807903289795,-0.0027870535850524902,0.0027870535850524902,-0.19137749075889587,-0.03584647178649902,0.03584647178649902,0.8,token_index_only,11,10,False,False
15,text,20,25,0.4,0.5,token_bin,0.5448861718177795,-0.03989243507385254,0.03989243507385254,-0.2742897570133209,0.047065794467926025,0.047065794467926025,0.4,token_index_only,7,8,False,False
15,text,22,27,0.44,0.54,token_bin,0.504993736743927,0.0,0.0,-0.2272239625453949,0.0,0.0,0.0,token_index_only,12,12,False,False
15,text,24,29,0.48,0.58,token_bin,0.504993736743927,0.0,0.0,-0.2272239625453949,0.0,0.0,0.0,token_index_only,13,13,False,False
15,text,26,31,0.52,0.62,token_bin,0.504993736743927,0.0,0.0,-0.2272239625453949,0.0,0.0,0.0,token_index_only,14,14,False,False
15,text,28,33,0.56,0.66,token_bin,0.504993736743927,0.0,0.0,-0.2272239625453949,0.0,0.0,0.0,token_index_only,15,15,False,False
15,text,30,35,0.6,0.7,token_bin,0.504993736743927,0.0,0.0,-0.2272239625453949,0.0,0.0,0.0,token_index_only,16,16,False,False
15,text,32,37,0.64,0.74,token_bin,0.504993736743927,0.0,0.0,-0.2272239625453949,0.0,0.0,0.0,token_index_only,17,17,False,False
15,text,34,39,0.68,0.78,token_bin,0.504993736743927,0.0,0.0,-0.2272239625453949,0.0,0.0,0.0,token_index_only,18,18,False,False
15,text,36,41,0.72,0.82,token_bin,0.504993736743927,0.0,0.0,-0.2272239625453949,0.0,0.0,0.0,token_index_only,19,19,False,False
15,text,38,43,0.76,0.86,token_bin,0.504993736743927,0.0,0.0,-0.2272239625453949,0.0,0.0,0.0,token_index_only,20,20,False,False
15,text,40,45,0.8,0.9,token_bin,0.504993736743927,0.0,0.0,-0.2272239625453949,0.0,0.0,0.0,token_index_only,21,21,False,False
15,text,42,47,0.84,0.94,token_bin,0.504993736743927,0.0,0.0,-0.2272239625453949,0.0,0.0,0.0,token_index_only,22,22,False,False
15,text,44,49,0.88,0.98,token_bin,0.504993736743927,0.0,0.0,-0.2272239625453949,0.0,0.0,0.0,token_index_only,23,23,False,False
15,text,45,50,0.9,1.0,token_bin,0.504993736743927,0.0,0.0,-0.2272239625453949,0.0,0.0,0.0,token_index_only,24,24,False,False
15,audio,0,5,0.0,0.1,normalized_video_time,0.5154277682304382,-0.01043403148651123,0.01043403148651123,-0.24300813674926758,0.01578417420387268,0.01578417420387268,0.8,normalized_time_only,7,6,False,False
15,audio,2,7,0.04,0.14,normalized_video_time,0.5229461789131165,-0.017952442169189453,0.017952442169189453,-0.26055699586868286,0.033333033323287964,0.033333033323287964,1.0,normalized_time_only,1,1,True,True
15,audio,4,9,0.08,0.18,normalized_video_time,0.5196383595466614,-0.014644622802734375,0.014644622802734375,-0.2556619644165039,0.02843800187110901,0.02843800187110901,1.0,normalized_time_only,2,2,True,True
15,audio,6,11,0.12,0.22,normalized_video_time,0.5056148171424866,-0.0006210803985595703,0.0006210803985595703,-0.23050451278686523,0.003280550241470337,0.003280550241470337,1.0,normalized_time_only,11,11,False,False
15,audio,8,13,0.16,0.26,normalized_video_time,0.49200254678726196,0.012991189956665039,0.012991189956665039,-0.20432858169078827,-0.02289538085460663,0.02289538085460663,1.0,normalized_time_only,5,5,False,False
15,audio,10,15,0.2,0.3,normalized_video_time,0.5016564130783081,0.0033373236656188965,0.0033373236656188965,-0.21684351563453674,-0.010380446910858154,0.010380446910858154,1.0,normalized_time_only,9,9,False,False
15,audio,12,17,0.24,0.34,normalized_video_time,0.5159844160079956,-0.010990679264068604,0.010990679264068604,-0.2417294830083847,0.014505520462989807,0.014505520462989807,1.0,normalized_time_only,6,8,False,False
15,audio,14,19,0.28,0.38,normalized_video_time,0.5188873410224915,-0.013893604278564453,0.013893604278564453,-0.25370052456855774,0.026476562023162842,0.026476562023162842,1.0,normalized_time_only,3,4,True,False
15,audio,16,21,0.32,0.42,normalized_video_time,0.5180274248123169,-0.013033688068389893,0.013033688068389893,-0.2537876069545746,0.026563644409179688,0.026563644409179688,1.0,normalized_time_only,4,3,False,True
15,audio,18,23,0.36,0.46,normalized_video_time,0.5106104016304016,-0.005616664886474609,0.005616664886474609,-0.24247924983501434,0.015255287289619446,0.015255287289619446,0.8,normalized_time_only,8,7,False,False
15,audio,20,25,0.4,0.5,normalized_video_time,0.5066834092140198,-0.0016896724700927734,0.0016896724700927734,-0.23169104754924774,0.004467085003852844,0.004467085003852844,0.4,normalized_time_only,10,10,False,False
15,audio,22,27,0.44,0.54,normalized_video_time,0.504993736743927,0.0,0.0,-0.2272239625453949,0.0,0.0,0.0,normalized_time_only,12,12,False,False
15,audio,24,29,0.48,0.58,normalized_video_time,0.504993736743927,0.0,0.0,-0.2272239625453949,0.0,0.0,0.0,normalized_time_only,13,13,False,False
15,audio,26,31,0.52,0.62,normalized_video_time,0.504993736743927,0.0,0.0,-0.2272239625453949,0.0,0.0,0.0,normalized_time_only,14,14,False,False
15,audio,28,33,0.56,0.66,normalized_video_time,0.504993736743927,0.0,0.0,-0.2272239625453949,0.0,0.0,0.0,normalized_time_only,15,15,False,False
15,audio,30,35,0.6,0.7,normalized_video_time,0.504993736743927,0.0,0.0,-0.2272239625453949,0.0,0.0,0.0,normalized_time_only,16,16,False,False
15,audio,32,37,0.64,0.74,normalized_video_time,0.504993736743927,0.0,0.0,-0.2272239625453949,0.0,0.0,0.0,normalized_time_only,17,17,False,False
15,audio,34,39,0.68,0.78,normalized_video_time,0.504993736743927,0.0,0.0,-0.2272239625453949,0.0,0.0,0.0,normalized_time_only,18,18,False,False
15,audio,36,41,0.72,0.82,normalized_video_time,0.504993736743927,0.0,0.0,-0.2272239625453949,0.0,0.0,0.0,normalized_time_only,19,19,False,False
15,audio,38,43,0.76,0.86,normalized_video_time,0.504993736743927,0.0,0.0,-0.2272239625453949,0.0,0.0,0.0,normalized_time_only,20,20,False,False
15,audio,40,45,0.8,0.9,normalized_video_time,0.504993736743927,0.0,0.0,-0.2272239625453949,0.0,0.0,0.0,normalized_time_only,21,21,False,False
15,audio,42,47,0.84,0.94,normalized_video_time,0.504993736743927,0.0,0.0,-0.2272239625453949,0.0,0.0,0.0,normalized_time_only,22,22,False,False
15,audio,44,49,0.88,0.98,normalized_video_time,0.504993736743927,0.0,0.0,-0.2272239625453949,0.0,0.0,0.0,normalized_time_only,23,23,False,False
15,audio,45,50,0.9,1.0,normalized_video_time,0.504993736743927,0.0,0.0,-0.2272239625453949,0.0,0.0,0.0,normalized_time_only,24,24,False,False
15,vision,0,5,0.0,0.1,normalized_video_time,0.5133625864982605,-0.008368849754333496,0.008368849754333496,-0.22394230961799622,-0.0032816529273986816,0.0032816529273986816,0.8,normalized_time_only,5,11,False,False
15,vision,2,7,0.04,0.14,normalized_video_time,0.5107144117355347,-0.005720674991607666,0.005720674991607666,-0.22034181654453278,-0.006882146000862122,0.006882146000862122,1.0,normalized_time_only,7,9,False,False
15,vision,4,9,0.08,0.18,normalized_video_time,0.5099194049835205,-0.004925668239593506,0.004925668239593506,-0.2233947217464447,-0.0038292407989501953,0.0038292407989501953,1.0,normalized_time_only,8,10,False,False
15,vision,6,11,0.12,0.22,normalized_video_time,0.506400465965271,-0.0014067292213439941,0.0014067292213439941,-0.20526422560214996,-0.021959736943244934,0.021959736943244934,1.0,normalized_time_only,10,7,False,False
15,vision,8,13,0.16,0.26,normalized_video_time,0.5026912093162537,0.00230252742767334,0.00230252742767334,-0.18995855748653412,-0.03726540505886078,0.03726540505886078,1.0,normalized_time_only,9,4,False,False
15,vision,10,15,0.2,0.3,normalized_video_time,0.5051577091217041,-0.0001639723777770996,0.0001639723777770996,-0.1954907476902008,-0.03173321485519409,0.03173321485519409,1.0,normalized_time_only,11,5,False,False
15,vision,12,17,0.24,0.34,normalized_video_time,0.49538862705230713,0.009605109691619873,0.009605109691619873,-0.18519049882888794,-0.04203346371650696,0.04203346371650696,1.0,normalized_time_only,4,3,False,True
15,vision,14,19,0.28,0.38,normalized_video_time,0.4826010465621948,0.022392690181732178,0.022392690181732178,-0.14346419274806976,-0.08375976979732513,0.08375976979732513,1.0,normalized_time_only,1,1,True,True
15,vision,16,21,0.32,0.42,normalized_video_time,0.4971264898777008,0.007867246866226196,0.007867246866226196,-0.1781132072210312,-0.04911075532436371,0.04911075532436371,1.0,normalized_time_only,6,2,False,True
15,vision,18,23,0.36,0.46,normalized_video_time,0.5180830359458923,-0.013089299201965332,0.013089299201965332,-0.2425520420074463,0.015328079462051392,0.015328079462051392,0.8,normalized_time_only,2,8,True,False
15,vision,20,25,0.4,0.5,normalized_video_time,0.516516387462616,-0.011522650718688965,0.011522650718688965,-0.25389543175697327,0.02667146921157837,0.02667146921157837,0.4,normalized_time_only,3,6,True,False
15,vision,22,27,0.44,0.54,normalized_video_time,0.504993736743927,0.0,0.0,-0.2272239625453949,0.0,0.0,0.0,normalized_time_only,12,12,False,False
15,vision,24,29,0.48,0.58,normalized_video_time,0.504993736743927,0.0,0.0,-0.2272239625453949,0.0,0.0,0.0,normalized_time_only,13,13,False,False
15,vision,26,31,0.52,0.62,normalized_video_time,0.504993736743927,0.0,0.0,-0.2272239625453949,0.0,0.0,0.0,normalized_time_only,14,14,False,False
15,vision,28,33,0.56,0.66,normalized_video_time,0.504993736743927,0.0,0.0,-0.2272239625453949,0.0,0.0,0.0,normalized_time_only,15,15,False,False
15,vision,30,35,0.6,0.7,normalized_video_time,0.504993736743927,0.0,0.0,-0.2272239625453949,0.0,0.0,0.0,normalized_time_only,16,16,False,False
15,vision,32,37,0.64,0.74,normalized_video_time,0.504993736743927,0.0,0.0,-0.2272239625453949,0.0,0.0,0.0,normalized_time_only,17,17,False,False
15,vision,34,39,0.68,0.78,normalized_video_time,0.504993736743927,0.0,0.0,-0.2272239625453949,0.0,0.0,0.0,normalized_time_only,18,18,False,False
15,vision,36,41,0.72,0.82,normalized_video_time,0.504993736743927,0.0,0.0,-0.2272239625453949,0.0,0.0,0.0,normalized_time_only,19,19,False,False
15,vision,38,43,0.76,0.86,normalized_video_time,0.504993736743927,0.0,0.0,-0.2272239625453949,0.0,0.0,0.0,normalized_time_only,20,20,False,False
15,vision,40,45,0.8,0.9,normalized_video_time,0.504993736743927,0.0,0.0,-0.2272239625453949,0.0,0.0,0.0,normalized_time_only,21,21,False,False
15,vision,42,47,0.84,0.94,normalized_video_time,0.504993736743927,0.0,0.0,-0.2272239625453949,0.0,0.0,0.0,normalized_time_only,22,22,False,False
15,vision,44,49,0.88,0.98,normalized_video_time,0.504993736743927,0.0,0.0,-0.2272239625453949,0.0,0.0,0.0,normalized_time_only,23,23,False,False
15,vision,45,50,0.9,1.0,normalized_video_time,0.504993736743927,0.0,0.0,-0.2272239625453949,0.0,0.0,0.0,normalized_time_only,24,24,False,False
16,text,0,5,0.0,0.1,token_bin,0.9407685995101929,0.016594648361206055,0.016594648361206055,-1.4800891876220703,-0.1231684684753418,0.1231684684753418,0.8,token_index_only,5,4,False,False
16,text,2,7,0.04,0.14,token_bin,0.9374269247055054,0.019936323165893555,0.019936323165893555,-1.4680027961730957,-0.1352548599243164,0.1352548599243164,1.0,token_index_only,3,3,True,True
16,text,4,9,0.08,0.18,token_bin,0.9388637542724609,0.01849949359893799,0.01849949359893799,-1.4825568199157715,-0.12070083618164062,0.12070083618164062,1.0,token_index_only,4,5,False,False
16,text,6,11,0.12,0.22,token_bin,0.9333587288856506,0.02400451898574829,0.02400451898574829,-1.4392600059509277,-0.16399765014648438,0.16399765014648438,1.0,token_index_only,1,2,True,True
16,text,8,13,0.16,0.26,token_bin,0.9348627924919128,0.022500455379486084,0.022500455379486084,-1.4392551183700562,-0.16400253772735596,0.16400253772735596,0.8,token_index_only,2,1,True,True
16,text,10,15,0.2,0.3,token_bin,0.9447691440582275,0.012594103813171387,0.012594103813171387,-1.506384015083313,-0.09687364101409912,0.09687364101409912,0.4,token_index_only,6,6,False,False
16,text,12,17,0.24,0.34,token_bin,0.9573632478713989,0.0,0.0,-1.603257656097412,0.0,0.0,0.0,token_index_only,7,7,False,False
16,text,14,19,0.28,0.38,token_bin,0.9573632478713989,0.0,0.0,-1.603257656097412,0.0,0.0,0.0,token_index_only,8,8,False,False
16,text,16,21,0.32,0.42,token_bin,0.9573632478713989,0.0,0.0,-1.603257656097412,0.0,0.0,0.0,token_index_only,9,9,False,False
16,text,18,23,0.36,0.46,token_bin,0.9573632478713989,0.0,0.0,-1.603257656097412,0.0,0.0,0.0,token_index_only,10,10,False,False
16,text,20,25,0.4,0.5,token_bin,0.9573632478713989,0.0,0.0,-1.603257656097412,0.0,0.0,0.0,token_index_only,11,11,False,False
16,text,22,27,0.44,0.54,token_bin,0.9573632478713989,0.0,0.0,-1.603257656097412,0.0,0.0,0.0,token_index_only,12,12,False,False
16,text,24,29,0.48,0.58,token_bin,0.9573632478713989,0.0,0.0,-1.603257656097412,0.0,0.0,0.0,token_index_only,13,13,False,False
16,text,26,31,0.52,0.62,token_bin,0.9573632478713989,0.0,0.0,-1.603257656097412,0.0,0.0,0.0,token_index_only,14,14,False,False
16,text,28,33,0.56,0.66,token_bin,0.9573632478713989,0.0,0.0,-1.603257656097412,0.0,0.0,0.0,token_index_only,15,15,False,False
16,text,30,35,0.6,0.7,token_bin,0.9573632478713989,0.0,0.0,-1.603257656097412,0.0,0.0,0.0,token_index_only,16,16,False,False
16,text,32,37,0.64,0.74,token_bin,0.9573632478713989,0.0,0.0,-1.603257656097412,0.0,0.0,0.0,token_index_only,17,17,False,False
16,text,34,39,0.68,0.78,token_bin,0.9573632478713989,0.0,0.0,-1.603257656097412,0.0,0.0,0.0,token_index_only,18,18,False,False
16,text,36,41,0.72,0.82,token_bin,0.9573632478713989,0.0,0.0,-1.603257656097412,0.0,0.0,0.0,token_index_only,19,19,False,False
16,text,38,43,0.76,0.86,token_bin,0.9573632478713989,0.0,0.0,-1.603257656097412,0.0,0.0,0.0,token_index_only,20,20,False,False
16,text,40,45,0.8,0.9,token_bin,0.9573632478713989,0.0,0.0,-1.603257656097412,0.0,0.0,0.0,token_index_only,21,21,False,False
16,text,42,47,0.84,0.94,token_bin,0.9573632478713989,0.0,0.0,-1.603257656097412,0.0,0.0,0.0,token_index_only,22,22,False,False
16,text,44,49,0.88,0.98,token_bin,0.9573632478713989,0.0,0.0,-1.603257656097412,0.0,0.0,0.0,token_index_only,23,23,False,False
16,text,45,50,0.9,1.0,token_bin,0.9573632478713989,0.0,0.0,-1.603257656097412,0.0,0.0,0.0,token_index_only,24,24,False,False
16,audio,0,5,0.0,0.1,normalized_video_time,0.9514580368995667,0.005905210971832275,0.005905210971832275,-1.5696907043457031,-0.033566951751708984,0.033566951751708984,0.8,normalized_time_only,3,5,True,False
16,audio,2,7,0.04,0.14,normalized_video_time,0.9527207612991333,0.004642486572265625,0.004642486572265625,-1.5966246128082275,-0.00663304328918457,0.00663304328918457,1.0,normalized_time_only,5,6,False,False
16,audio,4,9,0.08,0.18,normalized_video_time,0.9607662558555603,-0.003403007984161377,0.003403007984161377,-1.676060676574707,0.07280302047729492,0.07280302047729492,1.0,normalized_time_only,6,2,False,True
16,audio,6,11,0.12,0.22,normalized_video_time,0.9658048152923584,-0.008441567420959473,0.008441567420959473,-1.7025010585784912,0.0992434024810791,0.0992434024810791,1.0,normalized_time_only,1,1,True,True
16,audio,8,13,0.16,0.26,normalized_video_time,0.9651471972465515,-0.007783949375152588,0.007783949375152588,-1.6735193729400635,0.07026171684265137,0.07026171684265137,0.8,normalized_time_only,2,3,True,True
16,audio,10,15,0.2,0.3,normalized_video_time,0.962681233882904,-0.005317986011505127,0.005317986011505127,-1.6537408828735352,0.05048322677612305,0.05048322677612305,0.4,normalized_time_only,4,4,False,False
16,audio,12,17,0.24,0.34,normalized_video_time,0.9573632478713989,0.0,0.0,-1.603257656097412,0.0,0.0,0.0,normalized_time_only,7,7,False,False
16,audio,14,19,0.28,0.38,normalized_video_time,0.9573632478713989,0.0,0.0,-1.603257656097412,0.0,0.0,0.0,normalized_time_only,8,8,False,False
16,audio,16,21,0.32,0.42,normalized_video_time,0.9573632478713989,0.0,0.0,-1.603257656097412,0.0,0.0,0.0,normalized_time_only,9,9,False,False
16,audio,18,23,0.36,0.46,normalized_video_time,0.9573632478713989,0.0,0.0,-1.603257656097412,0.0,0.0,0.0,normalized_time_only,10,10,False,False
16,audio,20,25,0.4,0.5,normalized_video_time,0.9573632478713989,0.0,0.0,-1.603257656097412,0.0,0.0,0.0,normalized_time_only,11,11,False,False
16,audio,22,27,0.44,0.54,normalized_video_time,0.9573632478713989,0.0,0.0,-1.603257656097412,0.0,0.0,0.0,normalized_time_only,12,12,False,False
16,audio,24,29,0.48,0.58,normalized_video_time,0.9573632478713989,0.0,0.0,-1.603257656097412,0.0,0.0,0.0,normalized_time_only,13,13,False,False
16,audio,26,31,0.52,0.62,normalized_video_time,0.9573632478713989,0.0,0.0,-1.603257656097412,0.0,0.0,0.0,normalized_time_only,14,14,False,False
16,audio,28,33,0.56,0.66,normalized_video_time,0.9573632478713989,0.0,0.0,-1.603257656097412,0.0,0.0,0.0,normalized_time_only,15,15,False,False
16,audio,30,35,0.6,0.7,normalized_video_time,0.9573632478713989,0.0,0.0,-1.603257656097412,0.0,0.0,0.0,normalized_time_only,16,16,False,False
16,audio,32,37,0.64,0.74,normalized_video_time,0.9573632478713989,0.0,0.0,-1.603257656097412,0.0,0.0,0.0,normalized_time_only,17,17,False,False
16,audio,34,39,0.68,0.78,normalized_video_time,0.9573632478713989,0.0,0.0,-1.603257656097412,0.0,0.0,0.0,normalized_time_only,18,18,False,False
16,audio,36,41,0.72,0.82,normalized_video_time,0.9573632478713989,0.0,0.0,-1.603257656097412,0.0,0.0,0.0,normalized_time_only,19,19,False,False
16,audio,38,43,0.76,0.86,normalized_video_time,0.9573632478713989,0.0,0.0,-1.603257656097412,0.0,0.0,0.0,normalized_time_only,20,20,False,False
16,audio,40,45,0.8,0.9,normalized_video_time,0.9573632478713989,0.0,0.0,-1.603257656097412,0.0,0.0,0.0,normalized_time_only,21,21,False,False
16,audio,42,47,0.84,0.94,normalized_video_time,0.9573632478713989,0.0,0.0,-1.603257656097412,0.0,0.0,0.0,normalized_time_only,22,22,False,False
16,audio,44,49,0.88,0.98,normalized_video_time,0.9573632478713989,0.0,0.0,-1.603257656097412,0.0,0.0,0.0,normalized_time_only,23,23,False,False
16,audio,45,50,0.9,1.0,normalized_video_time,0.9573632478713989,0.0,0.0,-1.603257656097412,0.0,0.0,0.0,normalized_time_only,24,24,False,False
16,vision,0,5,0.0,0.1,normalized_video_time,0.957368016242981,-4.76837158203125e-06,4.76837158203125e-06,-1.5583245754241943,-0.04493308067321777,0.04493308067321777,0.8,normalized_time_only,6,4,False,False
16,vision,2,7,0.04,0.14,normalized_video_time,0.9529882669448853,0.004374980926513672,0.004374980926513672,-1.516782522201538,-0.08647513389587402,0.08647513389587402,1.0,normalized_time_only,2,1,True,True
16,vision,4,9,0.08,0.18,normalized_video_time,0.9531880021095276,0.004175245761871338,0.004175245761871338,-1.5274014472961426,-0.07585620880126953,0.07585620880126953,1.0,normalized_time_only,3,2,True,True
16,vision,6,11,0.12,0.22,normalized_video_time,0.9600304961204529,-0.002667248249053955,0.002667248249053955,-1.6167080402374268,0.013450384140014648,0.013450384140014648,1.0,normalized_time_only,4,6,False,False
16,vision,8,13,0.16,0.26,normalized_video_time,0.9635390043258667,-0.0061757564544677734,0.0061757564544677734,-1.6648576259613037,0.0615999698638916,0.0615999698638916,0.8,normalized_time_only,1,3,True,True
16,vision,10,15,0.2,0.3,normalized_video_time,0.9597463011741638,-0.0023830533027648926,0.0023830533027648926,-1.6185611486434937,0.015303492546081543,0.015303492546081543,0.4,normalized_time_only,5,5,False,False
16,vision,12,17,0.24,0.34,normalized_video_time,0.9573632478713989,0.0,0.0,-1.603257656097412,0.0,0.0,0.0,normalized_time_only,7,7,False,False
16,vision,14,19,0.28,0.38,normalized_video_time,0.9573632478713989,0.0,0.0,-1.603257656097412,0.0,0.0,0.0,normalized_time_only,8,8,False,False
16,vision,16,21,0.32,0.42,normalized_video_time,0.9573632478713989,0.0,0.0,-1.603257656097412,0.0,0.0,0.0,normalized_time_only,9,9,False,False
16,vision,18,23,0.36,0.46,normalized_video_time,0.9573632478713989,0.0,0.0,-1.603257656097412,0.0,0.0,0.0,normalized_time_only,10,10,False,False
16,vision,20,25,0.4,0.5,normalized_video_time,0.9573632478713989,0.0,0.0,-1.603257656097412,0.0,0.0,0.0,normalized_time_only,11,11,False,False
16,vision,22,27,0.44,0.54,normalized_video_time,0.9573632478713989,0.0,0.0,-1.603257656097412,0.0,0.0,0.0,normalized_time_only,12,12,False,False
16,vision,24,29,0.48,0.58,normalized_video_time,0.9573632478713989,0.0,0.0,-1.603257656097412,0.0,0.0,0.0,normalized_time_only,13,13,False,False
16,vision,26,31,0.52,0.62,normalized_video_time,0.9573632478713989,0.0,0.0,-1.603257656097412,0.0,0.0,0.0,normalized_time_only,14,14,False,False
16,vision,28,33,0.56,0.66,normalized_video_time,0.9573632478713989,0.0,0.0,-1.603257656097412,0.0,0.0,0.0,normalized_time_only,15,15,False,False
16,vision,30,35,0.6,0.7,normalized_video_time,0.9573632478713989,0.0,0.0,-1.603257656097412,0.0,0.0,0.0,normalized_time_only,16,16,False,False
16,vision,32,37,0.64,0.74,normalized_video_time,0.9573632478713989,0.0,0.0,-1.603257656097412,0.0,0.0,0.0,normalized_time_only,17,17,False,False
16,vision,34,39,0.68,0.78,normalized_video_time,0.9573632478713989,0.0,0.0,-1.603257656097412,0.0,0.0,0.0,normalized_time_only,18,18,False,False
16,vision,36,41,0.72,0.82,normalized_video_time,0.9573632478713989,0.0,0.0,-1.603257656097412,0.0,0.0,0.0,normalized_time_only,19,19,False,False
16,vision,38,43,0.76,0.86,normalized_video_time,0.9573632478713989,0.0,0.0,-1.603257656097412,0.0,0.0,0.0,normalized_time_only,20,20,False,False
16,vision,40,45,0.8,0.9,normalized_video_time,0.9573632478713989,0.0,0.0,-1.603257656097412,0.0,0.0,0.0,normalized_time_only,21,21,False,False
16,vision,42,47,0.84,0.94,normalized_video_time,0.9573632478713989,0.0,0.0,-1.603257656097412,0.0,0.0,0.0,normalized_time_only,22,22,False,False
16,vision,44,49,0.88,0.98,normalized_video_time,0.9573632478713989,0.0,0.0,-1.603257656097412,0.0,0.0,0.0,normalized_time_only,23,23,False,False
16,vision,45,50,0.9,1.0,normalized_video_time,0.9573632478713989,0.0,0.0,-1.603257656097412,0.0,0.0,0.0,normalized_time_only,24,24,False,False
17,text,0,5,0.0,0.1,token_bin,0.9823763370513916,-0.004674315452575684,0.004674315452575684,1.4897907972335815,-0.17822802066802979,0.17822802066802979,0.8,token_index_only,7,6,False,False
17,text,2,7,0.04,0.14,token_bin,0.9801866412162781,-0.002484619617462158,0.002484619617462158,1.4531208276748657,-0.14155805110931396,0.14155805110931396,1.0,token_index_only,9,7,False,False
17,text,4,9,0.08,0.18,token_bin,0.9434273838996887,0.0342746376991272,0.0342746376991272,1.0878185033798218,0.22374427318572998,0.22374427318572998,1.0,token_index_only,5,5,False,False
17,text,6,11,0.12,0.22,token_bin,0.9216088056564331,0.05609321594238281,0.05609321594238281,0.962826132774353,0.34873664379119873,0.34873664379119873,1.0,token_index_only,2,3,True,True
17,text,8,13,0.16,0.26,token_bin,0.8134506940841675,0.16425132751464844,0.16425132751464844,0.6513863801956177,0.6601763963699341,0.6601763963699341,1.0,token_index_only,1,1,True,True
17,text,10,15,0.2,0.3,token_bin,0.9285333752632141,0.04916864633560181,0.04916864633560181,0.9098322987556458,0.401730477809906,0.401730477809906,1.0,token_index_only,3,2,True,True
17,text,12,17,0.24,0.34,token_bin,0.9432742595672607,0.034427762031555176,0.034427762031555176,0.9762910008430481,0.33527177572250366,0.33527177572250366,1.0,token_index_only,4,4,False,False
17,text,14,19,0.28,0.38,token_bin,0.9663528800010681,0.011349141597747803,0.011349141597747803,1.1969634294509888,0.11459934711456299,0.11459934711456299,1.0,token_index_only,6,8,False,False
17,text,16,21,0.32,0.42,token_bin,0.9738487005233765,0.003853321075439453,0.003853321075439453,1.2753312587738037,0.03623151779174805,0.03623151779174805,1.0,token_index_only,8,9,False,False
17,text,18,23,0.36,0.46,token_bin,0.9758085012435913,0.0018935203552246094,0.0018935203552246094,1.2790495157241821,0.03251326084136963,0.03251326084136963,1.0,token_index_only,10,10,False,False
17,text,20,25,0.4,0.5,token_bin,0.9789363145828247,-0.001234292984008789,0.001234292984008789,1.3285038471221924,-0.016941070556640625,0.016941070556640625,1.0,token_index_only,11,11,False,False
17,text,22,27,0.44,0.54,token_bin,0.978725016117096,-0.0010229945182800293,0.0010229945182800293,1.3161777257919312,-0.0046149492263793945,0.0046149492263793945,0.6,token_index_only,12,12,False,False
17,text,24,29,0.48,0.58,token_bin,0.9770097732543945,0.0006922483444213867,0.0006922483444213867,1.3109022378921509,0.0006605386734008789,0.0006605386734008789,0.2,token_index_only,13,13,False,False
17,text,26,31,0.52,0.62,token_bin,0.9777020215988159,0.0,0.0,1.3115627765655518,0.0,0.0,0.0,token_index_only,14,14,False,False
17,text,28,33,0.56,0.66,token_bin,0.9777020215988159,0.0,0.0,1.3115627765655518,0.0,0.0,0.0,token_index_only,15,15,False,False
17,text,30,35,0.6,0.7,token_bin,0.9777020215988159,0.0,0.0,1.3115627765655518,0.0,0.0,0.0,token_index_only,16,16,False,False
17,text,32,37,0.64,0.74,token_bin,0.9777020215988159,0.0,0.0,1.3115627765655518,0.0,0.0,0.0,token_index_only,17,17,False,False
17,text,34,39,0.68,0.78,token_bin,0.9777020215988159,0.0,0.0,1.3115627765655518,0.0,0.0,0.0,token_index_only,18,18,False,False
17,text,36,41,0.72,0.82,token_bin,0.9777020215988159,0.0,0.0,1.3115627765655518,0.0,0.0,0.0,token_index_only,19,19,False,False
17,text,38,43,0.76,0.86,token_bin,0.9777020215988159,0.0,0.0,1.3115627765655518,0.0,0.0,0.0,token_index_only,20,20,False,False
17,text,40,45,0.8,0.9,token_bin,0.9777020215988159,0.0,0.0,1.3115627765655518,0.0,0.0,0.0,token_index_only,21,21,False,False
17,text,42,47,0.84,0.94,token_bin,0.9777020215988159,0.0,0.0,1.3115627765655518,0.0,0.0,0.0,token_index_only,22,22,False,False
17,text,44,49,0.88,0.98,token_bin,0.9777020215988159,0.0,0.0,1.3115627765655518,0.0,0.0,0.0,token_index_only,23,23,False,False
17,text,45,50,0.9,1.0,token_bin,0.9777020215988159,0.0,0.0,1.3115627765655518,0.0,0.0,0.0,token_index_only,24,24,False,False
17,audio,0,5,0.0,0.1,normalized_video_time,0.977475643157959,0.0002263784408569336,0.0002263784408569336,1.314021110534668,-0.002458333969116211,0.002458333969116211,0.8,normalized_time_only,9,11,False,False
17,audio,2,7,0.04,0.14,normalized_video_time,0.9769882559776306,0.0007137656211853027,0.0007137656211853027,1.3139492273330688,-0.00238645076751709,0.00238645076751709,1.0,normalized_time_only,3,12,True,False
17,audio,4,9,0.08,0.18,normalized_video_time,0.9776010513305664,0.00010097026824951172,0.00010097026824951172,1.3196972608566284,-0.00813448429107666,0.00813448429107666,1.0,normalized_time_only,11,8,False,False
17,audio,6,11,0.12,0.22,normalized_video_time,0.977931559085846,-0.0002295374870300293,0.0002295374870300293,1.3244119882583618,-0.012849211692810059,0.012849211692810059,1.0,normalized_time_only,8,7,False,False
17,audio,8,13,0.16,0.26,normalized_video_time,0.9782418608665466,-0.0005398392677307129,0.0005398392677307129,1.3247733116149902,-0.013210535049438477,0.013210535049438477,1.0,normalized_time_only,5,6,False,False
17,audio,10,15,0.2,0.3,normalized_video_time,0.9783798456192017,-0.0006778240203857422,0.0006778240203857422,1.3274890184402466,-0.015926241874694824,0.015926241874694824,1.0,normalized_time_only,4,4,False,False
17,audio,12,17,0.24,0.34,normalized_video_time,0.9787052273750305,-0.0010032057762145996,0.0010032057762145996,1.3290436267852783,-0.017480850219726562,0.017480850219726562,1.0,normalized_time_only,1,3,True,True
17,audio,14,19,0.28,0.38,normalized_video_time,0.9786185026168823,-0.0009164810180664062,0.0009164810180664062,1.3322159051895142,-0.020653128623962402,0.020653128623962402,1.0,normalized_time_only,2,2,True,True
17,audio,16,21,0.32,0.42,normalized_video_time,0.9780564308166504,-0.00035440921783447266,0.00035440921783447266,1.3327888250350952,-0.021226048469543457,0.021226048469543457,1.0,normalized_time_only,6,1,False,True
17,audio,18,23,0.36,0.46,normalized_video_time,0.977655291557312,4.673004150390625e-05,4.673004150390625e-05,1.3258260488510132,-0.014263272285461426,0.014263272285461426,1.0,normalized_time_only,13,5,False,False
17,audio,20,25,0.4,0.5,normalized_video_time,0.9773948788642883,0.0003071427345275879,0.0003071427345275879,1.3151824474334717,-0.003619670867919922,0.003619670867919922,1.0,normalized_time_only,7,10,False,False
17,audio,22,27,0.44,0.54,normalized_video_time,0.9774851202964783,0.00021690130233764648,0.00021690130233764648,1.3072876930236816,0.004275083541870117,0.004275083541870117,0.6,normalized_time_only,10,9,False,False
17,audio,24,29,0.48,0.58,normalized_video_time,0.977633535861969,6.848573684692383e-05,6.848573684692383e-05,1.3102877140045166,0.0012750625610351562,0.0012750625610351562,0.2,normalized_time_only,12,13,False,False
17,audio,26,31,0.52,0.62,normalized_video_time,0.9777020215988159,0.0,0.0,1.3115627765655518,0.0,0.0,0.0,normalized_time_only,14,14,False,False
17,audio,28,33,0.56,0.66,normalized_video_time,0.9777020215988159,0.0,0.0,1.3115627765655518,0.0,0.0,0.0,normalized_time_only,15,15,False,False
17,audio,30,35,0.6,0.7,normalized_video_time,0.9777020215988159,0.0,0.0,1.3115627765655518,0.0,0.0,0.0,normalized_time_only,16,16,False,False
17,audio,32,37,0.64,0.74,normalized_video_time,0.9777020215988159,0.0,0.0,1.3115627765655518,0.0,0.0,0.0,normalized_time_only,17,17,False,False
17,audio,34,39,0.68,0.78,normalized_video_time,0.9777020215988159,0.0,0.0,1.3115627765655518,0.0,0.0,0.0,normalized_time_only,18,18,False,False
17,audio,36,41,0.72,0.82,normalized_video_time,0.9777020215988159,0.0,0.0,1.3115627765655518,0.0,0.0,0.0,normalized_time_only,19,19,False,False
17,audio,38,43,0.76,0.86,normalized_video_time,0.9777020215988159,0.0,0.0,1.3115627765655518,0.0,0.0,0.0,normalized_time_only,20,20,False,False
17,audio,40,45,0.8,0.9,normalized_video_time,0.9777020215988159,0.0,0.0,1.3115627765655518,0.0,0.0,0.0,normalized_time_only,21,21,False,False
17,audio,42,47,0.84,0.94,normalized_video_time,0.9777020215988159,0.0,0.0,1.3115627765655518,0.0,0.0,0.0,normalized_time_only,22,22,False,False
17,audio,44,49,0.88,0.98,normalized_video_time,0.9777020215988159,0.0,0.0,1.3115627765655518,0.0,0.0,0.0,normalized_time_only,23,23,False,False
17,audio,45,50,0.9,1.0,normalized_video_time,0.9777020215988159,0.0,0.0,1.3115627765655518,0.0,0.0,0.0,normalized_time_only,24,24,False,False
17,vision,0,5,0.0,0.1,normalized_video_time,0.977143406867981,0.0005586147308349609,0.0005586147308349609,1.3083199262619019,0.0032428503036499023,0.0032428503036499023,0.8,normalized_time_only,7,12,False,False
17,vision,2,7,0.04,0.14,normalized_video_time,0.9757292866706848,0.0019727349281311035,0.0019727349281311035,1.2898383140563965,0.021724462509155273,0.021724462509155273,1.0,normalized_time_only,3,3,True,True
17,vision,4,9,0.08,0.18,normalized_video_time,0.9733315110206604,0.004370510578155518,0.004370510578155518,1.257419228553772,0.054143548011779785,0.054143548011779785,1.0,normalized_time_only,1,1,True,True
17,vision,6,11,0.12,0.22,normalized_video_time,0.9750211238861084,0.0026808977127075195,0.0026808977127075195,1.280644178390503,0.030918598175048828,0.030918598175048828,1.0,normalized_time_only,2,2,True,True
17,vision,8,13,0.16,0.26,normalized_video_time,0.9771111011505127,0.0005909204483032227,0.0005909204483032227,1.3106108903884888,0.0009518861770629883,0.0009518861770629883,1.0,normalized_time_only,6,13,False,False
17,vision,10,15,0.2,0.3,normalized_video_time,0.9779108166694641,-0.00020879507064819336,0.00020879507064819336,1.3229730129241943,-0.011410236358642578,0.011410236358642578,1.0,normalized_time_only,9,7,False,False
17,vision,12,17,0.24,0.34,normalized_video_time,0.9776107668876648,9.125471115112305e-05,9.125471115112305e-05,1.3165414333343506,-0.004978656768798828,0.004978656768798828,1.0,normalized_time_only,12,10,False,False
17,vision,14,19,0.28,0.38,normalized_video_time,0.9778770804405212,-0.00017505884170532227,0.00017505884170532227,1.318352460861206,-0.006789684295654297,0.006789684295654297,1.0,normalized_time_only,11,8,False,False
17,vision,16,21,0.32,0.42,normalized_video_time,0.9777243733406067,-2.2351741790771484e-05,2.2351741790771484e-05,1.3176097869873047,-0.00604701042175293,0.00604701042175293,1.0,normalized_time_only,13,9,False,False
17,vision,18,23,0.36,0.46,normalized_video_time,0.9779956340789795,-0.0002936124801635742,0.0002936124801635742,1.3234131336212158,-0.011850357055664062,0.011850357055664062,1.0,normalized_time_only,8,6,False,False
17,vision,20,25,0.4,0.5,normalized_video_time,0.9783853888511658,-0.0006833672523498535,0.0006833672523498535,1.3292261362075806,-0.01766335964202881,0.01766335964202881,1.0,normalized_time_only,4,4,False,False
17,vision,22,27,0.44,0.54,normalized_video_time,0.9783042669296265,-0.0006022453308105469,0.0006022453308105469,1.3239808082580566,-0.012418031692504883,0.012418031692504883,0.6,normalized_time_only,5,5,False,False
17,vision,24,29,0.48,0.58,normalized_video_time,0.9779080748558044,-0.0002060532569885254,0.0002060532569885254,1.3155221939086914,-0.0039594173431396484,0.0039594173431396484,0.2,normalized_time_only,10,11,False,False
17,vision,26,31,0.52,0.62,normalized_video_time,0.9777020215988159,0.0,0.0,1.3115627765655518,0.0,0.0,0.0,normalized_time_only,14,14,False,False
17,vision,28,33,0.56,0.66,normalized_video_time,0.9777020215988159,0.0,0.0,1.3115627765655518,0.0,0.0,0.0,normalized_time_only,15,15,False,False
17,vision,30,35,0.6,0.7,normalized_video_time,0.9777020215988159,0.0,0.0,1.3115627765655518,0.0,0.0,0.0,normalized_time_only,16,16,False,False
17,vision,32,37,0.64,0.74,normalized_video_time,0.9777020215988159,0.0,0.0,1.3115627765655518,0.0,0.0,0.0,normalized_time_only,17,17,False,False
17,vision,34,39,0.68,0.78,normalized_video_time,0.9777020215988159,0.0,0.0,1.3115627765655518,0.0,0.0,0.0,normalized_time_only,18,18,False,False
17,vision,36,41,0.72,0.82,normalized_video_time,0.9777020215988159,0.0,0.0,1.3115627765655518,0.0,0.0,0.0,normalized_time_only,19,19,False,False
17,vision,38,43,0.76,0.86,normalized_video_time,0.9777020215988159,0.0,0.0,1.3115627765655518,0.0,0.0,0.0,normalized_time_only,20,20,False,False
17,vision,40,45,0.8,0.9,normalized_video_time,0.9777020215988159,0.0,0.0,1.3115627765655518,0.0,0.0,0.0,normalized_time_only,21,21,False,False
17,vision,42,47,0.84,0.94,normalized_video_time,0.9777020215988159,0.0,0.0,1.3115627765655518,0.0,0.0,0.0,normalized_time_only,22,22,False,False
17,vision,44,49,0.88,0.98,normalized_video_time,0.9777020215988159,0.0,0.0,1.3115627765655518,0.0,0.0,0.0,normalized_time_only,23,23,False,False
17,vision,45,50,0.9,1.0,normalized_video_time,0.9777020215988159,0.0,0.0,1.3115627765655518,0.0,0.0,0.0,normalized_time_only,24,24,False,False
18,text,0,5,0.0,0.1,token_bin,0.8228837847709656,0.025724709033966064,0.025724709033966064,0.0,0.0,0.0,0.8,token_index_only,19,1,False,True
18,text,2,7,0.04,0.14,token_bin,0.8149625062942505,0.03364598751068115,0.03364598751068115,0.0,0.0,0.0,1.0,token_index_only,13,2,False,True
18,text,4,9,0.08,0.18,token_bin,0.8136811256408691,0.0349273681640625,0.0349273681640625,0.0,0.0,0.0,1.0,token_index_only,10,3,False,True
18,text,6,11,0.12,0.22,token_bin,0.8111838698387146,0.03742462396621704,0.03742462396621704,0.0,0.0,0.0,1.0,token_index_only,9,4,False,False
18,text,8,13,0.16,0.26,token_bin,0.8146334290504456,0.033975064754486084,0.033975064754486084,0.0,0.0,0.0,1.0,token_index_only,12,5,False,False
18,text,10,15,0.2,0.3,token_bin,0.825574517250061,0.023033976554870605,0.023033976554870605,0.0,0.0,0.0,1.0,token_index_only,21,6,False,False
18,text,12,17,0.24,0.34,token_bin,0.8265489339828491,0.02205955982208252,0.02205955982208252,0.0,0.0,0.0,1.0,token_index_only,22,7,False,False
18,text,14,19,0.28,0.38,token_bin,0.8237659335136414,0.024842560291290283,0.024842560291290283,0.0,0.0,0.0,1.0,token_index_only,20,8,False,False
18,text,16,21,0.32,0.42,token_bin,0.8220582604408264,0.026550233364105225,0.026550233364105225,0.0,0.0,0.0,1.0,token_index_only,17,9,False,False
18,text,18,23,0.36,0.46,token_bin,0.8280081152915955,0.02060037851333618,0.02060037851333618,0.0,0.0,0.0,1.0,token_index_only,24,10,False,False
18,text,20,25,0.4,0.5,token_bin,0.8228253126144409,0.025783181190490723,0.025783181190490723,0.0,0.0,0.0,1.0,token_index_only,18,11,False,False
18,text,22,27,0.44,0.54,token_bin,0.8100466132164001,0.038561880588531494,0.038561880588531494,0.0,0.0,0.0,1.0,token_index_only,8,12,False,False
18,text,24,29,0.48,0.58,token_bin,0.8145467638969421,0.0340617299079895,0.0340617299079895,0.0,0.0,0.0,1.0,token_index_only,11,13,False,False
18,text,26,31,0.52,0.62,token_bin,0.7937877774238586,0.054820716381073,0.054820716381073,0.0,0.0,0.0,1.0,token_index_only,3,14,True,False
18,text,28,33,0.56,0.66,token_bin,0.8044602274894714,0.044148266315460205,0.044148266315460205,0.0,0.0,0.0,1.0,token_index_only,6,15,False,False
18,text,30,35,0.6,0.7,token_bin,0.8195136189460754,0.0290948748588562,0.0290948748588562,0.0,0.0,0.0,1.0,token_index_only,15,16,False,False
18,text,32,37,0.64,0.74,token_bin,0.8175731301307678,0.03103536367416382,0.03103536367416382,0.0,0.0,0.0,1.0,token_index_only,14,17,False,False
18,text,34,39,0.68,0.78,token_bin,0.8265609741210938,0.02204751968383789,0.02204751968383789,0.0,0.0,0.0,1.0,token_index_only,23,18,False,False
18,text,36,41,0.72,0.82,token_bin,0.795136034488678,0.05347245931625366,0.05347245931625366,0.0,0.0,0.0,1.0,token_index_only,4,19,False,False
18,text,38,43,0.76,0.86,token_bin,0.7826610207557678,0.06594747304916382,0.06594747304916382,0.0,0.0,0.0,1.0,token_index_only,2,20,True,False
18,text,40,45,0.8,0.9,token_bin,0.7741982340812683,0.07441025972366333,0.07441025972366333,0.0,0.0,0.0,1.0,token_index_only,1,21,True,False
18,text,42,47,0.84,0.94,token_bin,0.8031033277511597,0.04550516605377197,0.04550516605377197,0.0,0.0,0.0,1.0,token_index_only,5,22,False,False
18,text,44,49,0.88,0.98,token_bin,0.8056640625,0.04294443130493164,0.04294443130493164,0.0,0.0,0.0,1.0,token_index_only,7,23,False,False
18,text,45,50,0.9,1.0,token_bin,0.8208566904067993,0.027751803398132324,0.027751803398132324,0.0,0.0,0.0,0.8,token_index_only,16,24,False,False
18,audio,0,5,0.0,0.1,normalized_video_time,0.8237026929855347,0.024905800819396973,0.024905800819396973,0.0,0.0,0.0,0.8,normalized_time_only,2,1,True,True
18,audio,2,7,0.04,0.14,normalized_video_time,0.8172852993011475,0.03132319450378418,0.03132319450378418,0.0,0.0,0.0,1.0,normalized_time_only,1,2,True,True
18,audio,4,9,0.08,0.18,normalized_video_time,0.8309220671653748,0.017686426639556885,0.017686426639556885,0.0,0.0,0.0,1.0,normalized_time_only,3,3,True,True
18,audio,6,11,0.12,0.22,normalized_video_time,0.8454555869102478,0.003152906894683838,0.003152906894683838,0.0,0.0,0.0,1.0,normalized_time_only,22,4,False,False
18,audio,8,13,0.16,0.26,normalized_video_time,0.8552737832069397,-0.006665289402008057,0.006665289402008057,0.0,0.0,0.0,1.0,normalized_time_only,15,5,False,False
18,audio,10,15,0.2,0.3,normalized_video_time,0.8584011197090149,-0.009792625904083252,0.009792625904083252,0.0,0.0,0.0,1.0,normalized_time_only,8,6,False,False
18,audio,12,17,0.24,0.34,normalized_video_time,0.8581519722938538,-0.00954347848892212,0.00954347848892212,0.0,0.0,0.0,1.0,normalized_time_only,9,7,False,False
18,audio,14,19,0.28,0.38,normalized_video_time,0.8574008345603943,-0.008792340755462646,0.008792340755462646,0.0,0.0,0.0,1.0,normalized_time_only,12,8,False,False
18,audio,16,21,0.32,0.42,normalized_video_time,0.8573847413063049,-0.008776247501373291,0.008776247501373291,0.0,0.0,0.0,1.0,normalized_time_only,13,9,False,False
18,audio,18,23,0.36,0.46,normalized_video_time,0.8576872944831848,-0.009078800678253174,0.009078800678253174,0.0,0.0,0.0,1.0,normalized_time_only,10,10,False,False
18,audio,20,25,0.4,0.5,normalized_video_time,0.8591101169586182,-0.010501623153686523,0.010501623153686523,0.0,0.0,0.0,1.0,normalized_time_only,7,11,False,False
18,audio,22,27,0.44,0.54,normalized_video_time,0.8592754602432251,-0.010666966438293457,0.010666966438293457,0.0,0.0,0.0,1.0,normalized_time_only,6,12,False,False
18,audio,24,29,0.48,0.58,normalized_video_time,0.8566170334815979,-0.00800853967666626,0.00800853967666626,0.0,0.0,0.0,1.0,normalized_time_only,14,13,False,False
18,audio,26,31,0.52,0.62,normalized_video_time,0.8524063229560852,-0.0037978291511535645,0.0037978291511535645,0.0,0.0,0.0,1.0,normalized_time_only,20,14,False,False
18,audio,28,33,0.56,0.66,normalized_video_time,0.8499695658683777,-0.001361072063446045,0.001361072063446045,0.0,0.0,0.0,1.0,normalized_time_only,23,15,False,False
18,audio,30,35,0.6,0.7,normalized_video_time,0.8528769016265869,-0.0042684078216552734,0.0042684078216552734,0.0,0.0,0.0,1.0,normalized_time_only,17,16,False,False
18,audio,32,37,0.64,0.74,normalized_video_time,0.853110671043396,-0.0045021772384643555,0.0045021772384643555,0.0,0.0,0.0,1.0,normalized_time_only,16,17,False,False
18,audio,34,39,0.68,0.78,normalized_video_time,0.8527539372444153,-0.004145443439483643,0.004145443439483643,0.0,0.0,0.0,1.0,normalized_time_only,18,18,False,False
18,audio,36,41,0.72,0.82,normalized_video_time,0.8525416851043701,-0.0039331912994384766,0.0039331912994384766,0.0,0.0,0.0,1.0,normalized_time_only,19,19,False,False
18,audio,38,43,0.76,0.86,normalized_video_time,0.8498216867446899,-0.0012131929397583008,0.0012131929397583008,0.0,0.0,0.0,1.0,normalized_time_only,24,20,False,False
18,audio,40,45,0.8,0.9,normalized_video_time,0.8450832962989807,0.0035251975059509277,0.0035251975059509277,0.0,0.0,0.0,1.0,normalized_time_only,21,21,False,False
18,audio,42,47,0.84,0.94,normalized_video_time,0.8398160934448242,0.008792400360107422,0.008792400360107422,0.0,0.0,0.0,1.0,normalized_time_only,11,22,False,False
18,audio,44,49,0.88,0.98,normalized_video_time,0.8368504047393799,0.011758089065551758,0.011758089065551758,0.0,0.0,0.0,1.0,normalized_time_only,4,23,False,False
18,audio,45,50,0.9,1.0,normalized_video_time,0.8375765681266785,0.011031925678253174,0.011031925678253174,0.0,0.0,0.0,0.8,normalized_time_only,5,24,False,False
18,vision,0,5,0.0,0.1,normalized_video_time,0.8504488468170166,-0.001840353012084961,0.001840353012084961,0.0,0.0,0.0,0.8,normalized_time_only,8,1,False,True
18,vision,2,7,0.04,0.14,normalized_video_time,0.8506954312324524,-0.002086937427520752,0.002086937427520752,0.0,0.0,0.0,1.0,normalized_time_only,7,2,False,True
18,vision,4,9,0.08,0.18,normalized_video_time,0.8494136333465576,-0.0008051395416259766,0.0008051395416259766,0.0,0.0,0.0,1.0,normalized_time_only,18,3,False,True
18,vision,6,11,0.12,0.22,normalized_video_time,0.8483325839042664,0.0002759099006652832,0.0002759099006652832,0.0,0.0,0.0,1.0,normalized_time_only,23,4,False,False
18,vision,8,13,0.16,0.26,normalized_video_time,0.8482369780540466,0.00037151575088500977,0.00037151575088500977,0.0,0.0,0.0,1.0,normalized_time_only,21,5,False,False
18,vision,10,15,0.2,0.3,normalized_video_time,0.8491683602333069,-0.0005598664283752441,0.0005598664283752441,0.0,0.0,0.0,1.0,normalized_time_only,20,6,False,False
18,vision,12,17,0.24,0.34,normalized_video_time,0.8496363162994385,-0.001027822494506836,0.001027822494506836,0.0,0.0,0.0,1.0,normalized_time_only,16,7,False,False
18,vision,14,19,0.28,0.38,normalized_video_time,0.8496784567832947,-0.0010699629783630371,0.0010699629783630371,0.0,0.0,0.0,1.0,normalized_time_only,14,8,False,False
18,vision,16,21,0.32,0.42,normalized_video_time,0.8492494225502014,-0.0006409287452697754,0.0006409287452697754,0.0,0.0,0.0,1.0,normalized_time_only,19,9,False,False
18,vision,18,23,0.36,0.46,normalized_video_time,0.8497796058654785,-0.001171112060546875,0.001171112060546875,0.0,0.0,0.0,1.0,normalized_time_only,12,10,False,False
18,vision,20,25,0.4,0.5,normalized_video_time,0.8487411737442017,-0.00013267993927001953,0.00013267993927001953,0.0,0.0,0.0,1.0,normalized_time_only,24,11,False,False
18,vision,22,27,0.44,0.54,normalized_video_time,0.8469237685203552,0.001684725284576416,0.001684725284576416,0.0,0.0,0.0,1.0,normalized_time_only,9,12,False,False
18,vision,24,29,0.48,0.58,normalized_video_time,0.8462602496147156,0.0023482441902160645,0.0023482441902160645,0.0,0.0,0.0,1.0,normalized_time_only,6,13,False,False
18,vision,26,31,0.52,0.62,normalized_video_time,0.8474689722061157,0.001139521598815918,0.001139521598815918,0.0,0.0,0.0,1.0,normalized_time_only,13,14,False,False
18,vision,28,33,0.56,0.66,normalized_video_time,0.8482438921928406,0.00036460161209106445,0.00036460161209106445,0.0,0.0,0.0,1.0,normalized_time_only,22,15,False,False
18,vision,30,35,0.6,0.7,normalized_video_time,0.849455714225769,-0.0008472204208374023,0.0008472204208374023,0.0,0.0,0.0,1.0,normalized_time_only,17,16,False,False
18,vision,32,37,0.64,0.74,normalized_video_time,0.8500065803527832,-0.0013980865478515625,0.0013980865478515625,0.0,0.0,0.0,1.0,normalized_time_only,11,17,False,False
18,vision,34,39,0.68,0.78,normalized_video_time,0.85024094581604,-0.0016324520111083984,0.0016324520111083984,0.0,0.0,0.0,1.0,normalized_time_only,10,18,False,False
18,vision,36,41,0.72,0.82,normalized_video_time,0.8496587872505188,-0.0010502934455871582,0.0010502934455871582,0.0,0.0,0.0,1.0,normalized_time_only,15,19,False,False
18,vision,38,43,0.76,0.86,normalized_video_time,0.8513160943984985,-0.0027076005935668945,0.0027076005935668945,0.0,0.0,0.0,1.0,normalized_time_only,5,20,False,False
18,vision,40,45,0.8,0.9,normalized_video_time,0.8537237048149109,-0.005115211009979248,0.005115211009979248,0.0,0.0,0.0,1.0,normalized_time_only,3,21,True,False
18,vision,42,47,0.84,0.94,normalized_video_time,0.8549252152442932,-0.006316721439361572,0.006316721439361572,0.0,0.0,0.0,1.0,normalized_time_only,1,22,True,False
18,vision,44,49,0.88,0.98,normalized_video_time,0.8537282943725586,-0.005119800567626953,0.005119800567626953,0.0,0.0,0.0,1.0,normalized_time_only,2,23,True,False
18,vision,45,50,0.9,1.0,normalized_video_time,0.852440595626831,-0.003832101821899414,0.003832101821899414,0.0,0.0,0.0,0.8,normalized_time_only,4,24,False,False
19,text,0,5,0.0,0.1,token_bin,0.8323897123336792,0.04797220230102539,0.04797220230102539,0.8649807572364807,0.12787002325057983,0.12787002325057983,0.8,token_index_only,18,18,False,False
19,text,2,7,0.04,0.14,token_bin,0.5826869010925293,0.2976750135421753,0.2976750135421753,0.42477741837501526,0.5680733919143677,0.5680733919143677,1.0,token_index_only,3,4,True,False
19,text,4,9,0.08,0.18,token_bin,0.6243593096733093,0.25600260496139526,0.25600260496139526,0.4753989279270172,0.5174518823623657,0.5174518823623657,1.0,token_index_only,5,5,False,False
19,text,6,11,0.12,0.22,token_bin,0.6964240074157715,0.1839379072189331,0.1839379072189331,0.6012409925460815,0.391609787940979,0.391609787940979,1.0,token_index_only,6,9,False,False
19,text,8,13,0.16,0.26,token_bin,0.9467616081237793,-0.06639969348907471,0.06639969348907471,1.3158783912658691,-0.3230276107788086,0.3230276107788086,1.0,token_index_only,16,12,False,False
19,text,10,15,0.2,0.3,token_bin,0.9350355863571167,-0.05467367172241211,0.05467367172241211,1.2306312322616577,-0.23778045177459717,0.23778045177459717,1.0,token_index_only,17,16,False,False
19,text,12,17,0.24,0.34,token_bin,0.9669572114944458,-0.08659529685974121,0.08659529685974121,1.4462101459503174,-0.45335936546325684,0.45335936546325684,1.0,token_index_only,15,8,False,False
19,text,14,19,0.28,0.38,token_bin,0.9760487675666809,-0.09568685293197632,0.09568685293197632,1.5078859329223633,-0.5150351524353027,0.5150351524353027,1.0,token_index_only,11,6,False,False
19,text,16,21,0.32,0.42,token_bin,0.9702746868133545,-0.0899127721786499,0.0899127721786499,1.4586505889892578,-0.46579980850219727,0.46579980850219727,1.0,token_index_only,12,7,False,False
19,text,18,23,0.36,0.46,token_bin,0.7360053062438965,0.1443566083908081,0.1443566083908081,0.6637985110282898,0.32905226945877075,0.32905226945877075,1.0,token_index_only,8,11,False,False
19,text,20,25,0.4,0.5,token_bin,0.7746085524559021,0.10575336217880249,0.10575336217880249,0.7837691307067871,0.20908164978027344,0.20908164978027344,1.0,token_index_only,10,17,False,False
19,text,22,27,0.44,0.54,token_bin,0.8751953840255737,0.005166530609130859,0.005166530609130859,1.0710705518722534,-0.07821977138519287,0.07821977138519287,1.0,token_index_only,20,20,False,False
19,text,24,29,0.48,0.58,token_bin,0.7082892656326294,0.1720726490020752,0.1720726490020752,0.6718353629112244,0.3210154175758362,0.3210154175758362,1.0,token_index_only,7,13,False,False
19,text,26,31,0.52,0.62,token_bin,0.4798445999622345,0.4005173146724701,0.4005173146724701,0.20510247349739075,0.7877483367919922,0.7877483367919922,1.0,token_index_only,1,1,True,True
19,text,28,33,0.56,0.66,token_bin,0.5520829558372498,0.32827895879745483,0.32827895879745483,0.25110316276550293,0.7417476177215576,0.7417476177215576,1.0,token_index_only,2,2,True,True
19,text,30,35,0.6,0.7,token_bin,0.6181123852729797,0.26224952936172485,0.26224952936172485,0.37255051732063293,0.62030029296875,0.62030029296875,1.0,token_index_only,4,3,False,True
19,text,32,37,0.64,0.74,token_bin,0.7915914058685303,0.08877050876617432,0.08877050876617432,0.734917938709259,0.2579328417778015,0.2579328417778015,1.0,token_index_only,14,15,False,False
19,text,34,39,0.68,0.78,token_bin,0.7913298010826111,0.0890321135520935,0.0890321135520935,0.7317283153533936,0.261122465133667,0.261122465133667,1.0,token_index_only,13,14,False,False
19,text,36,41,0.72,0.82,token_bin,0.753269612789154,0.12709230184555054,0.12709230184555054,0.6561947464942932,0.33665603399276733,0.33665603399276733,0.8,token_index_only,9,10,False,False
19,text,38,43,0.76,0.86,token_bin,0.8534411787986755,0.026920735836029053,0.026920735836029053,0.9056552052497864,0.08719557523727417,0.08719557523727417,0.4,token_index_only,19,19,False,False
19,text,40,45,0.8,0.9,token_bin,0.8803619146347046,0.0,0.0,0.9928507804870605,0.0,0.0,0.0,token_index_only,21,21,False,False
19,text,42,47,0.84,0.94,token_bin,0.8803619146347046,0.0,0.0,0.9928507804870605,0.0,0.0,0.0,token_index_only,22,22,False,False
19,text,44,49,0.88,0.98,token_bin,0.8803619146347046,0.0,0.0,0.9928507804870605,0.0,0.0,0.0,token_index_only,23,23,False,False
19,text,45,50,0.9,1.0,token_bin,0.8803619146347046,0.0,0.0,0.9928507804870605,0.0,0.0,0.0,token_index_only,24,24,False,False
19,audio,0,5,0.0,0.1,normalized_video_time,0.8768783807754517,0.0034835338592529297,0.0034835338592529297,0.9807751178741455,0.012075662612915039,0.012075662612915039,0.8,normalized_time_only,13,15,False,False
19,audio,2,7,0.04,0.14,normalized_video_time,0.8796875476837158,0.0006743669509887695,0.0006743669509887695,0.9982119798660278,-0.005361199378967285,0.005361199378967285,1.0,normalized_time_only,19,18,False,False
19,audio,4,9,0.08,0.18,normalized_video_time,0.8856163620948792,-0.0052544474601745605,0.0052544474601745605,1.0322397947311401,-0.03938901424407959,0.03938901424407959,1.0,normalized_time_only,9,8,False,False
19,audio,6,11,0.12,0.22,normalized_video_time,0.8884826302528381,-0.008120715618133545,0.008120715618133545,1.0497547388076782,-0.056903958320617676,0.056903958320617676,1.0,normalized_time_only,6,5,False,False
19,audio,8,13,0.16,0.26,normalized_video_time,0.8854401707649231,-0.005078256130218506,0.005078256130218506,1.0405552387237549,-0.047704458236694336,0.047704458236694336,1.0,normalized_time_only,12,7,False,False
19,audio,10,15,0.2,0.3,normalized_video_time,0.8790167570114136,0.0013451576232910156,0.0013451576232910156,1.009586215019226,-0.016735434532165527,0.016735434532165527,1.0,normalized_time_only,17,13,False,False
19,audio,12,17,0.24,0.34,normalized_video_time,0.8707332015037537,0.009628713130950928,0.009628713130950928,0.9825963377952576,0.010254442691802979,0.010254442691802979,1.0,normalized_time_only,5,16,False,False
19,audio,14,19,0.28,0.38,normalized_video_time,0.8747963905334473,0.005565524101257324,0.005565524101257324,0.9957184791564941,-0.0028676986694335938,0.0028676986694335938,1.0,normalized_time_only,8,20,False,False
19,audio,16,21,0.32,0.42,normalized_video_time,0.8786947727203369,0.0016671419143676758,0.0016671419143676758,0.9992796182632446,-0.006428837776184082,0.006428837776184082,1.0,normalized_time_only,15,17,False,False
19,audio,18,23,0.36,0.46,normalized_video_time,0.8731436729431152,0.0072182416915893555,0.0072182416915893555,0.9601516127586365,0.03269916772842407,0.03269916772842407,1.0,normalized_time_only,7,11,False,False
19,audio,20,25,0.4,0.5,normalized_video_time,0.8644323348999023,0.015929579734802246,0.015929579734802246,0.912051796913147,0.08079898357391357,0.08079898357391357,1.0,normalized_time_only,3,3,True,True
19,audio,22,27,0.44,0.54,normalized_video_time,0.8603281378746033,0.02003377676010132,0.02003377676010132,0.9067126512527466,0.08613812923431396,0.08613812923431396,1.0,normalized_time_only,2,1,True,True
19,audio,24,29,0.48,0.58,normalized_video_time,0.8593767881393433,0.020985126495361328,0.020985126495361328,0.9072743654251099,0.08557641506195068,0.08557641506195068,1.0,normalized_time_only,1,2,True,True
19,audio,26,31,0.52,0.62,normalized_video_time,0.8694077134132385,0.010954201221466064,0.010954201221466064,0.9419043660163879,0.05094641447067261,0.05094641447067261,1.0,normalized_time_only,4,6,False,False
19,audio,28,33,0.56,0.66,normalized_video_time,0.8751862049102783,0.0051757097244262695,0.0051757097244262695,0.9580546617507935,0.03479611873626709,0.03479611873626709,1.0,normalized_time_only,11,10,False,False
19,audio,30,35,0.6,0.7,normalized_video_time,0.8796830177307129,0.0006788969039916992,0.0006788969039916992,0.9675015807151794,0.025349199771881104,0.025349199771881104,1.0,normalized_time_only,18,12,False,False
19,audio,32,37,0.64,0.74,normalized_video_time,0.8751651048660278,0.005196809768676758,0.005196809768676758,0.9332156181335449,0.059635162353515625,0.059635162353515625,1.0,normalized_time_only,10,4,False,False
19,audio,34,39,0.68,0.78,normalized_video_time,0.8804338574409485,-7.194280624389648e-05,7.194280624389648e-05,0.9566673040390015,0.03618347644805908,0.03618347644805908,1.0,normalized_time_only,20,9,False,False
19,audio,36,41,0.72,0.82,normalized_video_time,0.8827341794967651,-0.002372264862060547,0.002372264862060547,0.9799191355705261,0.012931644916534424,0.012931644916534424,0.8,normalized_time_only,14,14,False,False
19,audio,38,43,0.76,0.86,normalized_video_time,0.881882905960083,-0.001520991325378418,0.001520991325378418,0.9896976947784424,0.003153085708618164,0.003153085708618164,0.4,normalized_time_only,16,19,False,False
19,audio,40,45,0.8,0.9,normalized_video_time,0.8803619146347046,0.0,0.0,0.9928507804870605,0.0,0.0,0.0,normalized_time_only,21,21,False,False
19,audio,42,47,0.84,0.94,normalized_video_time,0.8803619146347046,0.0,0.0,0.9928507804870605,0.0,0.0,0.0,normalized_time_only,22,22,False,False
19,audio,44,49,0.88,0.98,normalized_video_time,0.8803619146347046,0.0,0.0,0.9928507804870605,0.0,0.0,0.0,normalized_time_only,23,23,False,False
19,audio,45,50,0.9,1.0,normalized_video_time,0.8803619146347046,0.0,0.0,0.9928507804870605,0.0,0.0,0.0,normalized_time_only,24,24,False,False
19,vision,0,5,0.0,0.1,normalized_video_time,0.8829807639122009,-0.002618849277496338,0.002618849277496338,1.0152194499969482,-0.022368669509887695,0.022368669509887695,0.8,normalized_time_only,11,16,False,False
19,vision,2,7,0.04,0.14,normalized_video_time,0.8837999105453491,-0.0034379959106445312,0.0034379959106445312,1.0205178260803223,-0.02766704559326172,0.02766704559326172,1.0,normalized_time_only,9,8,False,False
19,vision,4,9,0.08,0.18,normalized_video_time,0.8838528990745544,-0.0034909844398498535,0.0034909844398498535,1.0206547975540161,-0.027804017066955566,0.027804017066955566,1.0,normalized_time_only,8,7,False,False
19,vision,6,11,0.12,0.22,normalized_video_time,0.8847631812095642,-0.004401266574859619,0.004401266574859619,1.0212790966033936,-0.028428316116333008,0.028428316116333008,1.0,normalized_time_only,3,3,True,True
19,vision,8,13,0.16,0.26,normalized_video_time,0.8849879503250122,-0.004626035690307617,0.004626035690307617,1.021214246749878,-0.028363466262817383,0.028363466262817383,1.0,normalized_time_only,2,4,True,False
19,vision,10,15,0.2,0.3,normalized_video_time,0.8854889869689941,-0.005127072334289551,0.005127072334289551,1.021549105644226,-0.028698325157165527,0.028698325157165527,1.0,normalized_time_only,1,2,True,True
19,vision,12,17,0.24,0.34,normalized_video_time,0.8847340941429138,-0.0043721795082092285,0.0043721795082092285,1.021177887916565,-0.028327107429504395,0.028327107429504395,1.0,normalized_time_only,4,5,False,False
19,vision,14,19,0.28,0.38,normalized_video_time,0.8835152387619019,-0.0031533241271972656,0.0031533241271972656,1.0204674005508423,-0.02761662006378174,0.02761662006378174,1.0,normalized_time_only,10,9,False,False
19,vision,16,21,0.32,0.42,normalized_video_time,0.8810326457023621,-0.0006707310676574707,0.0006707310676574707,1.0163873434066772,-0.0235365629196167,0.0235365629196167,1.0,normalized_time_only,19,15,False,False
19,vision,18,23,0.36,0.46,normalized_video_time,0.8780193328857422,0.0023425817489624023,0.0023425817489624023,1.0063906908035278,-0.013539910316467285,0.013539910316467285,1.0,normalized_time_only,12,19,False,False
19,vision,20,25,0.4,0.5,normalized_video_time,0.8763123750686646,0.004049539566040039,0.004049539566040039,1.0026273727416992,-0.009776592254638672,0.009776592254638672,1.0,normalized_time_only,6,20,False,False
19,vision,22,27,0.44,0.54,normalized_video_time,0.8785862326622009,0.0017756819725036621,0.0017756819725036621,1.0124844312667847,-0.01963365077972412,0.01963365077972412,1.0,normalized_time_only,15,17,False,False
19,vision,24,29,0.48,0.58,normalized_video_time,0.8810567259788513,-0.0006948113441467285,0.0006948113441467285,1.02101731300354,-0.028166532516479492,0.028166532516479492,1.0,normalized_time_only,18,6,False,False
19,vision,26,31,0.52,0.62,normalized_video_time,0.8809871673583984,-0.0006252527236938477,0.0006252527236938477,1.0183913707733154,-0.025540590286254883,0.025540590286254883,1.0,normalized_time_only,20,13,False,False
19,vision,28,33,0.56,0.66,normalized_video_time,0.8811121582984924,-0.0007502436637878418,0.0007502436637878418,1.0184671878814697,-0.02561640739440918,0.02561640739440918,1.0,normalized_time_only,17,12,False,False
19,vision,30,35,0.6,0.7,normalized_video_time,0.8812057971954346,-0.0008438825607299805,0.0008438825607299805,1.0173521041870117,-0.024501323699951172,0.024501323699951172,1.0,normalized_time_only,16,14,False,False
19,vision,32,37,0.64,0.74,normalized_video_time,0.8826166987419128,-0.002254784107208252,0.002254784107208252,1.019352674484253,-0.026501893997192383,0.026501893997192383,1.0,normalized_time_only,13,11,False,False
19,vision,34,39,0.68,0.78,normalized_video_time,0.8841204047203064,-0.0037584900856018066,0.0037584900856018066,1.0235236883163452,-0.030672907829284668,0.030672907829284668,1.0,normalized_time_only,7,1,False,True
19,vision,36,41,0.72,0.82,normalized_video_time,0.8844398856163025,-0.0040779709815979,0.0040779709815979,1.020445466041565,-0.027594685554504395,0.027594685554504395,0.8,normalized_time_only,5,10,False,False
19,vision,38,43,0.76,0.86,normalized_video_time,0.8824673891067505,-0.0021054744720458984,0.0021054744720458984,1.007279396057129,-0.01442861557006836,0.01442861557006836,0.4,normalized_time_only,14,18,False,False
19,vision,40,45,0.8,0.9,normalized_video_time,0.8803619146347046,0.0,0.0,0.9928507804870605,0.0,0.0,0.0,normalized_time_only,21,21,False,False
19,vision,42,47,0.84,0.94,normalized_video_time,0.8803619146347046,0.0,0.0,0.9928507804870605,0.0,0.0,0.0,normalized_time_only,22,22,False,False
19,vision,44,49,0.88,0.98,normalized_video_time,0.8803619146347046,0.0,0.0,0.9928507804870605,0.0,0.0,0.0,normalized_time_only,23,23,False,False
19,vision,45,50,0.9,1.0,normalized_video_time,0.8803619146347046,0.0,0.0,0.9928507804870605,0.0,0.0,0.0,normalized_time_only,24,24,False,False
20,text,0,5,0.0,0.1,token_bin,0.9255318641662598,0.0075511932373046875,0.0075511932373046875,0.8624594807624817,0.012637317180633545,0.012637317180633545,0.8,token_index_only,17,21,False,False
20,text,2,7,0.04,0.14,token_bin,0.9391337037086487,-0.0060506463050842285,0.0060506463050842285,0.9497319459915161,-0.07463514804840088,0.07463514804840088,1.0,token_index_only,20,13,False,False
20,text,4,9,0.08,0.18,token_bin,0.9491168856620789,-0.016033828258514404,0.016033828258514404,1.0206756591796875,-0.14557886123657227,0.14557886123657227,1.0,token_index_only,12,3,False,True
20,text,6,11,0.12,0.22,token_bin,0.9367472529411316,-0.0036641955375671387,0.0036641955375671387,0.9309548735618591,-0.055858075618743896,0.055858075618743896,1.0,token_index_only,22,16,False,False
20,text,8,13,0.16,0.26,token_bin,0.8945816159248352,0.03850144147872925,0.03850144147872925,0.7592899799346924,0.11580681800842285,0.11580681800842285,1.0,token_index_only,4,8,False,False
20,text,10,15,0.2,0.3,token_bin,0.854450523853302,0.07863253355026245,0.07863253355026245,0.6353164911270142,0.23978030681610107,0.23978030681610107,1.0,token_index_only,1,2,True,True
20,text,12,17,0.24,0.34,token_bin,0.9025651812553406,0.030517876148223877,0.030517876148223877,0.7555782794952393,0.11951851844787598,0.11951851844787598,1.0,token_index_only,8,6,False,False
20,text,14,19,0.28,0.38,token_bin,0.896582305431366,0.036500751972198486,0.036500751972198486,0.7360341548919678,0.13906264305114746,0.13906264305114746,1.0,token_index_only,5,4,False,False
20,text,16,21,0.32,0.42,token_bin,0.9009110331535339,0.03217202425003052,0.03217202425003052,0.7695189714431763,0.10557782649993896,0.10557782649993896,1.0,token_index_only,6,10,False,False
20,text,18,23,0.36,0.46,token_bin,0.9203667044639587,0.012716352939605713,0.012716352939605713,0.8403993844985962,0.03469741344451904,0.03469741344451904,1.0,token_index_only,14,17,False,False
20,text,20,25,0.4,0.5,token_bin,0.9242218136787415,0.008861243724822998,0.008861243724822998,0.8412445783615112,0.033852219581604004,0.033852219581604004,1.0,token_index_only,16,18,False,False
20,text,22,27,0.44,0.54,token_bin,0.9014108777046204,0.03167217969894409,0.03167217969894409,0.7685049176216125,0.10659188032150269,0.10659188032150269,1.0,token_index_only,7,9,False,False
20,text,24,29,0.48,0.58,token_bin,0.940148115158081,-0.0070650577545166016,0.0070650577545166016,0.9485182762145996,-0.07342147827148438,0.07342147827148438,1.0,token_index_only,18,14,False,False
20,text,26,31,0.52,0.62,token_bin,0.9460398554801941,-0.012956798076629639,0.012956798076629639,0.9514110088348389,-0.07631421089172363,0.07631421089172363,1.0,token_index_only,13,12,False,False
20,text,28,33,0.56,0.66,token_bin,0.9716050624847412,-0.03852200508117676,0.03852200508117676,1.1676417589187622,-0.292544960975647,0.292544960975647,1.0,token_index_only,3,1,True,True
20,text,30,35,0.6,0.7,token_bin,0.9548184275627136,-0.02173537015914917,0.02173537015914917,0.9999598860740662,-0.12486308813095093,0.12486308813095093,1.0,token_index_only,10,5,False,False
20,text,32,37,0.64,0.74,token_bin,0.9114930033683777,0.021590054035186768,0.021590054035186768,0.8105966448783875,0.06450015306472778,0.06450015306472778,1.0,token_index_only,11,15,False,False
20,text,34,39,0.68,0.78,token_bin,0.893096387386322,0.03998667001724243,0.03998667001724243,0.756127119064331,0.11896967887878418,0.11896967887878418,1.0,token_index_only,2,7,True,False
20,text,36,41,0.72,0.82,token_bin,0.9268801212310791,0.0062029361724853516,0.0062029361724853516,0.8703130483627319,0.004783749580383301,0.004783749580383301,1.0,token_index_only,19,22,False,False
20,text,38,43,0.76,0.86,token_bin,0.9108995795249939,0.022183477878570557,0.022183477878570557,0.7972080707550049,0.07788872718811035,0.07788872718811035,1.0,token_index_only,9,11,False,False
20,text,40,45,0.8,0.9,token_bin,0.9232779741287231,0.009805083274841309,0.009805083274841309,0.8449646234512329,0.030132174491882324,0.030132174491882324,0.8,token_index_only,15,19,False,False
20,text,42,47,0.84,0.94,token_bin,0.9283758401870728,0.004707217216491699,0.004707217216491699,0.8598015904426575,0.015295207500457764,0.015295207500457764,0.4,token_index_only,21,20,False,False
20,text,44,49,0.88,0.98,token_bin,0.9330830574035645,0.0,0.0,0.8750969767570496,-1.7881393432617188e-07,1.7881393432617188e-07,0.0,token_index_only,23,23,False,False
20,text,45,50,0.9,1.0,token_bin,0.9330830574035645,0.0,0.0,0.8750969767570496,-1.7881393432617188e-07,1.7881393432617188e-07,0.0,token_index_only,24,24,False,False
20,audio,0,5,0.0,0.1,normalized_video_time,0.9339459538459778,-0.0008628964424133301,0.0008628964424133301,0.8772168159484863,-0.0021200180053710938,0.0021200180053710938,0.8,normalized_time_only,16,21,False,False
20,audio,2,7,0.04,0.14,normalized_video_time,0.9348055720329285,-0.0017225146293640137,0.0017225146293640137,0.881798505783081,-0.00670170783996582,0.00670170783996582,1.0,normalized_time_only,11,18,False,False
20,audio,4,9,0.08,0.18,normalized_video_time,0.9344630241394043,-0.0013799667358398438,0.0013799667358398438,0.8827009201049805,-0.007604122161865234,0.007604122161865234,1.0,normalized_time_only,13,17,False,False
20,audio,6,11,0.12,0.22,normalized_video_time,0.9338892698287964,-0.0008062124252319336,0.0008062124252319336,0.885750412940979,-0.01065361499786377,0.01065361499786377,1.0,normalized_time_only,17,12,False,False
20,audio,8,13,0.16,0.26,normalized_video_time,0.933751106262207,-0.0006680488586425781,0.0006680488586425781,0.8859198093414307,-0.01082301139831543,0.01082301139831543,1.0,normalized_time_only,19,11,False,False
20,audio,10,15,0.2,0.3,normalized_video_time,0.9328174591064453,0.0002655982971191406,0.0002655982971191406,0.879135012626648,-0.004038214683532715,0.004038214683532715,1.0,normalized_time_only,21,20,False,False
20,audio,12,17,0.24,0.34,normalized_video_time,0.9331971406936646,-0.00011408329010009766,0.00011408329010009766,0.8851648569107056,-0.010068058967590332,0.010068058967590332,1.0,normalized_time_only,22,14,False,False
20,audio,14,19,0.28,0.38,normalized_video_time,0.9337586164474487,-0.0006755590438842773,0.0006755590438842773,0.8914693593978882,-0.01637256145477295,0.01637256145477295,1.0,normalized_time_only,18,5,False,False
20,audio,16,21,0.32,0.42,normalized_video_time,0.9340187311172485,-0.000935673713684082,0.000935673713684082,0.8907420635223389,-0.015645265579223633,0.015645265579223633,1.0,normalized_time_only,15,6,False,False
20,audio,18,23,0.36,0.46,normalized_video_time,0.9359555244445801,-0.002872467041015625,0.002872467041015625,0.8944828510284424,-0.01938605308532715,0.01938605308532715,1.0,normalized_time_only,1,1,True,True
20,audio,20,25,0.4,0.5,normalized_video_time,0.9351552128791809,-0.002072155475616455,0.002072155475616455,0.8893610239028931,-0.014264225959777832,0.014264225959777832,1.0,normalized_time_only,8,7,False,False
20,audio,22,27,0.44,0.54,normalized_video_time,0.9351955652236938,-0.0021125078201293945,0.0021125078201293945,0.8867416977882385,-0.011644899845123291,0.011644899845123291,1.0,normalized_time_only,6,9,False,False
20,audio,24,29,0.48,0.58,normalized_video_time,0.9358109831809998,-0.0027279257774353027,0.0027279257774353027,0.892472505569458,-0.017375707626342773,0.017375707626342773,1.0,normalized_time_only,2,2,True,True
20,audio,26,31,0.52,0.62,normalized_video_time,0.9353423118591309,-0.0022592544555664062,0.0022592544555664062,0.892315149307251,-0.017218351364135742,0.017218351364135742,1.0,normalized_time_only,4,3,False,True
20,audio,28,33,0.56,0.66,normalized_video_time,0.9352893233299255,-0.002206265926361084,0.002206265926361084,0.8922663331031799,-0.017169535160064697,0.017169535160064697,1.0,normalized_time_only,5,4,False,False
20,audio,30,35,0.6,0.7,normalized_video_time,0.9349519610404968,-0.001868903636932373,0.001868903636932373,0.8887780904769897,-0.013681292533874512,0.013681292533874512,1.0,normalized_time_only,9,8,False,False
20,audio,32,37,0.64,0.74,normalized_video_time,0.934783935546875,-0.0017008781433105469,0.0017008781433105469,0.8859864473342896,-0.010889649391174316,0.010889649391174316,1.0,normalized_time_only,12,10,False,False
20,audio,34,39,0.68,0.78,normalized_video_time,0.9349271059036255,-0.0018440485000610352,0.0018440485000610352,0.884514570236206,-0.00941777229309082,0.00941777229309082,1.0,normalized_time_only,10,15,False,False
20,audio,36,41,0.72,0.82,normalized_video_time,0.935168445110321,-0.002085387706756592,0.002085387706756592,0.8844140768051147,-0.009317278861999512,0.009317278861999512,1.0,normalized_time_only,7,16,False,False
20,audio,38,43,0.76,0.86,normalized_video_time,0.9353519082069397,-0.002268850803375244,0.002268850803375244,0.885211706161499,-0.010114908218383789,0.010114908218383789,1.0,normalized_time_only,3,13,True,False
20,audio,40,45,0.8,0.9,normalized_video_time,0.9343928694725037,-0.001309812068939209,0.001309812068939209,0.8808449506759644,-0.005748152732849121,0.005748152732849121,0.8,normalized_time_only,14,19,False,False
20,audio,42,47,0.84,0.94,normalized_video_time,0.9334492683410645,-0.0003662109375,0.0003662109375,0.8753842115402222,-0.0002874135971069336,0.0002874135971069336,0.4,normalized_time_only,20,22,False,False
20,audio,44,49,0.88,0.98,normalized_video_time,0.9330830574035645,0.0,0.0,0.8750969767570496,-1.7881393432617188e-07,1.7881393432617188e-07,0.0,normalized_time_only,23,23,False,False
20,audio,45,50,0.9,1.0,normalized_video_time,0.9330830574035645,0.0,0.0,0.8750969767570496,-1.7881393432617188e-07,1.7881393432617188e-07,0.0,normalized_time_only,24,24,False,False
20,vision,0,5,0.0,0.1,normalized_video_time,0.935919463634491,-0.0028364062309265137,0.0028364062309265137,0.8948809504508972,-0.019784152507781982,0.019784152507781982,0.8,normalized_time_only,17,16,False,False
20,vision,2,7,0.04,0.14,normalized_video_time,0.9338698983192444,-0.0007868409156799316,0.0007868409156799316,0.8838652968406677,-0.00876849889755249,0.00876849889755249,1.0,normalized_time_only,19,19,False,False
20,vision,4,9,0.08,0.18,normalized_video_time,0.9292129278182983,0.0038701295852661133,0.0038701295852661133,0.8600115180015564,0.015085279941558838,0.015085279941558838,1.0,normalized_time_only,15,17,False,False
20,vision,6,11,0.12,0.22,normalized_video_time,0.9238075017929077,0.009275555610656738,0.009275555610656738,0.8357968926429749,0.03929990530014038,0.03929990530014038,1.0,normalized_time_only,7,9,False,False
20,vision,8,13,0.16,0.26,normalized_video_time,0.9233366847038269,0.009746372699737549,0.009746372699737549,0.833617091178894,0.04147970676422119,0.04147970676422119,1.0,normalized_time_only,6,7,False,False
20,vision,10,15,0.2,0.3,normalized_video_time,0.9209659099578857,0.012117147445678711,0.012117147445678711,0.8224756121635437,0.05262118577957153,0.05262118577957153,1.0,normalized_time_only,5,5,False,False
20,vision,12,17,0.24,0.34,normalized_video_time,0.9181019067764282,0.01498115062713623,0.01498115062713623,0.8096702098846436,0.06542658805847168,0.06542658805847168,1.0,normalized_time_only,4,4,False,False
20,vision,14,19,0.28,0.38,normalized_video_time,0.9180708527565002,0.015012204647064209,0.015012204647064209,0.8093875646591187,0.06570923328399658,0.06570923328399658,1.0,normalized_time_only,3,3,True,True
20,vision,16,21,0.32,0.42,normalized_video_time,0.9160925149917603,0.0169905424118042,0.0169905424118042,0.8012564778327942,0.07384032011032104,0.07384032011032104,1.0,normalized_time_only,1,1,True,True
20,vision,18,23,0.36,0.46,normalized_video_time,0.9163380265235901,0.016745030879974365,0.016745030879974365,0.8027113676071167,0.07238543033599854,0.07238543033599854,1.0,normalized_time_only,2,2,True,True
20,vision,20,25,0.4,0.5,normalized_video_time,0.925599992275238,0.007483065128326416,0.007483065128326416,0.8420133590698242,0.033083438873291016,0.033083438873291016,1.0,normalized_time_only,8,11,False,False
20,vision,22,27,0.44,0.54,normalized_video_time,0.9332649111747742,-0.0001818537712097168,0.0001818537712097168,0.878900408744812,-0.0038036108016967773,0.0038036108016967773,1.0,normalized_time_only,21,20,False,False
20,vision,24,29,0.48,0.58,normalized_video_time,0.9375308752059937,-0.004447817802429199,0.004447817802429199,0.902969479560852,-0.027872681617736816,0.027872681617736816,1.0,normalized_time_only,14,14,False,False
20,vision,26,31,0.52,0.62,normalized_video_time,0.9395818114280701,-0.006498754024505615,0.006498754024505615,0.9161989688873291,-0.04110217094421387,0.04110217094421387,1.0,normalized_time_only,10,8,False,False
20,vision,28,33,0.56,0.66,normalized_video_time,0.9399181604385376,-0.0068351030349731445,0.0068351030349731445,0.9189203381538391,-0.04382354021072388,0.04382354021072388,1.0,normalized_time_only,9,6,False,False
20,vision,30,35,0.6,0.7,normalized_video_time,0.9391107559204102,-0.006027698516845703,0.006027698516845703,0.911568284034729,-0.03647148609161377,0.03647148609161377,1.0,normalized_time_only,11,10,False,False
20,vision,32,37,0.64,0.74,normalized_video_time,0.9384560585021973,-0.0053730010986328125,0.0053730010986328125,0.9074147343635559,-0.032317936420440674,0.032317936420440674,1.0,normalized_time_only,12,12,False,False
20,vision,34,39,0.68,0.78,normalized_video_time,0.9379575252532959,-0.004874467849731445,0.004874467849731445,0.9041376113891602,-0.029040813446044922,0.029040813446044922,1.0,normalized_time_only,13,13,False,False
20,vision,36,41,0.72,0.82,normalized_video_time,0.9366484880447388,-0.0035654306411743164,0.0035654306411743164,0.8958343267440796,-0.020737528800964355,0.020737528800964355,1.0,normalized_time_only,16,15,False,False
20,vision,38,43,0.76,0.86,normalized_video_time,0.9350886940956116,-0.002005636692047119,0.002005636692047119,0.8861954212188721,-0.011098623275756836,0.011098623275756836,1.0,normalized_time_only,18,18,False,False
20,vision,40,45,0.8,0.9,normalized_video_time,0.9337038397789001,-0.0006207823753356934,0.0006207823753356934,0.8778678178787231,-0.00277101993560791,0.00277101993560791,0.8,normalized_time_only,20,21,False,False
20,vision,42,47,0.84,0.94,normalized_video_time,0.9332294464111328,-0.00014638900756835938,0.00014638900756835938,0.8750063180923462,9.047985076904297e-05,9.047985076904297e-05,0.4,normalized_time_only,22,22,False,False
20,vision,44,49,0.88,0.98,normalized_video_time,0.9330830574035645,0.0,0.0,0.8750969767570496,-1.7881393432617188e-07,1.7881393432617188e-07,0.0,normalized_time_only,23,23,False,False
20,vision,45,50,0.9,1.0,normalized_video_time,0.9330830574035645,0.0,0.0,0.8750969767570496,-1.7881393432617188e-07,1.7881393432617188e-07,0.0,normalized_time_only,24,24,False,False
