sample_id,modality,bin_index,bin_start_sec,bin_end_sec,source_count,valid,aggregation,alignment_method,quality_status,source_time_min,source_time_max
-3g5yACwYnA_13,vision,0,0.0,0.11019999999999999,2,1,mean_valid_faces,equal_duration_50_bins,PASS,,
-3g5yACwYnA_13,vision,1,0.11019999999999999,0.22039999999999998,1,1,mean_valid_faces,equal_duration_50_bins,PASS,,
-3g5yACwYnA_13,vision,2,0.22039999999999998,0.3306,1,1,mean_valid_faces,equal_duration_50_bins,PASS,,
-3g5yACwYnA_13,vision,3,0.3306,0.44079999999999997,1,1,mean_valid_faces,equal_duration_50_bins,PASS,,
-3g5yACwYnA_13,vision,4,0.44079999999999997,0.5509999999999999,1,1,mean_valid_faces,equal_duration_50_bins,PASS,,
-3g5yACwYnA_13,vision,5,0.5509999999999999,0.6612,1,1,mean_valid_faces,equal_duration_50_bins,PASS,,
-3g5yACwYnA_13,vision,6,0.6612,0.7714,1,1,mean_valid_faces,equal_duration_50_bins,PASS,,
-3g5yACwYnA_13,vision,7,0.7714,0.8815999999999999,1,1,mean_valid_faces,equal_duration_50_bins,PASS,,
-3g5yACwYnA_13,vision,8,0.8815999999999999,0.9917999999999999,1,1,mean_valid_faces,equal_duration_50_bins,PASS,,
-3g5yACwYnA_13,vision,9,0.9917999999999999,1.1019999999999999,2,1,mean_valid_faces,equal_duration_50_bins,PASS,,
-3g5yACwYnA_13,vision,10,1.1019999999999999,1.2122,1,1,mean_valid_faces,equal_duration_50_bins,PASS,,
-3g5yACwYnA_13,vision,11,1.2122,1.3224,1,1,mean_valid_faces,equal_duration_50_bins,PASS,,
-3g5yACwYnA_13,vision,12,1.3224,1.4325999999999999,1,1,mean_valid_faces,equal_duration_50_bins,PASS,,
-3g5yACwYnA_13,vision,13,1.4325999999999999,1.5428,1,1,mean_valid_faces,equal_duration_50_bins,PASS,,
-3g5yACwYnA_13,vision,14,1.5428,1.6529999999999998,1,1,mean_valid_faces,equal_duration_50_bins,PASS,,
-3g5yACwYnA_13,vision,15,1.6529999999999998,1.7631999999999999,1,1,mean_valid_faces,equal_duration_50_bins,PASS,,
-3g5yACwYnA_13,vision,16,1.7631999999999999,1.8734,1,1,mean_valid_faces,equal_duration_50_bins,PASS,,
-3g5yACwYnA_13,vision,17,1.8734,1.9835999999999998,1,1,mean_valid_faces,equal_duration_50_bins,PASS,,
-3g5yACwYnA_13,vision,18,1.9835999999999998,2.0938,1,1,mean_valid_faces,equal_duration_50_bins,PASS,,
-3g5yACwYnA_13,vision,19,2.0938,2.2039999999999997,2,1,mean_valid_faces,equal_duration_50_bins,PASS,,
-3g5yACwYnA_13,vision,20,2.2039999999999997,2.3142,1,1,mean_valid_faces,equal_duration_50_bins,PASS,,
-3g5yACwYnA_13,vision,21,2.3142,2.4244,1,1,mean_valid_faces,equal_duration_50_bins,PASS,,
-3g5yACwYnA_13,vision,22,2.4244,2.5345999999999997,1,1,mean_valid_faces,equal_duration_50_bins,PASS,,
-3g5yACwYnA_13,vision,23,2.5345999999999997,2.6448,1,1,mean_valid_faces,equal_duration_50_bins,PASS,,
-3g5yACwYnA_13,vision,24,2.6448,2.755,1,1,mean_valid_faces,equal_duration_50_bins,PASS,,
-3g5yACwYnA_13,vision,25,2.755,2.8651999999999997,1,1,mean_valid_faces,equal_duration_50_bins,PASS,,
-3g5yACwYnA_13,vision,26,2.8651999999999997,2.9753999999999996,1,1,mean_valid_faces,equal_duration_50_bins,PASS,,
-3g5yACwYnA_13,vision,27,2.9753999999999996,3.0856,1,1,mean_valid_faces,equal_duration_50_bins,PASS,,
-3g5yACwYnA_13,vision,28,3.0856,3.1957999999999998,1,1,mean_valid_faces,equal_duration_50_bins,PASS,,
-3g5yACwYnA_13,vision,29,3.1957999999999998,3.3059999999999996,2,1,mean_valid_faces,equal_duration_50_bins,PASS,,
-3g5yACwYnA_13,vision,30,3.3059999999999996,3.4162,1,1,mean_valid_faces,equal_duration_50_bins,PASS,,
-3g5yACwYnA_13,vision,31,3.4162,3.5263999999999998,1,1,mean_valid_faces,equal_duration_50_bins,PASS,,
-3g5yACwYnA_13,vision,32,3.5263999999999998,3.6365999999999996,1,1,mean_valid_faces,equal_duration_50_bins,PASS,,
-3g5yACwYnA_13,vision,33,3.6365999999999996,3.7468,1,1,mean_valid_faces,equal_duration_50_bins,PASS,,
-3g5yACwYnA_13,vision,34,3.7468,3.8569999999999998,1,1,mean_valid_faces,equal_duration_50_bins,PASS,,
-3g5yACwYnA_13,vision,35,3.8569999999999998,3.9671999999999996,1,1,mean_valid_faces,equal_duration_50_bins,PASS,,
-3g5yACwYnA_13,vision,36,3.9671999999999996,4.0774,1,1,mean_valid_faces,equal_duration_50_bins,PASS,,
-3g5yACwYnA_13,vision,37,4.0774,4.1876,1,1,mean_valid_faces,equal_duration_50_bins,PASS,,
-3g5yACwYnA_13,vision,38,4.1876,4.2978,1,1,mean_valid_faces,equal_duration_50_bins,PASS,,
-3g5yACwYnA_13,vision,39,4.2978,4.4079999999999995,2,1,mean_valid_faces,equal_duration_50_bins,PASS,,
-3g5yACwYnA_13,vision,40,4.4079999999999995,4.5182,1,1,mean_valid_faces,equal_duration_50_bins,PASS,,
-3g5yACwYnA_13,vision,41,4.5182,4.6284,1,1,mean_valid_faces,equal_duration_50_bins,PASS,,
-3g5yACwYnA_13,vision,42,4.6284,4.7386,1,1,mean_valid_faces,equal_duration_50_bins,PASS,,
-3g5yACwYnA_13,vision,43,4.7386,4.8488,1,1,mean_valid_faces,equal_duration_50_bins,PASS,,
-3g5yACwYnA_13,vision,44,4.8488,4.959,1,1,mean_valid_faces,equal_duration_50_bins,PASS,,
-3g5yACwYnA_13,vision,45,4.959,5.0691999999999995,1,1,mean_valid_faces,equal_duration_50_bins,PASS,,
-3g5yACwYnA_13,vision,46,5.0691999999999995,5.179399999999999,1,1,mean_valid_faces,equal_duration_50_bins,PASS,,
-3g5yACwYnA_13,vision,47,5.179399999999999,5.2896,1,1,mean_valid_faces,equal_duration_50_bins,PASS,,
-3g5yACwYnA_13,vision,48,5.2896,5.3998,1,1,mean_valid_faces,equal_duration_50_bins,PASS,,
-3g5yACwYnA_13,vision,49,5.3998,5.51,1,1,mean_valid_faces,equal_duration_50_bins,PASS,,
-3g5yACwYnA_3,vision,0,0.0,0.2878,3,1,mean_valid_faces,equal_duration_50_bins,PASS,,
-3g5yACwYnA_3,vision,1,0.2878,0.5756,3,1,mean_valid_faces,equal_duration_50_bins,PASS,,
-3g5yACwYnA_3,vision,2,0.5756,0.8634000000000001,3,1,mean_valid_faces,equal_duration_50_bins,PASS,,
-3g5yACwYnA_3,vision,3,0.8634000000000001,1.1512,3,1,mean_valid_faces,equal_duration_50_bins,PASS,,
-3g5yACwYnA_3,vision,4,1.1512,1.439,3,1,mean_valid_faces,equal_duration_50_bins,PASS,,
-3g5yACwYnA_3,vision,5,1.439,1.7268000000000001,3,1,mean_valid_faces,equal_duration_50_bins,PASS,,
-3g5yACwYnA_3,vision,6,1.7268000000000001,2.0146,3,1,mean_valid_faces,equal_duration_50_bins,PASS,,
-3g5yACwYnA_3,vision,7,2.0146,2.3024,3,1,mean_valid_faces,equal_duration_50_bins,PASS,,
-3g5yACwYnA_3,vision,8,2.3024,2.5902,2,1,mean_valid_faces,equal_duration_50_bins,PASS,,
-3g5yACwYnA_3,vision,9,2.5902,2.878,3,1,mean_valid_faces,equal_duration_50_bins,PASS,,
-3g5yACwYnA_3,vision,10,2.878,3.1658000000000004,3,1,mean_valid_faces,equal_duration_50_bins,PASS,,
-3g5yACwYnA_3,vision,11,3.1658000000000004,3.4536000000000002,3,1,mean_valid_faces,equal_duration_50_bins,PASS,,
-3g5yACwYnA_3,vision,12,3.4536000000000002,3.7414,3,1,mean_valid_faces,equal_duration_50_bins,PASS,,
-3g5yACwYnA_3,vision,13,3.7414,4.0292,3,1,mean_valid_faces,equal_duration_50_bins,PASS,,
-3g5yACwYnA_3,vision,14,4.0292,4.317,3,1,mean_valid_faces,equal_duration_50_bins,PASS,,
-3g5yACwYnA_3,vision,15,4.317,4.6048,3,1,mean_valid_faces,equal_duration_50_bins,PASS,,
-3g5yACwYnA_3,vision,16,4.6048,4.8926,2,1,mean_valid_faces,equal_duration_50_bins,PASS,,
-3g5yACwYnA_3,vision,17,4.8926,5.1804,3,1,mean_valid_faces,equal_duration_50_bins,PASS,,
-3g5yACwYnA_3,vision,18,5.1804,5.4682,3,1,mean_valid_faces,equal_duration_50_bins,PASS,,
-3g5yACwYnA_3,vision,19,5.4682,5.756,3,1,mean_valid_faces,equal_duration_50_bins,PASS,,
-3g5yACwYnA_3,vision,20,5.756,6.0438,3,1,mean_valid_faces,equal_duration_50_bins,PASS,,
-3g5yACwYnA_3,vision,21,6.0438,6.331600000000001,3,1,mean_valid_faces,equal_duration_50_bins,PASS,,
-3g5yACwYnA_3,vision,22,6.331600000000001,6.619400000000001,3,1,mean_valid_faces,equal_duration_50_bins,PASS,,
-3g5yACwYnA_3,vision,23,6.619400000000001,6.9072000000000005,3,1,mean_valid_faces,equal_duration_50_bins,PASS,,
-3g5yACwYnA_3,vision,24,6.9072000000000005,7.195,2,1,mean_valid_faces,equal_duration_50_bins,PASS,,
-3g5yACwYnA_3,vision,25,7.195,7.4828,3,1,mean_valid_faces,equal_duration_50_bins,PASS,,
-3g5yACwYnA_3,vision,26,7.4828,7.770600000000001,3,1,mean_valid_faces,equal_duration_50_bins,PASS,,
-3g5yACwYnA_3,vision,27,7.770600000000001,8.0584,3,1,mean_valid_faces,equal_duration_50_bins,PASS,,
-3g5yACwYnA_3,vision,28,8.0584,8.3462,3,1,mean_valid_faces,equal_duration_50_bins,PASS,,
-3g5yACwYnA_3,vision,29,8.3462,8.634,3,1,mean_valid_faces,equal_duration_50_bins,PASS,,
-3g5yACwYnA_3,vision,30,8.634,8.921800000000001,3,1,mean_valid_faces,equal_duration_50_bins,PASS,,
-3g5yACwYnA_3,vision,31,8.921800000000001,9.2096,3,1,mean_valid_faces,equal_duration_50_bins,PASS,,
-3g5yACwYnA_3,vision,32,9.2096,9.4974,2,1,mean_valid_faces,equal_duration_50_bins,PASS,,
-3g5yACwYnA_3,vision,33,9.4974,9.7852,3,1,mean_valid_faces,equal_duration_50_bins,PASS,,
-3g5yACwYnA_3,vision,34,9.7852,10.073,3,1,mean_valid_faces,equal_duration_50_bins,PASS,,
-3g5yACwYnA_3,vision,35,10.073,10.3608,3,1,mean_valid_faces,equal_duration_50_bins,PASS,,
-3g5yACwYnA_3,vision,36,10.3608,10.648600000000002,3,1,mean_valid_faces,equal_duration_50_bins,PASS,,
-3g5yACwYnA_3,vision,37,10.648600000000002,10.9364,3,1,mean_valid_faces,equal_duration_50_bins,PASS,,
-3g5yACwYnA_3,vision,38,10.9364,11.224200000000002,3,1,mean_valid_faces,equal_duration_50_bins,PASS,,
-3g5yACwYnA_3,vision,39,11.224200000000002,11.512,3,1,mean_valid_faces,equal_duration_50_bins,PASS,,
-3g5yACwYnA_3,vision,40,11.512,11.7998,2,1,mean_valid_faces,equal_duration_50_bins,PASS,,
-3g5yACwYnA_3,vision,41,11.7998,12.0876,3,1,mean_valid_faces,equal_duration_50_bins,PASS,,
-3g5yACwYnA_3,vision,42,12.0876,12.375399999999999,3,1,mean_valid_faces,equal_duration_50_bins,PASS,,
-3g5yACwYnA_3,vision,43,12.375399999999999,12.663200000000002,3,1,mean_valid_faces,equal_duration_50_bins,PASS,,
-3g5yACwYnA_3,vision,44,12.663200000000002,12.951,3,1,mean_valid_faces,equal_duration_50_bins,PASS,,
-3g5yACwYnA_3,vision,45,12.951,13.238800000000001,3,1,mean_valid_faces,equal_duration_50_bins,PASS,,
-3g5yACwYnA_3,vision,46,13.238800000000001,13.5266,3,1,mean_valid_faces,equal_duration_50_bins,PASS,,
-3g5yACwYnA_3,vision,47,13.5266,13.814400000000001,3,1,mean_valid_faces,equal_duration_50_bins,PASS,,
-3g5yACwYnA_3,vision,48,13.814400000000001,14.1022,3,1,mean_valid_faces,equal_duration_50_bins,PASS,,
-3g5yACwYnA_3,vision,49,14.1022,14.39,2,1,mean_valid_faces,equal_duration_50_bins,PASS,,
-3g5yACwYnA_2,vision,0,0.0,0.18780000000000002,2,1,mean_valid_faces,equal_duration_50_bins,PASS,,
-3g5yACwYnA_2,vision,1,0.18780000000000002,0.37560000000000004,2,1,mean_valid_faces,equal_duration_50_bins,PASS,,
-3g5yACwYnA_2,vision,2,0.37560000000000004,0.5634,2,1,mean_valid_faces,equal_duration_50_bins,PASS,,
-3g5yACwYnA_2,vision,3,0.5634,0.7512000000000001,2,1,mean_valid_faces,equal_duration_50_bins,PASS,,
-3g5yACwYnA_2,vision,4,0.7512000000000001,0.9390000000000001,2,1,mean_valid_faces,equal_duration_50_bins,PASS,,
-3g5yACwYnA_2,vision,5,0.9390000000000001,1.1268,2,1,mean_valid_faces,equal_duration_50_bins,PASS,,
-3g5yACwYnA_2,vision,6,1.1268,1.3146,2,1,mean_valid_faces,equal_duration_50_bins,PASS,,
-3g5yACwYnA_2,vision,7,1.3146,1.5024000000000002,2,1,mean_valid_faces,equal_duration_50_bins,PASS,,
-3g5yACwYnA_2,vision,8,1.5024000000000002,1.6902000000000001,1,1,mean_valid_faces,equal_duration_50_bins,PASS,,
-3g5yACwYnA_2,vision,9,1.6902000000000001,1.8780000000000001,2,1,mean_valid_faces,equal_duration_50_bins,PASS,,
-3g5yACwYnA_2,vision,10,1.8780000000000001,2.0658000000000003,2,1,mean_valid_faces,equal_duration_50_bins,PASS,,
-3g5yACwYnA_2,vision,11,2.0658000000000003,2.2536,2,1,mean_valid_faces,equal_duration_50_bins,PASS,,
-3g5yACwYnA_2,vision,12,2.2536,2.4414000000000002,2,1,mean_valid_faces,equal_duration_50_bins,PASS,,
-3g5yACwYnA_2,vision,13,2.4414000000000002,2.6292,2,1,mean_valid_faces,equal_duration_50_bins,PASS,,
-3g5yACwYnA_2,vision,14,2.6292,2.8170000000000006,2,1,mean_valid_faces,equal_duration_50_bins,PASS,,
-3g5yACwYnA_2,vision,15,2.8170000000000006,3.0048000000000004,2,1,mean_valid_faces,equal_duration_50_bins,PASS,,
-3g5yACwYnA_2,vision,16,3.0048000000000004,3.1926,1,1,mean_valid_faces,equal_duration_50_bins,PASS,,
-3g5yACwYnA_2,vision,17,3.1926,3.3804000000000003,2,1,mean_valid_faces,equal_duration_50_bins,PASS,,
-3g5yACwYnA_2,vision,18,3.3804000000000003,3.5682000000000005,2,1,mean_valid_faces,equal_duration_50_bins,PASS,,
-3g5yACwYnA_2,vision,19,3.5682000000000005,3.7560000000000002,2,1,mean_valid_faces,equal_duration_50_bins,PASS,,
-3g5yACwYnA_2,vision,20,3.7560000000000002,3.9438,2,1,mean_valid_faces,equal_duration_50_bins,PASS,,
-3g5yACwYnA_2,vision,21,3.9438,4.131600000000001,2,1,mean_valid_faces,equal_duration_50_bins,PASS,,
-3g5yACwYnA_2,vision,22,4.131600000000001,4.319400000000001,2,1,mean_valid_faces,equal_duration_50_bins,PASS,,
-3g5yACwYnA_2,vision,23,4.319400000000001,4.5072,2,1,mean_valid_faces,equal_duration_50_bins,PASS,,
-3g5yACwYnA_2,vision,24,4.5072,4.695,1,1,mean_valid_faces,equal_duration_50_bins,PASS,,
-3g5yACwYnA_2,vision,25,4.695,4.8828000000000005,2,1,mean_valid_faces,equal_duration_50_bins,PASS,,
-3g5yACwYnA_2,vision,26,4.8828000000000005,5.070600000000001,2,1,mean_valid_faces,equal_duration_50_bins,PASS,,
-3g5yACwYnA_2,vision,27,5.070600000000001,5.2584,2,1,mean_valid_faces,equal_duration_50_bins,PASS,,
-3g5yACwYnA_2,vision,28,5.2584,5.4462,2,1,mean_valid_faces,equal_duration_50_bins,PASS,,
-3g5yACwYnA_2,vision,29,5.4462,5.634000000000001,2,1,mean_valid_faces,equal_duration_50_bins,PASS,,
-3g5yACwYnA_2,vision,30,5.634000000000001,5.8218000000000005,2,1,mean_valid_faces,equal_duration_50_bins,PASS,,
-3g5yACwYnA_2,vision,31,5.8218000000000005,6.009600000000001,2,1,mean_valid_faces,equal_duration_50_bins,PASS,,
-3g5yACwYnA_2,vision,32,6.009600000000001,6.1974,1,1,mean_valid_faces,equal_duration_50_bins,PASS,,
-3g5yACwYnA_2,vision,33,6.1974,6.3852,2,1,mean_valid_faces,equal_duration_50_bins,PASS,,
-3g5yACwYnA_2,vision,34,6.3852,6.573,2,1,mean_valid_faces,equal_duration_50_bins,PASS,,
-3g5yACwYnA_2,vision,35,6.573,6.760800000000001,2,1,mean_valid_faces,equal_duration_50_bins,PASS,,
-3g5yACwYnA_2,vision,36,6.760800000000001,6.9486,2,1,mean_valid_faces,equal_duration_50_bins,PASS,,
-3g5yACwYnA_2,vision,37,6.9486,7.136400000000001,2,1,mean_valid_faces,equal_duration_50_bins,PASS,,
-3g5yACwYnA_2,vision,38,7.136400000000001,7.324200000000001,2,1,mean_valid_faces,equal_duration_50_bins,PASS,,
-3g5yACwYnA_2,vision,39,7.324200000000001,7.5120000000000005,2,1,mean_valid_faces,equal_duration_50_bins,PASS,,
-3g5yACwYnA_2,vision,40,7.5120000000000005,7.6998,1,1,mean_valid_faces,equal_duration_50_bins,PASS,,
-3g5yACwYnA_2,vision,41,7.6998,7.8876,2,1,mean_valid_faces,equal_duration_50_bins,PASS,,
-3g5yACwYnA_2,vision,42,7.8876,8.0754,2,1,mean_valid_faces,equal_duration_50_bins,PASS,,
-3g5yACwYnA_2,vision,43,8.0754,8.263200000000001,2,1,mean_valid_faces,equal_duration_50_bins,PASS,,
-3g5yACwYnA_2,vision,44,8.263200000000001,8.451,2,1,mean_valid_faces,equal_duration_50_bins,PASS,,
-3g5yACwYnA_2,vision,45,8.451,8.638800000000002,2,1,mean_valid_faces,equal_duration_50_bins,PASS,,
-3g5yACwYnA_2,vision,46,8.638800000000002,8.826600000000001,2,1,mean_valid_faces,equal_duration_50_bins,PASS,,
-3g5yACwYnA_2,vision,47,8.826600000000001,9.0144,2,1,mean_valid_faces,equal_duration_50_bins,PASS,,
-3g5yACwYnA_2,vision,48,9.0144,9.2022,2,1,mean_valid_faces,equal_duration_50_bins,PASS,,
-3g5yACwYnA_2,vision,49,9.2022,9.39,1,1,mean_valid_faces,equal_duration_50_bins,PASS,,
-3g5yACwYnA_9,vision,0,0.0,0.1764,2,1,mean_valid_faces,equal_duration_50_bins,PASS,,
-3g5yACwYnA_9,vision,1,0.1764,0.3528,2,1,mean_valid_faces,equal_duration_50_bins,PASS,,
-3g5yACwYnA_9,vision,2,0.3528,0.5292,2,1,mean_valid_faces,equal_duration_50_bins,PASS,,
-3g5yACwYnA_9,vision,3,0.5292,0.7056,2,1,mean_valid_faces,equal_duration_50_bins,PASS,,
-3g5yACwYnA_9,vision,4,0.7056,0.882,1,1,mean_valid_faces,equal_duration_50_bins,PASS,,
-3g5yACwYnA_9,vision,5,0.882,1.0584,2,1,mean_valid_faces,equal_duration_50_bins,PASS,,
-3g5yACwYnA_9,vision,6,1.0584,1.2348000000000001,2,1,mean_valid_faces,equal_duration_50_bins,PASS,,
-3g5yACwYnA_9,vision,7,1.2348000000000001,1.4112,2,1,mean_valid_faces,equal_duration_50_bins,PASS,,
-3g5yACwYnA_9,vision,8,1.4112,1.5876,1,1,mean_valid_faces,equal_duration_50_bins,PASS,,
-3g5yACwYnA_9,vision,9,1.5876,1.764,2,1,mean_valid_faces,equal_duration_50_bins,PASS,,
-3g5yACwYnA_9,vision,10,1.764,1.9404000000000001,2,1,mean_valid_faces,equal_duration_50_bins,PASS,,
-3g5yACwYnA_9,vision,11,1.9404000000000001,2.1168,2,1,mean_valid_faces,equal_duration_50_bins,PASS,,
-3g5yACwYnA_9,vision,12,2.1168,2.2932,1,1,mean_valid_faces,equal_duration_50_bins,PASS,,
-3g5yACwYnA_9,vision,13,2.2932,2.4696000000000002,2,1,mean_valid_faces,equal_duration_50_bins,PASS,,
-3g5yACwYnA_9,vision,14,2.4696000000000002,2.6460000000000004,2,1,mean_valid_faces,equal_duration_50_bins,PASS,,
-3g5yACwYnA_9,vision,15,2.6460000000000004,2.8224,2,1,mean_valid_faces,equal_duration_50_bins,PASS,,
-3g5yACwYnA_9,vision,16,2.8224,2.9988,1,1,mean_valid_faces,equal_duration_50_bins,PASS,,
-3g5yACwYnA_9,vision,17,2.9988,3.1752,2,1,mean_valid_faces,equal_duration_50_bins,PASS,,
-3g5yACwYnA_9,vision,18,3.1752,3.3516000000000004,2,1,mean_valid_faces,equal_duration_50_bins,PASS,,
-3g5yACwYnA_9,vision,19,3.3516000000000004,3.528,2,1,mean_valid_faces,equal_duration_50_bins,PASS,,
-3g5yACwYnA_9,vision,20,3.528,3.7044,2,1,mean_valid_faces,equal_duration_50_bins,PASS,,
-3g5yACwYnA_9,vision,21,3.7044,3.8808000000000002,1,1,mean_valid_faces,equal_duration_50_bins,PASS,,
-3g5yACwYnA_9,vision,22,3.8808000000000002,4.0572,2,1,mean_valid_faces,equal_duration_50_bins,PASS,,
-3g5yACwYnA_9,vision,23,4.0572,4.2336,2,1,mean_valid_faces,equal_duration_50_bins,PASS,,
-3g5yACwYnA_9,vision,24,4.2336,4.41,2,1,mean_valid_faces,equal_duration_50_bins,PASS,,
-3g5yACwYnA_9,vision,25,4.41,4.5864,1,1,mean_valid_faces,equal_duration_50_bins,PASS,,
-3g5yACwYnA_9,vision,26,4.5864,4.7628,2,1,mean_valid_faces,equal_duration_50_bins,PASS,,
-3g5yACwYnA_9,vision,27,4.7628,4.9392000000000005,2,1,mean_valid_faces,equal_duration_50_bins,PASS,,
-3g5yACwYnA_9,vision,28,4.9392000000000005,5.1156,2,1,mean_valid_faces,equal_duration_50_bins,PASS,,
-3g5yACwYnA_9,vision,29,5.1156,5.292000000000001,1,1,mean_valid_faces,equal_duration_50_bins,PASS,,
-3g5yACwYnA_9,vision,30,5.292000000000001,5.4684,2,1,mean_valid_faces,equal_duration_50_bins,PASS,,
-3g5yACwYnA_9,vision,31,5.4684,5.6448,2,1,mean_valid_faces,equal_duration_50_bins,PASS,,
-3g5yACwYnA_9,vision,32,5.6448,5.8212,2,1,mean_valid_faces,equal_duration_50_bins,PASS,,
-3g5yACwYnA_9,vision,33,5.8212,5.9976,1,1,mean_valid_faces,equal_duration_50_bins,PASS,,
-3g5yACwYnA_9,vision,34,5.9976,6.1739999999999995,2,1,mean_valid_faces,equal_duration_50_bins,PASS,,
-3g5yACwYnA_9,vision,35,6.1739999999999995,6.3504,2,1,mean_valid_faces,equal_duration_50_bins,PASS,,
-3g5yACwYnA_9,vision,36,6.3504,6.526800000000001,2,1,mean_valid_faces,equal_duration_50_bins,PASS,,
-3g5yACwYnA_9,vision,37,6.526800000000001,6.703200000000001,2,1,mean_valid_faces,equal_duration_50_bins,PASS,,
-3g5yACwYnA_9,vision,38,6.703200000000001,6.8796,1,1,mean_valid_faces,equal_duration_50_bins,PASS,,
-3g5yACwYnA_9,vision,39,6.8796,7.056,2,1,mean_valid_faces,equal_duration_50_bins,PASS,,
-3g5yACwYnA_9,vision,40,7.056,7.2324,2,1,mean_valid_faces,equal_duration_50_bins,PASS,,
-3g5yACwYnA_9,vision,41,7.2324,7.4088,2,1,mean_valid_faces,equal_duration_50_bins,PASS,,
-3g5yACwYnA_9,vision,42,7.4088,7.5851999999999995,1,1,mean_valid_faces,equal_duration_50_bins,PASS,,
-3g5yACwYnA_9,vision,43,7.5851999999999995,7.7616000000000005,2,1,mean_valid_faces,equal_duration_50_bins,PASS,,
-3g5yACwYnA_9,vision,44,7.7616000000000005,7.938000000000001,2,1,mean_valid_faces,equal_duration_50_bins,PASS,,
-3g5yACwYnA_9,vision,45,7.938000000000001,8.1144,2,1,mean_valid_faces,equal_duration_50_bins,PASS,,
-3g5yACwYnA_9,vision,46,8.1144,8.2908,1,1,mean_valid_faces,equal_duration_50_bins,PASS,,
-3g5yACwYnA_9,vision,47,8.2908,8.4672,2,1,mean_valid_faces,equal_duration_50_bins,PASS,,
-3g5yACwYnA_9,vision,48,8.4672,8.6436,2,1,mean_valid_faces,equal_duration_50_bins,PASS,,
-3g5yACwYnA_9,vision,49,8.6436,8.82,1,1,mean_valid_faces,equal_duration_50_bins,PASS,,
-3nNcZdcdvU_5,vision,0,0.0,0.1574,2,1,mean_valid_faces,equal_duration_50_bins,PASS,,
-3nNcZdcdvU_5,vision,1,0.1574,0.3148,2,1,mean_valid_faces,equal_duration_50_bins,PASS,,
-3nNcZdcdvU_5,vision,2,0.3148,0.4722,1,1,mean_valid_faces,equal_duration_50_bins,PASS,,
-3nNcZdcdvU_5,vision,3,0.4722,0.6296,2,1,mean_valid_faces,equal_duration_50_bins,PASS,,
-3nNcZdcdvU_5,vision,4,0.6296,0.787,1,1,mean_valid_faces,equal_duration_50_bins,PASS,,
-3nNcZdcdvU_5,vision,5,0.787,0.9444,2,1,mean_valid_faces,equal_duration_50_bins,PASS,,
-3nNcZdcdvU_5,vision,6,0.9444,1.1018000000000001,2,1,mean_valid_faces,equal_duration_50_bins,PASS,,
-3nNcZdcdvU_5,vision,7,1.1018000000000001,1.2592,1,1,mean_valid_faces,equal_duration_50_bins,PASS,,
-3nNcZdcdvU_5,vision,8,1.2592,1.4165999999999999,2,1,mean_valid_faces,equal_duration_50_bins,PASS,,
-3nNcZdcdvU_5,vision,9,1.4165999999999999,1.574,1,1,mean_valid_faces,equal_duration_50_bins,PASS,,
-3nNcZdcdvU_5,vision,10,1.574,1.7314,2,1,mean_valid_faces,equal_duration_50_bins,PASS,,
-3nNcZdcdvU_5,vision,11,1.7314,1.8888,1,1,mean_valid_faces,equal_duration_50_bins,PASS,,
-3nNcZdcdvU_5,vision,12,1.8888,2.0462000000000002,2,1,mean_valid_faces,equal_duration_50_bins,PASS,,
-3nNcZdcdvU_5,vision,13,2.0462000000000002,2.2036000000000002,2,1,mean_valid_faces,equal_duration_50_bins,PASS,,
-3nNcZdcdvU_5,vision,14,2.2036000000000002,2.3609999999999998,1,1,mean_valid_faces,equal_duration_50_bins,PASS,,
-3nNcZdcdvU_5,vision,15,2.3609999999999998,2.5184,2,1,mean_valid_faces,equal_duration_50_bins,PASS,,
-3nNcZdcdvU_5,vision,16,2.5184,2.6757999999999997,1,1,mean_valid_faces,equal_duration_50_bins,PASS,,
-3nNcZdcdvU_5,vision,17,2.6757999999999997,2.8331999999999997,2,1,mean_valid_faces,equal_duration_50_bins,PASS,,
-3nNcZdcdvU_5,vision,18,2.8331999999999997,2.9906,1,1,mean_valid_faces,equal_duration_50_bins,PASS,,
-3nNcZdcdvU_5,vision,19,2.9906,3.148,2,1,mean_valid_faces,equal_duration_50_bins,PASS,,
-3nNcZdcdvU_5,vision,20,3.148,3.3054,2,1,mean_valid_faces,equal_duration_50_bins,PASS,,
-3nNcZdcdvU_5,vision,21,3.3054,3.4628,1,1,mean_valid_faces,equal_duration_50_bins,PASS,,
-3nNcZdcdvU_5,vision,22,3.4628,3.6201999999999996,2,1,mean_valid_faces,equal_duration_50_bins,PASS,,
-3nNcZdcdvU_5,vision,23,3.6201999999999996,3.7776,1,1,mean_valid_faces,equal_duration_50_bins,PASS,,
-3nNcZdcdvU_5,vision,24,3.7776,3.935,2,1,mean_valid_faces,equal_duration_50_bins,PASS,,
-3nNcZdcdvU_5,vision,25,3.935,4.0924000000000005,1,1,mean_valid_faces,equal_duration_50_bins,PASS,,
-3nNcZdcdvU_5,vision,26,4.0924000000000005,4.2498000000000005,2,1,mean_valid_faces,equal_duration_50_bins,PASS,,
-3nNcZdcdvU_5,vision,27,4.2498000000000005,4.4072000000000005,2,1,mean_valid_faces,equal_duration_50_bins,PASS,,
-3nNcZdcdvU_5,vision,28,4.4072000000000005,4.5645999999999995,1,1,mean_valid_faces,equal_duration_50_bins,PASS,,
-3nNcZdcdvU_5,vision,29,4.5645999999999995,4.7219999999999995,2,1,mean_valid_faces,equal_duration_50_bins,PASS,,
-3nNcZdcdvU_5,vision,30,4.7219999999999995,4.8794,1,1,mean_valid_faces,equal_duration_50_bins,PASS,,
-3nNcZdcdvU_5,vision,31,4.8794,5.0368,2,1,mean_valid_faces,equal_duration_50_bins,PASS,,
-3nNcZdcdvU_5,vision,32,5.0368,5.1941999999999995,1,1,mean_valid_faces,equal_duration_50_bins,PASS,,
-3nNcZdcdvU_5,vision,33,5.1941999999999995,5.3515999999999995,2,1,mean_valid_faces,equal_duration_50_bins,PASS,,
-3nNcZdcdvU_5,vision,34,5.3515999999999995,5.5089999999999995,2,1,mean_valid_faces,equal_duration_50_bins,PASS,,
-3nNcZdcdvU_5,vision,35,5.5089999999999995,5.666399999999999,1,1,mean_valid_faces,equal_duration_50_bins,PASS,,
-3nNcZdcdvU_5,vision,36,5.666399999999999,5.8238,2,1,mean_valid_faces,equal_duration_50_bins,PASS,,
-3nNcZdcdvU_5,vision,37,5.8238,5.9812,1,1,mean_valid_faces,equal_duration_50_bins,PASS,,
-3nNcZdcdvU_5,vision,38,5.9812,6.1386,2,1,mean_valid_faces,equal_duration_50_bins,PASS,,
-3nNcZdcdvU_5,vision,39,6.1386,6.296,1,1,mean_valid_faces,equal_duration_50_bins,PASS,,
-3nNcZdcdvU_5,vision,40,6.296,6.4534,2,1,mean_valid_faces,equal_duration_50_bins,PASS,,
-3nNcZdcdvU_5,vision,41,6.4534,6.6108,2,1,mean_valid_faces,equal_duration_50_bins,PASS,,
-3nNcZdcdvU_5,vision,42,6.6108,6.7682,1,1,mean_valid_faces,equal_duration_50_bins,PASS,,
-3nNcZdcdvU_5,vision,43,6.7682,6.9256,2,1,mean_valid_faces,equal_duration_50_bins,PASS,,
-3nNcZdcdvU_5,vision,44,6.9256,7.082999999999999,1,1,mean_valid_faces,equal_duration_50_bins,PASS,,
-3nNcZdcdvU_5,vision,45,7.082999999999999,7.240399999999999,2,1,mean_valid_faces,equal_duration_50_bins,PASS,,
-3nNcZdcdvU_5,vision,46,7.240399999999999,7.3978,1,1,mean_valid_faces,equal_duration_50_bins,PASS,,
-3nNcZdcdvU_5,vision,47,7.3978,7.5552,2,1,mean_valid_faces,equal_duration_50_bins,PASS,,
-3nNcZdcdvU_5,vision,48,7.5552,7.7126,2,1,mean_valid_faces,equal_duration_50_bins,PASS,,
-3nNcZdcdvU_5,vision,49,7.7126,7.87,0,0,mean_valid_faces,equal_duration_50_bins,PASS,,
-HwX2H8Z4hY_2,vision,0,0.0,0.0796,0,0,mean_valid_faces,equal_duration_50_bins,PASS,,
-HwX2H8Z4hY_2,vision,1,0.0796,0.1592,0,0,mean_valid_faces,equal_duration_50_bins,PASS,,
-HwX2H8Z4hY_2,vision,2,0.1592,0.23879999999999998,0,0,mean_valid_faces,equal_duration_50_bins,PASS,,
-HwX2H8Z4hY_2,vision,3,0.23879999999999998,0.3184,0,0,mean_valid_faces,equal_duration_50_bins,PASS,,
-HwX2H8Z4hY_2,vision,4,0.3184,0.39799999999999996,0,0,mean_valid_faces,equal_duration_50_bins,PASS,,
-HwX2H8Z4hY_2,vision,5,0.39799999999999996,0.47759999999999997,0,0,mean_valid_faces,equal_duration_50_bins,PASS,,
-HwX2H8Z4hY_2,vision,6,0.47759999999999997,0.5572,0,0,mean_valid_faces,equal_duration_50_bins,PASS,,
-HwX2H8Z4hY_2,vision,7,0.5572,0.6368,0,0,mean_valid_faces,equal_duration_50_bins,PASS,,
-HwX2H8Z4hY_2,vision,8,0.6368,0.7164,0,0,mean_valid_faces,equal_duration_50_bins,PASS,,
-HwX2H8Z4hY_2,vision,9,0.7164,0.7959999999999999,0,0,mean_valid_faces,equal_duration_50_bins,PASS,,
-HwX2H8Z4hY_2,vision,10,0.7959999999999999,0.8756,0,0,mean_valid_faces,equal_duration_50_bins,PASS,,
-HwX2H8Z4hY_2,vision,11,0.8756,0.9551999999999999,0,0,mean_valid_faces,equal_duration_50_bins,PASS,,
-HwX2H8Z4hY_2,vision,12,0.9551999999999999,1.0348,0,0,mean_valid_faces,equal_duration_50_bins,PASS,,
-HwX2H8Z4hY_2,vision,13,1.0348,1.1144,0,0,mean_valid_faces,equal_duration_50_bins,PASS,,
-HwX2H8Z4hY_2,vision,14,1.1144,1.194,0,0,mean_valid_faces,equal_duration_50_bins,PASS,,
-HwX2H8Z4hY_2,vision,15,1.194,1.2736,0,0,mean_valid_faces,equal_duration_50_bins,PASS,,
-HwX2H8Z4hY_2,vision,16,1.2736,1.3532,0,0,mean_valid_faces,equal_duration_50_bins,PASS,,
-HwX2H8Z4hY_2,vision,17,1.3532,1.4328,0,0,mean_valid_faces,equal_duration_50_bins,PASS,,
-HwX2H8Z4hY_2,vision,18,1.4328,1.5124000000000002,0,0,mean_valid_faces,equal_duration_50_bins,PASS,,
-HwX2H8Z4hY_2,vision,19,1.5124000000000002,1.5919999999999999,0,0,mean_valid_faces,equal_duration_50_bins,PASS,,
-HwX2H8Z4hY_2,vision,20,1.5919999999999999,1.6716,0,0,mean_valid_faces,equal_duration_50_bins,PASS,,
-HwX2H8Z4hY_2,vision,21,1.6716,1.7512,0,0,mean_valid_faces,equal_duration_50_bins,PASS,,
-HwX2H8Z4hY_2,vision,22,1.7512,1.8308000000000002,0,0,mean_valid_faces,equal_duration_50_bins,PASS,,
-HwX2H8Z4hY_2,vision,23,1.8308000000000002,1.9103999999999999,0,0,mean_valid_faces,equal_duration_50_bins,PASS,,
-HwX2H8Z4hY_2,vision,24,1.9103999999999999,1.99,0,0,mean_valid_faces,equal_duration_50_bins,PASS,,
-HwX2H8Z4hY_2,vision,25,1.99,2.0696,0,0,mean_valid_faces,equal_duration_50_bins,PASS,,
-HwX2H8Z4hY_2,vision,26,2.0696,2.1492,0,0,mean_valid_faces,equal_duration_50_bins,PASS,,
-HwX2H8Z4hY_2,vision,27,2.1492,2.2288,0,0,mean_valid_faces,equal_duration_50_bins,PASS,,
-HwX2H8Z4hY_2,vision,28,2.2288,2.3084000000000002,0,0,mean_valid_faces,equal_duration_50_bins,PASS,,
-HwX2H8Z4hY_2,vision,29,2.3084000000000002,2.388,0,0,mean_valid_faces,equal_duration_50_bins,PASS,,
-HwX2H8Z4hY_2,vision,30,2.388,2.4676,0,0,mean_valid_faces,equal_duration_50_bins,PASS,,
-HwX2H8Z4hY_2,vision,31,2.4676,2.5472,0,0,mean_valid_faces,equal_duration_50_bins,PASS,,
-HwX2H8Z4hY_2,vision,32,2.5472,2.6268000000000002,0,0,mean_valid_faces,equal_duration_50_bins,PASS,,
-HwX2H8Z4hY_2,vision,33,2.6268000000000002,2.7064,0,0,mean_valid_faces,equal_duration_50_bins,PASS,,
-HwX2H8Z4hY_2,vision,34,2.7064,2.786,0,0,mean_valid_faces,equal_duration_50_bins,PASS,,
-HwX2H8Z4hY_2,vision,35,2.786,2.8656,0,0,mean_valid_faces,equal_duration_50_bins,PASS,,
-HwX2H8Z4hY_2,vision,36,2.8656,2.9452,0,0,mean_valid_faces,equal_duration_50_bins,PASS,,
-HwX2H8Z4hY_2,vision,37,2.9452,3.0248000000000004,0,0,mean_valid_faces,equal_duration_50_bins,PASS,,
-HwX2H8Z4hY_2,vision,38,3.0248000000000004,3.1044,1,1,mean_valid_faces,equal_duration_50_bins,PASS,,
-HwX2H8Z4hY_2,vision,39,3.1044,3.1839999999999997,0,0,mean_valid_faces,equal_duration_50_bins,PASS,,
-HwX2H8Z4hY_2,vision,40,3.1839999999999997,3.2636000000000003,1,1,mean_valid_faces,equal_duration_50_bins,PASS,,
-HwX2H8Z4hY_2,vision,41,3.2636000000000003,3.3432,1,1,mean_valid_faces,equal_duration_50_bins,PASS,,
-HwX2H8Z4hY_2,vision,42,3.3432,3.4227999999999996,1,1,mean_valid_faces,equal_duration_50_bins,PASS,,
-HwX2H8Z4hY_2,vision,43,3.4227999999999996,3.5024,1,1,mean_valid_faces,equal_duration_50_bins,PASS,,
-HwX2H8Z4hY_2,vision,44,3.5024,3.582,0,0,mean_valid_faces,equal_duration_50_bins,PASS,,
-HwX2H8Z4hY_2,vision,45,3.582,3.6616000000000004,1,1,mean_valid_faces,equal_duration_50_bins,PASS,,
-HwX2H8Z4hY_2,vision,46,3.6616000000000004,3.7412,1,1,mean_valid_faces,equal_duration_50_bins,PASS,,
-HwX2H8Z4hY_2,vision,47,3.7412,3.8207999999999998,1,1,mean_valid_faces,equal_duration_50_bins,PASS,,
-HwX2H8Z4hY_2,vision,48,3.8207999999999998,3.9004000000000003,1,1,mean_valid_faces,equal_duration_50_bins,PASS,,
-HwX2H8Z4hY_2,vision,49,3.9004000000000003,3.98,0,0,mean_valid_faces,equal_duration_50_bins,PASS,,
-HwX2H8Z4hY_5,vision,0,0.0,0.113,2,1,mean_valid_faces,equal_duration_50_bins,PASS,,
-HwX2H8Z4hY_5,vision,1,0.113,0.226,1,1,mean_valid_faces,equal_duration_50_bins,PASS,,
-HwX2H8Z4hY_5,vision,2,0.226,0.3390000000000001,1,1,mean_valid_faces,equal_duration_50_bins,PASS,,
-HwX2H8Z4hY_5,vision,3,0.3390000000000001,0.452,1,1,mean_valid_faces,equal_duration_50_bins,PASS,,
-HwX2H8Z4hY_5,vision,4,0.452,0.565,1,1,mean_valid_faces,equal_duration_50_bins,PASS,,
-HwX2H8Z4hY_5,vision,5,0.565,0.6780000000000002,1,1,mean_valid_faces,equal_duration_50_bins,PASS,,
-HwX2H8Z4hY_5,vision,6,0.6780000000000002,0.791,1,1,mean_valid_faces,equal_duration_50_bins,PASS,,
-HwX2H8Z4hY_5,vision,7,0.791,0.904,2,1,mean_valid_faces,equal_duration_50_bins,PASS,,
-HwX2H8Z4hY_5,vision,8,0.904,1.0170000000000001,1,1,mean_valid_faces,equal_duration_50_bins,PASS,,
-HwX2H8Z4hY_5,vision,9,1.0170000000000001,1.13,1,1,mean_valid_faces,equal_duration_50_bins,PASS,,
-HwX2H8Z4hY_5,vision,10,1.13,1.243,1,1,mean_valid_faces,equal_duration_50_bins,PASS,,
-HwX2H8Z4hY_5,vision,11,1.243,1.3560000000000003,1,1,mean_valid_faces,equal_duration_50_bins,PASS,,
-HwX2H8Z4hY_5,vision,12,1.3560000000000003,1.469,1,1,mean_valid_faces,equal_duration_50_bins,PASS,,
-HwX2H8Z4hY_5,vision,13,1.469,1.582,1,1,mean_valid_faces,equal_duration_50_bins,PASS,,
-HwX2H8Z4hY_5,vision,14,1.582,1.695,0,0,mean_valid_faces,equal_duration_50_bins,PASS,,
-HwX2H8Z4hY_5,vision,15,1.695,1.808,0,0,mean_valid_faces,equal_duration_50_bins,PASS,,
-HwX2H8Z4hY_5,vision,16,1.808,1.9210000000000003,0,0,mean_valid_faces,equal_duration_50_bins,PASS,,
-HwX2H8Z4hY_5,vision,17,1.9210000000000003,2.0340000000000003,0,0,mean_valid_faces,equal_duration_50_bins,PASS,,
-HwX2H8Z4hY_5,vision,18,2.0340000000000003,2.1470000000000002,0,0,mean_valid_faces,equal_duration_50_bins,PASS,,
-HwX2H8Z4hY_5,vision,19,2.1470000000000002,2.26,0,0,mean_valid_faces,equal_duration_50_bins,PASS,,
-HwX2H8Z4hY_5,vision,20,2.26,2.373,0,0,mean_valid_faces,equal_duration_50_bins,PASS,,
-HwX2H8Z4hY_5,vision,21,2.373,2.486,0,0,mean_valid_faces,equal_duration_50_bins,PASS,,
-HwX2H8Z4hY_5,vision,22,2.486,2.599,0,0,mean_valid_faces,equal_duration_50_bins,PASS,,
-HwX2H8Z4hY_5,vision,23,2.599,2.7120000000000006,0,0,mean_valid_faces,equal_duration_50_bins,PASS,,
-HwX2H8Z4hY_5,vision,24,2.7120000000000006,2.825,0,0,mean_valid_faces,equal_duration_50_bins,PASS,,
-HwX2H8Z4hY_5,vision,25,2.825,2.938,0,0,mean_valid_faces,equal_duration_50_bins,PASS,,
-HwX2H8Z4hY_5,vision,26,2.938,3.051,0,0,mean_valid_faces,equal_duration_50_bins,PASS,,
-HwX2H8Z4hY_5,vision,27,3.051,3.164,0,0,mean_valid_faces,equal_duration_50_bins,PASS,,
-HwX2H8Z4hY_5,vision,28,3.164,3.2770000000000006,0,0,mean_valid_faces,equal_duration_50_bins,PASS,,
-HwX2H8Z4hY_5,vision,29,3.2770000000000006,3.39,0,0,mean_valid_faces,equal_duration_50_bins,PASS,,
-HwX2H8Z4hY_5,vision,30,3.39,3.503,0,0,mean_valid_faces,equal_duration_50_bins,PASS,,
-HwX2H8Z4hY_5,vision,31,3.503,3.616,0,0,mean_valid_faces,equal_duration_50_bins,PASS,,
-HwX2H8Z4hY_5,vision,32,3.616,3.7290000000000005,0,0,mean_valid_faces,equal_duration_50_bins,PASS,,
-HwX2H8Z4hY_5,vision,33,3.7290000000000005,3.8420000000000005,0,0,mean_valid_faces,equal_duration_50_bins,PASS,,
-HwX2H8Z4hY_5,vision,34,3.8420000000000005,3.955,0,0,mean_valid_faces,equal_duration_50_bins,PASS,,
-HwX2H8Z4hY_5,vision,35,3.955,4.0680000000000005,0,0,mean_valid_faces,equal_duration_50_bins,PASS,,
-HwX2H8Z4hY_5,vision,36,4.0680000000000005,4.181,0,0,mean_valid_faces,equal_duration_50_bins,PASS,,
-HwX2H8Z4hY_5,vision,37,4.181,4.2940000000000005,0,0,mean_valid_faces,equal_duration_50_bins,PASS,,
-HwX2H8Z4hY_5,vision,38,4.2940000000000005,4.407,0,0,mean_valid_faces,equal_duration_50_bins,PASS,,
-HwX2H8Z4hY_5,vision,39,4.407,4.52,0,0,mean_valid_faces,equal_duration_50_bins,PASS,,
-HwX2H8Z4hY_5,vision,40,4.52,4.633,0,0,mean_valid_faces,equal_duration_50_bins,PASS,,
-HwX2H8Z4hY_5,vision,41,4.633,4.746,0,0,mean_valid_faces,equal_duration_50_bins,PASS,,
-HwX2H8Z4hY_5,vision,42,4.746,4.859,0,0,mean_valid_faces,equal_duration_50_bins,PASS,,
-HwX2H8Z4hY_5,vision,43,4.859,4.972,0,0,mean_valid_faces,equal_duration_50_bins,PASS,,
-HwX2H8Z4hY_5,vision,44,4.972,5.085000000000001,0,0,mean_valid_faces,equal_duration_50_bins,PASS,,
-HwX2H8Z4hY_5,vision,45,5.085000000000001,5.198,0,0,mean_valid_faces,equal_duration_50_bins,PASS,,
-HwX2H8Z4hY_5,vision,46,5.198,5.311,1,1,mean_valid_faces,equal_duration_50_bins,PASS,,
-HwX2H8Z4hY_5,vision,47,5.311,5.424000000000001,1,1,mean_valid_faces,equal_duration_50_bins,PASS,,
-HwX2H8Z4hY_5,vision,48,5.424000000000001,5.537000000000001,1,1,mean_valid_faces,equal_duration_50_bins,PASS,,
-HwX2H8Z4hY_5,vision,49,5.537000000000001,5.65,1,1,mean_valid_faces,equal_duration_50_bins,PASS,,
-HwX2H8Z4hY_6,vision,0,0.0,0.0672,0,0,mean_valid_faces,equal_duration_50_bins,PASS,,
-HwX2H8Z4hY_6,vision,1,0.0672,0.1344,0,0,mean_valid_faces,equal_duration_50_bins,PASS,,
-HwX2H8Z4hY_6,vision,2,0.1344,0.2016,1,1,mean_valid_faces,equal_duration_50_bins,PASS,,
-HwX2H8Z4hY_6,vision,3,0.2016,0.2688,0,0,mean_valid_faces,equal_duration_50_bins,PASS,,
-HwX2H8Z4hY_6,vision,4,0.2688,0.336,1,1,mean_valid_faces,equal_duration_50_bins,PASS,,
-HwX2H8Z4hY_6,vision,5,0.336,0.4032,1,1,mean_valid_faces,equal_duration_50_bins,PASS,,
-HwX2H8Z4hY_6,vision,6,0.4032,0.4704,0,0,mean_valid_faces,equal_duration_50_bins,PASS,,
-HwX2H8Z4hY_6,vision,7,0.4704,0.5376,1,1,mean_valid_faces,equal_duration_50_bins,PASS,,
-HwX2H8Z4hY_6,vision,8,0.5376,0.6048,1,1,mean_valid_faces,equal_duration_50_bins,PASS,,
-HwX2H8Z4hY_6,vision,9,0.6048,0.672,0,0,mean_valid_faces,equal_duration_50_bins,PASS,,
-HwX2H8Z4hY_6,vision,10,0.672,0.7392,1,1,mean_valid_faces,equal_duration_50_bins,PASS,,
-HwX2H8Z4hY_6,vision,11,0.7392,0.8064,1,1,mean_valid_faces,equal_duration_50_bins,PASS,,
-HwX2H8Z4hY_6,vision,12,0.8064,0.8736,0,0,mean_valid_faces,equal_duration_50_bins,PASS,,
-HwX2H8Z4hY_6,vision,13,0.8736,0.9408,1,1,mean_valid_faces,equal_duration_50_bins,PASS,,
-HwX2H8Z4hY_6,vision,14,0.9408,1.008,1,1,mean_valid_faces,equal_duration_50_bins,PASS,,
-HwX2H8Z4hY_6,vision,15,1.008,1.0752,0,0,mean_valid_faces,equal_duration_50_bins,PASS,,
-HwX2H8Z4hY_6,vision,16,1.0752,1.1423999999999999,1,1,mean_valid_faces,equal_duration_50_bins,PASS,,
-HwX2H8Z4hY_6,vision,17,1.1423999999999999,1.2096,1,1,mean_valid_faces,equal_duration_50_bins,PASS,,
-HwX2H8Z4hY_6,vision,18,1.2096,1.2768,0,0,mean_valid_faces,equal_duration_50_bins,PASS,,
-HwX2H8Z4hY_6,vision,19,1.2768,1.344,1,1,mean_valid_faces,equal_duration_50_bins,PASS,,
-HwX2H8Z4hY_6,vision,20,1.344,1.4112,1,1,mean_valid_faces,equal_duration_50_bins,PASS,,
-HwX2H8Z4hY_6,vision,21,1.4112,1.4784,0,0,mean_valid_faces,equal_duration_50_bins,PASS,,
-HwX2H8Z4hY_6,vision,22,1.4784,1.5456,1,1,mean_valid_faces,equal_duration_50_bins,PASS,,
-HwX2H8Z4hY_6,vision,23,1.5456,1.6128,1,1,mean_valid_faces,equal_duration_50_bins,PASS,,
-HwX2H8Z4hY_6,vision,24,1.6128,1.68,0,0,mean_valid_faces,equal_duration_50_bins,PASS,,
-HwX2H8Z4hY_6,vision,25,1.68,1.7472,1,1,mean_valid_faces,equal_duration_50_bins,PASS,,
-HwX2H8Z4hY_6,vision,26,1.7472,1.8144,1,1,mean_valid_faces,equal_duration_50_bins,PASS,,
-HwX2H8Z4hY_6,vision,27,1.8144,1.8816,0,0,mean_valid_faces,equal_duration_50_bins,PASS,,
-HwX2H8Z4hY_6,vision,28,1.8816,1.9487999999999999,1,1,mean_valid_faces,equal_duration_50_bins,PASS,,
-HwX2H8Z4hY_6,vision,29,1.9487999999999999,2.016,1,1,mean_valid_faces,equal_duration_50_bins,PASS,,
-HwX2H8Z4hY_6,vision,30,2.016,2.0831999999999997,0,0,mean_valid_faces,equal_duration_50_bins,PASS,,
-HwX2H8Z4hY_6,vision,31,2.0831999999999997,2.1504,0,0,mean_valid_faces,equal_duration_50_bins,PASS,,
-HwX2H8Z4hY_6,vision,32,2.1504,2.2176,0,0,mean_valid_faces,equal_duration_50_bins,PASS,,
-HwX2H8Z4hY_6,vision,33,2.2176,2.2847999999999997,0,0,mean_valid_faces,equal_duration_50_bins,PASS,,
-HwX2H8Z4hY_6,vision,34,2.2847999999999997,2.352,0,0,mean_valid_faces,equal_duration_50_bins,PASS,,
-HwX2H8Z4hY_6,vision,35,2.352,2.4192,0,0,mean_valid_faces,equal_duration_50_bins,PASS,,
-HwX2H8Z4hY_6,vision,36,2.4192,2.4863999999999997,0,0,mean_valid_faces,equal_duration_50_bins,PASS,,
-HwX2H8Z4hY_6,vision,37,2.4863999999999997,2.5536,0,0,mean_valid_faces,equal_duration_50_bins,PASS,,
-HwX2H8Z4hY_6,vision,38,2.5536,2.6208,0,0,mean_valid_faces,equal_duration_50_bins,PASS,,
-HwX2H8Z4hY_6,vision,39,2.6208,2.688,0,0,mean_valid_faces,equal_duration_50_bins,PASS,,
-HwX2H8Z4hY_6,vision,40,2.688,2.7552,0,0,mean_valid_faces,equal_duration_50_bins,PASS,,
-HwX2H8Z4hY_6,vision,41,2.7552,2.8224,0,0,mean_valid_faces,equal_duration_50_bins,PASS,,
-HwX2H8Z4hY_6,vision,42,2.8224,2.8895999999999997,0,0,mean_valid_faces,equal_duration_50_bins,PASS,,
-HwX2H8Z4hY_6,vision,43,2.8895999999999997,2.9568,0,0,mean_valid_faces,equal_duration_50_bins,PASS,,
-HwX2H8Z4hY_6,vision,44,2.9568,3.0239999999999996,0,0,mean_valid_faces,equal_duration_50_bins,PASS,,
-HwX2H8Z4hY_6,vision,45,3.0239999999999996,3.0912,0,0,mean_valid_faces,equal_duration_50_bins,PASS,,
-HwX2H8Z4hY_6,vision,46,3.0912,3.1584,0,0,mean_valid_faces,equal_duration_50_bins,PASS,,
-HwX2H8Z4hY_6,vision,47,3.1584,3.2256,1,1,mean_valid_faces,equal_duration_50_bins,PASS,,
-HwX2H8Z4hY_6,vision,48,3.2256,3.2927999999999997,0,0,mean_valid_faces,equal_duration_50_bins,PASS,,
-HwX2H8Z4hY_6,vision,49,3.2927999999999997,3.36,1,1,mean_valid_faces,equal_duration_50_bins,PASS,,
-HwX2H8Z4hY_9,vision,0,0.0,0.15460000000000002,0,0,mean_valid_faces,equal_duration_50_bins,PASS,,
-HwX2H8Z4hY_9,vision,1,0.15460000000000002,0.30920000000000003,0,0,mean_valid_faces,equal_duration_50_bins,PASS,,
-HwX2H8Z4hY_9,vision,2,0.30920000000000003,0.46380000000000005,0,0,mean_valid_faces,equal_duration_50_bins,PASS,,
-HwX2H8Z4hY_9,vision,3,0.46380000000000005,0.6184000000000001,0,0,mean_valid_faces,equal_duration_50_bins,PASS,,
-HwX2H8Z4hY_9,vision,4,0.6184000000000001,0.7730000000000001,0,0,mean_valid_faces,equal_duration_50_bins,PASS,,
-HwX2H8Z4hY_9,vision,5,0.7730000000000001,0.9276000000000001,0,0,mean_valid_faces,equal_duration_50_bins,PASS,,
-HwX2H8Z4hY_9,vision,6,0.9276000000000001,1.0822,0,0,mean_valid_faces,equal_duration_50_bins,PASS,,
-HwX2H8Z4hY_9,vision,7,1.0822,1.2368000000000001,0,0,mean_valid_faces,equal_duration_50_bins,PASS,,
-HwX2H8Z4hY_9,vision,8,1.2368000000000001,1.3914000000000002,0,0,mean_valid_faces,equal_duration_50_bins,PASS,,
-HwX2H8Z4hY_9,vision,9,1.3914000000000002,1.5460000000000003,0,0,mean_valid_faces,equal_duration_50_bins,PASS,,
-HwX2H8Z4hY_9,vision,10,1.5460000000000003,1.7006000000000001,0,0,mean_valid_faces,equal_duration_50_bins,PASS,,
-HwX2H8Z4hY_9,vision,11,1.7006000000000001,1.8552000000000002,0,0,mean_valid_faces,equal_duration_50_bins,PASS,,
-HwX2H8Z4hY_9,vision,12,1.8552000000000002,2.0098000000000003,0,0,mean_valid_faces,equal_duration_50_bins,PASS,,
-HwX2H8Z4hY_9,vision,13,2.0098000000000003,2.1644,0,0,mean_valid_faces,equal_duration_50_bins,PASS,,
-HwX2H8Z4hY_9,vision,14,2.1644,2.319,0,0,mean_valid_faces,equal_duration_50_bins,PASS,,
-HwX2H8Z4hY_9,vision,15,2.319,2.4736000000000002,0,0,mean_valid_faces,equal_duration_50_bins,PASS,,
-HwX2H8Z4hY_9,vision,16,2.4736000000000002,2.6282,0,0,mean_valid_faces,equal_duration_50_bins,PASS,,
-HwX2H8Z4hY_9,vision,17,2.6282,2.7828000000000004,0,0,mean_valid_faces,equal_duration_50_bins,PASS,,
-HwX2H8Z4hY_9,vision,18,2.7828000000000004,2.9374000000000002,0,0,mean_valid_faces,equal_duration_50_bins,PASS,,
-HwX2H8Z4hY_9,vision,19,2.9374000000000002,3.0920000000000005,0,0,mean_valid_faces,equal_duration_50_bins,PASS,,
-HwX2H8Z4hY_9,vision,20,3.0920000000000005,3.2466000000000004,0,0,mean_valid_faces,equal_duration_50_bins,PASS,,
-HwX2H8Z4hY_9,vision,21,3.2466000000000004,3.4012000000000002,0,0,mean_valid_faces,equal_duration_50_bins,PASS,,
-HwX2H8Z4hY_9,vision,22,3.4012000000000002,3.5558000000000005,0,0,mean_valid_faces,equal_duration_50_bins,PASS,,
-HwX2H8Z4hY_9,vision,23,3.5558000000000005,3.7104000000000004,0,0,mean_valid_faces,equal_duration_50_bins,PASS,,
-HwX2H8Z4hY_9,vision,24,3.7104000000000004,3.865,0,0,mean_valid_faces,equal_duration_50_bins,PASS,,
-HwX2H8Z4hY_9,vision,25,3.865,4.0196000000000005,0,0,mean_valid_faces,equal_duration_50_bins,PASS,,
-HwX2H8Z4hY_9,vision,26,4.0196000000000005,4.1742,0,0,mean_valid_faces,equal_duration_50_bins,PASS,,
-HwX2H8Z4hY_9,vision,27,4.1742,4.3288,0,0,mean_valid_faces,equal_duration_50_bins,PASS,,
-HwX2H8Z4hY_9,vision,28,4.3288,4.4834000000000005,0,0,mean_valid_faces,equal_duration_50_bins,PASS,,
-HwX2H8Z4hY_9,vision,29,4.4834000000000005,4.638,0,0,mean_valid_faces,equal_duration_50_bins,PASS,,
-HwX2H8Z4hY_9,vision,30,4.638,4.7926,0,0,mean_valid_faces,equal_duration_50_bins,PASS,,
-HwX2H8Z4hY_9,vision,31,4.7926,4.9472000000000005,0,0,mean_valid_faces,equal_duration_50_bins,PASS,,
-HwX2H8Z4hY_9,vision,32,4.9472000000000005,5.1018,0,0,mean_valid_faces,equal_duration_50_bins,PASS,,
-HwX2H8Z4hY_9,vision,33,5.1018,5.2564,0,0,mean_valid_faces,equal_duration_50_bins,PASS,,
-HwX2H8Z4hY_9,vision,34,5.2564,5.4110000000000005,0,0,mean_valid_faces,equal_duration_50_bins,PASS,,
-HwX2H8Z4hY_9,vision,35,5.4110000000000005,5.565600000000001,0,0,mean_valid_faces,equal_duration_50_bins,PASS,,
-HwX2H8Z4hY_9,vision,36,5.565600000000001,5.7202,0,0,mean_valid_faces,equal_duration_50_bins,PASS,,
-HwX2H8Z4hY_9,vision,37,5.7202,5.8748000000000005,0,0,mean_valid_faces,equal_duration_50_bins,PASS,,
-HwX2H8Z4hY_9,vision,38,5.8748000000000005,6.029400000000001,0,0,mean_valid_faces,equal_duration_50_bins,PASS,,
-HwX2H8Z4hY_9,vision,39,6.029400000000001,6.184000000000001,0,0,mean_valid_faces,equal_duration_50_bins,PASS,,
-HwX2H8Z4hY_9,vision,40,6.184000000000001,6.3386000000000005,0,0,mean_valid_faces,equal_duration_50_bins,PASS,,
-HwX2H8Z4hY_9,vision,41,6.3386000000000005,6.493200000000001,0,0,mean_valid_faces,equal_duration_50_bins,PASS,,
-HwX2H8Z4hY_9,vision,42,6.493200000000001,6.647800000000001,0,0,mean_valid_faces,equal_duration_50_bins,PASS,,
-HwX2H8Z4hY_9,vision,43,6.647800000000001,6.8024000000000004,0,0,mean_valid_faces,equal_duration_50_bins,PASS,,
-HwX2H8Z4hY_9,vision,44,6.8024000000000004,6.957000000000001,0,0,mean_valid_faces,equal_duration_50_bins,PASS,,
-HwX2H8Z4hY_9,vision,45,6.957000000000001,7.111600000000001,0,0,mean_valid_faces,equal_duration_50_bins,PASS,,
-HwX2H8Z4hY_9,vision,46,7.111600000000001,7.2662,0,0,mean_valid_faces,equal_duration_50_bins,PASS,,
-HwX2H8Z4hY_9,vision,47,7.2662,7.420800000000001,0,0,mean_valid_faces,equal_duration_50_bins,PASS,,
-HwX2H8Z4hY_9,vision,48,7.420800000000001,7.575400000000001,0,0,mean_valid_faces,equal_duration_50_bins,PASS,,
-HwX2H8Z4hY_9,vision,49,7.575400000000001,7.73,0,0,mean_valid_faces,equal_duration_50_bins,PASS,,
-NFrJFQijFE_1,vision,0,0.0,0.115,0,0,mean_valid_faces,equal_duration_50_bins,PASS,,
-NFrJFQijFE_1,vision,1,0.115,0.23,0,0,mean_valid_faces,equal_duration_50_bins,PASS,,
-NFrJFQijFE_1,vision,2,0.23,0.345,0,0,mean_valid_faces,equal_duration_50_bins,PASS,,
-NFrJFQijFE_1,vision,3,0.345,0.46,0,0,mean_valid_faces,equal_duration_50_bins,PASS,,
-NFrJFQijFE_1,vision,4,0.46,0.575,0,0,mean_valid_faces,equal_duration_50_bins,PASS,,
-NFrJFQijFE_1,vision,5,0.575,0.69,0,0,mean_valid_faces,equal_duration_50_bins,PASS,,
-NFrJFQijFE_1,vision,6,0.69,0.805,0,0,mean_valid_faces,equal_duration_50_bins,PASS,,
-NFrJFQijFE_1,vision,7,0.805,0.92,0,0,mean_valid_faces,equal_duration_50_bins,PASS,,
-NFrJFQijFE_1,vision,8,0.92,1.035,0,0,mean_valid_faces,equal_duration_50_bins,PASS,,
-NFrJFQijFE_1,vision,9,1.035,1.15,0,0,mean_valid_faces,equal_duration_50_bins,PASS,,
-NFrJFQijFE_1,vision,10,1.15,1.265,0,0,mean_valid_faces,equal_duration_50_bins,PASS,,
-NFrJFQijFE_1,vision,11,1.265,1.38,0,0,mean_valid_faces,equal_duration_50_bins,PASS,,
-NFrJFQijFE_1,vision,12,1.38,1.495,0,0,mean_valid_faces,equal_duration_50_bins,PASS,,
-NFrJFQijFE_1,vision,13,1.495,1.61,0,0,mean_valid_faces,equal_duration_50_bins,PASS,,
-NFrJFQijFE_1,vision,14,1.61,1.725,0,0,mean_valid_faces,equal_duration_50_bins,PASS,,
-NFrJFQijFE_1,vision,15,1.725,1.84,0,0,mean_valid_faces,equal_duration_50_bins,PASS,,
-NFrJFQijFE_1,vision,16,1.84,1.955,0,0,mean_valid_faces,equal_duration_50_bins,PASS,,
-NFrJFQijFE_1,vision,17,1.955,2.07,0,0,mean_valid_faces,equal_duration_50_bins,PASS,,
-NFrJFQijFE_1,vision,18,2.07,2.185,0,0,mean_valid_faces,equal_duration_50_bins,PASS,,
-NFrJFQijFE_1,vision,19,2.185,2.3,0,0,mean_valid_faces,equal_duration_50_bins,PASS,,
-NFrJFQijFE_1,vision,20,2.3,2.415,0,0,mean_valid_faces,equal_duration_50_bins,PASS,,
-NFrJFQijFE_1,vision,21,2.415,2.53,0,0,mean_valid_faces,equal_duration_50_bins,PASS,,
-NFrJFQijFE_1,vision,22,2.53,2.645,0,0,mean_valid_faces,equal_duration_50_bins,PASS,,
-NFrJFQijFE_1,vision,23,2.645,2.76,0,0,mean_valid_faces,equal_duration_50_bins,PASS,,
-NFrJFQijFE_1,vision,24,2.76,2.875,0,0,mean_valid_faces,equal_duration_50_bins,PASS,,
-NFrJFQijFE_1,vision,25,2.875,2.99,0,0,mean_valid_faces,equal_duration_50_bins,PASS,,
-NFrJFQijFE_1,vision,26,2.99,3.105,0,0,mean_valid_faces,equal_duration_50_bins,PASS,,
-NFrJFQijFE_1,vision,27,3.105,3.22,0,0,mean_valid_faces,equal_duration_50_bins,PASS,,
-NFrJFQijFE_1,vision,28,3.22,3.335,0,0,mean_valid_faces,equal_duration_50_bins,PASS,,
-NFrJFQijFE_1,vision,29,3.335,3.45,0,0,mean_valid_faces,equal_duration_50_bins,PASS,,
-NFrJFQijFE_1,vision,30,3.45,3.565,0,0,mean_valid_faces,equal_duration_50_bins,PASS,,
-NFrJFQijFE_1,vision,31,3.565,3.68,0,0,mean_valid_faces,equal_duration_50_bins,PASS,,
-NFrJFQijFE_1,vision,32,3.68,3.795,0,0,mean_valid_faces,equal_duration_50_bins,PASS,,
-NFrJFQijFE_1,vision,33,3.795,3.91,0,0,mean_valid_faces,equal_duration_50_bins,PASS,,
-NFrJFQijFE_1,vision,34,3.91,4.025,0,0,mean_valid_faces,equal_duration_50_bins,PASS,,
-NFrJFQijFE_1,vision,35,4.025,4.14,0,0,mean_valid_faces,equal_duration_50_bins,PASS,,
-NFrJFQijFE_1,vision,36,4.14,4.255,0,0,mean_valid_faces,equal_duration_50_bins,PASS,,
-NFrJFQijFE_1,vision,37,4.255,4.37,0,0,mean_valid_faces,equal_duration_50_bins,PASS,,
-NFrJFQijFE_1,vision,38,4.37,4.485,0,0,mean_valid_faces,equal_duration_50_bins,PASS,,
-NFrJFQijFE_1,vision,39,4.485,4.6,0,0,mean_valid_faces,equal_duration_50_bins,PASS,,
-NFrJFQijFE_1,vision,40,4.6,4.715,0,0,mean_valid_faces,equal_duration_50_bins,PASS,,
-NFrJFQijFE_1,vision,41,4.715,4.83,0,0,mean_valid_faces,equal_duration_50_bins,PASS,,
-NFrJFQijFE_1,vision,42,4.83,4.945,0,0,mean_valid_faces,equal_duration_50_bins,PASS,,
-NFrJFQijFE_1,vision,43,4.945,5.06,0,0,mean_valid_faces,equal_duration_50_bins,PASS,,
-NFrJFQijFE_1,vision,44,5.06,5.175,0,0,mean_valid_faces,equal_duration_50_bins,PASS,,
-NFrJFQijFE_1,vision,45,5.175,5.29,0,0,mean_valid_faces,equal_duration_50_bins,PASS,,
-NFrJFQijFE_1,vision,46,5.29,5.405,0,0,mean_valid_faces,equal_duration_50_bins,PASS,,
-NFrJFQijFE_1,vision,47,5.405,5.52,0,0,mean_valid_faces,equal_duration_50_bins,PASS,,
-NFrJFQijFE_1,vision,48,5.52,5.635,0,0,mean_valid_faces,equal_duration_50_bins,PASS,,
-NFrJFQijFE_1,vision,49,5.635,5.75,0,0,mean_valid_faces,equal_duration_50_bins,PASS,,
-NFrJFQijFE_2,vision,0,0.0,0.13720000000000002,0,0,mean_valid_faces,equal_duration_50_bins,PASS,,
-NFrJFQijFE_2,vision,1,0.13720000000000002,0.27440000000000003,0,0,mean_valid_faces,equal_duration_50_bins,PASS,,
-NFrJFQijFE_2,vision,2,0.27440000000000003,0.4116,0,0,mean_valid_faces,equal_duration_50_bins,PASS,,
-NFrJFQijFE_2,vision,3,0.4116,0.5488000000000001,0,0,mean_valid_faces,equal_duration_50_bins,PASS,,
-NFrJFQijFE_2,vision,4,0.5488000000000001,0.686,0,0,mean_valid_faces,equal_duration_50_bins,PASS,,
-NFrJFQijFE_2,vision,5,0.686,0.8232,0,0,mean_valid_faces,equal_duration_50_bins,PASS,,
-NFrJFQijFE_2,vision,6,0.8232,0.9604,0,0,mean_valid_faces,equal_duration_50_bins,PASS,,
-NFrJFQijFE_2,vision,7,0.9604,1.0976000000000001,0,0,mean_valid_faces,equal_duration_50_bins,PASS,,
-NFrJFQijFE_2,vision,8,1.0976000000000001,1.2348000000000001,0,0,mean_valid_faces,equal_duration_50_bins,PASS,,
-NFrJFQijFE_2,vision,9,1.2348000000000001,1.372,0,0,mean_valid_faces,equal_duration_50_bins,PASS,,
-NFrJFQijFE_2,vision,10,1.372,1.5092,0,0,mean_valid_faces,equal_duration_50_bins,PASS,,
-NFrJFQijFE_2,vision,11,1.5092,1.6464,0,0,mean_valid_faces,equal_duration_50_bins,PASS,,
-NFrJFQijFE_2,vision,12,1.6464,1.7836,0,0,mean_valid_faces,equal_duration_50_bins,PASS,,
-NFrJFQijFE_2,vision,13,1.7836,1.9208,0,0,mean_valid_faces,equal_duration_50_bins,PASS,,
-NFrJFQijFE_2,vision,14,1.9208,2.0580000000000003,0,0,mean_valid_faces,equal_duration_50_bins,PASS,,
-NFrJFQijFE_2,vision,15,2.0580000000000003,2.1952000000000003,0,0,mean_valid_faces,equal_duration_50_bins,PASS,,
-NFrJFQijFE_2,vision,16,2.1952000000000003,2.3324000000000003,0,0,mean_valid_faces,equal_duration_50_bins,PASS,,
-NFrJFQijFE_2,vision,17,2.3324000000000003,2.4696000000000002,0,0,mean_valid_faces,equal_duration_50_bins,PASS,,
-NFrJFQijFE_2,vision,18,2.4696000000000002,2.6068000000000002,0,0,mean_valid_faces,equal_duration_50_bins,PASS,,
-NFrJFQijFE_2,vision,19,2.6068000000000002,2.744,0,0,mean_valid_faces,equal_duration_50_bins,PASS,,
-NFrJFQijFE_2,vision,20,2.744,2.8812,0,0,mean_valid_faces,equal_duration_50_bins,PASS,,
-NFrJFQijFE_2,vision,21,2.8812,3.0184,0,0,mean_valid_faces,equal_duration_50_bins,PASS,,
-NFrJFQijFE_2,vision,22,3.0184,3.1556,0,0,mean_valid_faces,equal_duration_50_bins,PASS,,
-NFrJFQijFE_2,vision,23,3.1556,3.2928,0,0,mean_valid_faces,equal_duration_50_bins,PASS,,
-NFrJFQijFE_2,vision,24,3.2928,3.43,0,0,mean_valid_faces,equal_duration_50_bins,PASS,,
-NFrJFQijFE_2,vision,25,3.43,3.5672,0,0,mean_valid_faces,equal_duration_50_bins,PASS,,
-NFrJFQijFE_2,vision,26,3.5672,3.7044,0,0,mean_valid_faces,equal_duration_50_bins,PASS,,
-NFrJFQijFE_2,vision,27,3.7044,3.8416,0,0,mean_valid_faces,equal_duration_50_bins,PASS,,
-NFrJFQijFE_2,vision,28,3.8416,3.9788,0,0,mean_valid_faces,equal_duration_50_bins,PASS,,
-NFrJFQijFE_2,vision,29,3.9788,4.1160000000000005,0,0,mean_valid_faces,equal_duration_50_bins,PASS,,
-NFrJFQijFE_2,vision,30,4.1160000000000005,4.2532,0,0,mean_valid_faces,equal_duration_50_bins,PASS,,
-NFrJFQijFE_2,vision,31,4.2532,4.3904000000000005,0,0,mean_valid_faces,equal_duration_50_bins,PASS,,
-NFrJFQijFE_2,vision,32,4.3904000000000005,4.5276000000000005,0,0,mean_valid_faces,equal_duration_50_bins,PASS,,
-NFrJFQijFE_2,vision,33,4.5276000000000005,4.6648000000000005,0,0,mean_valid_faces,equal_duration_50_bins,PASS,,
-NFrJFQijFE_2,vision,34,4.6648000000000005,4.8020000000000005,0,0,mean_valid_faces,equal_duration_50_bins,PASS,,
-NFrJFQijFE_2,vision,35,4.8020000000000005,4.9392000000000005,0,0,mean_valid_faces,equal_duration_50_bins,PASS,,
-NFrJFQijFE_2,vision,36,4.9392000000000005,5.0764000000000005,0,0,mean_valid_faces,equal_duration_50_bins,PASS,,
-NFrJFQijFE_2,vision,37,5.0764000000000005,5.2136000000000005,0,0,mean_valid_faces,equal_duration_50_bins,PASS,,
-NFrJFQijFE_2,vision,38,5.2136000000000005,5.3508000000000004,0,0,mean_valid_faces,equal_duration_50_bins,PASS,,
-NFrJFQijFE_2,vision,39,5.3508000000000004,5.488,0,0,mean_valid_faces,equal_duration_50_bins,PASS,,
-NFrJFQijFE_2,vision,40,5.488,5.6251999999999995,0,0,mean_valid_faces,equal_duration_50_bins,PASS,,
-NFrJFQijFE_2,vision,41,5.6251999999999995,5.7624,0,0,mean_valid_faces,equal_duration_50_bins,PASS,,
-NFrJFQijFE_2,vision,42,5.7624,5.8996,0,0,mean_valid_faces,equal_duration_50_bins,PASS,,
-NFrJFQijFE_2,vision,43,5.8996,6.0368,0,0,mean_valid_faces,equal_duration_50_bins,PASS,,
-NFrJFQijFE_2,vision,44,6.0368,6.1739999999999995,0,0,mean_valid_faces,equal_duration_50_bins,PASS,,
-NFrJFQijFE_2,vision,45,6.1739999999999995,6.3112,0,0,mean_valid_faces,equal_duration_50_bins,PASS,,
-NFrJFQijFE_2,vision,46,6.3112,6.4484,0,0,mean_valid_faces,equal_duration_50_bins,PASS,,
-NFrJFQijFE_2,vision,47,6.4484,6.5856,0,0,mean_valid_faces,equal_duration_50_bins,PASS,,
-NFrJFQijFE_2,vision,48,6.5856,6.722800000000001,0,0,mean_valid_faces,equal_duration_50_bins,PASS,,
-NFrJFQijFE_2,vision,49,6.722800000000001,6.86,0,0,mean_valid_faces,equal_duration_50_bins,PASS,,
-THoVjtIkeU_12,vision,0,0.0,0.298,3,1,mean_valid_faces,equal_duration_50_bins,PASS,,
-THoVjtIkeU_12,vision,1,0.298,0.596,3,1,mean_valid_faces,equal_duration_50_bins,PASS,,
-THoVjtIkeU_12,vision,2,0.596,0.894,3,1,mean_valid_faces,equal_duration_50_bins,PASS,,
-THoVjtIkeU_12,vision,3,0.894,1.192,3,1,mean_valid_faces,equal_duration_50_bins,PASS,,
-THoVjtIkeU_12,vision,4,1.192,1.49,3,1,mean_valid_faces,equal_duration_50_bins,PASS,,
-THoVjtIkeU_12,vision,5,1.49,1.788,3,1,mean_valid_faces,equal_duration_50_bins,PASS,,
-THoVjtIkeU_12,vision,6,1.788,2.086,3,1,mean_valid_faces,equal_duration_50_bins,PASS,,
-THoVjtIkeU_12,vision,7,2.086,2.384,3,1,mean_valid_faces,equal_duration_50_bins,PASS,,
-THoVjtIkeU_12,vision,8,2.384,2.682,3,1,mean_valid_faces,equal_duration_50_bins,PASS,,
-THoVjtIkeU_12,vision,9,2.682,2.98,3,1,mean_valid_faces,equal_duration_50_bins,PASS,,
-THoVjtIkeU_12,vision,10,2.98,3.278,3,1,mean_valid_faces,equal_duration_50_bins,PASS,,
-THoVjtIkeU_12,vision,11,3.278,3.576,3,1,mean_valid_faces,equal_duration_50_bins,PASS,,
-THoVjtIkeU_12,vision,12,3.576,3.8740000000000006,3,1,mean_valid_faces,equal_duration_50_bins,PASS,,
-THoVjtIkeU_12,vision,13,3.8740000000000006,4.172,3,1,mean_valid_faces,equal_duration_50_bins,PASS,,
-THoVjtIkeU_12,vision,14,4.172,4.47,3,1,mean_valid_faces,equal_duration_50_bins,PASS,,
-THoVjtIkeU_12,vision,15,4.47,4.768,3,1,mean_valid_faces,equal_duration_50_bins,PASS,,
-THoVjtIkeU_12,vision,16,4.768,5.066,3,1,mean_valid_faces,equal_duration_50_bins,PASS,,
-THoVjtIkeU_12,vision,17,5.066,5.364,3,1,mean_valid_faces,equal_duration_50_bins,PASS,,
-THoVjtIkeU_12,vision,18,5.364,5.662000000000001,3,1,mean_valid_faces,equal_duration_50_bins,PASS,,
-THoVjtIkeU_12,vision,19,5.662000000000001,5.96,3,1,mean_valid_faces,equal_duration_50_bins,PASS,,
-THoVjtIkeU_12,vision,20,5.96,6.258000000000001,3,1,mean_valid_faces,equal_duration_50_bins,PASS,,
-THoVjtIkeU_12,vision,21,6.258000000000001,6.556,3,1,mean_valid_faces,equal_duration_50_bins,PASS,,
-THoVjtIkeU_12,vision,22,6.556,6.854,3,1,mean_valid_faces,equal_duration_50_bins,PASS,,
-THoVjtIkeU_12,vision,23,6.854,7.152,3,1,mean_valid_faces,equal_duration_50_bins,PASS,,
-THoVjtIkeU_12,vision,24,7.152,7.45,3,1,mean_valid_faces,equal_duration_50_bins,PASS,,
-THoVjtIkeU_12,vision,25,7.45,7.748000000000001,3,1,mean_valid_faces,equal_duration_50_bins,PASS,,
-THoVjtIkeU_12,vision,26,7.748000000000001,8.046,3,1,mean_valid_faces,equal_duration_50_bins,PASS,,
-THoVjtIkeU_12,vision,27,8.046,8.344,3,1,mean_valid_faces,equal_duration_50_bins,PASS,,
-THoVjtIkeU_12,vision,28,8.344,8.642000000000001,3,1,mean_valid_faces,equal_duration_50_bins,PASS,,
-THoVjtIkeU_12,vision,29,8.642000000000001,8.94,3,1,mean_valid_faces,equal_duration_50_bins,PASS,,
-THoVjtIkeU_12,vision,30,8.94,9.238000000000001,3,1,mean_valid_faces,equal_duration_50_bins,PASS,,
-THoVjtIkeU_12,vision,31,9.238000000000001,9.536,3,1,mean_valid_faces,equal_duration_50_bins,PASS,,
-THoVjtIkeU_12,vision,32,9.536,9.834,3,1,mean_valid_faces,equal_duration_50_bins,PASS,,
-THoVjtIkeU_12,vision,33,9.834,10.132,3,1,mean_valid_faces,equal_duration_50_bins,PASS,,
-THoVjtIkeU_12,vision,34,10.132,10.43,3,1,mean_valid_faces,equal_duration_50_bins,PASS,,
-THoVjtIkeU_12,vision,35,10.43,10.728,3,1,mean_valid_faces,equal_duration_50_bins,PASS,,
-THoVjtIkeU_12,vision,36,10.728,11.026000000000002,3,1,mean_valid_faces,equal_duration_50_bins,PASS,,
-THoVjtIkeU_12,vision,37,11.026000000000002,11.324000000000002,3,1,mean_valid_faces,equal_duration_50_bins,PASS,,
-THoVjtIkeU_12,vision,38,11.324000000000002,11.622,3,1,mean_valid_faces,equal_duration_50_bins,PASS,,
-THoVjtIkeU_12,vision,39,11.622,11.92,3,1,mean_valid_faces,equal_duration_50_bins,PASS,,
-THoVjtIkeU_12,vision,40,11.92,12.218,3,1,mean_valid_faces,equal_duration_50_bins,PASS,,
-THoVjtIkeU_12,vision,41,12.218,12.516000000000002,3,1,mean_valid_faces,equal_duration_50_bins,PASS,,
-THoVjtIkeU_12,vision,42,12.516000000000002,12.814,3,1,mean_valid_faces,equal_duration_50_bins,PASS,,
-THoVjtIkeU_12,vision,43,12.814,13.112,3,1,mean_valid_faces,equal_duration_50_bins,PASS,,
-THoVjtIkeU_12,vision,44,13.112,13.41,3,1,mean_valid_faces,equal_duration_50_bins,PASS,,
-THoVjtIkeU_12,vision,45,13.41,13.708,3,1,mean_valid_faces,equal_duration_50_bins,PASS,,
-THoVjtIkeU_12,vision,46,13.708,14.006000000000002,3,1,mean_valid_faces,equal_duration_50_bins,PASS,,
-THoVjtIkeU_12,vision,47,14.006000000000002,14.304,3,1,mean_valid_faces,equal_duration_50_bins,PASS,,
-THoVjtIkeU_12,vision,48,14.304,14.602,3,1,mean_valid_faces,equal_duration_50_bins,PASS,,
-THoVjtIkeU_12,vision,49,14.602,14.9,2,1,mean_valid_faces,equal_duration_50_bins,PASS,,
-THoVjtIkeU_2,vision,0,0.0,0.0858,1,1,mean_valid_faces,equal_duration_50_bins,PASS,,
-THoVjtIkeU_2,vision,1,0.0858,0.1716,1,1,mean_valid_faces,equal_duration_50_bins,PASS,,
-THoVjtIkeU_2,vision,2,0.1716,0.2574,1,1,mean_valid_faces,equal_duration_50_bins,PASS,,
-THoVjtIkeU_2,vision,3,0.2574,0.3432,1,1,mean_valid_faces,equal_duration_50_bins,PASS,,
-THoVjtIkeU_2,vision,4,0.3432,0.429,1,1,mean_valid_faces,equal_duration_50_bins,PASS,,
-THoVjtIkeU_2,vision,5,0.429,0.5148,1,1,mean_valid_faces,equal_duration_50_bins,PASS,,
-THoVjtIkeU_2,vision,6,0.5148,0.6006,1,1,mean_valid_faces,equal_duration_50_bins,PASS,,
-THoVjtIkeU_2,vision,7,0.6006,0.6864,0,0,mean_valid_faces,equal_duration_50_bins,PASS,,
-THoVjtIkeU_2,vision,8,0.6864,0.7722,1,1,mean_valid_faces,equal_duration_50_bins,PASS,,
-THoVjtIkeU_2,vision,9,0.7722,0.858,1,1,mean_valid_faces,equal_duration_50_bins,PASS,,
-THoVjtIkeU_2,vision,10,0.858,0.9438,1,1,mean_valid_faces,equal_duration_50_bins,PASS,,
-THoVjtIkeU_2,vision,11,0.9438,1.0296,1,1,mean_valid_faces,equal_duration_50_bins,PASS,,
-THoVjtIkeU_2,vision,12,1.0296,1.1154000000000002,1,1,mean_valid_faces,equal_duration_50_bins,PASS,,
-THoVjtIkeU_2,vision,13,1.1154000000000002,1.2012,1,1,mean_valid_faces,equal_duration_50_bins,PASS,,
-THoVjtIkeU_2,vision,14,1.2012,1.287,0,0,mean_valid_faces,equal_duration_50_bins,PASS,,
-THoVjtIkeU_2,vision,15,1.287,1.3728,1,1,mean_valid_faces,equal_duration_50_bins,PASS,,
-THoVjtIkeU_2,vision,16,1.3728,1.4586000000000001,1,1,mean_valid_faces,equal_duration_50_bins,PASS,,
-THoVjtIkeU_2,vision,17,1.4586000000000001,1.5444,1,1,mean_valid_faces,equal_duration_50_bins,PASS,,
-THoVjtIkeU_2,vision,18,1.5444,1.6302,1,1,mean_valid_faces,equal_duration_50_bins,PASS,,
-THoVjtIkeU_2,vision,19,1.6302,1.716,1,1,mean_valid_faces,equal_duration_50_bins,PASS,,
-THoVjtIkeU_2,vision,20,1.716,1.8018,1,1,mean_valid_faces,equal_duration_50_bins,PASS,,
-THoVjtIkeU_2,vision,21,1.8018,1.8876,0,0,mean_valid_faces,equal_duration_50_bins,PASS,,
-THoVjtIkeU_2,vision,22,1.8876,1.9734,1,1,mean_valid_faces,equal_duration_50_bins,PASS,,
-THoVjtIkeU_2,vision,23,1.9734,2.0592,1,1,mean_valid_faces,equal_duration_50_bins,PASS,,
-THoVjtIkeU_2,vision,24,2.0592,2.145,1,1,mean_valid_faces,equal_duration_50_bins,PASS,,
-THoVjtIkeU_2,vision,25,2.145,2.2308000000000003,1,1,mean_valid_faces,equal_duration_50_bins,PASS,,
-THoVjtIkeU_2,vision,26,2.2308000000000003,2.3165999999999998,1,1,mean_valid_faces,equal_duration_50_bins,PASS,,
-THoVjtIkeU_2,vision,27,2.3165999999999998,2.4024,1,1,mean_valid_faces,equal_duration_50_bins,PASS,,
-THoVjtIkeU_2,vision,28,2.4024,2.4882,0,0,mean_valid_faces,equal_duration_50_bins,PASS,,
-THoVjtIkeU_2,vision,29,2.4882,2.574,1,1,mean_valid_faces,equal_duration_50_bins,PASS,,
-THoVjtIkeU_2,vision,30,2.574,2.6598,1,1,mean_valid_faces,equal_duration_50_bins,PASS,,
-THoVjtIkeU_2,vision,31,2.6598,2.7456,1,1,mean_valid_faces,equal_duration_50_bins,PASS,,
-THoVjtIkeU_2,vision,32,2.7456,2.8314,1,1,mean_valid_faces,equal_duration_50_bins,PASS,,
-THoVjtIkeU_2,vision,33,2.8314,2.9172000000000002,1,1,mean_valid_faces,equal_duration_50_bins,PASS,,
-THoVjtIkeU_2,vision,34,2.9172000000000002,3.003,1,1,mean_valid_faces,equal_duration_50_bins,PASS,,
-THoVjtIkeU_2,vision,35,3.003,3.0888,0,0,mean_valid_faces,equal_duration_50_bins,PASS,,
-THoVjtIkeU_2,vision,36,3.0888,3.1746,1,1,mean_valid_faces,equal_duration_50_bins,PASS,,
-THoVjtIkeU_2,vision,37,3.1746,3.2604,1,1,mean_valid_faces,equal_duration_50_bins,PASS,,
-THoVjtIkeU_2,vision,38,3.2604,3.3462,1,1,mean_valid_faces,equal_duration_50_bins,PASS,,
-THoVjtIkeU_2,vision,39,3.3462,3.432,1,1,mean_valid_faces,equal_duration_50_bins,PASS,,
-THoVjtIkeU_2,vision,40,3.432,3.5178000000000003,1,1,mean_valid_faces,equal_duration_50_bins,PASS,,
-THoVjtIkeU_2,vision,41,3.5178000000000003,3.6036,1,1,mean_valid_faces,equal_duration_50_bins,PASS,,
-THoVjtIkeU_2,vision,42,3.6036,3.6894,0,0,mean_valid_faces,equal_duration_50_bins,PASS,,
-THoVjtIkeU_2,vision,43,3.6894,3.7752,1,1,mean_valid_faces,equal_duration_50_bins,PASS,,
-THoVjtIkeU_2,vision,44,3.7752,3.861,1,1,mean_valid_faces,equal_duration_50_bins,PASS,,
-THoVjtIkeU_2,vision,45,3.861,3.9468,1,1,mean_valid_faces,equal_duration_50_bins,PASS,,
-THoVjtIkeU_2,vision,46,3.9468,4.0325999999999995,1,1,mean_valid_faces,equal_duration_50_bins,PASS,,
-THoVjtIkeU_2,vision,47,4.0325999999999995,4.1184,1,1,mean_valid_faces,equal_duration_50_bins,PASS,,
-THoVjtIkeU_2,vision,48,4.1184,4.2042,1,1,mean_valid_faces,equal_duration_50_bins,PASS,,
-THoVjtIkeU_2,vision,49,4.2042,4.29,0,0,mean_valid_faces,equal_duration_50_bins,PASS,,
-THoVjtIkeU_6,vision,0,0.0,0.162,1,1,mean_valid_faces,equal_duration_50_bins,PASS,,
-THoVjtIkeU_6,vision,1,0.162,0.324,2,1,mean_valid_faces,equal_duration_50_bins,PASS,,
-THoVjtIkeU_6,vision,2,0.324,0.48599999999999993,1,1,mean_valid_faces,equal_duration_50_bins,PASS,,
-THoVjtIkeU_6,vision,3,0.48599999999999993,0.648,2,1,mean_valid_faces,equal_duration_50_bins,PASS,,
-THoVjtIkeU_6,vision,4,0.648,0.81,2,1,mean_valid_faces,equal_duration_50_bins,PASS,,
-THoVjtIkeU_6,vision,5,0.81,0.9719999999999999,1,1,mean_valid_faces,equal_duration_50_bins,PASS,,
-THoVjtIkeU_6,vision,6,0.9719999999999999,1.134,2,1,mean_valid_faces,equal_duration_50_bins,PASS,,
-THoVjtIkeU_6,vision,7,1.134,1.296,1,1,mean_valid_faces,equal_duration_50_bins,PASS,,
-THoVjtIkeU_6,vision,8,1.296,1.4579999999999997,2,1,mean_valid_faces,equal_duration_50_bins,PASS,,
-THoVjtIkeU_6,vision,9,1.4579999999999997,1.62,2,1,mean_valid_faces,equal_duration_50_bins,PASS,,
-THoVjtIkeU_6,vision,10,1.62,1.7819999999999998,1,1,mean_valid_faces,equal_duration_50_bins,PASS,,
-THoVjtIkeU_6,vision,11,1.7819999999999998,1.9439999999999997,2,1,mean_valid_faces,equal_duration_50_bins,PASS,,
-THoVjtIkeU_6,vision,12,1.9439999999999997,2.106,2,1,mean_valid_faces,equal_duration_50_bins,PASS,,
-THoVjtIkeU_6,vision,13,2.106,2.268,1,1,mean_valid_faces,equal_duration_50_bins,PASS,,
-THoVjtIkeU_6,vision,14,2.268,2.43,2,1,mean_valid_faces,equal_duration_50_bins,PASS,,
-THoVjtIkeU_6,vision,15,2.43,2.592,1,1,mean_valid_faces,equal_duration_50_bins,PASS,,
-THoVjtIkeU_6,vision,16,2.592,2.7539999999999996,2,1,mean_valid_faces,equal_duration_50_bins,PASS,,
-THoVjtIkeU_6,vision,17,2.7539999999999996,2.9159999999999995,2,1,mean_valid_faces,equal_duration_50_bins,PASS,,
-THoVjtIkeU_6,vision,18,2.9159999999999995,3.0780000000000003,1,1,mean_valid_faces,equal_duration_50_bins,PASS,,
-THoVjtIkeU_6,vision,19,3.0780000000000003,3.24,2,1,mean_valid_faces,equal_duration_50_bins,PASS,,
-THoVjtIkeU_6,vision,20,3.24,3.4019999999999997,2,1,mean_valid_faces,equal_duration_50_bins,PASS,,
-THoVjtIkeU_6,vision,21,3.4019999999999997,3.5639999999999996,1,1,mean_valid_faces,equal_duration_50_bins,PASS,,
-THoVjtIkeU_6,vision,22,3.5639999999999996,3.7259999999999995,2,1,mean_valid_faces,equal_duration_50_bins,PASS,,
-THoVjtIkeU_6,vision,23,3.7259999999999995,3.8879999999999995,1,1,mean_valid_faces,equal_duration_50_bins,PASS,,
-THoVjtIkeU_6,vision,24,3.8879999999999995,4.05,2,1,mean_valid_faces,equal_duration_50_bins,PASS,,
-THoVjtIkeU_6,vision,25,4.05,4.212,2,1,mean_valid_faces,equal_duration_50_bins,PASS,,
-THoVjtIkeU_6,vision,26,4.212,4.374,1,1,mean_valid_faces,equal_duration_50_bins,PASS,,
-THoVjtIkeU_6,vision,27,4.374,4.536,2,1,mean_valid_faces,equal_duration_50_bins,PASS,,
-THoVjtIkeU_6,vision,28,4.536,4.6979999999999995,1,1,mean_valid_faces,equal_duration_50_bins,PASS,,
-THoVjtIkeU_6,vision,29,4.6979999999999995,4.86,2,1,mean_valid_faces,equal_duration_50_bins,PASS,,
-THoVjtIkeU_6,vision,30,4.86,5.022,2,1,mean_valid_faces,equal_duration_50_bins,PASS,,
-THoVjtIkeU_6,vision,31,5.022,5.184,1,1,mean_valid_faces,equal_duration_50_bins,PASS,,
-THoVjtIkeU_6,vision,32,5.184,5.346,2,1,mean_valid_faces,equal_duration_50_bins,PASS,,
-THoVjtIkeU_6,vision,33,5.346,5.507999999999999,2,1,mean_valid_faces,equal_duration_50_bins,PASS,,
-THoVjtIkeU_6,vision,34,5.507999999999999,5.67,1,1,mean_valid_faces,equal_duration_50_bins,PASS,,
-THoVjtIkeU_6,vision,35,5.67,5.831999999999999,2,1,mean_valid_faces,equal_duration_50_bins,PASS,,
-THoVjtIkeU_6,vision,36,5.831999999999999,5.994,1,1,mean_valid_faces,equal_duration_50_bins,PASS,,
-THoVjtIkeU_6,vision,37,5.994,6.156000000000001,2,1,mean_valid_faces,equal_duration_50_bins,PASS,,
-THoVjtIkeU_6,vision,38,6.156000000000001,6.318,2,1,mean_valid_faces,equal_duration_50_bins,PASS,,
-THoVjtIkeU_6,vision,39,6.318,6.48,1,1,mean_valid_faces,equal_duration_50_bins,PASS,,
-THoVjtIkeU_6,vision,40,6.48,6.6419999999999995,2,1,mean_valid_faces,equal_duration_50_bins,PASS,,
-THoVjtIkeU_6,vision,41,6.6419999999999995,6.803999999999999,2,1,mean_valid_faces,equal_duration_50_bins,PASS,,
-THoVjtIkeU_6,vision,42,6.803999999999999,6.966,1,1,mean_valid_faces,equal_duration_50_bins,PASS,,
-THoVjtIkeU_6,vision,43,6.966,7.127999999999999,2,1,mean_valid_faces,equal_duration_50_bins,PASS,,
-THoVjtIkeU_6,vision,44,7.127999999999999,7.29,1,1,mean_valid_faces,equal_duration_50_bins,PASS,,
-THoVjtIkeU_6,vision,45,7.29,7.451999999999999,2,1,mean_valid_faces,equal_duration_50_bins,PASS,,
-THoVjtIkeU_6,vision,46,7.451999999999999,7.614,2,1,mean_valid_faces,equal_duration_50_bins,PASS,,
-THoVjtIkeU_6,vision,47,7.614,7.775999999999999,1,1,mean_valid_faces,equal_duration_50_bins,PASS,,
-THoVjtIkeU_6,vision,48,7.775999999999999,7.938,2,1,mean_valid_faces,equal_duration_50_bins,PASS,,
-THoVjtIkeU_6,vision,49,7.938,8.1,1,1,mean_valid_faces,equal_duration_50_bins,PASS,,
-UuX1xuaiiE_1,vision,0,0.0,0.207,0,0,mean_valid_faces,equal_duration_50_bins,PASS,,
-UuX1xuaiiE_1,vision,1,0.207,0.414,0,0,mean_valid_faces,equal_duration_50_bins,PASS,,
-UuX1xuaiiE_1,vision,2,0.414,0.621,0,0,mean_valid_faces,equal_duration_50_bins,PASS,,
-UuX1xuaiiE_1,vision,3,0.621,0.828,0,0,mean_valid_faces,equal_duration_50_bins,PASS,,
-UuX1xuaiiE_1,vision,4,0.828,1.035,0,0,mean_valid_faces,equal_duration_50_bins,PASS,,
-UuX1xuaiiE_1,vision,5,1.035,1.242,0,0,mean_valid_faces,equal_duration_50_bins,PASS,,
-UuX1xuaiiE_1,vision,6,1.242,1.449,0,0,mean_valid_faces,equal_duration_50_bins,PASS,,
-UuX1xuaiiE_1,vision,7,1.449,1.656,0,0,mean_valid_faces,equal_duration_50_bins,PASS,,
-UuX1xuaiiE_1,vision,8,1.656,1.8629999999999998,0,0,mean_valid_faces,equal_duration_50_bins,PASS,,
-UuX1xuaiiE_1,vision,9,1.8629999999999998,2.07,0,0,mean_valid_faces,equal_duration_50_bins,PASS,,
-UuX1xuaiiE_1,vision,10,2.07,2.2769999999999997,0,0,mean_valid_faces,equal_duration_50_bins,PASS,,
-UuX1xuaiiE_1,vision,11,2.2769999999999997,2.484,0,0,mean_valid_faces,equal_duration_50_bins,PASS,,
-UuX1xuaiiE_1,vision,12,2.484,2.691,0,0,mean_valid_faces,equal_duration_50_bins,PASS,,
-UuX1xuaiiE_1,vision,13,2.691,2.898,0,0,mean_valid_faces,equal_duration_50_bins,PASS,,
-UuX1xuaiiE_1,vision,14,2.898,3.105,0,0,mean_valid_faces,equal_duration_50_bins,PASS,,
-UuX1xuaiiE_1,vision,15,3.105,3.312,0,0,mean_valid_faces,equal_duration_50_bins,PASS,,
-UuX1xuaiiE_1,vision,16,3.312,3.5189999999999997,0,0,mean_valid_faces,equal_duration_50_bins,PASS,,
-UuX1xuaiiE_1,vision,17,3.5189999999999997,3.7259999999999995,0,0,mean_valid_faces,equal_duration_50_bins,PASS,,
-UuX1xuaiiE_1,vision,18,3.7259999999999995,3.9330000000000003,0,0,mean_valid_faces,equal_duration_50_bins,PASS,,
-UuX1xuaiiE_1,vision,19,3.9330000000000003,4.14,0,0,mean_valid_faces,equal_duration_50_bins,PASS,,
-UuX1xuaiiE_1,vision,20,4.14,4.3469999999999995,0,0,mean_valid_faces,equal_duration_50_bins,PASS,,
-UuX1xuaiiE_1,vision,21,4.3469999999999995,4.553999999999999,0,0,mean_valid_faces,equal_duration_50_bins,PASS,,
-UuX1xuaiiE_1,vision,22,4.553999999999999,4.760999999999999,0,0,mean_valid_faces,equal_duration_50_bins,PASS,,
-UuX1xuaiiE_1,vision,23,4.760999999999999,4.968,0,0,mean_valid_faces,equal_duration_50_bins,PASS,,
-UuX1xuaiiE_1,vision,24,4.968,5.175,0,0,mean_valid_faces,equal_duration_50_bins,PASS,,
-UuX1xuaiiE_1,vision,25,5.175,5.382,0,0,mean_valid_faces,equal_duration_50_bins,PASS,,
-UuX1xuaiiE_1,vision,26,5.382,5.5889999999999995,0,0,mean_valid_faces,equal_duration_50_bins,PASS,,
-UuX1xuaiiE_1,vision,27,5.5889999999999995,5.796,0,0,mean_valid_faces,equal_duration_50_bins,PASS,,
-UuX1xuaiiE_1,vision,28,5.796,6.002999999999999,0,0,mean_valid_faces,equal_duration_50_bins,PASS,,
-UuX1xuaiiE_1,vision,29,6.002999999999999,6.21,0,0,mean_valid_faces,equal_duration_50_bins,PASS,,
-UuX1xuaiiE_1,vision,30,6.21,6.416999999999999,0,0,mean_valid_faces,equal_duration_50_bins,PASS,,
-UuX1xuaiiE_1,vision,31,6.416999999999999,6.624,0,0,mean_valid_faces,equal_duration_50_bins,PASS,,
-UuX1xuaiiE_1,vision,32,6.624,6.831,0,0,mean_valid_faces,equal_duration_50_bins,PASS,,
-UuX1xuaiiE_1,vision,33,6.831,7.037999999999999,0,0,mean_valid_faces,equal_duration_50_bins,PASS,,
-UuX1xuaiiE_1,vision,34,7.037999999999999,7.245,0,0,mean_valid_faces,equal_duration_50_bins,PASS,,
-UuX1xuaiiE_1,vision,35,7.245,7.451999999999999,0,0,mean_valid_faces,equal_duration_50_bins,PASS,,
-UuX1xuaiiE_1,vision,36,7.451999999999999,7.659,0,0,mean_valid_faces,equal_duration_50_bins,PASS,,
-UuX1xuaiiE_1,vision,37,7.659,7.8660000000000005,0,0,mean_valid_faces,equal_duration_50_bins,PASS,,
-UuX1xuaiiE_1,vision,38,7.8660000000000005,8.073,0,0,mean_valid_faces,equal_duration_50_bins,PASS,,
-UuX1xuaiiE_1,vision,39,8.073,8.28,0,0,mean_valid_faces,equal_duration_50_bins,PASS,,
-UuX1xuaiiE_1,vision,40,8.28,8.487,0,0,mean_valid_faces,equal_duration_50_bins,PASS,,
-UuX1xuaiiE_1,vision,41,8.487,8.693999999999999,0,0,mean_valid_faces,equal_duration_50_bins,PASS,,
-UuX1xuaiiE_1,vision,42,8.693999999999999,8.901,0,0,mean_valid_faces,equal_duration_50_bins,PASS,,
-UuX1xuaiiE_1,vision,43,8.901,9.107999999999999,0,0,mean_valid_faces,equal_duration_50_bins,PASS,,
-UuX1xuaiiE_1,vision,44,9.107999999999999,9.315,0,0,mean_valid_faces,equal_duration_50_bins,PASS,,
-UuX1xuaiiE_1,vision,45,9.315,9.521999999999998,0,0,mean_valid_faces,equal_duration_50_bins,PASS,,
-UuX1xuaiiE_1,vision,46,9.521999999999998,9.729,0,0,mean_valid_faces,equal_duration_50_bins,PASS,,
-UuX1xuaiiE_1,vision,47,9.729,9.936,1,1,mean_valid_faces,equal_duration_50_bins,PASS,,
-UuX1xuaiiE_1,vision,48,9.936,10.142999999999999,2,1,mean_valid_faces,equal_duration_50_bins,PASS,,
-UuX1xuaiiE_1,vision,49,10.142999999999999,10.35,2,1,mean_valid_faces,equal_duration_50_bins,PASS,,
-UuX1xuaiiE_0,vision,0,0.0,0.0726,1,1,mean_valid_faces,equal_duration_50_bins,PASS,,
-UuX1xuaiiE_0,vision,1,0.0726,0.1452,1,1,mean_valid_faces,equal_duration_50_bins,PASS,,
-UuX1xuaiiE_0,vision,2,0.1452,0.21780000000000002,1,1,mean_valid_faces,equal_duration_50_bins,PASS,,
-UuX1xuaiiE_0,vision,3,0.21780000000000002,0.2904,0,0,mean_valid_faces,equal_duration_50_bins,PASS,,
-UuX1xuaiiE_0,vision,4,0.2904,0.363,1,1,mean_valid_faces,equal_duration_50_bins,PASS,,
-UuX1xuaiiE_0,vision,5,0.363,0.43560000000000004,1,1,mean_valid_faces,equal_duration_50_bins,PASS,,
-UuX1xuaiiE_0,vision,6,0.43560000000000004,0.5082,1,1,mean_valid_faces,equal_duration_50_bins,PASS,,
-UuX1xuaiiE_0,vision,7,0.5082,0.5808,0,0,mean_valid_faces,equal_duration_50_bins,PASS,,
-UuX1xuaiiE_0,vision,8,0.5808,0.6534,1,1,mean_valid_faces,equal_duration_50_bins,PASS,,
-UuX1xuaiiE_0,vision,9,0.6534,0.726,1,1,mean_valid_faces,equal_duration_50_bins,PASS,,
-UuX1xuaiiE_0,vision,10,0.726,0.7986,0,0,mean_valid_faces,equal_duration_50_bins,PASS,,
-UuX1xuaiiE_0,vision,11,0.7986,0.8712000000000001,1,1,mean_valid_faces,equal_duration_50_bins,PASS,,
-UuX1xuaiiE_0,vision,12,0.8712000000000001,0.9438,1,1,mean_valid_faces,equal_duration_50_bins,PASS,,
-UuX1xuaiiE_0,vision,13,0.9438,1.0164,1,1,mean_valid_faces,equal_duration_50_bins,PASS,,
-UuX1xuaiiE_0,vision,14,1.0164,1.089,0,0,mean_valid_faces,equal_duration_50_bins,PASS,,
-UuX1xuaiiE_0,vision,15,1.089,1.1616,1,1,mean_valid_faces,equal_duration_50_bins,PASS,,
-UuX1xuaiiE_0,vision,16,1.1616,1.2342,1,1,mean_valid_faces,equal_duration_50_bins,PASS,,
-UuX1xuaiiE_0,vision,17,1.2342,1.3068,1,1,mean_valid_faces,equal_duration_50_bins,PASS,,
-UuX1xuaiiE_0,vision,18,1.3068,1.3794,0,0,mean_valid_faces,equal_duration_50_bins,PASS,,
-UuX1xuaiiE_0,vision,19,1.3794,1.452,1,1,mean_valid_faces,equal_duration_50_bins,PASS,,
-UuX1xuaiiE_0,vision,20,1.452,1.5246000000000002,1,1,mean_valid_faces,equal_duration_50_bins,PASS,,
-UuX1xuaiiE_0,vision,21,1.5246000000000002,1.5972,0,0,mean_valid_faces,equal_duration_50_bins,PASS,,
-UuX1xuaiiE_0,vision,22,1.5972,1.6698,1,1,mean_valid_faces,equal_duration_50_bins,PASS,,
-UuX1xuaiiE_0,vision,23,1.6698,1.7424000000000002,1,1,mean_valid_faces,equal_duration_50_bins,PASS,,
-UuX1xuaiiE_0,vision,24,1.7424000000000002,1.815,0,0,mean_valid_faces,equal_duration_50_bins,PASS,,
-UuX1xuaiiE_0,vision,25,1.815,1.8876,0,0,mean_valid_faces,equal_duration_50_bins,PASS,,
-UuX1xuaiiE_0,vision,26,1.8876,1.9601999999999997,0,0,mean_valid_faces,equal_duration_50_bins,PASS,,
-UuX1xuaiiE_0,vision,27,1.9601999999999997,2.0328,0,0,mean_valid_faces,equal_duration_50_bins,PASS,,
-UuX1xuaiiE_0,vision,28,2.0328,2.1054,0,0,mean_valid_faces,equal_duration_50_bins,PASS,,
-UuX1xuaiiE_0,vision,29,2.1054,2.178,0,0,mean_valid_faces,equal_duration_50_bins,PASS,,
-UuX1xuaiiE_0,vision,30,2.178,2.2506,0,0,mean_valid_faces,equal_duration_50_bins,PASS,,
-UuX1xuaiiE_0,vision,31,2.2506,2.3232,0,0,mean_valid_faces,equal_duration_50_bins,PASS,,
-UuX1xuaiiE_0,vision,32,2.3232,2.3958,0,0,mean_valid_faces,equal_duration_50_bins,PASS,,
-UuX1xuaiiE_0,vision,33,2.3958,2.4684,0,0,mean_valid_faces,equal_duration_50_bins,PASS,,
-UuX1xuaiiE_0,vision,34,2.4684,2.541,0,0,mean_valid_faces,equal_duration_50_bins,PASS,,
-UuX1xuaiiE_0,vision,35,2.541,2.6136,0,0,mean_valid_faces,equal_duration_50_bins,PASS,,
-UuX1xuaiiE_0,vision,36,2.6136,2.6862,0,0,mean_valid_faces,equal_duration_50_bins,PASS,,
-UuX1xuaiiE_0,vision,37,2.6862,2.7588,0,0,mean_valid_faces,equal_duration_50_bins,PASS,,
-UuX1xuaiiE_0,vision,38,2.7588,2.8314,0,0,mean_valid_faces,equal_duration_50_bins,PASS,,
-UuX1xuaiiE_0,vision,39,2.8314,2.904,0,0,mean_valid_faces,equal_duration_50_bins,PASS,,
-UuX1xuaiiE_0,vision,40,2.904,2.9765999999999995,0,0,mean_valid_faces,equal_duration_50_bins,PASS,,
-UuX1xuaiiE_0,vision,41,2.9765999999999995,3.0492000000000004,0,0,mean_valid_faces,equal_duration_50_bins,PASS,,
-UuX1xuaiiE_0,vision,42,3.0492000000000004,3.1218,0,0,mean_valid_faces,equal_duration_50_bins,PASS,,
-UuX1xuaiiE_0,vision,43,3.1218,3.1944,0,0,mean_valid_faces,equal_duration_50_bins,PASS,,
-UuX1xuaiiE_0,vision,44,3.1944,3.267,0,0,mean_valid_faces,equal_duration_50_bins,PASS,,
-UuX1xuaiiE_0,vision,45,3.267,3.3396,0,0,mean_valid_faces,equal_duration_50_bins,PASS,,
-UuX1xuaiiE_0,vision,46,3.3396,3.4122,0,0,mean_valid_faces,equal_duration_50_bins,PASS,,
-UuX1xuaiiE_0,vision,47,3.4122,3.4848000000000003,0,0,mean_valid_faces,equal_duration_50_bins,PASS,,
-UuX1xuaiiE_0,vision,48,3.4848000000000003,3.5574,0,0,mean_valid_faces,equal_duration_50_bins,PASS,,
-UuX1xuaiiE_0,vision,49,3.5574,3.63,0,0,mean_valid_faces,equal_duration_50_bins,PASS,,
-UuX1xuaiiE_3,vision,0,0.0,0.08259999999999999,1,1,mean_valid_faces,equal_duration_50_bins,PASS,,
-UuX1xuaiiE_3,vision,1,0.08259999999999999,0.16519999999999999,1,1,mean_valid_faces,equal_duration_50_bins,PASS,,
-UuX1xuaiiE_3,vision,2,0.16519999999999999,0.24780000000000002,1,1,mean_valid_faces,equal_duration_50_bins,PASS,,
-UuX1xuaiiE_3,vision,3,0.24780000000000002,0.33039999999999997,1,1,mean_valid_faces,equal_duration_50_bins,PASS,,
-UuX1xuaiiE_3,vision,4,0.33039999999999997,0.413,1,1,mean_valid_faces,equal_duration_50_bins,PASS,,
-UuX1xuaiiE_3,vision,5,0.413,0.49560000000000004,0,0,mean_valid_faces,equal_duration_50_bins,PASS,,
-UuX1xuaiiE_3,vision,6,0.49560000000000004,0.5782,1,1,mean_valid_faces,equal_duration_50_bins,PASS,,
-UuX1xuaiiE_3,vision,7,0.5782,0.6607999999999999,1,1,mean_valid_faces,equal_duration_50_bins,PASS,,
-UuX1xuaiiE_3,vision,8,0.6607999999999999,0.7434000000000001,1,1,mean_valid_faces,equal_duration_50_bins,PASS,,
-UuX1xuaiiE_3,vision,9,0.7434000000000001,0.826,1,1,mean_valid_faces,equal_duration_50_bins,PASS,,
-UuX1xuaiiE_3,vision,10,0.826,0.9086,1,1,mean_valid_faces,equal_duration_50_bins,PASS,,
-UuX1xuaiiE_3,vision,11,0.9086,0.9912000000000001,0,0,mean_valid_faces,equal_duration_50_bins,PASS,,
-UuX1xuaiiE_3,vision,12,0.9912000000000001,1.0737999999999999,1,1,mean_valid_faces,equal_duration_50_bins,PASS,,
-UuX1xuaiiE_3,vision,13,1.0737999999999999,1.1564,1,1,mean_valid_faces,equal_duration_50_bins,PASS,,
-UuX1xuaiiE_3,vision,14,1.1564,1.2389999999999999,1,1,mean_valid_faces,equal_duration_50_bins,PASS,,
-UuX1xuaiiE_3,vision,15,1.2389999999999999,1.3215999999999999,1,1,mean_valid_faces,equal_duration_50_bins,PASS,,
-UuX1xuaiiE_3,vision,16,1.3215999999999999,1.4042,1,1,mean_valid_faces,equal_duration_50_bins,PASS,,
-UuX1xuaiiE_3,vision,17,1.4042,1.4868000000000001,0,0,mean_valid_faces,equal_duration_50_bins,PASS,,
-UuX1xuaiiE_3,vision,18,1.4868000000000001,1.5694,1,1,mean_valid_faces,equal_duration_50_bins,PASS,,
-UuX1xuaiiE_3,vision,19,1.5694,1.652,1,1,mean_valid_faces,equal_duration_50_bins,PASS,,
-UuX1xuaiiE_3,vision,20,1.652,1.7346000000000001,1,1,mean_valid_faces,equal_duration_50_bins,PASS,,
-UuX1xuaiiE_3,vision,21,1.7346000000000001,1.8172,1,1,mean_valid_faces,equal_duration_50_bins,PASS,,
-UuX1xuaiiE_3,vision,22,1.8172,1.8998,0,0,mean_valid_faces,equal_duration_50_bins,PASS,,
-UuX1xuaiiE_3,vision,23,1.8998,1.9824000000000002,1,1,mean_valid_faces,equal_duration_50_bins,PASS,,
-UuX1xuaiiE_3,vision,24,1.9824000000000002,2.065,1,1,mean_valid_faces,equal_duration_50_bins,PASS,,
-UuX1xuaiiE_3,vision,25,2.065,2.1475999999999997,1,1,mean_valid_faces,equal_duration_50_bins,PASS,,
-UuX1xuaiiE_3,vision,26,2.1475999999999997,2.2302,1,1,mean_valid_faces,equal_duration_50_bins,PASS,,
-UuX1xuaiiE_3,vision,27,2.2302,2.3128,1,1,mean_valid_faces,equal_duration_50_bins,PASS,,
-UuX1xuaiiE_3,vision,28,2.3128,2.3954,0,0,mean_valid_faces,equal_duration_50_bins,PASS,,
-UuX1xuaiiE_3,vision,29,2.3954,2.4779999999999998,1,1,mean_valid_faces,equal_duration_50_bins,PASS,,
-UuX1xuaiiE_3,vision,30,2.4779999999999998,2.5606,1,1,mean_valid_faces,equal_duration_50_bins,PASS,,
-UuX1xuaiiE_3,vision,31,2.5606,2.6431999999999998,1,1,mean_valid_faces,equal_duration_50_bins,PASS,,
-UuX1xuaiiE_3,vision,32,2.6431999999999998,2.7258,1,1,mean_valid_faces,equal_duration_50_bins,PASS,,
-UuX1xuaiiE_3,vision,33,2.7258,2.8084,1,1,mean_valid_faces,equal_duration_50_bins,PASS,,
-UuX1xuaiiE_3,vision,34,2.8084,2.8909999999999996,0,0,mean_valid_faces,equal_duration_50_bins,PASS,,
-UuX1xuaiiE_3,vision,35,2.8909999999999996,2.9736000000000002,1,1,mean_valid_faces,equal_duration_50_bins,PASS,,
-UuX1xuaiiE_3,vision,36,2.9736000000000002,3.0562,1,1,mean_valid_faces,equal_duration_50_bins,PASS,,
-UuX1xuaiiE_3,vision,37,3.0562,3.1388,1,1,mean_valid_faces,equal_duration_50_bins,PASS,,
-UuX1xuaiiE_3,vision,38,3.1388,3.2214,1,1,mean_valid_faces,equal_duration_50_bins,PASS,,
-UuX1xuaiiE_3,vision,39,3.2214,3.304,1,1,mean_valid_faces,equal_duration_50_bins,PASS,,
-UuX1xuaiiE_3,vision,40,3.304,3.3865999999999996,0,0,mean_valid_faces,equal_duration_50_bins,PASS,,
-UuX1xuaiiE_3,vision,41,3.3865999999999996,3.4692000000000003,1,1,mean_valid_faces,equal_duration_50_bins,PASS,,
-UuX1xuaiiE_3,vision,42,3.4692000000000003,3.5518,1,1,mean_valid_faces,equal_duration_50_bins,PASS,,
-UuX1xuaiiE_3,vision,43,3.5518,3.6344,1,1,mean_valid_faces,equal_duration_50_bins,PASS,,
-UuX1xuaiiE_3,vision,44,3.6344,3.717,1,1,mean_valid_faces,equal_duration_50_bins,PASS,,
-UuX1xuaiiE_3,vision,45,3.717,3.7996,0,0,mean_valid_faces,equal_duration_50_bins,PASS,,
-UuX1xuaiiE_3,vision,46,3.7996,3.8821999999999997,1,1,mean_valid_faces,equal_duration_50_bins,PASS,,
-UuX1xuaiiE_3,vision,47,3.8821999999999997,3.9648000000000003,1,1,mean_valid_faces,equal_duration_50_bins,PASS,,
-UuX1xuaiiE_3,vision,48,3.9648000000000003,4.0474,1,1,mean_valid_faces,equal_duration_50_bins,PASS,,
-UuX1xuaiiE_3,vision,49,4.0474,4.13,0,0,mean_valid_faces,equal_duration_50_bins,PASS,,
-UuX1xuaiiE_6,vision,0,0.0,0.16219999999999998,2,1,mean_valid_faces,equal_duration_50_bins,PASS,,
-UuX1xuaiiE_6,vision,1,0.16219999999999998,0.32439999999999997,2,1,mean_valid_faces,equal_duration_50_bins,PASS,,
-UuX1xuaiiE_6,vision,2,0.32439999999999997,0.4866,1,1,mean_valid_faces,equal_duration_50_bins,PASS,,
-UuX1xuaiiE_6,vision,3,0.4866,0.6487999999999999,2,1,mean_valid_faces,equal_duration_50_bins,PASS,,
-UuX1xuaiiE_6,vision,4,0.6487999999999999,0.8109999999999999,2,1,mean_valid_faces,equal_duration_50_bins,PASS,,
-UuX1xuaiiE_6,vision,5,0.8109999999999999,0.9732,1,1,mean_valid_faces,equal_duration_50_bins,PASS,,
-UuX1xuaiiE_6,vision,6,0.9732,1.1354,2,1,mean_valid_faces,equal_duration_50_bins,PASS,,
-UuX1xuaiiE_6,vision,7,1.1354,1.2975999999999999,1,1,mean_valid_faces,equal_duration_50_bins,PASS,,
-UuX1xuaiiE_6,vision,8,1.2975999999999999,1.4598,2,1,mean_valid_faces,equal_duration_50_bins,PASS,,
-UuX1xuaiiE_6,vision,9,1.4598,1.6219999999999999,2,1,mean_valid_faces,equal_duration_50_bins,PASS,,
-UuX1xuaiiE_6,vision,10,1.6219999999999999,1.7841999999999998,1,1,mean_valid_faces,equal_duration_50_bins,PASS,,
-UuX1xuaiiE_6,vision,11,1.7841999999999998,1.9464,2,1,mean_valid_faces,equal_duration_50_bins,PASS,,
-UuX1xuaiiE_6,vision,12,1.9464,2.1086,2,1,mean_valid_faces,equal_duration_50_bins,PASS,,
-UuX1xuaiiE_6,vision,13,2.1086,2.2708,1,1,mean_valid_faces,equal_duration_50_bins,PASS,,
-UuX1xuaiiE_6,vision,14,2.2708,2.433,2,1,mean_valid_faces,equal_duration_50_bins,PASS,,
-UuX1xuaiiE_6,vision,15,2.433,2.5951999999999997,1,1,mean_valid_faces,equal_duration_50_bins,PASS,,
-UuX1xuaiiE_6,vision,16,2.5951999999999997,2.7574,2,1,mean_valid_faces,equal_duration_50_bins,PASS,,
-UuX1xuaiiE_6,vision,17,2.7574,2.9196,2,1,mean_valid_faces,equal_duration_50_bins,PASS,,
-UuX1xuaiiE_6,vision,18,2.9196,3.0817999999999994,1,1,mean_valid_faces,equal_duration_50_bins,PASS,,
-UuX1xuaiiE_6,vision,19,3.0817999999999994,3.2439999999999998,2,1,mean_valid_faces,equal_duration_50_bins,PASS,,
-UuX1xuaiiE_6,vision,20,3.2439999999999998,3.4062,2,1,mean_valid_faces,equal_duration_50_bins,PASS,,
-UuX1xuaiiE_6,vision,21,3.4062,3.5683999999999996,1,1,mean_valid_faces,equal_duration_50_bins,PASS,,
-UuX1xuaiiE_6,vision,22,3.5683999999999996,3.7305999999999995,2,1,mean_valid_faces,equal_duration_50_bins,PASS,,
-UuX1xuaiiE_6,vision,23,3.7305999999999995,3.8928,1,1,mean_valid_faces,equal_duration_50_bins,PASS,,
-UuX1xuaiiE_6,vision,24,3.8928,4.055,2,1,mean_valid_faces,equal_duration_50_bins,PASS,,
-UuX1xuaiiE_6,vision,25,4.055,4.2172,2,1,mean_valid_faces,equal_duration_50_bins,PASS,,
-UuX1xuaiiE_6,vision,26,4.2172,4.3793999999999995,1,1,mean_valid_faces,equal_duration_50_bins,PASS,,
-UuX1xuaiiE_6,vision,27,4.3793999999999995,4.5416,2,1,mean_valid_faces,equal_duration_50_bins,PASS,,
-UuX1xuaiiE_6,vision,28,4.5416,4.7038,2,1,mean_valid_faces,equal_duration_50_bins,PASS,,
-UuX1xuaiiE_6,vision,29,4.7038,4.866,1,1,mean_valid_faces,equal_duration_50_bins,PASS,,
-UuX1xuaiiE_6,vision,30,4.866,5.028199999999999,2,1,mean_valid_faces,equal_duration_50_bins,PASS,,
-UuX1xuaiiE_6,vision,31,5.028199999999999,5.1903999999999995,1,1,mean_valid_faces,equal_duration_50_bins,PASS,,
-UuX1xuaiiE_6,vision,32,5.1903999999999995,5.3526,2,1,mean_valid_faces,equal_duration_50_bins,PASS,,
-UuX1xuaiiE_6,vision,33,5.3526,5.5148,2,1,mean_valid_faces,equal_duration_50_bins,PASS,,
-UuX1xuaiiE_6,vision,34,5.5148,5.677,1,1,mean_valid_faces,equal_duration_50_bins,PASS,,
-UuX1xuaiiE_6,vision,35,5.677,5.8392,2,1,mean_valid_faces,equal_duration_50_bins,PASS,,
-UuX1xuaiiE_6,vision,36,5.8392,6.0014,2,1,mean_valid_faces,equal_duration_50_bins,PASS,,
-UuX1xuaiiE_6,vision,37,6.0014,6.163599999999999,1,1,mean_valid_faces,equal_duration_50_bins,PASS,,
-UuX1xuaiiE_6,vision,38,6.163599999999999,6.325799999999999,2,1,mean_valid_faces,equal_duration_50_bins,PASS,,
-UuX1xuaiiE_6,vision,39,6.325799999999999,6.4879999999999995,1,1,mean_valid_faces,equal_duration_50_bins,PASS,,
-UuX1xuaiiE_6,vision,40,6.4879999999999995,6.6502,2,1,mean_valid_faces,equal_duration_50_bins,PASS,,
-UuX1xuaiiE_6,vision,41,6.6502,6.8124,2,1,mean_valid_faces,equal_duration_50_bins,PASS,,
-UuX1xuaiiE_6,vision,42,6.8124,6.974599999999999,1,1,mean_valid_faces,equal_duration_50_bins,PASS,,
-UuX1xuaiiE_6,vision,43,6.974599999999999,7.136799999999999,2,1,mean_valid_faces,equal_duration_50_bins,PASS,,
-UuX1xuaiiE_6,vision,44,7.136799999999999,7.2989999999999995,1,1,mean_valid_faces,equal_duration_50_bins,PASS,,
-UuX1xuaiiE_6,vision,45,7.2989999999999995,7.461199999999999,2,1,mean_valid_faces,equal_duration_50_bins,PASS,,
-UuX1xuaiiE_6,vision,46,7.461199999999999,7.623399999999999,2,1,mean_valid_faces,equal_duration_50_bins,PASS,,
-UuX1xuaiiE_6,vision,47,7.623399999999999,7.7856,1,1,mean_valid_faces,equal_duration_50_bins,PASS,,
-UuX1xuaiiE_6,vision,48,7.7856,7.9478,2,1,mean_valid_faces,equal_duration_50_bins,PASS,,
-UuX1xuaiiE_6,vision,49,7.9478,8.11,1,1,mean_valid_faces,equal_duration_50_bins,PASS,,
-a55Q6RWvTA_3,vision,0,0.0,0.44299999999999995,5,1,mean_valid_faces,equal_duration_50_bins,PASS,,
-a55Q6RWvTA_3,vision,1,0.44299999999999995,0.8859999999999999,0,0,mean_valid_faces,equal_duration_50_bins,PASS,,
-a55Q6RWvTA_3,vision,2,0.8859999999999999,1.3289999999999997,0,0,mean_valid_faces,equal_duration_50_bins,PASS,,
-a55Q6RWvTA_3,vision,3,1.3289999999999997,1.7719999999999998,2,1,mean_valid_faces,equal_duration_50_bins,PASS,,
-a55Q6RWvTA_3,vision,4,1.7719999999999998,2.215,5,1,mean_valid_faces,equal_duration_50_bins,PASS,,
-a55Q6RWvTA_3,vision,5,2.215,2.6579999999999995,4,1,mean_valid_faces,equal_duration_50_bins,PASS,,
-a55Q6RWvTA_3,vision,6,2.6579999999999995,3.1009999999999995,4,1,mean_valid_faces,equal_duration_50_bins,PASS,,
-a55Q6RWvTA_3,vision,7,3.1009999999999995,3.5439999999999996,3,1,mean_valid_faces,equal_duration_50_bins,PASS,,
-a55Q6RWvTA_3,vision,8,3.5439999999999996,3.987,4,1,mean_valid_faces,equal_duration_50_bins,PASS,,
-a55Q6RWvTA_3,vision,9,3.987,4.43,5,1,mean_valid_faces,equal_duration_50_bins,PASS,,
-a55Q6RWvTA_3,vision,10,4.43,4.872999999999999,4,1,mean_valid_faces,equal_duration_50_bins,PASS,,
-a55Q6RWvTA_3,vision,11,4.872999999999999,5.315999999999999,5,1,mean_valid_faces,equal_duration_50_bins,PASS,,
-a55Q6RWvTA_3,vision,12,5.315999999999999,5.7589999999999995,4,1,mean_valid_faces,equal_duration_50_bins,PASS,,
-a55Q6RWvTA_3,vision,13,5.7589999999999995,6.201999999999999,5,1,mean_valid_faces,equal_duration_50_bins,PASS,,
-a55Q6RWvTA_3,vision,14,6.201999999999999,6.645,4,1,mean_valid_faces,equal_duration_50_bins,PASS,,
-a55Q6RWvTA_3,vision,15,6.645,7.087999999999999,4,1,mean_valid_faces,equal_duration_50_bins,PASS,,
-a55Q6RWvTA_3,vision,16,7.087999999999999,7.530999999999999,5,1,mean_valid_faces,equal_duration_50_bins,PASS,,
-a55Q6RWvTA_3,vision,17,7.530999999999999,7.974,4,1,mean_valid_faces,equal_duration_50_bins,PASS,,
-a55Q6RWvTA_3,vision,18,7.974,8.417,5,1,mean_valid_faces,equal_duration_50_bins,PASS,,
-a55Q6RWvTA_3,vision,19,8.417,8.86,4,1,mean_valid_faces,equal_duration_50_bins,PASS,,
-a55Q6RWvTA_3,vision,20,8.86,9.302999999999999,3,1,mean_valid_faces,equal_duration_50_bins,PASS,,
-a55Q6RWvTA_3,vision,21,9.302999999999999,9.745999999999999,3,1,mean_valid_faces,equal_duration_50_bins,PASS,,
-a55Q6RWvTA_3,vision,22,9.745999999999999,10.189,3,1,mean_valid_faces,equal_duration_50_bins,PASS,,
-a55Q6RWvTA_3,vision,23,10.189,10.631999999999998,5,1,mean_valid_faces,equal_duration_50_bins,PASS,,
-a55Q6RWvTA_3,vision,24,10.631999999999998,11.075,4,1,mean_valid_faces,equal_duration_50_bins,PASS,,
-a55Q6RWvTA_3,vision,25,11.075,11.517999999999999,5,1,mean_valid_faces,equal_duration_50_bins,PASS,,
-a55Q6RWvTA_3,vision,26,11.517999999999999,11.960999999999999,4,1,mean_valid_faces,equal_duration_50_bins,PASS,,
-a55Q6RWvTA_3,vision,27,11.960999999999999,12.403999999999998,5,1,mean_valid_faces,equal_duration_50_bins,PASS,,
-a55Q6RWvTA_3,vision,28,12.403999999999998,12.846999999999998,0,0,mean_valid_faces,equal_duration_50_bins,PASS,,
-a55Q6RWvTA_3,vision,29,12.846999999999998,13.29,2,1,mean_valid_faces,equal_duration_50_bins,PASS,,
-a55Q6RWvTA_3,vision,30,13.29,13.732999999999999,5,1,mean_valid_faces,equal_duration_50_bins,PASS,,
-a55Q6RWvTA_3,vision,31,13.732999999999999,14.175999999999998,4,1,mean_valid_faces,equal_duration_50_bins,PASS,,
-a55Q6RWvTA_3,vision,32,14.175999999999998,14.618999999999998,4,1,mean_valid_faces,equal_duration_50_bins,PASS,,
-a55Q6RWvTA_3,vision,33,14.618999999999998,15.061999999999998,4,1,mean_valid_faces,equal_duration_50_bins,PASS,,
-a55Q6RWvTA_3,vision,34,15.061999999999998,15.505,5,1,mean_valid_faces,equal_duration_50_bins,PASS,,
-a55Q6RWvTA_3,vision,35,15.505,15.948,4,1,mean_valid_faces,equal_duration_50_bins,PASS,,
-a55Q6RWvTA_3,vision,36,15.948,16.391,3,1,mean_valid_faces,equal_duration_50_bins,PASS,,
-a55Q6RWvTA_3,vision,37,16.391,16.834,5,1,mean_valid_faces,equal_duration_50_bins,PASS,,
-a55Q6RWvTA_3,vision,38,16.834,17.276999999999997,4,1,mean_valid_faces,equal_duration_50_bins,PASS,,
-a55Q6RWvTA_3,vision,39,17.276999999999997,17.72,5,1,mean_valid_faces,equal_duration_50_bins,PASS,,
-a55Q6RWvTA_3,vision,40,17.72,18.163,4,1,mean_valid_faces,equal_duration_50_bins,PASS,,
-a55Q6RWvTA_3,vision,41,18.163,18.605999999999998,5,1,mean_valid_faces,equal_duration_50_bins,PASS,,
-a55Q6RWvTA_3,vision,42,18.605999999999998,19.049,4,1,mean_valid_faces,equal_duration_50_bins,PASS,,
-a55Q6RWvTA_3,vision,43,19.049,19.491999999999997,4,1,mean_valid_faces,equal_duration_50_bins,PASS,,
-a55Q6RWvTA_3,vision,44,19.491999999999997,19.935,5,1,mean_valid_faces,equal_duration_50_bins,PASS,,
-a55Q6RWvTA_3,vision,45,19.935,20.378,4,1,mean_valid_faces,equal_duration_50_bins,PASS,,
-a55Q6RWvTA_3,vision,46,20.378,20.820999999999998,5,1,mean_valid_faces,equal_duration_50_bins,PASS,,
-a55Q6RWvTA_3,vision,47,20.820999999999998,21.263999999999996,4,1,mean_valid_faces,equal_duration_50_bins,PASS,,
-a55Q6RWvTA_3,vision,48,21.263999999999996,21.706999999999997,5,1,mean_valid_faces,equal_duration_50_bins,PASS,,
-a55Q6RWvTA_3,vision,49,21.706999999999997,22.15,4,1,mean_valid_faces,equal_duration_50_bins,PASS,,
-aNfi7CP8vM_7,vision,0,0.0,0.17379999999999998,2,1,mean_valid_faces,equal_duration_50_bins,PASS,,
-aNfi7CP8vM_7,vision,1,0.17379999999999998,0.34759999999999996,2,1,mean_valid_faces,equal_duration_50_bins,PASS,,
-aNfi7CP8vM_7,vision,2,0.34759999999999996,0.5214,2,1,mean_valid_faces,equal_duration_50_bins,PASS,,
-aNfi7CP8vM_7,vision,3,0.5214,0.6951999999999999,1,1,mean_valid_faces,equal_duration_50_bins,PASS,,
-aNfi7CP8vM_7,vision,4,0.6951999999999999,0.8689999999999999,2,1,mean_valid_faces,equal_duration_50_bins,PASS,,
-aNfi7CP8vM_7,vision,5,0.8689999999999999,1.0428,2,1,mean_valid_faces,equal_duration_50_bins,PASS,,
-aNfi7CP8vM_7,vision,6,1.0428,1.2166,2,1,mean_valid_faces,equal_duration_50_bins,PASS,,
-aNfi7CP8vM_7,vision,7,1.2166,1.3903999999999999,1,1,mean_valid_faces,equal_duration_50_bins,PASS,,
-aNfi7CP8vM_7,vision,8,1.3903999999999999,1.5641999999999998,2,1,mean_valid_faces,equal_duration_50_bins,PASS,,
-aNfi7CP8vM_7,vision,9,1.5641999999999998,1.7379999999999998,2,1,mean_valid_faces,equal_duration_50_bins,PASS,,
-aNfi7CP8vM_7,vision,10,1.7379999999999998,1.9117999999999997,2,1,mean_valid_faces,equal_duration_50_bins,PASS,,
-aNfi7CP8vM_7,vision,11,1.9117999999999997,2.0856,1,1,mean_valid_faces,equal_duration_50_bins,PASS,,
-aNfi7CP8vM_7,vision,12,2.0856,2.2594,2,1,mean_valid_faces,equal_duration_50_bins,PASS,,
-aNfi7CP8vM_7,vision,13,2.2594,2.4332,2,1,mean_valid_faces,equal_duration_50_bins,PASS,,
-aNfi7CP8vM_7,vision,14,2.4332,2.6069999999999998,2,1,mean_valid_faces,equal_duration_50_bins,PASS,,
-aNfi7CP8vM_7,vision,15,2.6069999999999998,2.7807999999999997,1,1,mean_valid_faces,equal_duration_50_bins,PASS,,
-aNfi7CP8vM_7,vision,16,2.7807999999999997,2.9545999999999997,2,1,mean_valid_faces,equal_duration_50_bins,PASS,,
-aNfi7CP8vM_7,vision,17,2.9545999999999997,3.1283999999999996,2,1,mean_valid_faces,equal_duration_50_bins,PASS,,
-aNfi7CP8vM_7,vision,18,3.1283999999999996,3.3021999999999996,2,1,mean_valid_faces,equal_duration_50_bins,PASS,,
-aNfi7CP8vM_7,vision,19,3.3021999999999996,3.4759999999999995,1,1,mean_valid_faces,equal_duration_50_bins,PASS,,
-aNfi7CP8vM_7,vision,20,3.4759999999999995,3.6497999999999995,2,1,mean_valid_faces,equal_duration_50_bins,PASS,,
-aNfi7CP8vM_7,vision,21,3.6497999999999995,3.8235999999999994,2,1,mean_valid_faces,equal_duration_50_bins,PASS,,
-aNfi7CP8vM_7,vision,22,3.8235999999999994,3.9973999999999994,1,1,mean_valid_faces,equal_duration_50_bins,PASS,,
-aNfi7CP8vM_7,vision,23,3.9973999999999994,4.1712,2,1,mean_valid_faces,equal_duration_50_bins,PASS,,
-aNfi7CP8vM_7,vision,24,4.1712,4.345,2,1,mean_valid_faces,equal_duration_50_bins,PASS,,
-aNfi7CP8vM_7,vision,25,4.345,4.5188,2,1,mean_valid_faces,equal_duration_50_bins,PASS,,
-aNfi7CP8vM_7,vision,26,4.5188,4.6926,1,1,mean_valid_faces,equal_duration_50_bins,PASS,,
-aNfi7CP8vM_7,vision,27,4.6926,4.8664,2,1,mean_valid_faces,equal_duration_50_bins,PASS,,
-aNfi7CP8vM_7,vision,28,4.8664,5.0402,2,1,mean_valid_faces,equal_duration_50_bins,PASS,,
-aNfi7CP8vM_7,vision,29,5.0402,5.2139999999999995,2,1,mean_valid_faces,equal_duration_50_bins,PASS,,
-aNfi7CP8vM_7,vision,30,5.2139999999999995,5.3877999999999995,1,1,mean_valid_faces,equal_duration_50_bins,PASS,,
-aNfi7CP8vM_7,vision,31,5.3877999999999995,5.561599999999999,2,1,mean_valid_faces,equal_duration_50_bins,PASS,,
-aNfi7CP8vM_7,vision,32,5.561599999999999,5.735399999999999,2,1,mean_valid_faces,equal_duration_50_bins,PASS,,
-aNfi7CP8vM_7,vision,33,5.735399999999999,5.909199999999999,2,1,mean_valid_faces,equal_duration_50_bins,PASS,,
-aNfi7CP8vM_7,vision,34,5.909199999999999,6.082999999999999,1,1,mean_valid_faces,equal_duration_50_bins,PASS,,
-aNfi7CP8vM_7,vision,35,6.082999999999999,6.256799999999999,2,1,mean_valid_faces,equal_duration_50_bins,PASS,,
-aNfi7CP8vM_7,vision,36,6.256799999999999,6.430599999999999,2,1,mean_valid_faces,equal_duration_50_bins,PASS,,
-aNfi7CP8vM_7,vision,37,6.430599999999999,6.604399999999999,2,1,mean_valid_faces,equal_duration_50_bins,PASS,,
-aNfi7CP8vM_7,vision,38,6.604399999999999,6.778199999999999,1,1,mean_valid_faces,equal_duration_50_bins,PASS,,
-aNfi7CP8vM_7,vision,39,6.778199999999999,6.951999999999999,2,1,mean_valid_faces,equal_duration_50_bins,PASS,,
-aNfi7CP8vM_7,vision,40,6.951999999999999,7.125799999999999,2,1,mean_valid_faces,equal_duration_50_bins,PASS,,
-aNfi7CP8vM_7,vision,41,7.125799999999999,7.299599999999999,1,1,mean_valid_faces,equal_duration_50_bins,PASS,,
-aNfi7CP8vM_7,vision,42,7.299599999999999,7.473399999999999,2,1,mean_valid_faces,equal_duration_50_bins,PASS,,
-aNfi7CP8vM_7,vision,43,7.473399999999999,7.647199999999999,2,1,mean_valid_faces,equal_duration_50_bins,PASS,,
-aNfi7CP8vM_7,vision,44,7.647199999999999,7.820999999999999,2,1,mean_valid_faces,equal_duration_50_bins,PASS,,
-aNfi7CP8vM_7,vision,45,7.820999999999999,7.994799999999999,1,1,mean_valid_faces,equal_duration_50_bins,PASS,,
-aNfi7CP8vM_7,vision,46,7.994799999999999,8.1686,2,1,mean_valid_faces,equal_duration_50_bins,PASS,,
-aNfi7CP8vM_7,vision,47,8.1686,8.3424,2,1,mean_valid_faces,equal_duration_50_bins,PASS,,
-aNfi7CP8vM_7,vision,48,8.3424,8.5162,2,1,mean_valid_faces,equal_duration_50_bins,PASS,,
-aNfi7CP8vM_7,vision,49,8.5162,8.69,1,1,mean_valid_faces,equal_duration_50_bins,PASS,,
-aqamKhZ1Ec_0,vision,0,0.0,0.2194,3,1,mean_valid_faces,equal_duration_50_bins,PASS,,
-aqamKhZ1Ec_0,vision,1,0.2194,0.4388,2,1,mean_valid_faces,equal_duration_50_bins,PASS,,
-aqamKhZ1Ec_0,vision,2,0.4388,0.6582000000000001,2,1,mean_valid_faces,equal_duration_50_bins,PASS,,
-aqamKhZ1Ec_0,vision,3,0.6582000000000001,0.8776,2,1,mean_valid_faces,equal_duration_50_bins,PASS,,
-aqamKhZ1Ec_0,vision,4,0.8776,1.097,2,1,mean_valid_faces,equal_duration_50_bins,PASS,,
-aqamKhZ1Ec_0,vision,5,1.097,1.3164000000000002,3,1,mean_valid_faces,equal_duration_50_bins,PASS,,
-aqamKhZ1Ec_0,vision,6,1.3164000000000002,1.5358,2,1,mean_valid_faces,equal_duration_50_bins,PASS,,
-aqamKhZ1Ec_0,vision,7,1.5358,1.7552,2,1,mean_valid_faces,equal_duration_50_bins,PASS,,
-aqamKhZ1Ec_0,vision,8,1.7552,1.9746000000000001,2,1,mean_valid_faces,equal_duration_50_bins,PASS,,
-aqamKhZ1Ec_0,vision,9,1.9746000000000001,2.194,2,1,mean_valid_faces,equal_duration_50_bins,PASS,,
-aqamKhZ1Ec_0,vision,10,2.194,2.4134,3,1,mean_valid_faces,equal_duration_50_bins,PASS,,
-aqamKhZ1Ec_0,vision,11,2.4134,2.6328000000000005,2,1,mean_valid_faces,equal_duration_50_bins,PASS,,
-aqamKhZ1Ec_0,vision,12,2.6328000000000005,2.8522000000000003,2,1,mean_valid_faces,equal_duration_50_bins,PASS,,
-aqamKhZ1Ec_0,vision,13,2.8522000000000003,3.0716,2,1,mean_valid_faces,equal_duration_50_bins,PASS,,
-aqamKhZ1Ec_0,vision,14,3.0716,3.2910000000000004,2,1,mean_valid_faces,equal_duration_50_bins,PASS,,
-aqamKhZ1Ec_0,vision,15,3.2910000000000004,3.5104,3,1,mean_valid_faces,equal_duration_50_bins,PASS,,
-aqamKhZ1Ec_0,vision,16,3.5104,3.7298,2,1,mean_valid_faces,equal_duration_50_bins,PASS,,
-aqamKhZ1Ec_0,vision,17,3.7298,3.9492000000000003,2,1,mean_valid_faces,equal_duration_50_bins,PASS,,
-aqamKhZ1Ec_0,vision,18,3.9492000000000003,4.1686000000000005,2,1,mean_valid_faces,equal_duration_50_bins,PASS,,
-aqamKhZ1Ec_0,vision,19,4.1686000000000005,4.388,2,1,mean_valid_faces,equal_duration_50_bins,PASS,,
-aqamKhZ1Ec_0,vision,20,4.388,4.6074,3,1,mean_valid_faces,equal_duration_50_bins,PASS,,
-aqamKhZ1Ec_0,vision,21,4.6074,4.8268,2,1,mean_valid_faces,equal_duration_50_bins,PASS,,
-aqamKhZ1Ec_0,vision,22,4.8268,5.0462,2,1,mean_valid_faces,equal_duration_50_bins,PASS,,
-aqamKhZ1Ec_0,vision,23,5.0462,5.265600000000001,2,1,mean_valid_faces,equal_duration_50_bins,PASS,,
-aqamKhZ1Ec_0,vision,24,5.265600000000001,5.485,2,1,mean_valid_faces,equal_duration_50_bins,PASS,,
-aqamKhZ1Ec_0,vision,25,5.485,5.704400000000001,3,1,mean_valid_faces,equal_duration_50_bins,PASS,,
-aqamKhZ1Ec_0,vision,26,5.704400000000001,5.9238,2,1,mean_valid_faces,equal_duration_50_bins,PASS,,
-aqamKhZ1Ec_0,vision,27,5.9238,6.1432,2,1,mean_valid_faces,equal_duration_50_bins,PASS,,
-aqamKhZ1Ec_0,vision,28,6.1432,6.3626,2,1,mean_valid_faces,equal_duration_50_bins,PASS,,
-aqamKhZ1Ec_0,vision,29,6.3626,6.582000000000001,2,1,mean_valid_faces,equal_duration_50_bins,PASS,,
-aqamKhZ1Ec_0,vision,30,6.582000000000001,6.8014,3,1,mean_valid_faces,equal_duration_50_bins,PASS,,
-aqamKhZ1Ec_0,vision,31,6.8014,7.0208,2,1,mean_valid_faces,equal_duration_50_bins,PASS,,
-aqamKhZ1Ec_0,vision,32,7.0208,7.240200000000001,2,1,mean_valid_faces,equal_duration_50_bins,PASS,,
-aqamKhZ1Ec_0,vision,33,7.240200000000001,7.4596,2,1,mean_valid_faces,equal_duration_50_bins,PASS,,
-aqamKhZ1Ec_0,vision,34,7.4596,7.679000000000001,2,1,mean_valid_faces,equal_duration_50_bins,PASS,,
-aqamKhZ1Ec_0,vision,35,7.679000000000001,7.8984000000000005,2,1,mean_valid_faces,equal_duration_50_bins,PASS,,
-aqamKhZ1Ec_0,vision,36,7.8984000000000005,8.1178,3,1,mean_valid_faces,equal_duration_50_bins,PASS,,
-aqamKhZ1Ec_0,vision,37,8.1178,8.337200000000001,2,1,mean_valid_faces,equal_duration_50_bins,PASS,,
-aqamKhZ1Ec_0,vision,38,8.337200000000001,8.556600000000001,2,1,mean_valid_faces,equal_duration_50_bins,PASS,,
-aqamKhZ1Ec_0,vision,39,8.556600000000001,8.776,2,1,mean_valid_faces,equal_duration_50_bins,PASS,,
-aqamKhZ1Ec_0,vision,40,8.776,8.9954,2,1,mean_valid_faces,equal_duration_50_bins,PASS,,
-aqamKhZ1Ec_0,vision,41,8.9954,9.2148,3,1,mean_valid_faces,equal_duration_50_bins,PASS,,
-aqamKhZ1Ec_0,vision,42,9.2148,9.4342,2,1,mean_valid_faces,equal_duration_50_bins,PASS,,
-aqamKhZ1Ec_0,vision,43,9.4342,9.6536,2,1,mean_valid_faces,equal_duration_50_bins,PASS,,
-aqamKhZ1Ec_0,vision,44,9.6536,9.873000000000001,2,1,mean_valid_faces,equal_duration_50_bins,PASS,,
-aqamKhZ1Ec_0,vision,45,9.873000000000001,10.0924,2,1,mean_valid_faces,equal_duration_50_bins,PASS,,
-aqamKhZ1Ec_0,vision,46,10.0924,10.3118,3,1,mean_valid_faces,equal_duration_50_bins,PASS,,
-aqamKhZ1Ec_0,vision,47,10.3118,10.531200000000002,2,1,mean_valid_faces,equal_duration_50_bins,PASS,,
-aqamKhZ1Ec_0,vision,48,10.531200000000002,10.750600000000002,2,1,mean_valid_faces,equal_duration_50_bins,PASS,,
-aqamKhZ1Ec_0,vision,49,10.750600000000002,10.97,2,1,mean_valid_faces,equal_duration_50_bins,PASS,,
-dxfTGcXJoc_1,vision,0,0.0,0.3232,4,1,mean_valid_faces,equal_duration_50_bins,PASS,,
-dxfTGcXJoc_1,vision,1,0.3232,0.6464,3,1,mean_valid_faces,equal_duration_50_bins,PASS,,
-dxfTGcXJoc_1,vision,2,0.6464,0.9696000000000001,3,1,mean_valid_faces,equal_duration_50_bins,PASS,,
-dxfTGcXJoc_1,vision,3,0.9696000000000001,1.2928,3,1,mean_valid_faces,equal_duration_50_bins,PASS,,
-dxfTGcXJoc_1,vision,4,1.2928,1.6159999999999999,4,1,mean_valid_faces,equal_duration_50_bins,PASS,,
-dxfTGcXJoc_1,vision,5,1.6159999999999999,1.9392000000000003,3,1,mean_valid_faces,equal_duration_50_bins,PASS,,
-dxfTGcXJoc_1,vision,6,1.9392000000000003,2.2624,3,1,mean_valid_faces,equal_duration_50_bins,PASS,,
-dxfTGcXJoc_1,vision,7,2.2624,2.5856,3,1,mean_valid_faces,equal_duration_50_bins,PASS,,
-dxfTGcXJoc_1,vision,8,2.5856,2.9088,4,1,mean_valid_faces,equal_duration_50_bins,PASS,,
-dxfTGcXJoc_1,vision,9,2.9088,3.2319999999999998,3,1,mean_valid_faces,equal_duration_50_bins,PASS,,
-dxfTGcXJoc_1,vision,10,3.2319999999999998,3.5551999999999997,3,1,mean_valid_faces,equal_duration_50_bins,PASS,,
-dxfTGcXJoc_1,vision,11,3.5551999999999997,3.8784000000000005,3,1,mean_valid_faces,equal_duration_50_bins,PASS,,
-dxfTGcXJoc_1,vision,12,3.8784000000000005,4.2016,4,1,mean_valid_faces,equal_duration_50_bins,PASS,,
-dxfTGcXJoc_1,vision,13,4.2016,4.5248,3,1,mean_valid_faces,equal_duration_50_bins,PASS,,
-dxfTGcXJoc_1,vision,14,4.5248,4.848,3,1,mean_valid_faces,equal_duration_50_bins,PASS,,
-dxfTGcXJoc_1,vision,15,4.848,5.1712,3,1,mean_valid_faces,equal_duration_50_bins,PASS,,
-dxfTGcXJoc_1,vision,16,5.1712,5.494400000000001,3,1,mean_valid_faces,equal_duration_50_bins,PASS,,
-dxfTGcXJoc_1,vision,17,5.494400000000001,5.8176,4,1,mean_valid_faces,equal_duration_50_bins,PASS,,
-dxfTGcXJoc_1,vision,18,5.8176,6.1408000000000005,3,1,mean_valid_faces,equal_duration_50_bins,PASS,,
-dxfTGcXJoc_1,vision,19,6.1408000000000005,6.4639999999999995,3,1,mean_valid_faces,equal_duration_50_bins,PASS,,
-dxfTGcXJoc_1,vision,20,6.4639999999999995,6.7872,3,1,mean_valid_faces,equal_duration_50_bins,PASS,,
-dxfTGcXJoc_1,vision,21,6.7872,7.110399999999999,4,1,mean_valid_faces,equal_duration_50_bins,PASS,,
-dxfTGcXJoc_1,vision,22,7.110399999999999,7.4336,3,1,mean_valid_faces,equal_duration_50_bins,PASS,,
-dxfTGcXJoc_1,vision,23,7.4336,7.756800000000001,3,1,mean_valid_faces,equal_duration_50_bins,PASS,,
-dxfTGcXJoc_1,vision,24,7.756800000000001,8.08,3,1,mean_valid_faces,equal_duration_50_bins,PASS,,
-dxfTGcXJoc_1,vision,25,8.08,8.4032,4,1,mean_valid_faces,equal_duration_50_bins,PASS,,
-dxfTGcXJoc_1,vision,26,8.4032,8.7264,3,1,mean_valid_faces,equal_duration_50_bins,PASS,,
-dxfTGcXJoc_1,vision,27,8.7264,9.0496,3,1,mean_valid_faces,equal_duration_50_bins,PASS,,
-dxfTGcXJoc_1,vision,28,9.0496,9.3728,3,1,mean_valid_faces,equal_duration_50_bins,PASS,,
-dxfTGcXJoc_1,vision,29,9.3728,9.696,3,1,mean_valid_faces,equal_duration_50_bins,PASS,,
-dxfTGcXJoc_1,vision,30,9.696,10.0192,4,1,mean_valid_faces,equal_duration_50_bins,PASS,,
-dxfTGcXJoc_1,vision,31,10.0192,10.3424,3,1,mean_valid_faces,equal_duration_50_bins,PASS,,
-dxfTGcXJoc_1,vision,32,10.3424,10.6656,3,1,mean_valid_faces,equal_duration_50_bins,PASS,,
-dxfTGcXJoc_1,vision,33,10.6656,10.988800000000001,3,1,mean_valid_faces,equal_duration_50_bins,PASS,,
-dxfTGcXJoc_1,vision,34,10.988800000000001,11.312000000000001,4,1,mean_valid_faces,equal_duration_50_bins,PASS,,
-dxfTGcXJoc_1,vision,35,11.312000000000001,11.6352,3,1,mean_valid_faces,equal_duration_50_bins,PASS,,
-dxfTGcXJoc_1,vision,36,11.6352,11.9584,3,1,mean_valid_faces,equal_duration_50_bins,PASS,,
-dxfTGcXJoc_1,vision,37,11.9584,12.281600000000001,3,1,mean_valid_faces,equal_duration_50_bins,PASS,,
-dxfTGcXJoc_1,vision,38,12.281600000000001,12.604800000000001,4,1,mean_valid_faces,equal_duration_50_bins,PASS,,
-dxfTGcXJoc_1,vision,39,12.604800000000001,12.927999999999999,3,1,mean_valid_faces,equal_duration_50_bins,PASS,,
-dxfTGcXJoc_1,vision,40,12.927999999999999,13.2512,3,1,mean_valid_faces,equal_duration_50_bins,PASS,,
-dxfTGcXJoc_1,vision,41,13.2512,13.5744,3,1,mean_valid_faces,equal_duration_50_bins,PASS,,
-dxfTGcXJoc_1,vision,42,13.5744,13.8976,3,1,mean_valid_faces,equal_duration_50_bins,PASS,,
-dxfTGcXJoc_1,vision,43,13.8976,14.220799999999999,4,1,mean_valid_faces,equal_duration_50_bins,PASS,,
-dxfTGcXJoc_1,vision,44,14.220799999999999,14.544,3,1,mean_valid_faces,equal_duration_50_bins,PASS,,
-dxfTGcXJoc_1,vision,45,14.544,14.8672,3,1,mean_valid_faces,equal_duration_50_bins,PASS,,
-dxfTGcXJoc_1,vision,46,14.8672,15.1904,3,1,mean_valid_faces,equal_duration_50_bins,PASS,,
-dxfTGcXJoc_1,vision,47,15.1904,15.513600000000002,4,1,mean_valid_faces,equal_duration_50_bins,PASS,,
-dxfTGcXJoc_1,vision,48,15.513600000000002,15.8368,3,1,mean_valid_faces,equal_duration_50_bins,PASS,,
-dxfTGcXJoc_1,vision,49,15.8368,16.16,3,1,mean_valid_faces,equal_duration_50_bins,PASS,,
-dxfTGcXJoc_0,vision,0,0.0,0.41,0,0,mean_valid_faces,equal_duration_50_bins,PASS,,
-dxfTGcXJoc_0,vision,1,0.41,0.82,0,0,mean_valid_faces,equal_duration_50_bins,PASS,,
-dxfTGcXJoc_0,vision,2,0.82,1.23,0,0,mean_valid_faces,equal_duration_50_bins,PASS,,
-dxfTGcXJoc_0,vision,3,1.23,1.64,0,0,mean_valid_faces,equal_duration_50_bins,PASS,,
-dxfTGcXJoc_0,vision,4,1.64,2.05,0,0,mean_valid_faces,equal_duration_50_bins,PASS,,
-dxfTGcXJoc_0,vision,5,2.05,2.46,0,0,mean_valid_faces,equal_duration_50_bins,PASS,,
-dxfTGcXJoc_0,vision,6,2.46,2.87,0,0,mean_valid_faces,equal_duration_50_bins,PASS,,
-dxfTGcXJoc_0,vision,7,2.87,3.28,0,0,mean_valid_faces,equal_duration_50_bins,PASS,,
-dxfTGcXJoc_0,vision,8,3.28,3.69,0,0,mean_valid_faces,equal_duration_50_bins,PASS,,
-dxfTGcXJoc_0,vision,9,3.69,4.1,0,0,mean_valid_faces,equal_duration_50_bins,PASS,,
-dxfTGcXJoc_0,vision,10,4.1,4.51,1,1,mean_valid_faces,equal_duration_50_bins,PASS,,
-dxfTGcXJoc_0,vision,11,4.51,4.92,4,1,mean_valid_faces,equal_duration_50_bins,PASS,,
-dxfTGcXJoc_0,vision,12,4.92,5.33,4,1,mean_valid_faces,equal_duration_50_bins,PASS,,
-dxfTGcXJoc_0,vision,13,5.33,5.74,4,1,mean_valid_faces,equal_duration_50_bins,PASS,,
-dxfTGcXJoc_0,vision,14,5.74,6.15,4,1,mean_valid_faces,equal_duration_50_bins,PASS,,
-dxfTGcXJoc_0,vision,15,6.15,6.56,4,1,mean_valid_faces,equal_duration_50_bins,PASS,,
-dxfTGcXJoc_0,vision,16,6.56,6.97,4,1,mean_valid_faces,equal_duration_50_bins,PASS,,
-dxfTGcXJoc_0,vision,17,6.97,7.38,4,1,mean_valid_faces,equal_duration_50_bins,PASS,,
-dxfTGcXJoc_0,vision,18,7.38,7.79,4,1,mean_valid_faces,equal_duration_50_bins,PASS,,
-dxfTGcXJoc_0,vision,19,7.79,8.2,5,1,mean_valid_faces,equal_duration_50_bins,PASS,,
-dxfTGcXJoc_0,vision,20,8.2,8.61,4,1,mean_valid_faces,equal_duration_50_bins,PASS,,
-dxfTGcXJoc_0,vision,21,8.61,9.02,4,1,mean_valid_faces,equal_duration_50_bins,PASS,,
-dxfTGcXJoc_0,vision,22,9.02,9.43,4,1,mean_valid_faces,equal_duration_50_bins,PASS,,
-dxfTGcXJoc_0,vision,23,9.43,9.84,4,1,mean_valid_faces,equal_duration_50_bins,PASS,,
-dxfTGcXJoc_0,vision,24,9.84,10.25,4,1,mean_valid_faces,equal_duration_50_bins,PASS,,
-dxfTGcXJoc_0,vision,25,10.25,10.66,4,1,mean_valid_faces,equal_duration_50_bins,PASS,,
-dxfTGcXJoc_0,vision,26,10.66,11.07,4,1,mean_valid_faces,equal_duration_50_bins,PASS,,
-dxfTGcXJoc_0,vision,27,11.07,11.48,4,1,mean_valid_faces,equal_duration_50_bins,PASS,,
-dxfTGcXJoc_0,vision,28,11.48,11.89,4,1,mean_valid_faces,equal_duration_50_bins,PASS,,
-dxfTGcXJoc_0,vision,29,11.89,12.3,4,1,mean_valid_faces,equal_duration_50_bins,PASS,,
-dxfTGcXJoc_0,vision,30,12.3,12.71,5,1,mean_valid_faces,equal_duration_50_bins,PASS,,
-dxfTGcXJoc_0,vision,31,12.71,13.12,4,1,mean_valid_faces,equal_duration_50_bins,PASS,,
-dxfTGcXJoc_0,vision,32,13.12,13.53,4,1,mean_valid_faces,equal_duration_50_bins,PASS,,
-dxfTGcXJoc_0,vision,33,13.53,13.94,4,1,mean_valid_faces,equal_duration_50_bins,PASS,,
-dxfTGcXJoc_0,vision,34,13.94,14.35,4,1,mean_valid_faces,equal_duration_50_bins,PASS,,
-dxfTGcXJoc_0,vision,35,14.35,14.76,4,1,mean_valid_faces,equal_duration_50_bins,PASS,,
-dxfTGcXJoc_0,vision,36,14.76,15.17,4,1,mean_valid_faces,equal_duration_50_bins,PASS,,
-dxfTGcXJoc_0,vision,37,15.17,15.58,4,1,mean_valid_faces,equal_duration_50_bins,PASS,,
-dxfTGcXJoc_0,vision,38,15.58,15.99,4,1,mean_valid_faces,equal_duration_50_bins,PASS,,
-dxfTGcXJoc_0,vision,39,15.99,16.4,5,1,mean_valid_faces,equal_duration_50_bins,PASS,,
-dxfTGcXJoc_0,vision,40,16.4,16.81,4,1,mean_valid_faces,equal_duration_50_bins,PASS,,
-dxfTGcXJoc_0,vision,41,16.81,17.22,4,1,mean_valid_faces,equal_duration_50_bins,PASS,,
-dxfTGcXJoc_0,vision,42,17.22,17.63,4,1,mean_valid_faces,equal_duration_50_bins,PASS,,
-dxfTGcXJoc_0,vision,43,17.63,18.04,4,1,mean_valid_faces,equal_duration_50_bins,PASS,,
-dxfTGcXJoc_0,vision,44,18.04,18.45,4,1,mean_valid_faces,equal_duration_50_bins,PASS,,
-dxfTGcXJoc_0,vision,45,18.45,18.86,4,1,mean_valid_faces,equal_duration_50_bins,PASS,,
-dxfTGcXJoc_0,vision,46,18.86,19.27,4,1,mean_valid_faces,equal_duration_50_bins,PASS,,
-dxfTGcXJoc_0,vision,47,19.27,19.68,4,1,mean_valid_faces,equal_duration_50_bins,PASS,,
-dxfTGcXJoc_0,vision,48,19.68,20.09,4,1,mean_valid_faces,equal_duration_50_bins,PASS,,
-dxfTGcXJoc_0,vision,49,20.09,20.5,4,1,mean_valid_faces,equal_duration_50_bins,PASS,,
-dxfTGcXJoc_2,vision,0,0.0,0.33399999999999996,4,1,mean_valid_faces,equal_duration_50_bins,PASS,,
-dxfTGcXJoc_2,vision,1,0.33399999999999996,0.6679999999999999,3,1,mean_valid_faces,equal_duration_50_bins,PASS,,
-dxfTGcXJoc_2,vision,2,0.6679999999999999,1.0019999999999998,4,1,mean_valid_faces,equal_duration_50_bins,PASS,,
-dxfTGcXJoc_2,vision,3,1.0019999999999998,1.3359999999999999,3,1,mean_valid_faces,equal_duration_50_bins,PASS,,
-dxfTGcXJoc_2,vision,4,1.3359999999999999,1.67,3,1,mean_valid_faces,equal_duration_50_bins,PASS,,
-dxfTGcXJoc_2,vision,5,1.67,2.0039999999999996,4,1,mean_valid_faces,equal_duration_50_bins,PASS,,
-dxfTGcXJoc_2,vision,6,2.0039999999999996,2.3379999999999996,3,1,mean_valid_faces,equal_duration_50_bins,PASS,,
-dxfTGcXJoc_2,vision,7,2.3379999999999996,2.6719999999999997,3,1,mean_valid_faces,equal_duration_50_bins,PASS,,
-dxfTGcXJoc_2,vision,8,2.6719999999999997,3.006,4,1,mean_valid_faces,equal_duration_50_bins,PASS,,
-dxfTGcXJoc_2,vision,9,3.006,3.34,3,1,mean_valid_faces,equal_duration_50_bins,PASS,,
-dxfTGcXJoc_2,vision,10,3.34,3.674,3,1,mean_valid_faces,equal_duration_50_bins,PASS,,
-dxfTGcXJoc_2,vision,11,3.674,4.007999999999999,4,1,mean_valid_faces,equal_duration_50_bins,PASS,,
-dxfTGcXJoc_2,vision,12,4.007999999999999,4.342,3,1,mean_valid_faces,equal_duration_50_bins,PASS,,
-dxfTGcXJoc_2,vision,13,4.342,4.675999999999999,3,1,mean_valid_faces,equal_duration_50_bins,PASS,,
-dxfTGcXJoc_2,vision,14,4.675999999999999,5.01,4,1,mean_valid_faces,equal_duration_50_bins,PASS,,
-dxfTGcXJoc_2,vision,15,5.01,5.343999999999999,3,1,mean_valid_faces,equal_duration_50_bins,PASS,,
-dxfTGcXJoc_2,vision,16,5.343999999999999,5.678,3,1,mean_valid_faces,equal_duration_50_bins,PASS,,
-dxfTGcXJoc_2,vision,17,5.678,6.012,4,1,mean_valid_faces,equal_duration_50_bins,PASS,,
-dxfTGcXJoc_2,vision,18,6.012,6.346,3,1,mean_valid_faces,equal_duration_50_bins,PASS,,
-dxfTGcXJoc_2,vision,19,6.346,6.68,3,1,mean_valid_faces,equal_duration_50_bins,PASS,,
-dxfTGcXJoc_2,vision,20,6.68,7.013999999999999,4,1,mean_valid_faces,equal_duration_50_bins,PASS,,
-dxfTGcXJoc_2,vision,21,7.013999999999999,7.348,3,1,mean_valid_faces,equal_duration_50_bins,PASS,,
-dxfTGcXJoc_2,vision,22,7.348,7.6819999999999995,3,1,mean_valid_faces,equal_duration_50_bins,PASS,,
-dxfTGcXJoc_2,vision,23,7.6819999999999995,8.015999999999998,4,1,mean_valid_faces,equal_duration_50_bins,PASS,,
-dxfTGcXJoc_2,vision,24,8.015999999999998,8.35,3,1,mean_valid_faces,equal_duration_50_bins,PASS,,
-dxfTGcXJoc_2,vision,25,8.35,8.684,3,1,mean_valid_faces,equal_duration_50_bins,PASS,,
-dxfTGcXJoc_2,vision,26,8.684,9.017999999999999,4,1,mean_valid_faces,equal_duration_50_bins,PASS,,
-dxfTGcXJoc_2,vision,27,9.017999999999999,9.351999999999999,3,1,mean_valid_faces,equal_duration_50_bins,PASS,,
-dxfTGcXJoc_2,vision,28,9.351999999999999,9.686,3,1,mean_valid_faces,equal_duration_50_bins,PASS,,
-dxfTGcXJoc_2,vision,29,9.686,10.02,4,1,mean_valid_faces,equal_duration_50_bins,PASS,,
-dxfTGcXJoc_2,vision,30,10.02,10.354,3,1,mean_valid_faces,equal_duration_50_bins,PASS,,
-dxfTGcXJoc_2,vision,31,10.354,10.687999999999999,3,1,mean_valid_faces,equal_duration_50_bins,PASS,,
-dxfTGcXJoc_2,vision,32,10.687999999999999,11.022,4,1,mean_valid_faces,equal_duration_50_bins,PASS,,
-dxfTGcXJoc_2,vision,33,11.022,11.356,3,1,mean_valid_faces,equal_duration_50_bins,PASS,,
-dxfTGcXJoc_2,vision,34,11.356,11.69,3,1,mean_valid_faces,equal_duration_50_bins,PASS,,
-dxfTGcXJoc_2,vision,35,11.69,12.024,4,1,mean_valid_faces,equal_duration_50_bins,PASS,,
-dxfTGcXJoc_2,vision,36,12.024,12.357999999999999,3,1,mean_valid_faces,equal_duration_50_bins,PASS,,
-dxfTGcXJoc_2,vision,37,12.357999999999999,12.692,3,1,mean_valid_faces,equal_duration_50_bins,PASS,,
-dxfTGcXJoc_2,vision,38,12.692,13.026,4,1,mean_valid_faces,equal_duration_50_bins,PASS,,
-dxfTGcXJoc_2,vision,39,13.026,13.36,3,1,mean_valid_faces,equal_duration_50_bins,PASS,,
-dxfTGcXJoc_2,vision,40,13.36,13.693999999999999,3,1,mean_valid_faces,equal_duration_50_bins,PASS,,
-dxfTGcXJoc_2,vision,41,13.693999999999999,14.027999999999999,4,1,mean_valid_faces,equal_duration_50_bins,PASS,,
-dxfTGcXJoc_2,vision,42,14.027999999999999,14.362,3,1,mean_valid_faces,equal_duration_50_bins,PASS,,
-dxfTGcXJoc_2,vision,43,14.362,14.696,3,1,mean_valid_faces,equal_duration_50_bins,PASS,,
-dxfTGcXJoc_2,vision,44,14.696,15.03,4,1,mean_valid_faces,equal_duration_50_bins,PASS,,
-dxfTGcXJoc_2,vision,45,15.03,15.363999999999999,3,1,mean_valid_faces,equal_duration_50_bins,PASS,,
-dxfTGcXJoc_2,vision,46,15.363999999999999,15.698,3,1,mean_valid_faces,equal_duration_50_bins,PASS,,
-dxfTGcXJoc_2,vision,47,15.698,16.031999999999996,4,1,mean_valid_faces,equal_duration_50_bins,PASS,,
-dxfTGcXJoc_2,vision,48,16.031999999999996,16.366,3,1,mean_valid_faces,equal_duration_50_bins,PASS,,
-dxfTGcXJoc_2,vision,49,16.366,16.7,3,1,mean_valid_faces,equal_duration_50_bins,PASS,,
-dxfTGcXJoc_6,vision,0,0.0,0.2548,3,1,mean_valid_faces,equal_duration_50_bins,PASS,,
-dxfTGcXJoc_6,vision,1,0.2548,0.5096,3,1,mean_valid_faces,equal_duration_50_bins,PASS,,
-dxfTGcXJoc_6,vision,2,0.5096,0.7644,2,1,mean_valid_faces,equal_duration_50_bins,PASS,,
-dxfTGcXJoc_6,vision,3,0.7644,1.0192,3,1,mean_valid_faces,equal_duration_50_bins,PASS,,
-dxfTGcXJoc_6,vision,4,1.0192,1.274,2,1,mean_valid_faces,equal_duration_50_bins,PASS,,
-dxfTGcXJoc_6,vision,5,1.274,1.5288,3,1,mean_valid_faces,equal_duration_50_bins,PASS,,
-dxfTGcXJoc_6,vision,6,1.5288,1.7836,2,1,mean_valid_faces,equal_duration_50_bins,PASS,,
-dxfTGcXJoc_6,vision,7,1.7836,2.0384,3,1,mean_valid_faces,equal_duration_50_bins,PASS,,
-dxfTGcXJoc_6,vision,8,2.0384,2.2932,2,1,mean_valid_faces,equal_duration_50_bins,PASS,,
-dxfTGcXJoc_6,vision,9,2.2932,2.548,3,1,mean_valid_faces,equal_duration_50_bins,PASS,,
-dxfTGcXJoc_6,vision,10,2.548,2.8028000000000004,3,1,mean_valid_faces,equal_duration_50_bins,PASS,,
-dxfTGcXJoc_6,vision,11,2.8028000000000004,3.0576,2,1,mean_valid_faces,equal_duration_50_bins,PASS,,
-dxfTGcXJoc_6,vision,12,3.0576,3.3124000000000002,3,1,mean_valid_faces,equal_duration_50_bins,PASS,,
-dxfTGcXJoc_6,vision,13,3.3124000000000002,3.5672,2,1,mean_valid_faces,equal_duration_50_bins,PASS,,
-dxfTGcXJoc_6,vision,14,3.5672,3.822,3,1,mean_valid_faces,equal_duration_50_bins,PASS,,
-dxfTGcXJoc_6,vision,15,3.822,4.0768,2,1,mean_valid_faces,equal_duration_50_bins,PASS,,
-dxfTGcXJoc_6,vision,16,4.0768,4.3316,3,1,mean_valid_faces,equal_duration_50_bins,PASS,,
-dxfTGcXJoc_6,vision,17,4.3316,4.5864,2,1,mean_valid_faces,equal_duration_50_bins,PASS,,
-dxfTGcXJoc_6,vision,18,4.5864,4.8412,3,1,mean_valid_faces,equal_duration_50_bins,PASS,,
-dxfTGcXJoc_6,vision,19,4.8412,5.096,2,1,mean_valid_faces,equal_duration_50_bins,PASS,,
-dxfTGcXJoc_6,vision,20,5.096,5.3508000000000004,3,1,mean_valid_faces,equal_duration_50_bins,PASS,,
-dxfTGcXJoc_6,vision,21,5.3508000000000004,5.605600000000001,3,1,mean_valid_faces,equal_duration_50_bins,PASS,,
-dxfTGcXJoc_6,vision,22,5.605600000000001,5.860399999999999,2,1,mean_valid_faces,equal_duration_50_bins,PASS,,
-dxfTGcXJoc_6,vision,23,5.860399999999999,6.1152,3,1,mean_valid_faces,equal_duration_50_bins,PASS,,
-dxfTGcXJoc_6,vision,24,6.1152,6.37,2,1,mean_valid_faces,equal_duration_50_bins,PASS,,
-dxfTGcXJoc_6,vision,25,6.37,6.6248000000000005,3,1,mean_valid_faces,equal_duration_50_bins,PASS,,
-dxfTGcXJoc_6,vision,26,6.6248000000000005,6.8796,2,1,mean_valid_faces,equal_duration_50_bins,PASS,,
-dxfTGcXJoc_6,vision,27,6.8796,7.1344,3,1,mean_valid_faces,equal_duration_50_bins,PASS,,
-dxfTGcXJoc_6,vision,28,7.1344,7.3892,2,1,mean_valid_faces,equal_duration_50_bins,PASS,,
-dxfTGcXJoc_6,vision,29,7.3892,7.644,3,1,mean_valid_faces,equal_duration_50_bins,PASS,,
-dxfTGcXJoc_6,vision,30,7.644,7.8988,2,1,mean_valid_faces,equal_duration_50_bins,PASS,,
-dxfTGcXJoc_6,vision,31,7.8988,8.1536,3,1,mean_valid_faces,equal_duration_50_bins,PASS,,
-dxfTGcXJoc_6,vision,32,8.1536,8.4084,3,1,mean_valid_faces,equal_duration_50_bins,PASS,,
-dxfTGcXJoc_6,vision,33,8.4084,8.6632,2,1,mean_valid_faces,equal_duration_50_bins,PASS,,
-dxfTGcXJoc_6,vision,34,8.6632,8.918000000000001,3,1,mean_valid_faces,equal_duration_50_bins,PASS,,
-dxfTGcXJoc_6,vision,35,8.918000000000001,9.1728,2,1,mean_valid_faces,equal_duration_50_bins,PASS,,
-dxfTGcXJoc_6,vision,36,9.1728,9.4276,3,1,mean_valid_faces,equal_duration_50_bins,PASS,,
-dxfTGcXJoc_6,vision,37,9.4276,9.6824,2,1,mean_valid_faces,equal_duration_50_bins,PASS,,
-dxfTGcXJoc_6,vision,38,9.6824,9.9372,3,1,mean_valid_faces,equal_duration_50_bins,PASS,,
-dxfTGcXJoc_6,vision,39,9.9372,10.192,2,1,mean_valid_faces,equal_duration_50_bins,PASS,,
-dxfTGcXJoc_6,vision,40,10.192,10.446800000000001,3,1,mean_valid_faces,equal_duration_50_bins,PASS,,
-dxfTGcXJoc_6,vision,41,10.446800000000001,10.701600000000001,3,1,mean_valid_faces,equal_duration_50_bins,PASS,,
-dxfTGcXJoc_6,vision,42,10.701600000000001,10.9564,2,1,mean_valid_faces,equal_duration_50_bins,PASS,,
-dxfTGcXJoc_6,vision,43,10.9564,11.211200000000002,3,1,mean_valid_faces,equal_duration_50_bins,PASS,,
-dxfTGcXJoc_6,vision,44,11.211200000000002,11.466,2,1,mean_valid_faces,equal_duration_50_bins,PASS,,
-dxfTGcXJoc_6,vision,45,11.466,11.720799999999999,3,1,mean_valid_faces,equal_duration_50_bins,PASS,,
-dxfTGcXJoc_6,vision,46,11.720799999999999,11.9756,2,1,mean_valid_faces,equal_duration_50_bins,PASS,,
-dxfTGcXJoc_6,vision,47,11.9756,12.2304,3,1,mean_valid_faces,equal_duration_50_bins,PASS,,
-dxfTGcXJoc_6,vision,48,12.2304,12.485199999999999,2,1,mean_valid_faces,equal_duration_50_bins,PASS,,
-dxfTGcXJoc_6,vision,49,12.485199999999999,12.74,3,1,mean_valid_faces,equal_duration_50_bins,PASS,,
-egA8-b7-3M_26,vision,0,0.0,0.1206,2,1,mean_valid_faces,equal_duration_50_bins,PASS,,
-egA8-b7-3M_26,vision,1,0.1206,0.2412,1,1,mean_valid_faces,equal_duration_50_bins,PASS,,
-egA8-b7-3M_26,vision,2,0.2412,0.3618,1,1,mean_valid_faces,equal_duration_50_bins,PASS,,
-egA8-b7-3M_26,vision,3,0.3618,0.4824,1,1,mean_valid_faces,equal_duration_50_bins,PASS,,
-egA8-b7-3M_26,vision,4,0.4824,0.6030000000000001,2,1,mean_valid_faces,equal_duration_50_bins,PASS,,
-egA8-b7-3M_26,vision,5,0.6030000000000001,0.7236,1,1,mean_valid_faces,equal_duration_50_bins,PASS,,
-egA8-b7-3M_26,vision,6,0.7236,0.8442000000000001,1,1,mean_valid_faces,equal_duration_50_bins,PASS,,
-egA8-b7-3M_26,vision,7,0.8442000000000001,0.9648,1,1,mean_valid_faces,equal_duration_50_bins,PASS,,
-egA8-b7-3M_26,vision,8,0.9648,1.0854000000000001,1,1,mean_valid_faces,equal_duration_50_bins,PASS,,
-egA8-b7-3M_26,vision,9,1.0854000000000001,1.2060000000000002,2,1,mean_valid_faces,equal_duration_50_bins,PASS,,
-egA8-b7-3M_26,vision,10,1.2060000000000002,1.3266,1,1,mean_valid_faces,equal_duration_50_bins,PASS,,
-egA8-b7-3M_26,vision,11,1.3266,1.4472,1,1,mean_valid_faces,equal_duration_50_bins,PASS,,
-egA8-b7-3M_26,vision,12,1.4472,1.5678,1,1,mean_valid_faces,equal_duration_50_bins,PASS,,
-egA8-b7-3M_26,vision,13,1.5678,1.6884000000000001,1,1,mean_valid_faces,equal_duration_50_bins,PASS,,
-egA8-b7-3M_26,vision,14,1.6884000000000001,1.8090000000000002,2,1,mean_valid_faces,equal_duration_50_bins,PASS,,
-egA8-b7-3M_26,vision,15,1.8090000000000002,1.9296,1,1,mean_valid_faces,equal_duration_50_bins,PASS,,
-egA8-b7-3M_26,vision,16,1.9296,2.0502000000000002,1,1,mean_valid_faces,equal_duration_50_bins,PASS,,
-egA8-b7-3M_26,vision,17,2.0502000000000002,2.1708000000000003,1,1,mean_valid_faces,equal_duration_50_bins,PASS,,
-egA8-b7-3M_26,vision,18,2.1708000000000003,2.2914000000000003,1,1,mean_valid_faces,equal_duration_50_bins,PASS,,
-egA8-b7-3M_26,vision,19,2.2914000000000003,2.4120000000000004,2,1,mean_valid_faces,equal_duration_50_bins,PASS,,
-egA8-b7-3M_26,vision,20,2.4120000000000004,2.5326000000000004,1,1,mean_valid_faces,equal_duration_50_bins,PASS,,
-egA8-b7-3M_26,vision,21,2.5326000000000004,2.6532,1,1,mean_valid_faces,equal_duration_50_bins,PASS,,
-egA8-b7-3M_26,vision,22,2.6532,2.7738,1,1,mean_valid_faces,equal_duration_50_bins,PASS,,
-egA8-b7-3M_26,vision,23,2.7738,2.8944,1,1,mean_valid_faces,equal_duration_50_bins,PASS,,
-egA8-b7-3M_26,vision,24,2.8944,3.015,2,1,mean_valid_faces,equal_duration_50_bins,PASS,,
-egA8-b7-3M_26,vision,25,3.015,3.1356,1,1,mean_valid_faces,equal_duration_50_bins,PASS,,
-egA8-b7-3M_26,vision,26,3.1356,3.2562,1,1,mean_valid_faces,equal_duration_50_bins,PASS,,
-egA8-b7-3M_26,vision,27,3.2562,3.3768000000000002,1,1,mean_valid_faces,equal_duration_50_bins,PASS,,
-egA8-b7-3M_26,vision,28,3.3768000000000002,3.4974000000000003,1,1,mean_valid_faces,equal_duration_50_bins,PASS,,
-egA8-b7-3M_26,vision,29,3.4974000000000003,3.6180000000000003,2,1,mean_valid_faces,equal_duration_50_bins,PASS,,
-egA8-b7-3M_26,vision,30,3.6180000000000003,3.7386,1,1,mean_valid_faces,equal_duration_50_bins,PASS,,
-egA8-b7-3M_26,vision,31,3.7386,3.8592,1,1,mean_valid_faces,equal_duration_50_bins,PASS,,
-egA8-b7-3M_26,vision,32,3.8592,3.9798,1,1,mean_valid_faces,equal_duration_50_bins,PASS,,
-egA8-b7-3M_26,vision,33,3.9798,4.1004000000000005,2,1,mean_valid_faces,equal_duration_50_bins,PASS,,
-egA8-b7-3M_26,vision,34,4.1004000000000005,4.221,1,1,mean_valid_faces,equal_duration_50_bins,PASS,,
-egA8-b7-3M_26,vision,35,4.221,4.341600000000001,1,1,mean_valid_faces,equal_duration_50_bins,PASS,,
-egA8-b7-3M_26,vision,36,4.341600000000001,4.4622,1,1,mean_valid_faces,equal_duration_50_bins,PASS,,
-egA8-b7-3M_26,vision,37,4.4622,4.582800000000001,1,1,mean_valid_faces,equal_duration_50_bins,PASS,,
-egA8-b7-3M_26,vision,38,4.582800000000001,4.7034,2,1,mean_valid_faces,equal_duration_50_bins,PASS,,
-egA8-b7-3M_26,vision,39,4.7034,4.824000000000001,1,1,mean_valid_faces,equal_duration_50_bins,PASS,,
-egA8-b7-3M_26,vision,40,4.824000000000001,4.9446,1,1,mean_valid_faces,equal_duration_50_bins,PASS,,
-egA8-b7-3M_26,vision,41,4.9446,5.065200000000001,1,1,mean_valid_faces,equal_duration_50_bins,PASS,,
-egA8-b7-3M_26,vision,42,5.065200000000001,5.1858,1,1,mean_valid_faces,equal_duration_50_bins,PASS,,
-egA8-b7-3M_26,vision,43,5.1858,5.3064,2,1,mean_valid_faces,equal_duration_50_bins,PASS,,
-egA8-b7-3M_26,vision,44,5.3064,5.4270000000000005,1,1,mean_valid_faces,equal_duration_50_bins,PASS,,
-egA8-b7-3M_26,vision,45,5.4270000000000005,5.5476,1,1,mean_valid_faces,equal_duration_50_bins,PASS,,
-egA8-b7-3M_26,vision,46,5.5476,5.668200000000001,1,1,mean_valid_faces,equal_duration_50_bins,PASS,,
-egA8-b7-3M_26,vision,47,5.668200000000001,5.7888,1,1,mean_valid_faces,equal_duration_50_bins,PASS,,
-egA8-b7-3M_26,vision,48,5.7888,5.909400000000001,2,1,mean_valid_faces,equal_duration_50_bins,PASS,,
-egA8-b7-3M_26,vision,49,5.909400000000001,6.03,0,0,mean_valid_faces,equal_duration_50_bins,PASS,,
-egA8-b7-3M_17,vision,0,0.0,0.1454,2,1,mean_valid_faces,equal_duration_50_bins,PASS,,
-egA8-b7-3M_17,vision,1,0.1454,0.2908,1,1,mean_valid_faces,equal_duration_50_bins,PASS,,
-egA8-b7-3M_17,vision,2,0.2908,0.4362,2,1,mean_valid_faces,equal_duration_50_bins,PASS,,
-egA8-b7-3M_17,vision,3,0.4362,0.5816,1,1,mean_valid_faces,equal_duration_50_bins,PASS,,
-egA8-b7-3M_17,vision,4,0.5816,0.7269999999999999,2,1,mean_valid_faces,equal_duration_50_bins,PASS,,
-egA8-b7-3M_17,vision,5,0.7269999999999999,0.8724,1,1,mean_valid_faces,equal_duration_50_bins,PASS,,
-egA8-b7-3M_17,vision,6,0.8724,1.0178,2,1,mean_valid_faces,equal_duration_50_bins,PASS,,
-egA8-b7-3M_17,vision,7,1.0178,1.1632,1,1,mean_valid_faces,equal_duration_50_bins,PASS,,
-egA8-b7-3M_17,vision,8,1.1632,1.3085999999999998,2,1,mean_valid_faces,equal_duration_50_bins,PASS,,
-egA8-b7-3M_17,vision,9,1.3085999999999998,1.4539999999999997,1,1,mean_valid_faces,equal_duration_50_bins,PASS,,
-egA8-b7-3M_17,vision,10,1.4539999999999997,1.5994,1,1,mean_valid_faces,equal_duration_50_bins,PASS,,
-egA8-b7-3M_17,vision,11,1.5994,1.7448,2,1,mean_valid_faces,equal_duration_50_bins,PASS,,
-egA8-b7-3M_17,vision,12,1.7448,1.8901999999999999,1,1,mean_valid_faces,equal_duration_50_bins,PASS,,
-egA8-b7-3M_17,vision,13,1.8901999999999999,2.0356,2,1,mean_valid_faces,equal_duration_50_bins,PASS,,
-egA8-b7-3M_17,vision,14,2.0356,2.181,1,1,mean_valid_faces,equal_duration_50_bins,PASS,,
-egA8-b7-3M_17,vision,15,2.181,2.3264,2,1,mean_valid_faces,equal_duration_50_bins,PASS,,
-egA8-b7-3M_17,vision,16,2.3264,2.4718,1,1,mean_valid_faces,equal_duration_50_bins,PASS,,
-egA8-b7-3M_17,vision,17,2.4718,2.6171999999999995,2,1,mean_valid_faces,equal_duration_50_bins,PASS,,
-egA8-b7-3M_17,vision,18,2.6171999999999995,2.7626,1,1,mean_valid_faces,equal_duration_50_bins,PASS,,
-egA8-b7-3M_17,vision,19,2.7626,2.9079999999999995,2,1,mean_valid_faces,equal_duration_50_bins,PASS,,
-egA8-b7-3M_17,vision,20,2.9079999999999995,3.0534,1,1,mean_valid_faces,equal_duration_50_bins,PASS,,
-egA8-b7-3M_17,vision,21,3.0534,3.1988,1,1,mean_valid_faces,equal_duration_50_bins,PASS,,
-egA8-b7-3M_17,vision,22,3.1988,3.3441999999999994,2,1,mean_valid_faces,equal_duration_50_bins,PASS,,
-egA8-b7-3M_17,vision,23,3.3441999999999994,3.4896,1,1,mean_valid_faces,equal_duration_50_bins,PASS,,
-egA8-b7-3M_17,vision,24,3.4896,3.635,2,1,mean_valid_faces,equal_duration_50_bins,PASS,,
-egA8-b7-3M_17,vision,25,3.635,3.7803999999999998,1,1,mean_valid_faces,equal_duration_50_bins,PASS,,
-egA8-b7-3M_17,vision,26,3.7803999999999998,3.9257999999999997,2,1,mean_valid_faces,equal_duration_50_bins,PASS,,
-egA8-b7-3M_17,vision,27,3.9257999999999997,4.0712,1,1,mean_valid_faces,equal_duration_50_bins,PASS,,
-egA8-b7-3M_17,vision,28,4.0712,4.2166,2,1,mean_valid_faces,equal_duration_50_bins,PASS,,
-egA8-b7-3M_17,vision,29,4.2166,4.362,1,1,mean_valid_faces,equal_duration_50_bins,PASS,,
-egA8-b7-3M_17,vision,30,4.362,4.5074,2,1,mean_valid_faces,equal_duration_50_bins,PASS,,
-egA8-b7-3M_17,vision,31,4.5074,4.6528,1,1,mean_valid_faces,equal_duration_50_bins,PASS,,
-egA8-b7-3M_17,vision,32,4.6528,4.7982,1,1,mean_valid_faces,equal_duration_50_bins,PASS,,
-egA8-b7-3M_17,vision,33,4.7982,4.9436,2,1,mean_valid_faces,equal_duration_50_bins,PASS,,
-egA8-b7-3M_17,vision,34,4.9436,5.0889999999999995,1,1,mean_valid_faces,equal_duration_50_bins,PASS,,
-egA8-b7-3M_17,vision,35,5.0889999999999995,5.234399999999999,2,1,mean_valid_faces,equal_duration_50_bins,PASS,,
-egA8-b7-3M_17,vision,36,5.234399999999999,5.3798,1,1,mean_valid_faces,equal_duration_50_bins,PASS,,
-egA8-b7-3M_17,vision,37,5.3798,5.5252,2,1,mean_valid_faces,equal_duration_50_bins,PASS,,
-egA8-b7-3M_17,vision,38,5.5252,5.670599999999999,1,1,mean_valid_faces,equal_duration_50_bins,PASS,,
-egA8-b7-3M_17,vision,39,5.670599999999999,5.815999999999999,2,1,mean_valid_faces,equal_duration_50_bins,PASS,,
-egA8-b7-3M_17,vision,40,5.815999999999999,5.9614,1,1,mean_valid_faces,equal_duration_50_bins,PASS,,
-egA8-b7-3M_17,vision,41,5.9614,6.1068,2,1,mean_valid_faces,equal_duration_50_bins,PASS,,
-egA8-b7-3M_17,vision,42,6.1068,6.252199999999999,1,1,mean_valid_faces,equal_duration_50_bins,PASS,,
-egA8-b7-3M_17,vision,43,6.252199999999999,6.3976,1,1,mean_valid_faces,equal_duration_50_bins,PASS,,
-egA8-b7-3M_17,vision,44,6.3976,6.542999999999999,2,1,mean_valid_faces,equal_duration_50_bins,PASS,,
-egA8-b7-3M_17,vision,45,6.542999999999999,6.688399999999999,1,1,mean_valid_faces,equal_duration_50_bins,PASS,,
-egA8-b7-3M_17,vision,46,6.688399999999999,6.8338,2,1,mean_valid_faces,equal_duration_50_bins,PASS,,
-egA8-b7-3M_17,vision,47,6.8338,6.9792,1,1,mean_valid_faces,equal_duration_50_bins,PASS,,
-egA8-b7-3M_17,vision,48,6.9792,7.124599999999999,2,1,mean_valid_faces,equal_duration_50_bins,PASS,,
-egA8-b7-3M_17,vision,49,7.124599999999999,7.27,1,1,mean_valid_faces,equal_duration_50_bins,PASS,,
-egA8-b7-3M_18,vision,0,0.0,0.1678,2,1,mean_valid_faces,equal_duration_50_bins,PASS,,
-egA8-b7-3M_18,vision,1,0.1678,0.3356,2,1,mean_valid_faces,equal_duration_50_bins,PASS,,
-egA8-b7-3M_18,vision,2,0.3356,0.5034000000000001,2,1,mean_valid_faces,equal_duration_50_bins,PASS,,
-egA8-b7-3M_18,vision,3,0.5034000000000001,0.6712,1,1,mean_valid_faces,equal_duration_50_bins,PASS,,
-egA8-b7-3M_18,vision,4,0.6712,0.8390000000000001,2,1,mean_valid_faces,equal_duration_50_bins,PASS,,
-egA8-b7-3M_18,vision,5,0.8390000000000001,1.0068000000000001,2,1,mean_valid_faces,equal_duration_50_bins,PASS,,
-egA8-b7-3M_18,vision,6,1.0068000000000001,1.1746,1,1,mean_valid_faces,equal_duration_50_bins,PASS,,
-egA8-b7-3M_18,vision,7,1.1746,1.3424,2,1,mean_valid_faces,equal_duration_50_bins,PASS,,
-egA8-b7-3M_18,vision,8,1.3424,1.5102000000000002,2,1,mean_valid_faces,equal_duration_50_bins,PASS,,
-egA8-b7-3M_18,vision,9,1.5102000000000002,1.6780000000000002,1,1,mean_valid_faces,equal_duration_50_bins,PASS,,
-egA8-b7-3M_18,vision,10,1.6780000000000002,1.8458,2,1,mean_valid_faces,equal_duration_50_bins,PASS,,
-egA8-b7-3M_18,vision,11,1.8458,2.0136000000000003,2,1,mean_valid_faces,equal_duration_50_bins,PASS,,
-egA8-b7-3M_18,vision,12,2.0136000000000003,2.1814,1,1,mean_valid_faces,equal_duration_50_bins,PASS,,
-egA8-b7-3M_18,vision,13,2.1814,2.3492,2,1,mean_valid_faces,equal_duration_50_bins,PASS,,
-egA8-b7-3M_18,vision,14,2.3492,2.5170000000000003,2,1,mean_valid_faces,equal_duration_50_bins,PASS,,
-egA8-b7-3M_18,vision,15,2.5170000000000003,2.6848,1,1,mean_valid_faces,equal_duration_50_bins,PASS,,
-egA8-b7-3M_18,vision,16,2.6848,2.8526,2,1,mean_valid_faces,equal_duration_50_bins,PASS,,
-egA8-b7-3M_18,vision,17,2.8526,3.0204000000000004,2,1,mean_valid_faces,equal_duration_50_bins,PASS,,
-egA8-b7-3M_18,vision,18,3.0204000000000004,3.1882000000000006,1,1,mean_valid_faces,equal_duration_50_bins,PASS,,
-egA8-b7-3M_18,vision,19,3.1882000000000006,3.3560000000000003,2,1,mean_valid_faces,equal_duration_50_bins,PASS,,
-egA8-b7-3M_18,vision,20,3.3560000000000003,3.5238,2,1,mean_valid_faces,equal_duration_50_bins,PASS,,
-egA8-b7-3M_18,vision,21,3.5238,3.6916,1,1,mean_valid_faces,equal_duration_50_bins,PASS,,
-egA8-b7-3M_18,vision,22,3.6916,3.8594000000000004,2,1,mean_valid_faces,equal_duration_50_bins,PASS,,
-egA8-b7-3M_18,vision,23,3.8594000000000004,4.027200000000001,2,1,mean_valid_faces,equal_duration_50_bins,PASS,,
-egA8-b7-3M_18,vision,24,4.027200000000001,4.195,1,1,mean_valid_faces,equal_duration_50_bins,PASS,,
-egA8-b7-3M_18,vision,25,4.195,4.3628,2,1,mean_valid_faces,equal_duration_50_bins,PASS,,
-egA8-b7-3M_18,vision,26,4.3628,4.530600000000001,2,1,mean_valid_faces,equal_duration_50_bins,PASS,,
-egA8-b7-3M_18,vision,27,4.530600000000001,4.6984,1,1,mean_valid_faces,equal_duration_50_bins,PASS,,
-egA8-b7-3M_18,vision,28,4.6984,4.8662,2,1,mean_valid_faces,equal_duration_50_bins,PASS,,
-egA8-b7-3M_18,vision,29,4.8662,5.034000000000001,2,1,mean_valid_faces,equal_duration_50_bins,PASS,,
-egA8-b7-3M_18,vision,30,5.034000000000001,5.2018,2,1,mean_valid_faces,equal_duration_50_bins,PASS,,
-egA8-b7-3M_18,vision,31,5.2018,5.3696,1,1,mean_valid_faces,equal_duration_50_bins,PASS,,
-egA8-b7-3M_18,vision,32,5.3696,5.5374,2,1,mean_valid_faces,equal_duration_50_bins,PASS,,
-egA8-b7-3M_18,vision,33,5.5374,5.7052,2,1,mean_valid_faces,equal_duration_50_bins,PASS,,
-egA8-b7-3M_18,vision,34,5.7052,5.873000000000001,1,1,mean_valid_faces,equal_duration_50_bins,PASS,,
-egA8-b7-3M_18,vision,35,5.873000000000001,6.040800000000001,2,1,mean_valid_faces,equal_duration_50_bins,PASS,,
-egA8-b7-3M_18,vision,36,6.040800000000001,6.208600000000001,2,1,mean_valid_faces,equal_duration_50_bins,PASS,,
-egA8-b7-3M_18,vision,37,6.208600000000001,6.376400000000001,1,1,mean_valid_faces,equal_duration_50_bins,PASS,,
-egA8-b7-3M_18,vision,38,6.376400000000001,6.544200000000001,2,1,mean_valid_faces,equal_duration_50_bins,PASS,,
-egA8-b7-3M_18,vision,39,6.544200000000001,6.712000000000001,2,1,mean_valid_faces,equal_duration_50_bins,PASS,,
-egA8-b7-3M_18,vision,40,6.712000000000001,6.8798,1,1,mean_valid_faces,equal_duration_50_bins,PASS,,
-egA8-b7-3M_18,vision,41,6.8798,7.0476,2,1,mean_valid_faces,equal_duration_50_bins,PASS,,
-egA8-b7-3M_18,vision,42,7.0476,7.215400000000001,2,1,mean_valid_faces,equal_duration_50_bins,PASS,,
-egA8-b7-3M_18,vision,43,7.215400000000001,7.3832,1,1,mean_valid_faces,equal_duration_50_bins,PASS,,
-egA8-b7-3M_18,vision,44,7.3832,7.551,2,1,mean_valid_faces,equal_duration_50_bins,PASS,,
-egA8-b7-3M_18,vision,45,7.551,7.718800000000001,2,1,mean_valid_faces,equal_duration_50_bins,PASS,,
-egA8-b7-3M_18,vision,46,7.718800000000001,7.8866000000000005,1,1,mean_valid_faces,equal_duration_50_bins,PASS,,
-egA8-b7-3M_18,vision,47,7.8866000000000005,8.054400000000001,2,1,mean_valid_faces,equal_duration_50_bins,PASS,,
-egA8-b7-3M_18,vision,48,8.054400000000001,8.2222,2,1,mean_valid_faces,equal_duration_50_bins,PASS,,
-egA8-b7-3M_18,vision,49,8.2222,8.39,1,1,mean_valid_faces,equal_duration_50_bins,PASS,,
-egA8-b7-3M_16,vision,0,0.0,0.1108,2,1,mean_valid_faces,equal_duration_50_bins,PASS,,
-egA8-b7-3M_16,vision,1,0.1108,0.2216,1,1,mean_valid_faces,equal_duration_50_bins,PASS,,
-egA8-b7-3M_16,vision,2,0.2216,0.33240000000000003,1,1,mean_valid_faces,equal_duration_50_bins,PASS,,
-egA8-b7-3M_16,vision,3,0.33240000000000003,0.4432,1,1,mean_valid_faces,equal_duration_50_bins,PASS,,
-egA8-b7-3M_16,vision,4,0.4432,0.5539999999999999,1,1,mean_valid_faces,equal_duration_50_bins,PASS,,
-egA8-b7-3M_16,vision,5,0.5539999999999999,0.6648000000000001,1,1,mean_valid_faces,equal_duration_50_bins,PASS,,
-egA8-b7-3M_16,vision,6,0.6648000000000001,0.7756000000000001,1,1,mean_valid_faces,equal_duration_50_bins,PASS,,
-egA8-b7-3M_16,vision,7,0.7756000000000001,0.8864,1,1,mean_valid_faces,equal_duration_50_bins,PASS,,
-egA8-b7-3M_16,vision,8,0.8864,0.9972,1,1,mean_valid_faces,equal_duration_50_bins,PASS,,
-egA8-b7-3M_16,vision,9,0.9972,1.1079999999999999,2,1,mean_valid_faces,equal_duration_50_bins,PASS,,
-egA8-b7-3M_16,vision,10,1.1079999999999999,1.2187999999999999,1,1,mean_valid_faces,equal_duration_50_bins,PASS,,
-egA8-b7-3M_16,vision,11,1.2187999999999999,1.3296000000000001,1,1,mean_valid_faces,equal_duration_50_bins,PASS,,
-egA8-b7-3M_16,vision,12,1.3296000000000001,1.4404,1,1,mean_valid_faces,equal_duration_50_bins,PASS,,
-egA8-b7-3M_16,vision,13,1.4404,1.5512000000000001,1,1,mean_valid_faces,equal_duration_50_bins,PASS,,
-egA8-b7-3M_16,vision,14,1.5512000000000001,1.662,1,1,mean_valid_faces,equal_duration_50_bins,PASS,,
-egA8-b7-3M_16,vision,15,1.662,1.7728,1,1,mean_valid_faces,equal_duration_50_bins,PASS,,
-egA8-b7-3M_16,vision,16,1.7728,1.8836000000000002,1,1,mean_valid_faces,equal_duration_50_bins,PASS,,
-egA8-b7-3M_16,vision,17,1.8836000000000002,1.9944,1,1,mean_valid_faces,equal_duration_50_bins,PASS,,
-egA8-b7-3M_16,vision,18,1.9944,2.1052,2,1,mean_valid_faces,equal_duration_50_bins,PASS,,
-egA8-b7-3M_16,vision,19,2.1052,2.2159999999999997,1,1,mean_valid_faces,equal_duration_50_bins,PASS,,
-egA8-b7-3M_16,vision,20,2.2159999999999997,2.3268,1,1,mean_valid_faces,equal_duration_50_bins,PASS,,
-egA8-b7-3M_16,vision,21,2.3268,2.4375999999999998,1,1,mean_valid_faces,equal_duration_50_bins,PASS,,
-egA8-b7-3M_16,vision,22,2.4375999999999998,2.5484,1,1,mean_valid_faces,equal_duration_50_bins,PASS,,
-egA8-b7-3M_16,vision,23,2.5484,2.6592000000000002,1,1,mean_valid_faces,equal_duration_50_bins,PASS,,
-egA8-b7-3M_16,vision,24,2.6592000000000002,2.77,1,1,mean_valid_faces,equal_duration_50_bins,PASS,,
-egA8-b7-3M_16,vision,25,2.77,2.8808,1,1,mean_valid_faces,equal_duration_50_bins,PASS,,
-egA8-b7-3M_16,vision,26,2.8808,2.9916,1,1,mean_valid_faces,equal_duration_50_bins,PASS,,
-egA8-b7-3M_16,vision,27,2.9916,3.1024000000000003,2,1,mean_valid_faces,equal_duration_50_bins,PASS,,
-egA8-b7-3M_16,vision,28,3.1024000000000003,3.2132,1,1,mean_valid_faces,equal_duration_50_bins,PASS,,
-egA8-b7-3M_16,vision,29,3.2132,3.324,1,1,mean_valid_faces,equal_duration_50_bins,PASS,,
-egA8-b7-3M_16,vision,30,3.324,3.4348,1,1,mean_valid_faces,equal_duration_50_bins,PASS,,
-egA8-b7-3M_16,vision,31,3.4348,3.5456,1,1,mean_valid_faces,equal_duration_50_bins,PASS,,
-egA8-b7-3M_16,vision,32,3.5456,3.6563999999999997,1,1,mean_valid_faces,equal_duration_50_bins,PASS,,
-egA8-b7-3M_16,vision,33,3.6563999999999997,3.7672000000000003,1,1,mean_valid_faces,equal_duration_50_bins,PASS,,
-egA8-b7-3M_16,vision,34,3.7672000000000003,3.878,1,1,mean_valid_faces,equal_duration_50_bins,PASS,,
-egA8-b7-3M_16,vision,35,3.878,3.9888,1,1,mean_valid_faces,equal_duration_50_bins,PASS,,
-egA8-b7-3M_16,vision,36,3.9888,4.0996,1,1,mean_valid_faces,equal_duration_50_bins,PASS,,
-egA8-b7-3M_16,vision,37,4.0996,4.2104,2,1,mean_valid_faces,equal_duration_50_bins,PASS,,
-egA8-b7-3M_16,vision,38,4.2104,4.3212,1,1,mean_valid_faces,equal_duration_50_bins,PASS,,
-egA8-b7-3M_16,vision,39,4.3212,4.4319999999999995,1,1,mean_valid_faces,equal_duration_50_bins,PASS,,
-egA8-b7-3M_16,vision,40,4.4319999999999995,4.542800000000001,1,1,mean_valid_faces,equal_duration_50_bins,PASS,,
-egA8-b7-3M_16,vision,41,4.542800000000001,4.6536,1,1,mean_valid_faces,equal_duration_50_bins,PASS,,
-egA8-b7-3M_16,vision,42,4.6536,4.7644,1,1,mean_valid_faces,equal_duration_50_bins,PASS,,
-egA8-b7-3M_16,vision,43,4.7644,4.8751999999999995,1,1,mean_valid_faces,equal_duration_50_bins,PASS,,
-egA8-b7-3M_16,vision,44,4.8751999999999995,4.986000000000001,1,1,mean_valid_faces,equal_duration_50_bins,PASS,,
-egA8-b7-3M_16,vision,45,4.986000000000001,5.0968,1,1,mean_valid_faces,equal_duration_50_bins,PASS,,
-egA8-b7-3M_16,vision,46,5.0968,5.2076,2,1,mean_valid_faces,equal_duration_50_bins,PASS,,
-egA8-b7-3M_16,vision,47,5.2076,5.3184000000000005,1,1,mean_valid_faces,equal_duration_50_bins,PASS,,
-egA8-b7-3M_16,vision,48,5.3184000000000005,5.4292,1,1,mean_valid_faces,equal_duration_50_bins,PASS,,
-egA8-b7-3M_16,vision,49,5.4292,5.54,1,1,mean_valid_faces,equal_duration_50_bins,PASS,,
-egA8-b7-3M_13,vision,0,0.0,0.0836,1,1,mean_valid_faces,equal_duration_50_bins,PASS,,
-egA8-b7-3M_13,vision,1,0.0836,0.1672,1,1,mean_valid_faces,equal_duration_50_bins,PASS,,
-egA8-b7-3M_13,vision,2,0.1672,0.25079999999999997,1,1,mean_valid_faces,equal_duration_50_bins,PASS,,
-egA8-b7-3M_13,vision,3,0.25079999999999997,0.3344,1,1,mean_valid_faces,equal_duration_50_bins,PASS,,
-egA8-b7-3M_13,vision,4,0.3344,0.418,1,1,mean_valid_faces,equal_duration_50_bins,PASS,,
-egA8-b7-3M_13,vision,5,0.418,0.5015999999999999,1,1,mean_valid_faces,equal_duration_50_bins,PASS,,
-egA8-b7-3M_13,vision,6,0.5015999999999999,0.5851999999999999,0,0,mean_valid_faces,equal_duration_50_bins,PASS,,
-egA8-b7-3M_13,vision,7,0.5851999999999999,0.6688,1,1,mean_valid_faces,equal_duration_50_bins,PASS,,
-egA8-b7-3M_13,vision,8,0.6688,0.7524,1,1,mean_valid_faces,equal_duration_50_bins,PASS,,
-egA8-b7-3M_13,vision,9,0.7524,0.836,1,1,mean_valid_faces,equal_duration_50_bins,PASS,,
-egA8-b7-3M_13,vision,10,0.836,0.9196,1,1,mean_valid_faces,equal_duration_50_bins,PASS,,
-egA8-b7-3M_13,vision,11,0.9196,1.0031999999999999,1,1,mean_valid_faces,equal_duration_50_bins,PASS,,
-egA8-b7-3M_13,vision,12,1.0031999999999999,1.0868,0,0,mean_valid_faces,equal_duration_50_bins,PASS,,
-egA8-b7-3M_13,vision,13,1.0868,1.1703999999999999,1,1,mean_valid_faces,equal_duration_50_bins,PASS,,
-egA8-b7-3M_13,vision,14,1.1703999999999999,1.254,1,1,mean_valid_faces,equal_duration_50_bins,PASS,,
-egA8-b7-3M_13,vision,15,1.254,1.3376,1,1,mean_valid_faces,equal_duration_50_bins,PASS,,
-egA8-b7-3M_13,vision,16,1.3376,1.4212,1,1,mean_valid_faces,equal_duration_50_bins,PASS,,
-egA8-b7-3M_13,vision,17,1.4212,1.5048,1,1,mean_valid_faces,equal_duration_50_bins,PASS,,
-egA8-b7-3M_13,vision,18,1.5048,1.5883999999999998,0,0,mean_valid_faces,equal_duration_50_bins,PASS,,
-egA8-b7-3M_13,vision,19,1.5883999999999998,1.672,1,1,mean_valid_faces,equal_duration_50_bins,PASS,,
-egA8-b7-3M_13,vision,20,1.672,1.7556,1,1,mean_valid_faces,equal_duration_50_bins,PASS,,
-egA8-b7-3M_13,vision,21,1.7556,1.8392,1,1,mean_valid_faces,equal_duration_50_bins,PASS,,
-egA8-b7-3M_13,vision,22,1.8392,1.9227999999999996,1,1,mean_valid_faces,equal_duration_50_bins,PASS,,
-egA8-b7-3M_13,vision,23,1.9227999999999996,2.0063999999999997,1,1,mean_valid_faces,equal_duration_50_bins,PASS,,
-egA8-b7-3M_13,vision,24,2.0063999999999997,2.09,0,0,mean_valid_faces,equal_duration_50_bins,PASS,,
-egA8-b7-3M_13,vision,25,2.09,2.1736,1,1,mean_valid_faces,equal_duration_50_bins,PASS,,
-egA8-b7-3M_13,vision,26,2.1736,2.2571999999999997,1,1,mean_valid_faces,equal_duration_50_bins,PASS,,
-egA8-b7-3M_13,vision,27,2.2571999999999997,2.3407999999999998,1,1,mean_valid_faces,equal_duration_50_bins,PASS,,
-egA8-b7-3M_13,vision,28,2.3407999999999998,2.4244,1,1,mean_valid_faces,equal_duration_50_bins,PASS,,
-egA8-b7-3M_13,vision,29,2.4244,2.508,1,1,mean_valid_faces,equal_duration_50_bins,PASS,,
-egA8-b7-3M_13,vision,30,2.508,2.5915999999999997,0,0,mean_valid_faces,equal_duration_50_bins,PASS,,
-egA8-b7-3M_13,vision,31,2.5915999999999997,2.6752,1,1,mean_valid_faces,equal_duration_50_bins,PASS,,
-egA8-b7-3M_13,vision,32,2.6752,2.7588,1,1,mean_valid_faces,equal_duration_50_bins,PASS,,
-egA8-b7-3M_13,vision,33,2.7588,2.8424,1,1,mean_valid_faces,equal_duration_50_bins,PASS,,
-egA8-b7-3M_13,vision,34,2.8424,2.9259999999999997,1,1,mean_valid_faces,equal_duration_50_bins,PASS,,
-egA8-b7-3M_13,vision,35,2.9259999999999997,3.0096,1,1,mean_valid_faces,equal_duration_50_bins,PASS,,
-egA8-b7-3M_13,vision,36,3.0096,3.0932,0,0,mean_valid_faces,equal_duration_50_bins,PASS,,
-egA8-b7-3M_13,vision,37,3.0932,3.1767999999999996,1,1,mean_valid_faces,equal_duration_50_bins,PASS,,
-egA8-b7-3M_13,vision,38,3.1767999999999996,3.2603999999999997,1,1,mean_valid_faces,equal_duration_50_bins,PASS,,
-egA8-b7-3M_13,vision,39,3.2603999999999997,3.344,1,1,mean_valid_faces,equal_duration_50_bins,PASS,,
-egA8-b7-3M_13,vision,40,3.344,3.4276,1,1,mean_valid_faces,equal_duration_50_bins,PASS,,
-egA8-b7-3M_13,vision,41,3.4276,3.5112,1,1,mean_valid_faces,equal_duration_50_bins,PASS,,
-egA8-b7-3M_13,vision,42,3.5112,3.5947999999999998,0,0,mean_valid_faces,equal_duration_50_bins,PASS,,
-egA8-b7-3M_13,vision,43,3.5947999999999998,3.6784,1,1,mean_valid_faces,equal_duration_50_bins,PASS,,
-egA8-b7-3M_13,vision,44,3.6784,3.762,1,1,mean_valid_faces,equal_duration_50_bins,PASS,,
-egA8-b7-3M_13,vision,45,3.762,3.8455999999999992,1,1,mean_valid_faces,equal_duration_50_bins,PASS,,
-egA8-b7-3M_13,vision,46,3.8455999999999992,3.9292,1,1,mean_valid_faces,equal_duration_50_bins,PASS,,
-egA8-b7-3M_13,vision,47,3.9292,4.0127999999999995,1,1,mean_valid_faces,equal_duration_50_bins,PASS,,
-egA8-b7-3M_13,vision,48,4.0127999999999995,4.0964,0,0,mean_valid_faces,equal_duration_50_bins,PASS,,
-egA8-b7-3M_13,vision,49,4.0964,4.18,1,1,mean_valid_faces,equal_duration_50_bins,PASS,,
-egA8-b7-3M_1,vision,0,0.0,0.2054,3,1,mean_valid_faces,equal_duration_50_bins,PASS,,
-egA8-b7-3M_1,vision,1,0.2054,0.4108,2,1,mean_valid_faces,equal_duration_50_bins,PASS,,
-egA8-b7-3M_1,vision,2,0.4108,0.6162,2,1,mean_valid_faces,equal_duration_50_bins,PASS,,
-egA8-b7-3M_1,vision,3,0.6162,0.8216,2,1,mean_valid_faces,equal_duration_50_bins,PASS,,
-egA8-b7-3M_1,vision,4,0.8216,1.027,2,1,mean_valid_faces,equal_duration_50_bins,PASS,,
-egA8-b7-3M_1,vision,5,1.027,1.2324,2,1,mean_valid_faces,equal_duration_50_bins,PASS,,
-egA8-b7-3M_1,vision,6,1.2324,1.4378,2,1,mean_valid_faces,equal_duration_50_bins,PASS,,
-egA8-b7-3M_1,vision,7,1.4378,1.6432,2,1,mean_valid_faces,equal_duration_50_bins,PASS,,
-egA8-b7-3M_1,vision,8,1.6432,1.8485999999999998,2,1,mean_valid_faces,equal_duration_50_bins,PASS,,
-egA8-b7-3M_1,vision,9,1.8485999999999998,2.054,2,1,mean_valid_faces,equal_duration_50_bins,PASS,,
-egA8-b7-3M_1,vision,10,2.054,2.2594,2,1,mean_valid_faces,equal_duration_50_bins,PASS,,
-egA8-b7-3M_1,vision,11,2.2594,2.4648,2,1,mean_valid_faces,equal_duration_50_bins,PASS,,
-egA8-b7-3M_1,vision,12,2.4648,2.6702,2,1,mean_valid_faces,equal_duration_50_bins,PASS,,
-egA8-b7-3M_1,vision,13,2.6702,2.8756,2,1,mean_valid_faces,equal_duration_50_bins,PASS,,
-egA8-b7-3M_1,vision,14,2.8756,3.0809999999999995,2,1,mean_valid_faces,equal_duration_50_bins,PASS,,
-egA8-b7-3M_1,vision,15,3.0809999999999995,3.2864,2,1,mean_valid_faces,equal_duration_50_bins,PASS,,
-egA8-b7-3M_1,vision,16,3.2864,3.4918,2,1,mean_valid_faces,equal_duration_50_bins,PASS,,
-egA8-b7-3M_1,vision,17,3.4918,3.6971999999999996,2,1,mean_valid_faces,equal_duration_50_bins,PASS,,
-egA8-b7-3M_1,vision,18,3.6971999999999996,3.9026,3,1,mean_valid_faces,equal_duration_50_bins,PASS,,
-egA8-b7-3M_1,vision,19,3.9026,4.108,2,1,mean_valid_faces,equal_duration_50_bins,PASS,,
-egA8-b7-3M_1,vision,20,4.108,4.3134,2,1,mean_valid_faces,equal_duration_50_bins,PASS,,
-egA8-b7-3M_1,vision,21,4.3134,4.5188,2,1,mean_valid_faces,equal_duration_50_bins,PASS,,
-egA8-b7-3M_1,vision,22,4.5188,4.7242,2,1,mean_valid_faces,equal_duration_50_bins,PASS,,
-egA8-b7-3M_1,vision,23,4.7242,4.9296,2,1,mean_valid_faces,equal_duration_50_bins,PASS,,
-egA8-b7-3M_1,vision,24,4.9296,5.135,2,1,mean_valid_faces,equal_duration_50_bins,PASS,,
-egA8-b7-3M_1,vision,25,5.135,5.3404,2,1,mean_valid_faces,equal_duration_50_bins,PASS,,
-egA8-b7-3M_1,vision,26,5.3404,5.545799999999999,2,1,mean_valid_faces,equal_duration_50_bins,PASS,,
-egA8-b7-3M_1,vision,27,5.545799999999999,5.7512,2,1,mean_valid_faces,equal_duration_50_bins,PASS,,
-egA8-b7-3M_1,vision,28,5.7512,5.9566,2,1,mean_valid_faces,equal_duration_50_bins,PASS,,
-egA8-b7-3M_1,vision,29,5.9566,6.161999999999999,2,1,mean_valid_faces,equal_duration_50_bins,PASS,,
-egA8-b7-3M_1,vision,30,6.161999999999999,6.3674,2,1,mean_valid_faces,equal_duration_50_bins,PASS,,
-egA8-b7-3M_1,vision,31,6.3674,6.5728,2,1,mean_valid_faces,equal_duration_50_bins,PASS,,
-egA8-b7-3M_1,vision,32,6.5728,6.778199999999999,2,1,mean_valid_faces,equal_duration_50_bins,PASS,,
-egA8-b7-3M_1,vision,33,6.778199999999999,6.9836,2,1,mean_valid_faces,equal_duration_50_bins,PASS,,
-egA8-b7-3M_1,vision,34,6.9836,7.189,2,1,mean_valid_faces,equal_duration_50_bins,PASS,,
-egA8-b7-3M_1,vision,35,7.189,7.394399999999999,2,1,mean_valid_faces,equal_duration_50_bins,PASS,,
-egA8-b7-3M_1,vision,36,7.394399999999999,7.5998,2,1,mean_valid_faces,equal_duration_50_bins,PASS,,
-egA8-b7-3M_1,vision,37,7.5998,7.8052,3,1,mean_valid_faces,equal_duration_50_bins,PASS,,
-egA8-b7-3M_1,vision,38,7.8052,8.0106,2,1,mean_valid_faces,equal_duration_50_bins,PASS,,
-egA8-b7-3M_1,vision,39,8.0106,8.216,2,1,mean_valid_faces,equal_duration_50_bins,PASS,,
-egA8-b7-3M_1,vision,40,8.216,8.4214,2,1,mean_valid_faces,equal_duration_50_bins,PASS,,
-egA8-b7-3M_1,vision,41,8.4214,8.6268,2,1,mean_valid_faces,equal_duration_50_bins,PASS,,
-egA8-b7-3M_1,vision,42,8.6268,8.832199999999998,2,1,mean_valid_faces,equal_duration_50_bins,PASS,,
-egA8-b7-3M_1,vision,43,8.832199999999998,9.0376,2,1,mean_valid_faces,equal_duration_50_bins,PASS,,
-egA8-b7-3M_1,vision,44,9.0376,9.243,2,1,mean_valid_faces,equal_duration_50_bins,PASS,,
-egA8-b7-3M_1,vision,45,9.243,9.4484,2,1,mean_valid_faces,equal_duration_50_bins,PASS,,
-egA8-b7-3M_1,vision,46,9.4484,9.6538,2,1,mean_valid_faces,equal_duration_50_bins,PASS,,
-egA8-b7-3M_1,vision,47,9.6538,9.8592,2,1,mean_valid_faces,equal_duration_50_bins,PASS,,
-egA8-b7-3M_1,vision,48,9.8592,10.064599999999999,2,1,mean_valid_faces,equal_duration_50_bins,PASS,,
-egA8-b7-3M_1,vision,49,10.064599999999999,10.27,2,1,mean_valid_faces,equal_duration_50_bins,PASS,,
-egA8-b7-3M_6,vision,0,0.0,0.1252,2,1,mean_valid_faces,equal_duration_50_bins,PASS,,
-egA8-b7-3M_6,vision,1,0.1252,0.2504,1,1,mean_valid_faces,equal_duration_50_bins,PASS,,
-egA8-b7-3M_6,vision,2,0.2504,0.37560000000000004,1,1,mean_valid_faces,equal_duration_50_bins,PASS,,
-egA8-b7-3M_6,vision,3,0.37560000000000004,0.5008,2,1,mean_valid_faces,equal_duration_50_bins,PASS,,
-egA8-b7-3M_6,vision,4,0.5008,0.6259999999999999,1,1,mean_valid_faces,equal_duration_50_bins,PASS,,
-egA8-b7-3M_6,vision,5,0.6259999999999999,0.7512000000000001,1,1,mean_valid_faces,equal_duration_50_bins,PASS,,
-egA8-b7-3M_6,vision,6,0.7512000000000001,0.8764,1,1,mean_valid_faces,equal_duration_50_bins,PASS,,
-egA8-b7-3M_6,vision,7,0.8764,1.0016,2,1,mean_valid_faces,equal_duration_50_bins,PASS,,
-egA8-b7-3M_6,vision,8,1.0016,1.1268,1,1,mean_valid_faces,equal_duration_50_bins,PASS,,
-egA8-b7-3M_6,vision,9,1.1268,1.2519999999999998,1,1,mean_valid_faces,equal_duration_50_bins,PASS,,
-egA8-b7-3M_6,vision,10,1.2519999999999998,1.3772,1,1,mean_valid_faces,equal_duration_50_bins,PASS,,
-egA8-b7-3M_6,vision,11,1.3772,1.5024000000000002,2,1,mean_valid_faces,equal_duration_50_bins,PASS,,
-egA8-b7-3M_6,vision,12,1.5024000000000002,1.6276,1,1,mean_valid_faces,equal_duration_50_bins,PASS,,
-egA8-b7-3M_6,vision,13,1.6276,1.7528,1,1,mean_valid_faces,equal_duration_50_bins,PASS,,
-egA8-b7-3M_6,vision,14,1.7528,1.878,1,1,mean_valid_faces,equal_duration_50_bins,PASS,,
-egA8-b7-3M_6,vision,15,1.878,2.0032,2,1,mean_valid_faces,equal_duration_50_bins,PASS,,
-egA8-b7-3M_6,vision,16,2.0032,2.1284,1,1,mean_valid_faces,equal_duration_50_bins,PASS,,
-egA8-b7-3M_6,vision,17,2.1284,2.2536,1,1,mean_valid_faces,equal_duration_50_bins,PASS,,
-egA8-b7-3M_6,vision,18,2.2536,2.3788,1,1,mean_valid_faces,equal_duration_50_bins,PASS,,
-egA8-b7-3M_6,vision,19,2.3788,2.5039999999999996,2,1,mean_valid_faces,equal_duration_50_bins,PASS,,
-egA8-b7-3M_6,vision,20,2.5039999999999996,2.6292,1,1,mean_valid_faces,equal_duration_50_bins,PASS,,
-egA8-b7-3M_6,vision,21,2.6292,2.7544,1,1,mean_valid_faces,equal_duration_50_bins,PASS,,
-egA8-b7-3M_6,vision,22,2.7544,2.8796,1,1,mean_valid_faces,equal_duration_50_bins,PASS,,
-egA8-b7-3M_6,vision,23,2.8796,3.0048000000000004,2,1,mean_valid_faces,equal_duration_50_bins,PASS,,
-egA8-b7-3M_6,vision,24,3.0048000000000004,3.13,1,1,mean_valid_faces,equal_duration_50_bins,PASS,,
-egA8-b7-3M_6,vision,25,3.13,3.2552,1,1,mean_valid_faces,equal_duration_50_bins,PASS,,
-egA8-b7-3M_6,vision,26,3.2552,3.3804,1,1,mean_valid_faces,equal_duration_50_bins,PASS,,
-egA8-b7-3M_6,vision,27,3.3804,3.5056,2,1,mean_valid_faces,equal_duration_50_bins,PASS,,
-egA8-b7-3M_6,vision,28,3.5056,3.6308,1,1,mean_valid_faces,equal_duration_50_bins,PASS,,
-egA8-b7-3M_6,vision,29,3.6308,3.756,1,1,mean_valid_faces,equal_duration_50_bins,PASS,,
-egA8-b7-3M_6,vision,30,3.756,3.8812,1,1,mean_valid_faces,equal_duration_50_bins,PASS,,
-egA8-b7-3M_6,vision,31,3.8812,4.0064,2,1,mean_valid_faces,equal_duration_50_bins,PASS,,
-egA8-b7-3M_6,vision,32,4.0064,4.1316,1,1,mean_valid_faces,equal_duration_50_bins,PASS,,
-egA8-b7-3M_6,vision,33,4.1316,4.2568,1,1,mean_valid_faces,equal_duration_50_bins,PASS,,
-egA8-b7-3M_6,vision,34,4.2568,4.382,1,1,mean_valid_faces,equal_duration_50_bins,PASS,,
-egA8-b7-3M_6,vision,35,4.382,4.5072,2,1,mean_valid_faces,equal_duration_50_bins,PASS,,
-egA8-b7-3M_6,vision,36,4.5072,4.6324000000000005,1,1,mean_valid_faces,equal_duration_50_bins,PASS,,
-egA8-b7-3M_6,vision,37,4.6324000000000005,4.7576,1,1,mean_valid_faces,equal_duration_50_bins,PASS,,
-egA8-b7-3M_6,vision,38,4.7576,4.8828,1,1,mean_valid_faces,equal_duration_50_bins,PASS,,
-egA8-b7-3M_6,vision,39,4.8828,5.007999999999999,2,1,mean_valid_faces,equal_duration_50_bins,PASS,,
-egA8-b7-3M_6,vision,40,5.007999999999999,5.1331999999999995,1,1,mean_valid_faces,equal_duration_50_bins,PASS,,
-egA8-b7-3M_6,vision,41,5.1331999999999995,5.2584,1,1,mean_valid_faces,equal_duration_50_bins,PASS,,
-egA8-b7-3M_6,vision,42,5.2584,5.3836,1,1,mean_valid_faces,equal_duration_50_bins,PASS,,
-egA8-b7-3M_6,vision,43,5.3836,5.5088,2,1,mean_valid_faces,equal_duration_50_bins,PASS,,
-egA8-b7-3M_6,vision,44,5.5088,5.6339999999999995,1,1,mean_valid_faces,equal_duration_50_bins,PASS,,
-egA8-b7-3M_6,vision,45,5.6339999999999995,5.7592,1,1,mean_valid_faces,equal_duration_50_bins,PASS,,
-egA8-b7-3M_6,vision,46,5.7592,5.884399999999999,1,1,mean_valid_faces,equal_duration_50_bins,PASS,,
-egA8-b7-3M_6,vision,47,5.884399999999999,6.009600000000001,2,1,mean_valid_faces,equal_duration_50_bins,PASS,,
-egA8-b7-3M_6,vision,48,6.009600000000001,6.1348,1,1,mean_valid_faces,equal_duration_50_bins,PASS,,
-egA8-b7-3M_6,vision,49,6.1348,6.26,1,1,mean_valid_faces,equal_duration_50_bins,PASS,,
-egA8-b7-3M_9,vision,0,0.0,0.1018,2,1,mean_valid_faces,equal_duration_50_bins,PASS,,
-egA8-b7-3M_9,vision,1,0.1018,0.2036,1,1,mean_valid_faces,equal_duration_50_bins,PASS,,
-egA8-b7-3M_9,vision,2,0.2036,0.3054,1,1,mean_valid_faces,equal_duration_50_bins,PASS,,
-egA8-b7-3M_9,vision,3,0.3054,0.4072,1,1,mean_valid_faces,equal_duration_50_bins,PASS,,
-egA8-b7-3M_9,vision,4,0.4072,0.509,1,1,mean_valid_faces,equal_duration_50_bins,PASS,,
-egA8-b7-3M_9,vision,5,0.509,0.6108,1,1,mean_valid_faces,equal_duration_50_bins,PASS,,
-egA8-b7-3M_9,vision,6,0.6108,0.7125999999999999,1,1,mean_valid_faces,equal_duration_50_bins,PASS,,
-egA8-b7-3M_9,vision,7,0.7125999999999999,0.8144,1,1,mean_valid_faces,equal_duration_50_bins,PASS,,
-egA8-b7-3M_9,vision,8,0.8144,0.9162,1,1,mean_valid_faces,equal_duration_50_bins,PASS,,
-egA8-b7-3M_9,vision,9,0.9162,1.018,1,1,mean_valid_faces,equal_duration_50_bins,PASS,,
-egA8-b7-3M_9,vision,10,1.018,1.1198,1,1,mean_valid_faces,equal_duration_50_bins,PASS,,
-egA8-b7-3M_9,vision,11,1.1198,1.2216,1,1,mean_valid_faces,equal_duration_50_bins,PASS,,
-egA8-b7-3M_9,vision,12,1.2216,1.3234000000000001,1,1,mean_valid_faces,equal_duration_50_bins,PASS,,
-egA8-b7-3M_9,vision,13,1.3234000000000001,1.4251999999999998,1,1,mean_valid_faces,equal_duration_50_bins,PASS,,
-egA8-b7-3M_9,vision,14,1.4251999999999998,1.527,1,1,mean_valid_faces,equal_duration_50_bins,PASS,,
-egA8-b7-3M_9,vision,15,1.527,1.6288,1,1,mean_valid_faces,equal_duration_50_bins,PASS,,
-egA8-b7-3M_9,vision,16,1.6288,1.7306,1,1,mean_valid_faces,equal_duration_50_bins,PASS,,
-egA8-b7-3M_9,vision,17,1.7306,1.8324,1,1,mean_valid_faces,equal_duration_50_bins,PASS,,
-egA8-b7-3M_9,vision,18,1.8324,1.9342,1,1,mean_valid_faces,equal_duration_50_bins,PASS,,
-egA8-b7-3M_9,vision,19,1.9342,2.036,1,1,mean_valid_faces,equal_duration_50_bins,PASS,,
-egA8-b7-3M_9,vision,20,2.036,2.1378,1,1,mean_valid_faces,equal_duration_50_bins,PASS,,
-egA8-b7-3M_9,vision,21,2.1378,2.2396,1,1,mean_valid_faces,equal_duration_50_bins,PASS,,
-egA8-b7-3M_9,vision,22,2.2396,2.3413999999999997,1,1,mean_valid_faces,equal_duration_50_bins,PASS,,
-egA8-b7-3M_9,vision,23,2.3413999999999997,2.4432,1,1,mean_valid_faces,equal_duration_50_bins,PASS,,
-egA8-b7-3M_9,vision,24,2.4432,2.545,1,1,mean_valid_faces,equal_duration_50_bins,PASS,,
-egA8-b7-3M_9,vision,25,2.545,2.6468000000000003,1,1,mean_valid_faces,equal_duration_50_bins,PASS,,
-egA8-b7-3M_9,vision,26,2.6468000000000003,2.7486,1,1,mean_valid_faces,equal_duration_50_bins,PASS,,
-egA8-b7-3M_9,vision,27,2.7486,2.8503999999999996,1,1,mean_valid_faces,equal_duration_50_bins,PASS,,
-egA8-b7-3M_9,vision,28,2.8503999999999996,2.9521999999999995,1,1,mean_valid_faces,equal_duration_50_bins,PASS,,
-egA8-b7-3M_9,vision,29,2.9521999999999995,3.054,1,1,mean_valid_faces,equal_duration_50_bins,PASS,,
-egA8-b7-3M_9,vision,30,3.054,3.1557999999999997,1,1,mean_valid_faces,equal_duration_50_bins,PASS,,
-egA8-b7-3M_9,vision,31,3.1557999999999997,3.2576,1,1,mean_valid_faces,equal_duration_50_bins,PASS,,
-egA8-b7-3M_9,vision,32,3.2576,3.3594,1,1,mean_valid_faces,equal_duration_50_bins,PASS,,
-egA8-b7-3M_9,vision,33,3.3594,3.4612,1,1,mean_valid_faces,equal_duration_50_bins,PASS,,
-egA8-b7-3M_9,vision,34,3.4612,3.563,1,1,mean_valid_faces,equal_duration_50_bins,PASS,,
-egA8-b7-3M_9,vision,35,3.563,3.6648,1,1,mean_valid_faces,equal_duration_50_bins,PASS,,
-egA8-b7-3M_9,vision,36,3.6648,3.7665999999999995,1,1,mean_valid_faces,equal_duration_50_bins,PASS,,
-egA8-b7-3M_9,vision,37,3.7665999999999995,3.8684,1,1,mean_valid_faces,equal_duration_50_bins,PASS,,
-egA8-b7-3M_9,vision,38,3.8684,3.9701999999999997,1,1,mean_valid_faces,equal_duration_50_bins,PASS,,
-egA8-b7-3M_9,vision,39,3.9701999999999997,4.072,1,1,mean_valid_faces,equal_duration_50_bins,PASS,,
-egA8-b7-3M_9,vision,40,4.072,4.1738,1,1,mean_valid_faces,equal_duration_50_bins,PASS,,
-egA8-b7-3M_9,vision,41,4.1738,4.2756,1,1,mean_valid_faces,equal_duration_50_bins,PASS,,
-egA8-b7-3M_9,vision,42,4.2756,4.3774,1,1,mean_valid_faces,equal_duration_50_bins,PASS,,
-egA8-b7-3M_9,vision,43,4.3774,4.4792,1,1,mean_valid_faces,equal_duration_50_bins,PASS,,
-egA8-b7-3M_9,vision,44,4.4792,4.5809999999999995,1,1,mean_valid_faces,equal_duration_50_bins,PASS,,
-egA8-b7-3M_9,vision,45,4.5809999999999995,4.682799999999999,1,1,mean_valid_faces,equal_duration_50_bins,PASS,,
-egA8-b7-3M_9,vision,46,4.682799999999999,4.7846,1,1,mean_valid_faces,equal_duration_50_bins,PASS,,
-egA8-b7-3M_9,vision,47,4.7846,4.8864,1,1,mean_valid_faces,equal_duration_50_bins,PASS,,
-egA8-b7-3M_9,vision,48,4.8864,4.9882,1,1,mean_valid_faces,equal_duration_50_bins,PASS,,
-egA8-b7-3M_9,vision,49,4.9882,5.09,1,1,mean_valid_faces,equal_duration_50_bins,PASS,,
-egA8-b7-3M_20,vision,0,0.0,0.1328,2,1,mean_valid_faces,equal_duration_50_bins,PASS,,
-egA8-b7-3M_20,vision,1,0.1328,0.2656,1,1,mean_valid_faces,equal_duration_50_bins,PASS,,
-egA8-b7-3M_20,vision,2,0.2656,0.3984,1,1,mean_valid_faces,equal_duration_50_bins,PASS,,
-egA8-b7-3M_20,vision,3,0.3984,0.5312,2,1,mean_valid_faces,equal_duration_50_bins,PASS,,
-egA8-b7-3M_20,vision,4,0.5312,0.6639999999999999,1,1,mean_valid_faces,equal_duration_50_bins,PASS,,
-egA8-b7-3M_20,vision,5,0.6639999999999999,0.7968,1,1,mean_valid_faces,equal_duration_50_bins,PASS,,
-egA8-b7-3M_20,vision,6,0.7968,0.9296,2,1,mean_valid_faces,equal_duration_50_bins,PASS,,
-egA8-b7-3M_20,vision,7,0.9296,1.0624,1,1,mean_valid_faces,equal_duration_50_bins,PASS,,
-egA8-b7-3M_20,vision,8,1.0624,1.1952,1,1,mean_valid_faces,equal_duration_50_bins,PASS,,
-egA8-b7-3M_20,vision,9,1.1952,1.3279999999999998,2,1,mean_valid_faces,equal_duration_50_bins,PASS,,
-egA8-b7-3M_20,vision,10,1.3279999999999998,1.4607999999999999,1,1,mean_valid_faces,equal_duration_50_bins,PASS,,
-egA8-b7-3M_20,vision,11,1.4607999999999999,1.5936,1,1,mean_valid_faces,equal_duration_50_bins,PASS,,
-egA8-b7-3M_20,vision,12,1.5936,1.7264,2,1,mean_valid_faces,equal_duration_50_bins,PASS,,
-egA8-b7-3M_20,vision,13,1.7264,1.8592,1,1,mean_valid_faces,equal_duration_50_bins,PASS,,
-egA8-b7-3M_20,vision,14,1.8592,1.992,1,1,mean_valid_faces,equal_duration_50_bins,PASS,,
-egA8-b7-3M_20,vision,15,1.992,2.1248,2,1,mean_valid_faces,equal_duration_50_bins,PASS,,
-egA8-b7-3M_20,vision,16,2.1248,2.2576,1,1,mean_valid_faces,equal_duration_50_bins,PASS,,
-egA8-b7-3M_20,vision,17,2.2576,2.3904,1,1,mean_valid_faces,equal_duration_50_bins,PASS,,
-egA8-b7-3M_20,vision,18,2.3904,2.5232,2,1,mean_valid_faces,equal_duration_50_bins,PASS,,
-egA8-b7-3M_20,vision,19,2.5232,2.6559999999999997,1,1,mean_valid_faces,equal_duration_50_bins,PASS,,
-egA8-b7-3M_20,vision,20,2.6559999999999997,2.7888,1,1,mean_valid_faces,equal_duration_50_bins,PASS,,
-egA8-b7-3M_20,vision,21,2.7888,2.9215999999999998,2,1,mean_valid_faces,equal_duration_50_bins,PASS,,
-egA8-b7-3M_20,vision,22,2.9215999999999998,3.0544,1,1,mean_valid_faces,equal_duration_50_bins,PASS,,
-egA8-b7-3M_20,vision,23,3.0544,3.1872,1,1,mean_valid_faces,equal_duration_50_bins,PASS,,
-egA8-b7-3M_20,vision,24,3.1872,3.32,2,1,mean_valid_faces,equal_duration_50_bins,PASS,,
-egA8-b7-3M_20,vision,25,3.32,3.4528,1,1,mean_valid_faces,equal_duration_50_bins,PASS,,
-egA8-b7-3M_20,vision,26,3.4528,3.5856,1,1,mean_valid_faces,equal_duration_50_bins,PASS,,
-egA8-b7-3M_20,vision,27,3.5856,3.7184,2,1,mean_valid_faces,equal_duration_50_bins,PASS,,
-egA8-b7-3M_20,vision,28,3.7184,3.8512,1,1,mean_valid_faces,equal_duration_50_bins,PASS,,
-egA8-b7-3M_20,vision,29,3.8512,3.984,1,1,mean_valid_faces,equal_duration_50_bins,PASS,,
-egA8-b7-3M_20,vision,30,3.984,4.1168000000000005,2,1,mean_valid_faces,equal_duration_50_bins,PASS,,
-egA8-b7-3M_20,vision,31,4.1168000000000005,4.2496,1,1,mean_valid_faces,equal_duration_50_bins,PASS,,
-egA8-b7-3M_20,vision,32,4.2496,4.3824,1,1,mean_valid_faces,equal_duration_50_bins,PASS,,
-egA8-b7-3M_20,vision,33,4.3824,4.5152,2,1,mean_valid_faces,equal_duration_50_bins,PASS,,
-egA8-b7-3M_20,vision,34,4.5152,4.648,1,1,mean_valid_faces,equal_duration_50_bins,PASS,,
-egA8-b7-3M_20,vision,35,4.648,4.7808,1,1,mean_valid_faces,equal_duration_50_bins,PASS,,
-egA8-b7-3M_20,vision,36,4.7808,4.9136,2,1,mean_valid_faces,equal_duration_50_bins,PASS,,
-egA8-b7-3M_20,vision,37,4.9136,5.0464,1,1,mean_valid_faces,equal_duration_50_bins,PASS,,
-egA8-b7-3M_20,vision,38,5.0464,5.1792,1,1,mean_valid_faces,equal_duration_50_bins,PASS,,
-egA8-b7-3M_20,vision,39,5.1792,5.311999999999999,2,1,mean_valid_faces,equal_duration_50_bins,PASS,,
-egA8-b7-3M_20,vision,40,5.311999999999999,5.4448,1,1,mean_valid_faces,equal_duration_50_bins,PASS,,
-egA8-b7-3M_20,vision,41,5.4448,5.5776,1,1,mean_valid_faces,equal_duration_50_bins,PASS,,
-egA8-b7-3M_20,vision,42,5.5776,5.7104,2,1,mean_valid_faces,equal_duration_50_bins,PASS,,
-egA8-b7-3M_20,vision,43,5.7104,5.8431999999999995,1,1,mean_valid_faces,equal_duration_50_bins,PASS,,
-egA8-b7-3M_20,vision,44,5.8431999999999995,5.976,1,1,mean_valid_faces,equal_duration_50_bins,PASS,,
-egA8-b7-3M_20,vision,45,5.976,6.1088,2,1,mean_valid_faces,equal_duration_50_bins,PASS,,
-egA8-b7-3M_20,vision,46,6.1088,6.2416,1,1,mean_valid_faces,equal_duration_50_bins,PASS,,
-egA8-b7-3M_20,vision,47,6.2416,6.3744,1,1,mean_valid_faces,equal_duration_50_bins,PASS,,
-egA8-b7-3M_20,vision,48,6.3744,6.507199999999999,1,1,mean_valid_faces,equal_duration_50_bins,PASS,,
-egA8-b7-3M_20,vision,49,6.507199999999999,6.64,1,1,mean_valid_faces,equal_duration_50_bins,PASS,,
-iRBcNs9oI8_3,vision,0,0.0,0.1124,0,0,mean_valid_faces,equal_duration_50_bins,PASS,,
-iRBcNs9oI8_3,vision,1,0.1124,0.2248,0,0,mean_valid_faces,equal_duration_50_bins,PASS,,
-iRBcNs9oI8_3,vision,2,0.2248,0.3372,0,0,mean_valid_faces,equal_duration_50_bins,PASS,,
-iRBcNs9oI8_3,vision,3,0.3372,0.4496,0,0,mean_valid_faces,equal_duration_50_bins,PASS,,
-iRBcNs9oI8_3,vision,4,0.4496,0.562,0,0,mean_valid_faces,equal_duration_50_bins,PASS,,
-iRBcNs9oI8_3,vision,5,0.562,0.6744,0,0,mean_valid_faces,equal_duration_50_bins,PASS,,
-iRBcNs9oI8_3,vision,6,0.6744,0.7868,0,0,mean_valid_faces,equal_duration_50_bins,PASS,,
-iRBcNs9oI8_3,vision,7,0.7868,0.8992,0,0,mean_valid_faces,equal_duration_50_bins,PASS,,
-iRBcNs9oI8_3,vision,8,0.8992,1.0116,0,0,mean_valid_faces,equal_duration_50_bins,PASS,,
-iRBcNs9oI8_3,vision,9,1.0116,1.124,0,0,mean_valid_faces,equal_duration_50_bins,PASS,,
-iRBcNs9oI8_3,vision,10,1.124,1.2364,0,0,mean_valid_faces,equal_duration_50_bins,PASS,,
-iRBcNs9oI8_3,vision,11,1.2364,1.3488,0,0,mean_valid_faces,equal_duration_50_bins,PASS,,
-iRBcNs9oI8_3,vision,12,1.3488,1.4612,0,0,mean_valid_faces,equal_duration_50_bins,PASS,,
-iRBcNs9oI8_3,vision,13,1.4612,1.5736,0,0,mean_valid_faces,equal_duration_50_bins,PASS,,
-iRBcNs9oI8_3,vision,14,1.5736,1.686,0,0,mean_valid_faces,equal_duration_50_bins,PASS,,
-iRBcNs9oI8_3,vision,15,1.686,1.7984,0,0,mean_valid_faces,equal_duration_50_bins,PASS,,
-iRBcNs9oI8_3,vision,16,1.7984,1.9108,0,0,mean_valid_faces,equal_duration_50_bins,PASS,,
-iRBcNs9oI8_3,vision,17,1.9108,2.0232,0,0,mean_valid_faces,equal_duration_50_bins,PASS,,
-iRBcNs9oI8_3,vision,18,2.0232,2.1356,0,0,mean_valid_faces,equal_duration_50_bins,PASS,,
-iRBcNs9oI8_3,vision,19,2.1356,2.248,0,0,mean_valid_faces,equal_duration_50_bins,PASS,,
-iRBcNs9oI8_3,vision,20,2.248,2.3604,0,0,mean_valid_faces,equal_duration_50_bins,PASS,,
-iRBcNs9oI8_3,vision,21,2.3604,2.4728,0,0,mean_valid_faces,equal_duration_50_bins,PASS,,
-iRBcNs9oI8_3,vision,22,2.4728,2.5852,0,0,mean_valid_faces,equal_duration_50_bins,PASS,,
-iRBcNs9oI8_3,vision,23,2.5852,2.6976,0,0,mean_valid_faces,equal_duration_50_bins,PASS,,
-iRBcNs9oI8_3,vision,24,2.6976,2.81,0,0,mean_valid_faces,equal_duration_50_bins,PASS,,
-iRBcNs9oI8_3,vision,25,2.81,2.9224,0,0,mean_valid_faces,equal_duration_50_bins,PASS,,
-iRBcNs9oI8_3,vision,26,2.9224,3.0348,0,0,mean_valid_faces,equal_duration_50_bins,PASS,,
-iRBcNs9oI8_3,vision,27,3.0348,3.1472,0,0,mean_valid_faces,equal_duration_50_bins,PASS,,
-iRBcNs9oI8_3,vision,28,3.1472,3.2596,0,0,mean_valid_faces,equal_duration_50_bins,PASS,,
-iRBcNs9oI8_3,vision,29,3.2596,3.372,0,0,mean_valid_faces,equal_duration_50_bins,PASS,,
-iRBcNs9oI8_3,vision,30,3.372,3.4844,0,0,mean_valid_faces,equal_duration_50_bins,PASS,,
-iRBcNs9oI8_3,vision,31,3.4844,3.5968,0,0,mean_valid_faces,equal_duration_50_bins,PASS,,
-iRBcNs9oI8_3,vision,32,3.5968,3.7092,0,0,mean_valid_faces,equal_duration_50_bins,PASS,,
-iRBcNs9oI8_3,vision,33,3.7092,3.8216,0,0,mean_valid_faces,equal_duration_50_bins,PASS,,
-iRBcNs9oI8_3,vision,34,3.8216,3.934,0,0,mean_valid_faces,equal_duration_50_bins,PASS,,
-iRBcNs9oI8_3,vision,35,3.934,4.0464,0,0,mean_valid_faces,equal_duration_50_bins,PASS,,
-iRBcNs9oI8_3,vision,36,4.0464,4.1588,0,0,mean_valid_faces,equal_duration_50_bins,PASS,,
-iRBcNs9oI8_3,vision,37,4.1588,4.2712,0,0,mean_valid_faces,equal_duration_50_bins,PASS,,
-iRBcNs9oI8_3,vision,38,4.2712,4.3836,0,0,mean_valid_faces,equal_duration_50_bins,PASS,,
-iRBcNs9oI8_3,vision,39,4.3836,4.496,0,0,mean_valid_faces,equal_duration_50_bins,PASS,,
-iRBcNs9oI8_3,vision,40,4.496,4.6084000000000005,0,0,mean_valid_faces,equal_duration_50_bins,PASS,,
-iRBcNs9oI8_3,vision,41,4.6084000000000005,4.7208,0,0,mean_valid_faces,equal_duration_50_bins,PASS,,
-iRBcNs9oI8_3,vision,42,4.7208,4.8332,0,0,mean_valid_faces,equal_duration_50_bins,PASS,,
-iRBcNs9oI8_3,vision,43,4.8332,4.9456,0,0,mean_valid_faces,equal_duration_50_bins,PASS,,
-iRBcNs9oI8_3,vision,44,4.9456,5.058,0,0,mean_valid_faces,equal_duration_50_bins,PASS,,
-iRBcNs9oI8_3,vision,45,5.058,5.1704,0,0,mean_valid_faces,equal_duration_50_bins,PASS,,
-iRBcNs9oI8_3,vision,46,5.1704,5.2828,0,0,mean_valid_faces,equal_duration_50_bins,PASS,,
-iRBcNs9oI8_3,vision,47,5.2828,5.3952,0,0,mean_valid_faces,equal_duration_50_bins,PASS,,
-iRBcNs9oI8_3,vision,48,5.3952,5.5076,0,0,mean_valid_faces,equal_duration_50_bins,PASS,,
-iRBcNs9oI8_3,vision,49,5.5076,5.62,0,0,mean_valid_faces,equal_duration_50_bins,PASS,,
-iRBcNs9oI8_7,vision,0,0.0,0.08199999999999999,0,0,mean_valid_faces,equal_duration_50_bins,PASS,,
-iRBcNs9oI8_7,vision,1,0.08199999999999999,0.16399999999999998,0,0,mean_valid_faces,equal_duration_50_bins,PASS,,
-iRBcNs9oI8_7,vision,2,0.16399999999999998,0.24599999999999997,0,0,mean_valid_faces,equal_duration_50_bins,PASS,,
-iRBcNs9oI8_7,vision,3,0.24599999999999997,0.32799999999999996,0,0,mean_valid_faces,equal_duration_50_bins,PASS,,
-iRBcNs9oI8_7,vision,4,0.32799999999999996,0.41,0,0,mean_valid_faces,equal_duration_50_bins,PASS,,
-iRBcNs9oI8_7,vision,5,0.41,0.49199999999999994,0,0,mean_valid_faces,equal_duration_50_bins,PASS,,
-iRBcNs9oI8_7,vision,6,0.49199999999999994,0.574,0,0,mean_valid_faces,equal_duration_50_bins,PASS,,
-iRBcNs9oI8_7,vision,7,0.574,0.6559999999999999,0,0,mean_valid_faces,equal_duration_50_bins,PASS,,
-iRBcNs9oI8_7,vision,8,0.6559999999999999,0.738,0,0,mean_valid_faces,equal_duration_50_bins,PASS,,
-iRBcNs9oI8_7,vision,9,0.738,0.82,0,0,mean_valid_faces,equal_duration_50_bins,PASS,,
-iRBcNs9oI8_7,vision,10,0.82,0.9019999999999999,0,0,mean_valid_faces,equal_duration_50_bins,PASS,,
-iRBcNs9oI8_7,vision,11,0.9019999999999999,0.9839999999999999,0,0,mean_valid_faces,equal_duration_50_bins,PASS,,
-iRBcNs9oI8_7,vision,12,0.9839999999999999,1.0659999999999998,0,0,mean_valid_faces,equal_duration_50_bins,PASS,,
-iRBcNs9oI8_7,vision,13,1.0659999999999998,1.148,0,0,mean_valid_faces,equal_duration_50_bins,PASS,,
-iRBcNs9oI8_7,vision,14,1.148,1.2299999999999998,0,0,mean_valid_faces,equal_duration_50_bins,PASS,,
-iRBcNs9oI8_7,vision,15,1.2299999999999998,1.3119999999999998,0,0,mean_valid_faces,equal_duration_50_bins,PASS,,
-iRBcNs9oI8_7,vision,16,1.3119999999999998,1.3939999999999997,0,0,mean_valid_faces,equal_duration_50_bins,PASS,,
-iRBcNs9oI8_7,vision,17,1.3939999999999997,1.476,0,0,mean_valid_faces,equal_duration_50_bins,PASS,,
-iRBcNs9oI8_7,vision,18,1.476,1.5579999999999998,0,0,mean_valid_faces,equal_duration_50_bins,PASS,,
-iRBcNs9oI8_7,vision,19,1.5579999999999998,1.64,0,0,mean_valid_faces,equal_duration_50_bins,PASS,,
-iRBcNs9oI8_7,vision,20,1.64,1.722,0,0,mean_valid_faces,equal_duration_50_bins,PASS,,
-iRBcNs9oI8_7,vision,21,1.722,1.8039999999999998,0,0,mean_valid_faces,equal_duration_50_bins,PASS,,
-iRBcNs9oI8_7,vision,22,1.8039999999999998,1.886,0,0,mean_valid_faces,equal_duration_50_bins,PASS,,
-iRBcNs9oI8_7,vision,23,1.886,1.9679999999999997,0,0,mean_valid_faces,equal_duration_50_bins,PASS,,
-iRBcNs9oI8_7,vision,24,1.9679999999999997,2.05,0,0,mean_valid_faces,equal_duration_50_bins,PASS,,
-iRBcNs9oI8_7,vision,25,2.05,2.1319999999999997,0,0,mean_valid_faces,equal_duration_50_bins,PASS,,
-iRBcNs9oI8_7,vision,26,2.1319999999999997,2.214,0,0,mean_valid_faces,equal_duration_50_bins,PASS,,
-iRBcNs9oI8_7,vision,27,2.214,2.296,0,0,mean_valid_faces,equal_duration_50_bins,PASS,,
-iRBcNs9oI8_7,vision,28,2.296,2.3779999999999997,0,0,mean_valid_faces,equal_duration_50_bins,PASS,,
-iRBcNs9oI8_7,vision,29,2.3779999999999997,2.4599999999999995,0,0,mean_valid_faces,equal_duration_50_bins,PASS,,
-iRBcNs9oI8_7,vision,30,2.4599999999999995,2.542,0,0,mean_valid_faces,equal_duration_50_bins,PASS,,
-iRBcNs9oI8_7,vision,31,2.542,2.6239999999999997,0,0,mean_valid_faces,equal_duration_50_bins,PASS,,
-iRBcNs9oI8_7,vision,32,2.6239999999999997,2.7059999999999995,0,0,mean_valid_faces,equal_duration_50_bins,PASS,,
-iRBcNs9oI8_7,vision,33,2.7059999999999995,2.7879999999999994,0,0,mean_valid_faces,equal_duration_50_bins,PASS,,
-iRBcNs9oI8_7,vision,34,2.7879999999999994,2.87,0,0,mean_valid_faces,equal_duration_50_bins,PASS,,
-iRBcNs9oI8_7,vision,35,2.87,2.952,0,0,mean_valid_faces,equal_duration_50_bins,PASS,,
-iRBcNs9oI8_7,vision,36,2.952,3.034,0,0,mean_valid_faces,equal_duration_50_bins,PASS,,
-iRBcNs9oI8_7,vision,37,3.034,3.1159999999999997,0,0,mean_valid_faces,equal_duration_50_bins,PASS,,
-iRBcNs9oI8_7,vision,38,3.1159999999999997,3.1979999999999995,0,0,mean_valid_faces,equal_duration_50_bins,PASS,,
-iRBcNs9oI8_7,vision,39,3.1979999999999995,3.28,0,0,mean_valid_faces,equal_duration_50_bins,PASS,,
-iRBcNs9oI8_7,vision,40,3.28,3.362,0,0,mean_valid_faces,equal_duration_50_bins,PASS,,
-iRBcNs9oI8_7,vision,41,3.362,3.444,0,0,mean_valid_faces,equal_duration_50_bins,PASS,,
-iRBcNs9oI8_7,vision,42,3.444,3.526,0,0,mean_valid_faces,equal_duration_50_bins,PASS,,
-iRBcNs9oI8_7,vision,43,3.526,3.6079999999999997,0,0,mean_valid_faces,equal_duration_50_bins,PASS,,
-iRBcNs9oI8_7,vision,44,3.6079999999999997,3.6899999999999995,0,0,mean_valid_faces,equal_duration_50_bins,PASS,,
-iRBcNs9oI8_7,vision,45,3.6899999999999995,3.772,0,0,mean_valid_faces,equal_duration_50_bins,PASS,,
-iRBcNs9oI8_7,vision,46,3.772,3.8539999999999996,0,0,mean_valid_faces,equal_duration_50_bins,PASS,,
-iRBcNs9oI8_7,vision,47,3.8539999999999996,3.9359999999999995,0,0,mean_valid_faces,equal_duration_50_bins,PASS,,
-iRBcNs9oI8_7,vision,48,3.9359999999999995,4.018,0,0,mean_valid_faces,equal_duration_50_bins,PASS,,
-iRBcNs9oI8_7,vision,49,4.018,4.1,0,0,mean_valid_faces,equal_duration_50_bins,PASS,,
-iRBcNs9oI8_6,vision,0,0.0,0.057999999999999996,0,0,mean_valid_faces,equal_duration_50_bins,PASS,,
-iRBcNs9oI8_6,vision,1,0.057999999999999996,0.11599999999999999,0,0,mean_valid_faces,equal_duration_50_bins,PASS,,
-iRBcNs9oI8_6,vision,2,0.11599999999999999,0.174,0,0,mean_valid_faces,equal_duration_50_bins,PASS,,
-iRBcNs9oI8_6,vision,3,0.174,0.23199999999999998,0,0,mean_valid_faces,equal_duration_50_bins,PASS,,
-iRBcNs9oI8_6,vision,4,0.23199999999999998,0.29,0,0,mean_valid_faces,equal_duration_50_bins,PASS,,
-iRBcNs9oI8_6,vision,5,0.29,0.348,0,0,mean_valid_faces,equal_duration_50_bins,PASS,,
-iRBcNs9oI8_6,vision,6,0.348,0.406,0,0,mean_valid_faces,equal_duration_50_bins,PASS,,
-iRBcNs9oI8_6,vision,7,0.406,0.46399999999999997,0,0,mean_valid_faces,equal_duration_50_bins,PASS,,
-iRBcNs9oI8_6,vision,8,0.46399999999999997,0.5219999999999999,0,0,mean_valid_faces,equal_duration_50_bins,PASS,,
-iRBcNs9oI8_6,vision,9,0.5219999999999999,0.58,0,0,mean_valid_faces,equal_duration_50_bins,PASS,,
-iRBcNs9oI8_6,vision,10,0.58,0.638,0,0,mean_valid_faces,equal_duration_50_bins,PASS,,
-iRBcNs9oI8_6,vision,11,0.638,0.696,0,0,mean_valid_faces,equal_duration_50_bins,PASS,,
-iRBcNs9oI8_6,vision,12,0.696,0.7539999999999999,0,0,mean_valid_faces,equal_duration_50_bins,PASS,,
-iRBcNs9oI8_6,vision,13,0.7539999999999999,0.812,0,0,mean_valid_faces,equal_duration_50_bins,PASS,,
-iRBcNs9oI8_6,vision,14,0.812,0.87,0,0,mean_valid_faces,equal_duration_50_bins,PASS,,
-iRBcNs9oI8_6,vision,15,0.87,0.9279999999999999,0,0,mean_valid_faces,equal_duration_50_bins,PASS,,
-iRBcNs9oI8_6,vision,16,0.9279999999999999,0.986,0,0,mean_valid_faces,equal_duration_50_bins,PASS,,
-iRBcNs9oI8_6,vision,17,0.986,1.0439999999999998,0,0,mean_valid_faces,equal_duration_50_bins,PASS,,
-iRBcNs9oI8_6,vision,18,1.0439999999999998,1.102,0,0,mean_valid_faces,equal_duration_50_bins,PASS,,
-iRBcNs9oI8_6,vision,19,1.102,1.16,0,0,mean_valid_faces,equal_duration_50_bins,PASS,,
-iRBcNs9oI8_6,vision,20,1.16,1.218,0,0,mean_valid_faces,equal_duration_50_bins,PASS,,
-iRBcNs9oI8_6,vision,21,1.218,1.276,0,0,mean_valid_faces,equal_duration_50_bins,PASS,,
-iRBcNs9oI8_6,vision,22,1.276,1.334,0,0,mean_valid_faces,equal_duration_50_bins,PASS,,
-iRBcNs9oI8_6,vision,23,1.334,1.392,0,0,mean_valid_faces,equal_duration_50_bins,PASS,,
-iRBcNs9oI8_6,vision,24,1.392,1.45,0,0,mean_valid_faces,equal_duration_50_bins,PASS,,
-iRBcNs9oI8_6,vision,25,1.45,1.5079999999999998,0,0,mean_valid_faces,equal_duration_50_bins,PASS,,
-iRBcNs9oI8_6,vision,26,1.5079999999999998,1.5659999999999998,0,0,mean_valid_faces,equal_duration_50_bins,PASS,,
-iRBcNs9oI8_6,vision,27,1.5659999999999998,1.624,0,0,mean_valid_faces,equal_duration_50_bins,PASS,,
-iRBcNs9oI8_6,vision,28,1.624,1.682,0,0,mean_valid_faces,equal_duration_50_bins,PASS,,
-iRBcNs9oI8_6,vision,29,1.682,1.74,0,0,mean_valid_faces,equal_duration_50_bins,PASS,,
-iRBcNs9oI8_6,vision,30,1.74,1.7979999999999998,0,0,mean_valid_faces,equal_duration_50_bins,PASS,,
-iRBcNs9oI8_6,vision,31,1.7979999999999998,1.8559999999999999,0,0,mean_valid_faces,equal_duration_50_bins,PASS,,
-iRBcNs9oI8_6,vision,32,1.8559999999999999,1.9140000000000001,0,0,mean_valid_faces,equal_duration_50_bins,PASS,,
-iRBcNs9oI8_6,vision,33,1.9140000000000001,1.972,0,0,mean_valid_faces,equal_duration_50_bins,PASS,,
-iRBcNs9oI8_6,vision,34,1.972,2.03,0,0,mean_valid_faces,equal_duration_50_bins,PASS,,
-iRBcNs9oI8_6,vision,35,2.03,2.0879999999999996,0,0,mean_valid_faces,equal_duration_50_bins,PASS,,
-iRBcNs9oI8_6,vision,36,2.0879999999999996,2.146,0,0,mean_valid_faces,equal_duration_50_bins,PASS,,
-iRBcNs9oI8_6,vision,37,2.146,2.204,0,0,mean_valid_faces,equal_duration_50_bins,PASS,,
-iRBcNs9oI8_6,vision,38,2.204,2.262,0,0,mean_valid_faces,equal_duration_50_bins,PASS,,
-iRBcNs9oI8_6,vision,39,2.262,2.32,0,0,mean_valid_faces,equal_duration_50_bins,PASS,,
-iRBcNs9oI8_6,vision,40,2.32,2.3779999999999997,0,0,mean_valid_faces,equal_duration_50_bins,PASS,,
-iRBcNs9oI8_6,vision,41,2.3779999999999997,2.436,0,0,mean_valid_faces,equal_duration_50_bins,PASS,,
-iRBcNs9oI8_6,vision,42,2.436,2.494,0,0,mean_valid_faces,equal_duration_50_bins,PASS,,
-iRBcNs9oI8_6,vision,43,2.494,2.552,0,0,mean_valid_faces,equal_duration_50_bins,PASS,,
-iRBcNs9oI8_6,vision,44,2.552,2.61,0,0,mean_valid_faces,equal_duration_50_bins,PASS,,
-iRBcNs9oI8_6,vision,45,2.61,2.668,0,0,mean_valid_faces,equal_duration_50_bins,PASS,,
-iRBcNs9oI8_6,vision,46,2.668,2.7259999999999995,0,0,mean_valid_faces,equal_duration_50_bins,PASS,,
-iRBcNs9oI8_6,vision,47,2.7259999999999995,2.784,0,0,mean_valid_faces,equal_duration_50_bins,PASS,,
-iRBcNs9oI8_6,vision,48,2.784,2.842,0,0,mean_valid_faces,equal_duration_50_bins,PASS,,
-iRBcNs9oI8_6,vision,49,2.842,2.9,0,0,mean_valid_faces,equal_duration_50_bins,PASS,,
-iRBcNs9oI8_9,vision,0,0.0,0.0684,0,0,mean_valid_faces,equal_duration_50_bins,PASS,,
-iRBcNs9oI8_9,vision,1,0.0684,0.1368,0,0,mean_valid_faces,equal_duration_50_bins,PASS,,
-iRBcNs9oI8_9,vision,2,0.1368,0.2052,0,0,mean_valid_faces,equal_duration_50_bins,PASS,,
-iRBcNs9oI8_9,vision,3,0.2052,0.2736,0,0,mean_valid_faces,equal_duration_50_bins,PASS,,
-iRBcNs9oI8_9,vision,4,0.2736,0.342,0,0,mean_valid_faces,equal_duration_50_bins,PASS,,
-iRBcNs9oI8_9,vision,5,0.342,0.4104,0,0,mean_valid_faces,equal_duration_50_bins,PASS,,
-iRBcNs9oI8_9,vision,6,0.4104,0.47879999999999995,0,0,mean_valid_faces,equal_duration_50_bins,PASS,,
-iRBcNs9oI8_9,vision,7,0.47879999999999995,0.5472,0,0,mean_valid_faces,equal_duration_50_bins,PASS,,
-iRBcNs9oI8_9,vision,8,0.5472,0.6156,0,0,mean_valid_faces,equal_duration_50_bins,PASS,,
-iRBcNs9oI8_9,vision,9,0.6156,0.684,0,0,mean_valid_faces,equal_duration_50_bins,PASS,,
-iRBcNs9oI8_9,vision,10,0.684,0.7524,0,0,mean_valid_faces,equal_duration_50_bins,PASS,,
-iRBcNs9oI8_9,vision,11,0.7524,0.8208,0,0,mean_valid_faces,equal_duration_50_bins,PASS,,
-iRBcNs9oI8_9,vision,12,0.8208,0.8892,0,0,mean_valid_faces,equal_duration_50_bins,PASS,,
-iRBcNs9oI8_9,vision,13,0.8892,0.9575999999999999,0,0,mean_valid_faces,equal_duration_50_bins,PASS,,
-iRBcNs9oI8_9,vision,14,0.9575999999999999,1.026,0,0,mean_valid_faces,equal_duration_50_bins,PASS,,
-iRBcNs9oI8_9,vision,15,1.026,1.0944,0,0,mean_valid_faces,equal_duration_50_bins,PASS,,
-iRBcNs9oI8_9,vision,16,1.0944,1.1628,0,0,mean_valid_faces,equal_duration_50_bins,PASS,,
-iRBcNs9oI8_9,vision,17,1.1628,1.2312,0,0,mean_valid_faces,equal_duration_50_bins,PASS,,
-iRBcNs9oI8_9,vision,18,1.2312,1.2996,0,0,mean_valid_faces,equal_duration_50_bins,PASS,,
-iRBcNs9oI8_9,vision,19,1.2996,1.368,0,0,mean_valid_faces,equal_duration_50_bins,PASS,,
-iRBcNs9oI8_9,vision,20,1.368,1.4364,0,0,mean_valid_faces,equal_duration_50_bins,PASS,,
-iRBcNs9oI8_9,vision,21,1.4364,1.5048,0,0,mean_valid_faces,equal_duration_50_bins,PASS,,
-iRBcNs9oI8_9,vision,22,1.5048,1.5732,0,0,mean_valid_faces,equal_duration_50_bins,PASS,,
-iRBcNs9oI8_9,vision,23,1.5732,1.6416,0,0,mean_valid_faces,equal_duration_50_bins,PASS,,
-iRBcNs9oI8_9,vision,24,1.6416,1.71,0,0,mean_valid_faces,equal_duration_50_bins,PASS,,
-iRBcNs9oI8_9,vision,25,1.71,1.7784,0,0,mean_valid_faces,equal_duration_50_bins,PASS,,
-iRBcNs9oI8_9,vision,26,1.7784,1.8468,0,0,mean_valid_faces,equal_duration_50_bins,PASS,,
-iRBcNs9oI8_9,vision,27,1.8468,1.9151999999999998,0,0,mean_valid_faces,equal_duration_50_bins,PASS,,
-iRBcNs9oI8_9,vision,28,1.9151999999999998,1.9835999999999998,0,0,mean_valid_faces,equal_duration_50_bins,PASS,,
-iRBcNs9oI8_9,vision,29,1.9835999999999998,2.052,0,0,mean_valid_faces,equal_duration_50_bins,PASS,,
-iRBcNs9oI8_9,vision,30,2.052,2.1204,0,0,mean_valid_faces,equal_duration_50_bins,PASS,,
-iRBcNs9oI8_9,vision,31,2.1204,2.1888,0,0,mean_valid_faces,equal_duration_50_bins,PASS,,
-iRBcNs9oI8_9,vision,32,2.1888,2.2572,0,0,mean_valid_faces,equal_duration_50_bins,PASS,,
-iRBcNs9oI8_9,vision,33,2.2572,2.3256,1,1,mean_valid_faces,equal_duration_50_bins,PASS,,
-iRBcNs9oI8_9,vision,34,2.3256,2.394,0,0,mean_valid_faces,equal_duration_50_bins,PASS,,
-iRBcNs9oI8_9,vision,35,2.394,2.4624,1,1,mean_valid_faces,equal_duration_50_bins,PASS,,
-iRBcNs9oI8_9,vision,36,2.4624,2.5307999999999997,1,1,mean_valid_faces,equal_duration_50_bins,PASS,,
-iRBcNs9oI8_9,vision,37,2.5307999999999997,2.5992,0,0,mean_valid_faces,equal_duration_50_bins,PASS,,
-iRBcNs9oI8_9,vision,38,2.5992,2.6675999999999997,0,0,mean_valid_faces,equal_duration_50_bins,PASS,,
-iRBcNs9oI8_9,vision,39,2.6675999999999997,2.736,0,0,mean_valid_faces,equal_duration_50_bins,PASS,,
-iRBcNs9oI8_9,vision,40,2.736,2.8044,0,0,mean_valid_faces,equal_duration_50_bins,PASS,,
-iRBcNs9oI8_9,vision,41,2.8044,2.8728,0,0,mean_valid_faces,equal_duration_50_bins,PASS,,
-iRBcNs9oI8_9,vision,42,2.8728,2.9412000000000003,0,0,mean_valid_faces,equal_duration_50_bins,PASS,,
-iRBcNs9oI8_9,vision,43,2.9412000000000003,3.0096,0,0,mean_valid_faces,equal_duration_50_bins,PASS,,
-iRBcNs9oI8_9,vision,44,3.0096,3.0780000000000003,0,0,mean_valid_faces,equal_duration_50_bins,PASS,,
-iRBcNs9oI8_9,vision,45,3.0780000000000003,3.1464,0,0,mean_valid_faces,equal_duration_50_bins,PASS,,
-iRBcNs9oI8_9,vision,46,3.1464,3.2148000000000003,0,0,mean_valid_faces,equal_duration_50_bins,PASS,,
-iRBcNs9oI8_9,vision,47,3.2148000000000003,3.2832,0,0,mean_valid_faces,equal_duration_50_bins,PASS,,
-iRBcNs9oI8_9,vision,48,3.2832,3.3515999999999995,0,0,mean_valid_faces,equal_duration_50_bins,PASS,,
-iRBcNs9oI8_9,vision,49,3.3515999999999995,3.42,0,0,mean_valid_faces,equal_duration_50_bins,PASS,,
-iRBcNs9oI8_8,vision,0,0.0,0.1618,0,0,mean_valid_faces,equal_duration_50_bins,PASS,,
-iRBcNs9oI8_8,vision,1,0.1618,0.3236,0,0,mean_valid_faces,equal_duration_50_bins,PASS,,
-iRBcNs9oI8_8,vision,2,0.3236,0.4854,0,0,mean_valid_faces,equal_duration_50_bins,PASS,,
-iRBcNs9oI8_8,vision,3,0.4854,0.6472,0,0,mean_valid_faces,equal_duration_50_bins,PASS,,
-iRBcNs9oI8_8,vision,4,0.6472,0.809,0,0,mean_valid_faces,equal_duration_50_bins,PASS,,
-iRBcNs9oI8_8,vision,5,0.809,0.9708,0,0,mean_valid_faces,equal_duration_50_bins,PASS,,
-iRBcNs9oI8_8,vision,6,0.9708,1.1325999999999998,0,0,mean_valid_faces,equal_duration_50_bins,PASS,,
-iRBcNs9oI8_8,vision,7,1.1325999999999998,1.2944,0,0,mean_valid_faces,equal_duration_50_bins,PASS,,
-iRBcNs9oI8_8,vision,8,1.2944,1.4562,0,0,mean_valid_faces,equal_duration_50_bins,PASS,,
-iRBcNs9oI8_8,vision,9,1.4562,1.618,0,0,mean_valid_faces,equal_duration_50_bins,PASS,,
-iRBcNs9oI8_8,vision,10,1.618,1.7797999999999998,0,0,mean_valid_faces,equal_duration_50_bins,PASS,,
-iRBcNs9oI8_8,vision,11,1.7797999999999998,1.9416,0,0,mean_valid_faces,equal_duration_50_bins,PASS,,
-iRBcNs9oI8_8,vision,12,1.9416,2.1034,0,0,mean_valid_faces,equal_duration_50_bins,PASS,,
-iRBcNs9oI8_8,vision,13,2.1034,2.2651999999999997,0,0,mean_valid_faces,equal_duration_50_bins,PASS,,
-iRBcNs9oI8_8,vision,14,2.2651999999999997,2.427,0,0,mean_valid_faces,equal_duration_50_bins,PASS,,
-iRBcNs9oI8_8,vision,15,2.427,2.5888,0,0,mean_valid_faces,equal_duration_50_bins,PASS,,
-iRBcNs9oI8_8,vision,16,2.5888,2.7506,0,0,mean_valid_faces,equal_duration_50_bins,PASS,,
-iRBcNs9oI8_8,vision,17,2.7506,2.9124,0,0,mean_valid_faces,equal_duration_50_bins,PASS,,
-iRBcNs9oI8_8,vision,18,2.9124,3.0742000000000003,0,0,mean_valid_faces,equal_duration_50_bins,PASS,,
-iRBcNs9oI8_8,vision,19,3.0742000000000003,3.236,0,0,mean_valid_faces,equal_duration_50_bins,PASS,,
-iRBcNs9oI8_8,vision,20,3.236,3.3977999999999997,0,0,mean_valid_faces,equal_duration_50_bins,PASS,,
-iRBcNs9oI8_8,vision,21,3.3977999999999997,3.5595999999999997,0,0,mean_valid_faces,equal_duration_50_bins,PASS,,
-iRBcNs9oI8_8,vision,22,3.5595999999999997,3.7214,0,0,mean_valid_faces,equal_duration_50_bins,PASS,,
-iRBcNs9oI8_8,vision,23,3.7214,3.8832,0,0,mean_valid_faces,equal_duration_50_bins,PASS,,
-iRBcNs9oI8_8,vision,24,3.8832,4.045,0,0,mean_valid_faces,equal_duration_50_bins,PASS,,
-iRBcNs9oI8_8,vision,25,4.045,4.2068,0,0,mean_valid_faces,equal_duration_50_bins,PASS,,
-iRBcNs9oI8_8,vision,26,4.2068,4.3686,0,0,mean_valid_faces,equal_duration_50_bins,PASS,,
-iRBcNs9oI8_8,vision,27,4.3686,4.530399999999999,0,0,mean_valid_faces,equal_duration_50_bins,PASS,,
-iRBcNs9oI8_8,vision,28,4.530399999999999,4.6922,0,0,mean_valid_faces,equal_duration_50_bins,PASS,,
-iRBcNs9oI8_8,vision,29,4.6922,4.854,0,0,mean_valid_faces,equal_duration_50_bins,PASS,,
-iRBcNs9oI8_8,vision,30,4.854,5.0158,0,0,mean_valid_faces,equal_duration_50_bins,PASS,,
-iRBcNs9oI8_8,vision,31,5.0158,5.1776,0,0,mean_valid_faces,equal_duration_50_bins,PASS,,
-iRBcNs9oI8_8,vision,32,5.1776,5.3393999999999995,0,0,mean_valid_faces,equal_duration_50_bins,PASS,,
-iRBcNs9oI8_8,vision,33,5.3393999999999995,5.5012,0,0,mean_valid_faces,equal_duration_50_bins,PASS,,
-iRBcNs9oI8_8,vision,34,5.5012,5.662999999999999,0,0,mean_valid_faces,equal_duration_50_bins,PASS,,
-iRBcNs9oI8_8,vision,35,5.662999999999999,5.8248,0,0,mean_valid_faces,equal_duration_50_bins,PASS,,
-iRBcNs9oI8_8,vision,36,5.8248,5.986599999999999,0,0,mean_valid_faces,equal_duration_50_bins,PASS,,
-iRBcNs9oI8_8,vision,37,5.986599999999999,6.1484000000000005,0,0,mean_valid_faces,equal_duration_50_bins,PASS,,
-iRBcNs9oI8_8,vision,38,6.1484000000000005,6.3102,0,0,mean_valid_faces,equal_duration_50_bins,PASS,,
-iRBcNs9oI8_8,vision,39,6.3102,6.472,0,0,mean_valid_faces,equal_duration_50_bins,PASS,,
-iRBcNs9oI8_8,vision,40,6.472,6.6338,0,0,mean_valid_faces,equal_duration_50_bins,PASS,,
-iRBcNs9oI8_8,vision,41,6.6338,6.795599999999999,0,0,mean_valid_faces,equal_duration_50_bins,PASS,,
-iRBcNs9oI8_8,vision,42,6.795599999999999,6.9574,0,0,mean_valid_faces,equal_duration_50_bins,PASS,,
-iRBcNs9oI8_8,vision,43,6.9574,7.119199999999999,0,0,mean_valid_faces,equal_duration_50_bins,PASS,,
-iRBcNs9oI8_8,vision,44,7.119199999999999,7.281000000000001,0,0,mean_valid_faces,equal_duration_50_bins,PASS,,
-iRBcNs9oI8_8,vision,45,7.281000000000001,7.4428,0,0,mean_valid_faces,equal_duration_50_bins,PASS,,
-iRBcNs9oI8_8,vision,46,7.4428,7.6046000000000005,0,0,mean_valid_faces,equal_duration_50_bins,PASS,,
-iRBcNs9oI8_8,vision,47,7.6046000000000005,7.7664,0,0,mean_valid_faces,equal_duration_50_bins,PASS,,
-iRBcNs9oI8_8,vision,48,7.7664,7.9281999999999995,0,0,mean_valid_faces,equal_duration_50_bins,PASS,,
-iRBcNs9oI8_8,vision,49,7.9281999999999995,8.09,0,0,mean_valid_faces,equal_duration_50_bins,PASS,,
-lzEya4AM_4_5,vision,0,0.0,0.1536,2,1,mean_valid_faces,equal_duration_50_bins,PASS,,
-lzEya4AM_4_5,vision,1,0.1536,0.3072,2,1,mean_valid_faces,equal_duration_50_bins,PASS,,
-lzEya4AM_4_5,vision,2,0.3072,0.4608,1,1,mean_valid_faces,equal_duration_50_bins,PASS,,
-lzEya4AM_4_5,vision,3,0.4608,0.6144,2,1,mean_valid_faces,equal_duration_50_bins,PASS,,
-lzEya4AM_4_5,vision,4,0.6144,0.768,1,1,mean_valid_faces,equal_duration_50_bins,PASS,,
-lzEya4AM_4_5,vision,5,0.768,0.9216,2,1,mean_valid_faces,equal_duration_50_bins,PASS,,
-lzEya4AM_4_5,vision,6,0.9216,1.0752,1,1,mean_valid_faces,equal_duration_50_bins,PASS,,
-lzEya4AM_4_5,vision,7,1.0752,1.2288,2,1,mean_valid_faces,equal_duration_50_bins,PASS,,
-lzEya4AM_4_5,vision,8,1.2288,1.3824,1,1,mean_valid_faces,equal_duration_50_bins,PASS,,
-lzEya4AM_4_5,vision,9,1.3824,1.536,2,1,mean_valid_faces,equal_duration_50_bins,PASS,,
-lzEya4AM_4_5,vision,10,1.536,1.6895999999999998,1,1,mean_valid_faces,equal_duration_50_bins,PASS,,
-lzEya4AM_4_5,vision,11,1.6895999999999998,1.8432,2,1,mean_valid_faces,equal_duration_50_bins,PASS,,
-lzEya4AM_4_5,vision,12,1.8432,1.9968000000000001,1,1,mean_valid_faces,equal_duration_50_bins,PASS,,
-lzEya4AM_4_5,vision,13,1.9968000000000001,2.1504,2,1,mean_valid_faces,equal_duration_50_bins,PASS,,
-lzEya4AM_4_5,vision,14,2.1504,2.304,2,1,mean_valid_faces,equal_duration_50_bins,PASS,,
-lzEya4AM_4_5,vision,15,2.304,2.4576,1,1,mean_valid_faces,equal_duration_50_bins,PASS,,
-lzEya4AM_4_5,vision,16,2.4576,2.6112,2,1,mean_valid_faces,equal_duration_50_bins,PASS,,
-lzEya4AM_4_5,vision,17,2.6112,2.7648,1,1,mean_valid_faces,equal_duration_50_bins,PASS,,
-lzEya4AM_4_5,vision,18,2.7648,2.9183999999999997,2,1,mean_valid_faces,equal_duration_50_bins,PASS,,
-lzEya4AM_4_5,vision,19,2.9183999999999997,3.072,1,1,mean_valid_faces,equal_duration_50_bins,PASS,,
-lzEya4AM_4_5,vision,20,3.072,3.2256,2,1,mean_valid_faces,equal_duration_50_bins,PASS,,
-lzEya4AM_4_5,vision,21,3.2256,3.3791999999999995,1,1,mean_valid_faces,equal_duration_50_bins,PASS,,
-lzEya4AM_4_5,vision,22,3.3791999999999995,3.5328,2,1,mean_valid_faces,equal_duration_50_bins,PASS,,
-lzEya4AM_4_5,vision,23,3.5328,3.6864,1,1,mean_valid_faces,equal_duration_50_bins,PASS,,
-lzEya4AM_4_5,vision,24,3.6864,3.84,2,1,mean_valid_faces,equal_duration_50_bins,PASS,,
-lzEya4AM_4_5,vision,25,3.84,3.9936000000000003,1,1,mean_valid_faces,equal_duration_50_bins,PASS,,
-lzEya4AM_4_5,vision,26,3.9936000000000003,4.1472,2,1,mean_valid_faces,equal_duration_50_bins,PASS,,
-lzEya4AM_4_5,vision,27,4.1472,4.3008,2,1,mean_valid_faces,equal_duration_50_bins,PASS,,
-lzEya4AM_4_5,vision,28,4.3008,4.4544,1,1,mean_valid_faces,equal_duration_50_bins,PASS,,
-lzEya4AM_4_5,vision,29,4.4544,4.608,2,1,mean_valid_faces,equal_duration_50_bins,PASS,,
-lzEya4AM_4_5,vision,30,4.608,4.7616,1,1,mean_valid_faces,equal_duration_50_bins,PASS,,
-lzEya4AM_4_5,vision,31,4.7616,4.9152,2,1,mean_valid_faces,equal_duration_50_bins,PASS,,
-lzEya4AM_4_5,vision,32,4.9152,5.0687999999999995,1,1,mean_valid_faces,equal_duration_50_bins,PASS,,
-lzEya4AM_4_5,vision,33,5.0687999999999995,5.2224,2,1,mean_valid_faces,equal_duration_50_bins,PASS,,
-lzEya4AM_4_5,vision,34,5.2224,5.376,1,1,mean_valid_faces,equal_duration_50_bins,PASS,,
-lzEya4AM_4_5,vision,35,5.376,5.5296,2,1,mean_valid_faces,equal_duration_50_bins,PASS,,
-lzEya4AM_4_5,vision,36,5.5296,5.683199999999999,1,1,mean_valid_faces,equal_duration_50_bins,PASS,,
-lzEya4AM_4_5,vision,37,5.683199999999999,5.836799999999999,2,1,mean_valid_faces,equal_duration_50_bins,PASS,,
-lzEya4AM_4_5,vision,38,5.836799999999999,5.990399999999999,1,1,mean_valid_faces,equal_duration_50_bins,PASS,,
-lzEya4AM_4_5,vision,39,5.990399999999999,6.144,2,1,mean_valid_faces,equal_duration_50_bins,PASS,,
-lzEya4AM_4_5,vision,40,6.144,6.2976,1,1,mean_valid_faces,equal_duration_50_bins,PASS,,
-lzEya4AM_4_5,vision,41,6.2976,6.4512,2,1,mean_valid_faces,equal_duration_50_bins,PASS,,
-lzEya4AM_4_5,vision,42,6.4512,6.6048,2,1,mean_valid_faces,equal_duration_50_bins,PASS,,
-lzEya4AM_4_5,vision,43,6.6048,6.758399999999999,1,1,mean_valid_faces,equal_duration_50_bins,PASS,,
-lzEya4AM_4_5,vision,44,6.758399999999999,6.911999999999999,2,1,mean_valid_faces,equal_duration_50_bins,PASS,,
-lzEya4AM_4_5,vision,45,6.911999999999999,7.0656,1,1,mean_valid_faces,equal_duration_50_bins,PASS,,
-lzEya4AM_4_5,vision,46,7.0656,7.2192,2,1,mean_valid_faces,equal_duration_50_bins,PASS,,
-lzEya4AM_4_5,vision,47,7.2192,7.3728,1,1,mean_valid_faces,equal_duration_50_bins,PASS,,
-lzEya4AM_4_5,vision,48,7.3728,7.5264,2,1,mean_valid_faces,equal_duration_50_bins,PASS,,
-lzEya4AM_4_5,vision,49,7.5264,7.68,1,1,mean_valid_faces,equal_duration_50_bins,PASS,,
-lzEya4AM_4_6,vision,0,0.0,0.2958,3,1,mean_valid_faces,equal_duration_50_bins,PASS,,
-lzEya4AM_4_6,vision,1,0.2958,0.5916,3,1,mean_valid_faces,equal_duration_50_bins,PASS,,
-lzEya4AM_4_6,vision,2,0.5916,0.8874,3,1,mean_valid_faces,equal_duration_50_bins,PASS,,
-lzEya4AM_4_6,vision,3,0.8874,1.1832,3,1,mean_valid_faces,equal_duration_50_bins,PASS,,
-lzEya4AM_4_6,vision,4,1.1832,1.4789999999999999,3,1,mean_valid_faces,equal_duration_50_bins,PASS,,
-lzEya4AM_4_6,vision,5,1.4789999999999999,1.7748,3,1,mean_valid_faces,equal_duration_50_bins,PASS,,
-lzEya4AM_4_6,vision,6,1.7748,2.0706,3,1,mean_valid_faces,equal_duration_50_bins,PASS,,
-lzEya4AM_4_6,vision,7,2.0706,2.3664,3,1,mean_valid_faces,equal_duration_50_bins,PASS,,
-lzEya4AM_4_6,vision,8,2.3664,2.6622,3,1,mean_valid_faces,equal_duration_50_bins,PASS,,
-lzEya4AM_4_6,vision,9,2.6622,2.9579999999999997,3,1,mean_valid_faces,equal_duration_50_bins,PASS,,
-lzEya4AM_4_6,vision,10,2.9579999999999997,3.2538,3,1,mean_valid_faces,equal_duration_50_bins,PASS,,
-lzEya4AM_4_6,vision,11,3.2538,3.5496,3,1,mean_valid_faces,equal_duration_50_bins,PASS,,
-lzEya4AM_4_6,vision,12,3.5496,3.8453999999999997,3,1,mean_valid_faces,equal_duration_50_bins,PASS,,
-lzEya4AM_4_6,vision,13,3.8453999999999997,4.1412,3,1,mean_valid_faces,equal_duration_50_bins,PASS,,
-lzEya4AM_4_6,vision,14,4.1412,4.437,3,1,mean_valid_faces,equal_duration_50_bins,PASS,,
-lzEya4AM_4_6,vision,15,4.437,4.7328,3,1,mean_valid_faces,equal_duration_50_bins,PASS,,
-lzEya4AM_4_6,vision,16,4.7328,5.0286,3,1,mean_valid_faces,equal_duration_50_bins,PASS,,
-lzEya4AM_4_6,vision,17,5.0286,5.3244,3,1,mean_valid_faces,equal_duration_50_bins,PASS,,
-lzEya4AM_4_6,vision,18,5.3244,5.6202,3,1,mean_valid_faces,equal_duration_50_bins,PASS,,
-lzEya4AM_4_6,vision,19,5.6202,5.9159999999999995,3,1,mean_valid_faces,equal_duration_50_bins,PASS,,
-lzEya4AM_4_6,vision,20,5.9159999999999995,6.211799999999999,3,1,mean_valid_faces,equal_duration_50_bins,PASS,,
-lzEya4AM_4_6,vision,21,6.211799999999999,6.5076,3,1,mean_valid_faces,equal_duration_50_bins,PASS,,
-lzEya4AM_4_6,vision,22,6.5076,6.803399999999999,3,1,mean_valid_faces,equal_duration_50_bins,PASS,,
-lzEya4AM_4_6,vision,23,6.803399999999999,7.0992,2,1,mean_valid_faces,equal_duration_50_bins,PASS,,
-lzEya4AM_4_6,vision,24,7.0992,7.395,3,1,mean_valid_faces,equal_duration_50_bins,PASS,,
-lzEya4AM_4_6,vision,25,7.395,7.690799999999999,3,1,mean_valid_faces,equal_duration_50_bins,PASS,,
-lzEya4AM_4_6,vision,26,7.690799999999999,7.986599999999999,3,1,mean_valid_faces,equal_duration_50_bins,PASS,,
-lzEya4AM_4_6,vision,27,7.986599999999999,8.2824,3,1,mean_valid_faces,equal_duration_50_bins,PASS,,
-lzEya4AM_4_6,vision,28,8.2824,8.578199999999999,3,1,mean_valid_faces,equal_duration_50_bins,PASS,,
-lzEya4AM_4_6,vision,29,8.578199999999999,8.874,3,1,mean_valid_faces,equal_duration_50_bins,PASS,,
-lzEya4AM_4_6,vision,30,8.874,9.169799999999999,3,1,mean_valid_faces,equal_duration_50_bins,PASS,,
-lzEya4AM_4_6,vision,31,9.169799999999999,9.4656,3,1,mean_valid_faces,equal_duration_50_bins,PASS,,
-lzEya4AM_4_6,vision,32,9.4656,9.7614,3,1,mean_valid_faces,equal_duration_50_bins,PASS,,
-lzEya4AM_4_6,vision,33,9.7614,10.0572,3,1,mean_valid_faces,equal_duration_50_bins,PASS,,
-lzEya4AM_4_6,vision,34,10.0572,10.353,3,1,mean_valid_faces,equal_duration_50_bins,PASS,,
-lzEya4AM_4_6,vision,35,10.353,10.6488,3,1,mean_valid_faces,equal_duration_50_bins,PASS,,
-lzEya4AM_4_6,vision,36,10.6488,10.944600000000001,3,1,mean_valid_faces,equal_duration_50_bins,PASS,,
-lzEya4AM_4_6,vision,37,10.944600000000001,11.2404,3,1,mean_valid_faces,equal_duration_50_bins,PASS,,
-lzEya4AM_4_6,vision,38,11.2404,11.5362,3,1,mean_valid_faces,equal_duration_50_bins,PASS,,
-lzEya4AM_4_6,vision,39,11.5362,11.831999999999999,3,1,mean_valid_faces,equal_duration_50_bins,PASS,,
-lzEya4AM_4_6,vision,40,11.831999999999999,12.1278,3,1,mean_valid_faces,equal_duration_50_bins,PASS,,
-lzEya4AM_4_6,vision,41,12.1278,12.423599999999999,3,1,mean_valid_faces,equal_duration_50_bins,PASS,,
-lzEya4AM_4_6,vision,42,12.423599999999999,12.719399999999998,3,1,mean_valid_faces,equal_duration_50_bins,PASS,,
-lzEya4AM_4_6,vision,43,12.719399999999998,13.0152,3,1,mean_valid_faces,equal_duration_50_bins,PASS,,
-lzEya4AM_4_6,vision,44,13.0152,13.311,3,1,mean_valid_faces,equal_duration_50_bins,PASS,,
-lzEya4AM_4_6,vision,45,13.311,13.606799999999998,3,1,mean_valid_faces,equal_duration_50_bins,PASS,,
-lzEya4AM_4_6,vision,46,13.606799999999998,13.9026,3,1,mean_valid_faces,equal_duration_50_bins,PASS,,
-lzEya4AM_4_6,vision,47,13.9026,14.1984,2,1,mean_valid_faces,equal_duration_50_bins,PASS,,
-lzEya4AM_4_6,vision,48,14.1984,14.4942,3,1,mean_valid_faces,equal_duration_50_bins,PASS,,
-lzEya4AM_4_6,vision,49,14.4942,14.79,3,1,mean_valid_faces,equal_duration_50_bins,PASS,,
-mJ2ud6oKI8_1,vision,0,0.0,0.122,0,0,mean_valid_faces,equal_duration_50_bins,PASS,,
-mJ2ud6oKI8_1,vision,1,0.122,0.244,0,0,mean_valid_faces,equal_duration_50_bins,PASS,,
-mJ2ud6oKI8_1,vision,2,0.244,0.36599999999999994,0,0,mean_valid_faces,equal_duration_50_bins,PASS,,
-mJ2ud6oKI8_1,vision,3,0.36599999999999994,0.488,0,0,mean_valid_faces,equal_duration_50_bins,PASS,,
-mJ2ud6oKI8_1,vision,4,0.488,0.61,0,0,mean_valid_faces,equal_duration_50_bins,PASS,,
-mJ2ud6oKI8_1,vision,5,0.61,0.7319999999999999,0,0,mean_valid_faces,equal_duration_50_bins,PASS,,
-mJ2ud6oKI8_1,vision,6,0.7319999999999999,0.8539999999999999,0,0,mean_valid_faces,equal_duration_50_bins,PASS,,
-mJ2ud6oKI8_1,vision,7,0.8539999999999999,0.976,0,0,mean_valid_faces,equal_duration_50_bins,PASS,,
-mJ2ud6oKI8_1,vision,8,0.976,1.0979999999999999,0,0,mean_valid_faces,equal_duration_50_bins,PASS,,
-mJ2ud6oKI8_1,vision,9,1.0979999999999999,1.22,0,0,mean_valid_faces,equal_duration_50_bins,PASS,,
-mJ2ud6oKI8_1,vision,10,1.22,1.3419999999999999,0,0,mean_valid_faces,equal_duration_50_bins,PASS,,
-mJ2ud6oKI8_1,vision,11,1.3419999999999999,1.4639999999999997,0,0,mean_valid_faces,equal_duration_50_bins,PASS,,
-mJ2ud6oKI8_1,vision,12,1.4639999999999997,1.5859999999999999,0,0,mean_valid_faces,equal_duration_50_bins,PASS,,
-mJ2ud6oKI8_1,vision,13,1.5859999999999999,1.7079999999999997,0,0,mean_valid_faces,equal_duration_50_bins,PASS,,
-mJ2ud6oKI8_1,vision,14,1.7079999999999997,1.83,0,0,mean_valid_faces,equal_duration_50_bins,PASS,,
-mJ2ud6oKI8_1,vision,15,1.83,1.952,0,0,mean_valid_faces,equal_duration_50_bins,PASS,,
-mJ2ud6oKI8_1,vision,16,1.952,2.074,0,0,mean_valid_faces,equal_duration_50_bins,PASS,,
-mJ2ud6oKI8_1,vision,17,2.074,2.1959999999999997,0,0,mean_valid_faces,equal_duration_50_bins,PASS,,
-mJ2ud6oKI8_1,vision,18,2.1959999999999997,2.3179999999999996,0,0,mean_valid_faces,equal_duration_50_bins,PASS,,
-mJ2ud6oKI8_1,vision,19,2.3179999999999996,2.44,0,0,mean_valid_faces,equal_duration_50_bins,PASS,,
-mJ2ud6oKI8_1,vision,20,2.44,2.562,0,0,mean_valid_faces,equal_duration_50_bins,PASS,,
-mJ2ud6oKI8_1,vision,21,2.562,2.6839999999999997,0,0,mean_valid_faces,equal_duration_50_bins,PASS,,
-mJ2ud6oKI8_1,vision,22,2.6839999999999997,2.8059999999999996,0,0,mean_valid_faces,equal_duration_50_bins,PASS,,
-mJ2ud6oKI8_1,vision,23,2.8059999999999996,2.9279999999999995,0,0,mean_valid_faces,equal_duration_50_bins,PASS,,
-mJ2ud6oKI8_1,vision,24,2.9279999999999995,3.05,0,0,mean_valid_faces,equal_duration_50_bins,PASS,,
-mJ2ud6oKI8_1,vision,25,3.05,3.1719999999999997,0,0,mean_valid_faces,equal_duration_50_bins,PASS,,
-mJ2ud6oKI8_1,vision,26,3.1719999999999997,3.2939999999999996,0,0,mean_valid_faces,equal_duration_50_bins,PASS,,
-mJ2ud6oKI8_1,vision,27,3.2939999999999996,3.4159999999999995,0,0,mean_valid_faces,equal_duration_50_bins,PASS,,
-mJ2ud6oKI8_1,vision,28,3.4159999999999995,3.5379999999999994,0,0,mean_valid_faces,equal_duration_50_bins,PASS,,
-mJ2ud6oKI8_1,vision,29,3.5379999999999994,3.66,0,0,mean_valid_faces,equal_duration_50_bins,PASS,,
-mJ2ud6oKI8_1,vision,30,3.66,3.782,0,0,mean_valid_faces,equal_duration_50_bins,PASS,,
-mJ2ud6oKI8_1,vision,31,3.782,3.904,0,0,mean_valid_faces,equal_duration_50_bins,PASS,,
-mJ2ud6oKI8_1,vision,32,3.904,4.026,0,0,mean_valid_faces,equal_duration_50_bins,PASS,,
-mJ2ud6oKI8_1,vision,33,4.026,4.148,0,0,mean_valid_faces,equal_duration_50_bins,PASS,,
-mJ2ud6oKI8_1,vision,34,4.148,4.27,0,0,mean_valid_faces,equal_duration_50_bins,PASS,,
-mJ2ud6oKI8_1,vision,35,4.27,4.3919999999999995,0,0,mean_valid_faces,equal_duration_50_bins,PASS,,
-mJ2ud6oKI8_1,vision,36,4.3919999999999995,4.513999999999999,0,0,mean_valid_faces,equal_duration_50_bins,PASS,,
-mJ2ud6oKI8_1,vision,37,4.513999999999999,4.635999999999999,0,0,mean_valid_faces,equal_duration_50_bins,PASS,,
-mJ2ud6oKI8_1,vision,38,4.635999999999999,4.757999999999999,0,0,mean_valid_faces,equal_duration_50_bins,PASS,,
-mJ2ud6oKI8_1,vision,39,4.757999999999999,4.88,0,0,mean_valid_faces,equal_duration_50_bins,PASS,,
-mJ2ud6oKI8_1,vision,40,4.88,5.002,0,0,mean_valid_faces,equal_duration_50_bins,PASS,,
-mJ2ud6oKI8_1,vision,41,5.002,5.124,0,0,mean_valid_faces,equal_duration_50_bins,PASS,,
-mJ2ud6oKI8_1,vision,42,5.124,5.246,0,0,mean_valid_faces,equal_duration_50_bins,PASS,,
-mJ2ud6oKI8_1,vision,43,5.246,5.367999999999999,0,0,mean_valid_faces,equal_duration_50_bins,PASS,,
-mJ2ud6oKI8_1,vision,44,5.367999999999999,5.49,0,0,mean_valid_faces,equal_duration_50_bins,PASS,,
-mJ2ud6oKI8_1,vision,45,5.49,5.611999999999999,0,0,mean_valid_faces,equal_duration_50_bins,PASS,,
-mJ2ud6oKI8_1,vision,46,5.611999999999999,5.734,0,0,mean_valid_faces,equal_duration_50_bins,PASS,,
-mJ2ud6oKI8_1,vision,47,5.734,5.855999999999999,0,0,mean_valid_faces,equal_duration_50_bins,PASS,,
-mJ2ud6oKI8_1,vision,48,5.855999999999999,5.978,0,0,mean_valid_faces,equal_duration_50_bins,PASS,,
-mJ2ud6oKI8_1,vision,49,5.978,6.1,0,0,mean_valid_faces,equal_duration_50_bins,PASS,,
-mJ2ud6oKI8_2,vision,0,0.0,0.11460000000000001,0,0,mean_valid_faces,equal_duration_50_bins,PASS,,
-mJ2ud6oKI8_2,vision,1,0.11460000000000001,0.22920000000000001,0,0,mean_valid_faces,equal_duration_50_bins,PASS,,
-mJ2ud6oKI8_2,vision,2,0.22920000000000001,0.34380000000000005,0,0,mean_valid_faces,equal_duration_50_bins,PASS,,
-mJ2ud6oKI8_2,vision,3,0.34380000000000005,0.45840000000000003,0,0,mean_valid_faces,equal_duration_50_bins,PASS,,
-mJ2ud6oKI8_2,vision,4,0.45840000000000003,0.5730000000000001,0,0,mean_valid_faces,equal_duration_50_bins,PASS,,
-mJ2ud6oKI8_2,vision,5,0.5730000000000001,0.6876000000000001,0,0,mean_valid_faces,equal_duration_50_bins,PASS,,
-mJ2ud6oKI8_2,vision,6,0.6876000000000001,0.8022,0,0,mean_valid_faces,equal_duration_50_bins,PASS,,
-mJ2ud6oKI8_2,vision,7,0.8022,0.9168000000000001,0,0,mean_valid_faces,equal_duration_50_bins,PASS,,
-mJ2ud6oKI8_2,vision,8,0.9168000000000001,1.0314,0,0,mean_valid_faces,equal_duration_50_bins,PASS,,
-mJ2ud6oKI8_2,vision,9,1.0314,1.1460000000000001,0,0,mean_valid_faces,equal_duration_50_bins,PASS,,
-mJ2ud6oKI8_2,vision,10,1.1460000000000001,1.2606,0,0,mean_valid_faces,equal_duration_50_bins,PASS,,
-mJ2ud6oKI8_2,vision,11,1.2606,1.3752000000000002,0,0,mean_valid_faces,equal_duration_50_bins,PASS,,
-mJ2ud6oKI8_2,vision,12,1.3752000000000002,1.4898000000000002,0,0,mean_valid_faces,equal_duration_50_bins,PASS,,
-mJ2ud6oKI8_2,vision,13,1.4898000000000002,1.6044,0,0,mean_valid_faces,equal_duration_50_bins,PASS,,
-mJ2ud6oKI8_2,vision,14,1.6044,1.719,0,0,mean_valid_faces,equal_duration_50_bins,PASS,,
-mJ2ud6oKI8_2,vision,15,1.719,1.8336000000000001,0,0,mean_valid_faces,equal_duration_50_bins,PASS,,
-mJ2ud6oKI8_2,vision,16,1.8336000000000001,1.9482000000000002,0,0,mean_valid_faces,equal_duration_50_bins,PASS,,
-mJ2ud6oKI8_2,vision,17,1.9482000000000002,2.0628,0,0,mean_valid_faces,equal_duration_50_bins,PASS,,
-mJ2ud6oKI8_2,vision,18,2.0628,2.1774,0,0,mean_valid_faces,equal_duration_50_bins,PASS,,
-mJ2ud6oKI8_2,vision,19,2.1774,2.2920000000000003,0,0,mean_valid_faces,equal_duration_50_bins,PASS,,
-mJ2ud6oKI8_2,vision,20,2.2920000000000003,2.4066,0,0,mean_valid_faces,equal_duration_50_bins,PASS,,
-mJ2ud6oKI8_2,vision,21,2.4066,2.5212,0,0,mean_valid_faces,equal_duration_50_bins,PASS,,
-mJ2ud6oKI8_2,vision,22,2.5212,2.6358000000000006,0,0,mean_valid_faces,equal_duration_50_bins,PASS,,
-mJ2ud6oKI8_2,vision,23,2.6358000000000006,2.7504000000000004,0,0,mean_valid_faces,equal_duration_50_bins,PASS,,
-mJ2ud6oKI8_2,vision,24,2.7504000000000004,2.865,0,0,mean_valid_faces,equal_duration_50_bins,PASS,,
-mJ2ud6oKI8_2,vision,25,2.865,2.9796000000000005,0,0,mean_valid_faces,equal_duration_50_bins,PASS,,
-mJ2ud6oKI8_2,vision,26,2.9796000000000005,3.0942000000000003,0,0,mean_valid_faces,equal_duration_50_bins,PASS,,
-mJ2ud6oKI8_2,vision,27,3.0942000000000003,3.2088,0,0,mean_valid_faces,equal_duration_50_bins,PASS,,
-mJ2ud6oKI8_2,vision,28,3.2088,3.3234000000000004,0,0,mean_valid_faces,equal_duration_50_bins,PASS,,
-mJ2ud6oKI8_2,vision,29,3.3234000000000004,3.438,0,0,mean_valid_faces,equal_duration_50_bins,PASS,,
-mJ2ud6oKI8_2,vision,30,3.438,3.5526000000000004,0,0,mean_valid_faces,equal_duration_50_bins,PASS,,
-mJ2ud6oKI8_2,vision,31,3.5526000000000004,3.6672000000000002,0,0,mean_valid_faces,equal_duration_50_bins,PASS,,
-mJ2ud6oKI8_2,vision,32,3.6672000000000002,3.7818,0,0,mean_valid_faces,equal_duration_50_bins,PASS,,
-mJ2ud6oKI8_2,vision,33,3.7818,3.8964000000000003,0,0,mean_valid_faces,equal_duration_50_bins,PASS,,
-mJ2ud6oKI8_2,vision,34,3.8964000000000003,4.011,0,0,mean_valid_faces,equal_duration_50_bins,PASS,,
-mJ2ud6oKI8_2,vision,35,4.011,4.1256,0,0,mean_valid_faces,equal_duration_50_bins,PASS,,
-mJ2ud6oKI8_2,vision,36,4.1256,4.240200000000001,0,0,mean_valid_faces,equal_duration_50_bins,PASS,,
-mJ2ud6oKI8_2,vision,37,4.240200000000001,4.3548,0,0,mean_valid_faces,equal_duration_50_bins,PASS,,
-mJ2ud6oKI8_2,vision,38,4.3548,4.4694,0,0,mean_valid_faces,equal_duration_50_bins,PASS,,
-mJ2ud6oKI8_2,vision,39,4.4694,4.5840000000000005,0,0,mean_valid_faces,equal_duration_50_bins,PASS,,
-mJ2ud6oKI8_2,vision,40,4.5840000000000005,4.6986,0,0,mean_valid_faces,equal_duration_50_bins,PASS,,
-mJ2ud6oKI8_2,vision,41,4.6986,4.8132,0,0,mean_valid_faces,equal_duration_50_bins,PASS,,
-mJ2ud6oKI8_2,vision,42,4.8132,4.9278,0,0,mean_valid_faces,equal_duration_50_bins,PASS,,
-mJ2ud6oKI8_2,vision,43,4.9278,5.0424,0,0,mean_valid_faces,equal_duration_50_bins,PASS,,
-mJ2ud6oKI8_2,vision,44,5.0424,5.157,0,0,mean_valid_faces,equal_duration_50_bins,PASS,,
-mJ2ud6oKI8_2,vision,45,5.157,5.271600000000001,0,0,mean_valid_faces,equal_duration_50_bins,PASS,,
-mJ2ud6oKI8_2,vision,46,5.271600000000001,5.3862,0,0,mean_valid_faces,equal_duration_50_bins,PASS,,
-mJ2ud6oKI8_2,vision,47,5.3862,5.500800000000001,0,0,mean_valid_faces,equal_duration_50_bins,PASS,,
-mJ2ud6oKI8_2,vision,48,5.500800000000001,5.615400000000001,0,0,mean_valid_faces,equal_duration_50_bins,PASS,,
-mJ2ud6oKI8_2,vision,49,5.615400000000001,5.73,0,0,mean_valid_faces,equal_duration_50_bins,PASS,,
-mJ2ud6oKI8_6,vision,0,0.0,0.0452,1,1,mean_valid_faces,equal_duration_50_bins,PASS,,
-mJ2ud6oKI8_6,vision,1,0.0452,0.0904,0,0,mean_valid_faces,equal_duration_50_bins,PASS,,
-mJ2ud6oKI8_6,vision,2,0.0904,0.1356,1,1,mean_valid_faces,equal_duration_50_bins,PASS,,
-mJ2ud6oKI8_6,vision,3,0.1356,0.1808,0,0,mean_valid_faces,equal_duration_50_bins,PASS,,
-mJ2ud6oKI8_6,vision,4,0.1808,0.22599999999999998,1,1,mean_valid_faces,equal_duration_50_bins,PASS,,
-mJ2ud6oKI8_6,vision,5,0.22599999999999998,0.2712,0,0,mean_valid_faces,equal_duration_50_bins,PASS,,
-mJ2ud6oKI8_6,vision,6,0.2712,0.31639999999999996,1,1,mean_valid_faces,equal_duration_50_bins,PASS,,
-mJ2ud6oKI8_6,vision,7,0.31639999999999996,0.3616,0,0,mean_valid_faces,equal_duration_50_bins,PASS,,
-mJ2ud6oKI8_6,vision,8,0.3616,0.40679999999999994,1,1,mean_valid_faces,equal_duration_50_bins,PASS,,
-mJ2ud6oKI8_6,vision,9,0.40679999999999994,0.45199999999999996,0,0,mean_valid_faces,equal_duration_50_bins,PASS,,
-mJ2ud6oKI8_6,vision,10,0.45199999999999996,0.4972,0,0,mean_valid_faces,equal_duration_50_bins,PASS,,
-mJ2ud6oKI8_6,vision,11,0.4972,0.5424,1,1,mean_valid_faces,equal_duration_50_bins,PASS,,
-mJ2ud6oKI8_6,vision,12,0.5424,0.5875999999999999,0,0,mean_valid_faces,equal_duration_50_bins,PASS,,
-mJ2ud6oKI8_6,vision,13,0.5875999999999999,0.6327999999999999,1,1,mean_valid_faces,equal_duration_50_bins,PASS,,
-mJ2ud6oKI8_6,vision,14,0.6327999999999999,0.6779999999999999,0,0,mean_valid_faces,equal_duration_50_bins,PASS,,
-mJ2ud6oKI8_6,vision,15,0.6779999999999999,0.7232,1,1,mean_valid_faces,equal_duration_50_bins,PASS,,
-mJ2ud6oKI8_6,vision,16,0.7232,0.7683999999999999,0,0,mean_valid_faces,equal_duration_50_bins,PASS,,
-mJ2ud6oKI8_6,vision,17,0.7683999999999999,0.8135999999999999,1,1,mean_valid_faces,equal_duration_50_bins,PASS,,
-mJ2ud6oKI8_6,vision,18,0.8135999999999999,0.8588,0,0,mean_valid_faces,equal_duration_50_bins,PASS,,
-mJ2ud6oKI8_6,vision,19,0.8588,0.9039999999999999,1,1,mean_valid_faces,equal_duration_50_bins,PASS,,
-mJ2ud6oKI8_6,vision,20,0.9039999999999999,0.9491999999999998,0,0,mean_valid_faces,equal_duration_50_bins,PASS,,
-mJ2ud6oKI8_6,vision,21,0.9491999999999998,0.9944,0,0,mean_valid_faces,equal_duration_50_bins,PASS,,
-mJ2ud6oKI8_6,vision,22,0.9944,1.0395999999999999,1,1,mean_valid_faces,equal_duration_50_bins,PASS,,
-mJ2ud6oKI8_6,vision,23,1.0395999999999999,1.0848,0,0,mean_valid_faces,equal_duration_50_bins,PASS,,
-mJ2ud6oKI8_6,vision,24,1.0848,1.13,1,1,mean_valid_faces,equal_duration_50_bins,PASS,,
-mJ2ud6oKI8_6,vision,25,1.13,1.1751999999999998,0,0,mean_valid_faces,equal_duration_50_bins,PASS,,
-mJ2ud6oKI8_6,vision,26,1.1751999999999998,1.2204,1,1,mean_valid_faces,equal_duration_50_bins,PASS,,
-mJ2ud6oKI8_6,vision,27,1.2204,1.2655999999999998,0,0,mean_valid_faces,equal_duration_50_bins,PASS,,
-mJ2ud6oKI8_6,vision,28,1.2655999999999998,1.3107999999999997,1,1,mean_valid_faces,equal_duration_50_bins,PASS,,
-mJ2ud6oKI8_6,vision,29,1.3107999999999997,1.3559999999999999,0,0,mean_valid_faces,equal_duration_50_bins,PASS,,
-mJ2ud6oKI8_6,vision,30,1.3559999999999999,1.4011999999999998,0,0,mean_valid_faces,equal_duration_50_bins,PASS,,
-mJ2ud6oKI8_6,vision,31,1.4011999999999998,1.4464,1,1,mean_valid_faces,equal_duration_50_bins,PASS,,
-mJ2ud6oKI8_6,vision,32,1.4464,1.4916,0,0,mean_valid_faces,equal_duration_50_bins,PASS,,
-mJ2ud6oKI8_6,vision,33,1.4916,1.5367999999999997,1,1,mean_valid_faces,equal_duration_50_bins,PASS,,
-mJ2ud6oKI8_6,vision,34,1.5367999999999997,1.5819999999999999,0,0,mean_valid_faces,equal_duration_50_bins,PASS,,
-mJ2ud6oKI8_6,vision,35,1.5819999999999999,1.6271999999999998,1,1,mean_valid_faces,equal_duration_50_bins,PASS,,
-mJ2ud6oKI8_6,vision,36,1.6271999999999998,1.6723999999999999,0,0,mean_valid_faces,equal_duration_50_bins,PASS,,
-mJ2ud6oKI8_6,vision,37,1.6723999999999999,1.7176,1,1,mean_valid_faces,equal_duration_50_bins,PASS,,
-mJ2ud6oKI8_6,vision,38,1.7176,1.7627999999999997,0,0,mean_valid_faces,equal_duration_50_bins,PASS,,
-mJ2ud6oKI8_6,vision,39,1.7627999999999997,1.8079999999999998,1,1,mean_valid_faces,equal_duration_50_bins,PASS,,
-mJ2ud6oKI8_6,vision,40,1.8079999999999998,1.8532,0,0,mean_valid_faces,equal_duration_50_bins,PASS,,
-mJ2ud6oKI8_6,vision,41,1.8532,1.8983999999999996,0,0,mean_valid_faces,equal_duration_50_bins,PASS,,
-mJ2ud6oKI8_6,vision,42,1.8983999999999996,1.9435999999999998,1,1,mean_valid_faces,equal_duration_50_bins,PASS,,
-mJ2ud6oKI8_6,vision,43,1.9435999999999998,1.9888,0,0,mean_valid_faces,equal_duration_50_bins,PASS,,
-mJ2ud6oKI8_6,vision,44,1.9888,2.034,1,1,mean_valid_faces,equal_duration_50_bins,PASS,,
-mJ2ud6oKI8_6,vision,45,2.034,2.0791999999999997,0,0,mean_valid_faces,equal_duration_50_bins,PASS,,
-mJ2ud6oKI8_6,vision,46,2.0791999999999997,2.1243999999999996,1,1,mean_valid_faces,equal_duration_50_bins,PASS,,
-mJ2ud6oKI8_6,vision,47,2.1243999999999996,2.1696,0,0,mean_valid_faces,equal_duration_50_bins,PASS,,
-mJ2ud6oKI8_6,vision,48,2.1696,2.2148,1,1,mean_valid_faces,equal_duration_50_bins,PASS,,
-mJ2ud6oKI8_6,vision,49,2.2148,2.26,0,0,mean_valid_faces,equal_duration_50_bins,PASS,,
-mJ2ud6oKI8_9,vision,0,0.0,0.1406,2,1,mean_valid_faces,equal_duration_50_bins,PASS,,
-mJ2ud6oKI8_9,vision,1,0.1406,0.2812,1,1,mean_valid_faces,equal_duration_50_bins,PASS,,
-mJ2ud6oKI8_9,vision,2,0.2812,0.4218,2,1,mean_valid_faces,equal_duration_50_bins,PASS,,
-mJ2ud6oKI8_9,vision,3,0.4218,0.5624,1,1,mean_valid_faces,equal_duration_50_bins,PASS,,
-mJ2ud6oKI8_9,vision,4,0.5624,0.703,2,1,mean_valid_faces,equal_duration_50_bins,PASS,,
-mJ2ud6oKI8_9,vision,5,0.703,0.8436,1,1,mean_valid_faces,equal_duration_50_bins,PASS,,
-mJ2ud6oKI8_9,vision,6,0.8436,0.9842,1,1,mean_valid_faces,equal_duration_50_bins,PASS,,
-mJ2ud6oKI8_9,vision,7,0.9842,1.1248,2,1,mean_valid_faces,equal_duration_50_bins,PASS,,
-mJ2ud6oKI8_9,vision,8,1.1248,1.2654,1,1,mean_valid_faces,equal_duration_50_bins,PASS,,
-mJ2ud6oKI8_9,vision,9,1.2654,1.406,2,1,mean_valid_faces,equal_duration_50_bins,PASS,,
-mJ2ud6oKI8_9,vision,10,1.406,1.5466,1,1,mean_valid_faces,equal_duration_50_bins,PASS,,
-mJ2ud6oKI8_9,vision,11,1.5466,1.6872,1,1,mean_valid_faces,equal_duration_50_bins,PASS,,
-mJ2ud6oKI8_9,vision,12,1.6872,1.8278,2,1,mean_valid_faces,equal_duration_50_bins,PASS,,
-mJ2ud6oKI8_9,vision,13,1.8278,1.9684,1,1,mean_valid_faces,equal_duration_50_bins,PASS,,
-mJ2ud6oKI8_9,vision,14,1.9684,2.109,2,1,mean_valid_faces,equal_duration_50_bins,PASS,,
-mJ2ud6oKI8_9,vision,15,2.109,2.2496,1,1,mean_valid_faces,equal_duration_50_bins,PASS,,
-mJ2ud6oKI8_9,vision,16,2.2496,2.3902,1,1,mean_valid_faces,equal_duration_50_bins,PASS,,
-mJ2ud6oKI8_9,vision,17,2.3902,2.5308,2,1,mean_valid_faces,equal_duration_50_bins,PASS,,
-mJ2ud6oKI8_9,vision,18,2.5308,2.6713999999999998,1,1,mean_valid_faces,equal_duration_50_bins,PASS,,
-mJ2ud6oKI8_9,vision,19,2.6713999999999998,2.812,2,1,mean_valid_faces,equal_duration_50_bins,PASS,,
-mJ2ud6oKI8_9,vision,20,2.812,2.9526,1,1,mean_valid_faces,equal_duration_50_bins,PASS,,
-mJ2ud6oKI8_9,vision,21,2.9526,3.0932,1,1,mean_valid_faces,equal_duration_50_bins,PASS,,
-mJ2ud6oKI8_9,vision,22,3.0932,3.2338,2,1,mean_valid_faces,equal_duration_50_bins,PASS,,
-mJ2ud6oKI8_9,vision,23,3.2338,3.3744,1,1,mean_valid_faces,equal_duration_50_bins,PASS,,
-mJ2ud6oKI8_9,vision,24,3.3744,3.515,2,1,mean_valid_faces,equal_duration_50_bins,PASS,,
-mJ2ud6oKI8_9,vision,25,3.515,3.6556,1,1,mean_valid_faces,equal_duration_50_bins,PASS,,
-mJ2ud6oKI8_9,vision,26,3.6556,3.7962000000000002,1,1,mean_valid_faces,equal_duration_50_bins,PASS,,
-mJ2ud6oKI8_9,vision,27,3.7962000000000002,3.9368,2,1,mean_valid_faces,equal_duration_50_bins,PASS,,
-mJ2ud6oKI8_9,vision,28,3.9368,4.0774,1,1,mean_valid_faces,equal_duration_50_bins,PASS,,
-mJ2ud6oKI8_9,vision,29,4.0774,4.218,2,1,mean_valid_faces,equal_duration_50_bins,PASS,,
-mJ2ud6oKI8_9,vision,30,4.218,4.3586,1,1,mean_valid_faces,equal_duration_50_bins,PASS,,
-mJ2ud6oKI8_9,vision,31,4.3586,4.4992,1,1,mean_valid_faces,equal_duration_50_bins,PASS,,
-mJ2ud6oKI8_9,vision,32,4.4992,4.6398,2,1,mean_valid_faces,equal_duration_50_bins,PASS,,
-mJ2ud6oKI8_9,vision,33,4.6398,4.7804,1,1,mean_valid_faces,equal_duration_50_bins,PASS,,
-mJ2ud6oKI8_9,vision,34,4.7804,4.921,2,1,mean_valid_faces,equal_duration_50_bins,PASS,,
-mJ2ud6oKI8_9,vision,35,4.921,5.0616,1,1,mean_valid_faces,equal_duration_50_bins,PASS,,
-mJ2ud6oKI8_9,vision,36,5.0616,5.2022,1,1,mean_valid_faces,equal_duration_50_bins,PASS,,
-mJ2ud6oKI8_9,vision,37,5.2022,5.3427999999999995,2,1,mean_valid_faces,equal_duration_50_bins,PASS,,
-mJ2ud6oKI8_9,vision,38,5.3427999999999995,5.4834000000000005,1,1,mean_valid_faces,equal_duration_50_bins,PASS,,
-mJ2ud6oKI8_9,vision,39,5.4834000000000005,5.624,2,1,mean_valid_faces,equal_duration_50_bins,PASS,,
-mJ2ud6oKI8_9,vision,40,5.624,5.764600000000001,1,1,mean_valid_faces,equal_duration_50_bins,PASS,,
-mJ2ud6oKI8_9,vision,41,5.764600000000001,5.9052,1,1,mean_valid_faces,equal_duration_50_bins,PASS,,
-mJ2ud6oKI8_9,vision,42,5.9052,6.045800000000001,2,1,mean_valid_faces,equal_duration_50_bins,PASS,,
-mJ2ud6oKI8_9,vision,43,6.045800000000001,6.1864,1,1,mean_valid_faces,equal_duration_50_bins,PASS,,
-mJ2ud6oKI8_9,vision,44,6.1864,6.327000000000001,2,1,mean_valid_faces,equal_duration_50_bins,PASS,,
-mJ2ud6oKI8_9,vision,45,6.327000000000001,6.4676,1,1,mean_valid_faces,equal_duration_50_bins,PASS,,
-mJ2ud6oKI8_9,vision,46,6.4676,6.6082,2,1,mean_valid_faces,equal_duration_50_bins,PASS,,
-mJ2ud6oKI8_9,vision,47,6.6082,6.7488,1,1,mean_valid_faces,equal_duration_50_bins,PASS,,
-mJ2ud6oKI8_9,vision,48,6.7488,6.8894,1,1,mean_valid_faces,equal_duration_50_bins,PASS,,
-mJ2ud6oKI8_9,vision,49,6.8894,7.03,1,1,mean_valid_faces,equal_duration_50_bins,PASS,,
-mJ2ud6oKI8_8,vision,0,0.0,0.08380000000000001,1,1,mean_valid_faces,equal_duration_50_bins,PASS,,
-mJ2ud6oKI8_8,vision,1,0.08380000000000001,0.16760000000000003,1,1,mean_valid_faces,equal_duration_50_bins,PASS,,
-mJ2ud6oKI8_8,vision,2,0.16760000000000003,0.2514,1,1,mean_valid_faces,equal_duration_50_bins,PASS,,
-mJ2ud6oKI8_8,vision,3,0.2514,0.33520000000000005,1,1,mean_valid_faces,equal_duration_50_bins,PASS,,
-mJ2ud6oKI8_8,vision,4,0.33520000000000005,0.41900000000000004,1,1,mean_valid_faces,equal_duration_50_bins,PASS,,
-mJ2ud6oKI8_8,vision,5,0.41900000000000004,0.5028,1,1,mean_valid_faces,equal_duration_50_bins,PASS,,
-mJ2ud6oKI8_8,vision,6,0.5028,0.5866,0,0,mean_valid_faces,equal_duration_50_bins,PASS,,
-mJ2ud6oKI8_8,vision,7,0.5866,0.6704000000000001,1,1,mean_valid_faces,equal_duration_50_bins,PASS,,
-mJ2ud6oKI8_8,vision,8,0.6704000000000001,0.7542,1,1,mean_valid_faces,equal_duration_50_bins,PASS,,
-mJ2ud6oKI8_8,vision,9,0.7542,0.8380000000000001,1,1,mean_valid_faces,equal_duration_50_bins,PASS,,
-mJ2ud6oKI8_8,vision,10,0.8380000000000001,0.9218000000000001,1,1,mean_valid_faces,equal_duration_50_bins,PASS,,
-mJ2ud6oKI8_8,vision,11,0.9218000000000001,1.0056,1,1,mean_valid_faces,equal_duration_50_bins,PASS,,
-mJ2ud6oKI8_8,vision,12,1.0056,1.0894000000000001,0,0,mean_valid_faces,equal_duration_50_bins,PASS,,
-mJ2ud6oKI8_8,vision,13,1.0894000000000001,1.1732,1,1,mean_valid_faces,equal_duration_50_bins,PASS,,
-mJ2ud6oKI8_8,vision,14,1.1732,1.2570000000000001,1,1,mean_valid_faces,equal_duration_50_bins,PASS,,
-mJ2ud6oKI8_8,vision,15,1.2570000000000001,1.3408000000000002,1,1,mean_valid_faces,equal_duration_50_bins,PASS,,
-mJ2ud6oKI8_8,vision,16,1.3408000000000002,1.4246,1,1,mean_valid_faces,equal_duration_50_bins,PASS,,
-mJ2ud6oKI8_8,vision,17,1.4246,1.5084,1,1,mean_valid_faces,equal_duration_50_bins,PASS,,
-mJ2ud6oKI8_8,vision,18,1.5084,1.5922000000000003,0,0,mean_valid_faces,equal_duration_50_bins,PASS,,
-mJ2ud6oKI8_8,vision,19,1.5922000000000003,1.6760000000000002,1,1,mean_valid_faces,equal_duration_50_bins,PASS,,
-mJ2ud6oKI8_8,vision,20,1.6760000000000002,1.7598000000000003,1,1,mean_valid_faces,equal_duration_50_bins,PASS,,
-mJ2ud6oKI8_8,vision,21,1.7598000000000003,1.8436000000000001,1,1,mean_valid_faces,equal_duration_50_bins,PASS,,
-mJ2ud6oKI8_8,vision,22,1.8436000000000001,1.9274,1,1,mean_valid_faces,equal_duration_50_bins,PASS,,
-mJ2ud6oKI8_8,vision,23,1.9274,2.0112,1,1,mean_valid_faces,equal_duration_50_bins,PASS,,
-mJ2ud6oKI8_8,vision,24,2.0112,2.095,0,0,mean_valid_faces,equal_duration_50_bins,PASS,,
-mJ2ud6oKI8_8,vision,25,2.095,2.1788000000000003,1,1,mean_valid_faces,equal_duration_50_bins,PASS,,
-mJ2ud6oKI8_8,vision,26,2.1788000000000003,2.2626000000000004,1,1,mean_valid_faces,equal_duration_50_bins,PASS,,
-mJ2ud6oKI8_8,vision,27,2.2626000000000004,2.3464,1,1,mean_valid_faces,equal_duration_50_bins,PASS,,
-mJ2ud6oKI8_8,vision,28,2.3464,2.4302,1,1,mean_valid_faces,equal_duration_50_bins,PASS,,
-mJ2ud6oKI8_8,vision,29,2.4302,2.5140000000000002,1,1,mean_valid_faces,equal_duration_50_bins,PASS,,
-mJ2ud6oKI8_8,vision,30,2.5140000000000002,2.5978000000000003,0,0,mean_valid_faces,equal_duration_50_bins,PASS,,
-mJ2ud6oKI8_8,vision,31,2.5978000000000003,2.6816000000000004,1,1,mean_valid_faces,equal_duration_50_bins,PASS,,
-mJ2ud6oKI8_8,vision,32,2.6816000000000004,2.7654,1,1,mean_valid_faces,equal_duration_50_bins,PASS,,
-mJ2ud6oKI8_8,vision,33,2.7654,2.8492,1,1,mean_valid_faces,equal_duration_50_bins,PASS,,
-mJ2ud6oKI8_8,vision,34,2.8492,2.9330000000000003,1,1,mean_valid_faces,equal_duration_50_bins,PASS,,
-mJ2ud6oKI8_8,vision,35,2.9330000000000003,3.0168,1,1,mean_valid_faces,equal_duration_50_bins,PASS,,
-mJ2ud6oKI8_8,vision,36,3.0168,3.1006,0,0,mean_valid_faces,equal_duration_50_bins,PASS,,
-mJ2ud6oKI8_8,vision,37,3.1006,3.1844000000000006,1,1,mean_valid_faces,equal_duration_50_bins,PASS,,
-mJ2ud6oKI8_8,vision,38,3.1844000000000006,3.2682000000000007,1,1,mean_valid_faces,equal_duration_50_bins,PASS,,
-mJ2ud6oKI8_8,vision,39,3.2682000000000007,3.3520000000000003,1,1,mean_valid_faces,equal_duration_50_bins,PASS,,
-mJ2ud6oKI8_8,vision,40,3.3520000000000003,3.4358000000000004,1,1,mean_valid_faces,equal_duration_50_bins,PASS,,
-mJ2ud6oKI8_8,vision,41,3.4358000000000004,3.5196000000000005,1,1,mean_valid_faces,equal_duration_50_bins,PASS,,
-mJ2ud6oKI8_8,vision,42,3.5196000000000005,3.6034,0,0,mean_valid_faces,equal_duration_50_bins,PASS,,
-mJ2ud6oKI8_8,vision,43,3.6034,3.6872000000000003,1,1,mean_valid_faces,equal_duration_50_bins,PASS,,
-mJ2ud6oKI8_8,vision,44,3.6872000000000003,3.7710000000000004,1,1,mean_valid_faces,equal_duration_50_bins,PASS,,
-mJ2ud6oKI8_8,vision,45,3.7710000000000004,3.8548,1,1,mean_valid_faces,equal_duration_50_bins,PASS,,
-mJ2ud6oKI8_8,vision,46,3.8548,3.9386,1,1,mean_valid_faces,equal_duration_50_bins,PASS,,
-mJ2ud6oKI8_8,vision,47,3.9386,4.0224,1,1,mean_valid_faces,equal_duration_50_bins,PASS,,
-mJ2ud6oKI8_8,vision,48,4.0224,4.1062,1,1,mean_valid_faces,equal_duration_50_bins,PASS,,
-mJ2ud6oKI8_8,vision,49,4.1062,4.19,0,0,mean_valid_faces,equal_duration_50_bins,PASS,,
-mqbVkbCndg_0,vision,0,0.0,0.1294,2,1,mean_valid_faces,equal_duration_50_bins,PASS,,
-mqbVkbCndg_0,vision,1,0.1294,0.2588,1,1,mean_valid_faces,equal_duration_50_bins,PASS,,
-mqbVkbCndg_0,vision,2,0.2588,0.3882,1,1,mean_valid_faces,equal_duration_50_bins,PASS,,
-mqbVkbCndg_0,vision,3,0.3882,0.5176,2,1,mean_valid_faces,equal_duration_50_bins,PASS,,
-mqbVkbCndg_0,vision,4,0.5176,0.647,1,1,mean_valid_faces,equal_duration_50_bins,PASS,,
-mqbVkbCndg_0,vision,5,0.647,0.7764,1,1,mean_valid_faces,equal_duration_50_bins,PASS,,
-mqbVkbCndg_0,vision,6,0.7764,0.9057999999999999,2,1,mean_valid_faces,equal_duration_50_bins,PASS,,
-mqbVkbCndg_0,vision,7,0.9057999999999999,1.0352,1,1,mean_valid_faces,equal_duration_50_bins,PASS,,
-mqbVkbCndg_0,vision,8,1.0352,1.1645999999999999,1,1,mean_valid_faces,equal_duration_50_bins,PASS,,
-mqbVkbCndg_0,vision,9,1.1645999999999999,1.294,1,1,mean_valid_faces,equal_duration_50_bins,PASS,,
-mqbVkbCndg_0,vision,10,1.294,1.4234,2,1,mean_valid_faces,equal_duration_50_bins,PASS,,
-mqbVkbCndg_0,vision,11,1.4234,1.5528,1,1,mean_valid_faces,equal_duration_50_bins,PASS,,
-mqbVkbCndg_0,vision,12,1.5528,1.6822,1,1,mean_valid_faces,equal_duration_50_bins,PASS,,
-mqbVkbCndg_0,vision,13,1.6822,1.8115999999999999,2,1,mean_valid_faces,equal_duration_50_bins,PASS,,
-mqbVkbCndg_0,vision,14,1.8115999999999999,1.9409999999999998,1,1,mean_valid_faces,equal_duration_50_bins,PASS,,
-mqbVkbCndg_0,vision,15,1.9409999999999998,2.0704,1,1,mean_valid_faces,equal_duration_50_bins,PASS,,
-mqbVkbCndg_0,vision,16,2.0704,2.1997999999999998,1,1,mean_valid_faces,equal_duration_50_bins,PASS,,
-mqbVkbCndg_0,vision,17,2.1997999999999998,2.3291999999999997,2,1,mean_valid_faces,equal_duration_50_bins,PASS,,
-mqbVkbCndg_0,vision,18,2.3291999999999997,2.4585999999999997,1,1,mean_valid_faces,equal_duration_50_bins,PASS,,
-mqbVkbCndg_0,vision,19,2.4585999999999997,2.588,1,1,mean_valid_faces,equal_duration_50_bins,PASS,,
-mqbVkbCndg_0,vision,20,2.588,2.7174,2,1,mean_valid_faces,equal_duration_50_bins,PASS,,
-mqbVkbCndg_0,vision,21,2.7174,2.8468,1,1,mean_valid_faces,equal_duration_50_bins,PASS,,
-mqbVkbCndg_0,vision,22,2.8468,2.9762,1,1,mean_valid_faces,equal_duration_50_bins,PASS,,
-mqbVkbCndg_0,vision,23,2.9762,3.1056,2,1,mean_valid_faces,equal_duration_50_bins,PASS,,
-mqbVkbCndg_0,vision,24,3.1056,3.235,1,1,mean_valid_faces,equal_duration_50_bins,PASS,,
-mqbVkbCndg_0,vision,25,3.235,3.3644,1,1,mean_valid_faces,equal_duration_50_bins,PASS,,
-mqbVkbCndg_0,vision,26,3.3644,3.4938,1,1,mean_valid_faces,equal_duration_50_bins,PASS,,
-mqbVkbCndg_0,vision,27,3.4938,3.6231999999999998,2,1,mean_valid_faces,equal_duration_50_bins,PASS,,
-mqbVkbCndg_0,vision,28,3.6231999999999998,3.7525999999999997,1,1,mean_valid_faces,equal_duration_50_bins,PASS,,
-mqbVkbCndg_0,vision,29,3.7525999999999997,3.8819999999999997,1,1,mean_valid_faces,equal_duration_50_bins,PASS,,
-mqbVkbCndg_0,vision,30,3.8819999999999997,4.0114,2,1,mean_valid_faces,equal_duration_50_bins,PASS,,
-mqbVkbCndg_0,vision,31,4.0114,4.1408,1,1,mean_valid_faces,equal_duration_50_bins,PASS,,
-mqbVkbCndg_0,vision,32,4.1408,4.2702,1,1,mean_valid_faces,equal_duration_50_bins,PASS,,
-mqbVkbCndg_0,vision,33,4.2702,4.3995999999999995,1,1,mean_valid_faces,equal_duration_50_bins,PASS,,
-mqbVkbCndg_0,vision,34,4.3995999999999995,4.529,2,1,mean_valid_faces,equal_duration_50_bins,PASS,,
-mqbVkbCndg_0,vision,35,4.529,4.658399999999999,1,1,mean_valid_faces,equal_duration_50_bins,PASS,,
-mqbVkbCndg_0,vision,36,4.658399999999999,4.7878,1,1,mean_valid_faces,equal_duration_50_bins,PASS,,
-mqbVkbCndg_0,vision,37,4.7878,4.917199999999999,2,1,mean_valid_faces,equal_duration_50_bins,PASS,,
-mqbVkbCndg_0,vision,38,4.917199999999999,5.0466,1,1,mean_valid_faces,equal_duration_50_bins,PASS,,
-mqbVkbCndg_0,vision,39,5.0466,5.176,1,1,mean_valid_faces,equal_duration_50_bins,PASS,,
-mqbVkbCndg_0,vision,40,5.176,5.3054,2,1,mean_valid_faces,equal_duration_50_bins,PASS,,
-mqbVkbCndg_0,vision,41,5.3054,5.4348,1,1,mean_valid_faces,equal_duration_50_bins,PASS,,
-mqbVkbCndg_0,vision,42,5.4348,5.5642,1,1,mean_valid_faces,equal_duration_50_bins,PASS,,
-mqbVkbCndg_0,vision,43,5.5642,5.6936,1,1,mean_valid_faces,equal_duration_50_bins,PASS,,
-mqbVkbCndg_0,vision,44,5.6936,5.8229999999999995,2,1,mean_valid_faces,equal_duration_50_bins,PASS,,
-mqbVkbCndg_0,vision,45,5.8229999999999995,5.9524,1,1,mean_valid_faces,equal_duration_50_bins,PASS,,
-mqbVkbCndg_0,vision,46,5.9524,6.081799999999999,1,1,mean_valid_faces,equal_duration_50_bins,PASS,,
-mqbVkbCndg_0,vision,47,6.081799999999999,6.2112,2,1,mean_valid_faces,equal_duration_50_bins,PASS,,
-mqbVkbCndg_0,vision,48,6.2112,6.340599999999999,1,1,mean_valid_faces,equal_duration_50_bins,PASS,,
-mqbVkbCndg_0,vision,49,6.340599999999999,6.47,1,1,mean_valid_faces,equal_duration_50_bins,PASS,,
-t217m2on-s_2,vision,0,0.0,0.11380000000000001,2,1,mean_valid_faces,equal_duration_50_bins,PASS,,
-t217m2on-s_2,vision,1,0.11380000000000001,0.22760000000000002,1,1,mean_valid_faces,equal_duration_50_bins,PASS,,
-t217m2on-s_2,vision,2,0.22760000000000002,0.3414,1,1,mean_valid_faces,equal_duration_50_bins,PASS,,
-t217m2on-s_2,vision,3,0.3414,0.45520000000000005,1,1,mean_valid_faces,equal_duration_50_bins,PASS,,
-t217m2on-s_2,vision,4,0.45520000000000005,0.5690000000000001,1,1,mean_valid_faces,equal_duration_50_bins,PASS,,
-t217m2on-s_2,vision,5,0.5690000000000001,0.6828,1,1,mean_valid_faces,equal_duration_50_bins,PASS,,
-t217m2on-s_2,vision,6,0.6828,0.7966000000000001,1,1,mean_valid_faces,equal_duration_50_bins,PASS,,
-t217m2on-s_2,vision,7,0.7966000000000001,0.9104000000000001,2,1,mean_valid_faces,equal_duration_50_bins,PASS,,
-t217m2on-s_2,vision,8,0.9104000000000001,1.0242,1,1,mean_valid_faces,equal_duration_50_bins,PASS,,
-t217m2on-s_2,vision,9,1.0242,1.1380000000000001,1,1,mean_valid_faces,equal_duration_50_bins,PASS,,
-t217m2on-s_2,vision,10,1.1380000000000001,1.2518,1,1,mean_valid_faces,equal_duration_50_bins,PASS,,
-t217m2on-s_2,vision,11,1.2518,1.3656,1,1,mean_valid_faces,equal_duration_50_bins,PASS,,
-t217m2on-s_2,vision,12,1.3656,1.4794,1,1,mean_valid_faces,equal_duration_50_bins,PASS,,
-t217m2on-s_2,vision,13,1.4794,1.5932000000000002,1,1,mean_valid_faces,equal_duration_50_bins,PASS,,
-t217m2on-s_2,vision,14,1.5932000000000002,1.707,2,1,mean_valid_faces,equal_duration_50_bins,PASS,,
-t217m2on-s_2,vision,15,1.707,1.8208000000000002,1,1,mean_valid_faces,equal_duration_50_bins,PASS,,
-t217m2on-s_2,vision,16,1.8208000000000002,1.9346,1,1,mean_valid_faces,equal_duration_50_bins,PASS,,
-t217m2on-s_2,vision,17,1.9346,2.0484,1,1,mean_valid_faces,equal_duration_50_bins,PASS,,
-t217m2on-s_2,vision,18,2.0484,2.1622000000000003,1,1,mean_valid_faces,equal_duration_50_bins,PASS,,
-t217m2on-s_2,vision,19,2.1622000000000003,2.2760000000000002,1,1,mean_valid_faces,equal_duration_50_bins,PASS,,
-t217m2on-s_2,vision,20,2.2760000000000002,2.3898,1,1,mean_valid_faces,equal_duration_50_bins,PASS,,
-t217m2on-s_2,vision,21,2.3898,2.5036,2,1,mean_valid_faces,equal_duration_50_bins,PASS,,
-t217m2on-s_2,vision,22,2.5036,2.6174,1,1,mean_valid_faces,equal_duration_50_bins,PASS,,
-t217m2on-s_2,vision,23,2.6174,2.7312,1,1,mean_valid_faces,equal_duration_50_bins,PASS,,
-t217m2on-s_2,vision,24,2.7312,2.845,1,1,mean_valid_faces,equal_duration_50_bins,PASS,,
-t217m2on-s_2,vision,25,2.845,2.9588,1,1,mean_valid_faces,equal_duration_50_bins,PASS,,
-t217m2on-s_2,vision,26,2.9588,3.0726000000000004,1,1,mean_valid_faces,equal_duration_50_bins,PASS,,
-t217m2on-s_2,vision,27,3.0726000000000004,3.1864000000000003,1,1,mean_valid_faces,equal_duration_50_bins,PASS,,
-t217m2on-s_2,vision,28,3.1864000000000003,3.3002000000000002,2,1,mean_valid_faces,equal_duration_50_bins,PASS,,
-t217m2on-s_2,vision,29,3.3002000000000002,3.414,1,1,mean_valid_faces,equal_duration_50_bins,PASS,,
-t217m2on-s_2,vision,30,3.414,3.5278000000000005,1,1,mean_valid_faces,equal_duration_50_bins,PASS,,
-t217m2on-s_2,vision,31,3.5278000000000005,3.6416000000000004,1,1,mean_valid_faces,equal_duration_50_bins,PASS,,
-t217m2on-s_2,vision,32,3.6416000000000004,3.7554000000000003,1,1,mean_valid_faces,equal_duration_50_bins,PASS,,
-t217m2on-s_2,vision,33,3.7554000000000003,3.8692,1,1,mean_valid_faces,equal_duration_50_bins,PASS,,
-t217m2on-s_2,vision,34,3.8692,3.983,1,1,mean_valid_faces,equal_duration_50_bins,PASS,,
-t217m2on-s_2,vision,35,3.983,4.0968,1,1,mean_valid_faces,equal_duration_50_bins,PASS,,
-t217m2on-s_2,vision,36,4.0968,4.2106,2,1,mean_valid_faces,equal_duration_50_bins,PASS,,
-t217m2on-s_2,vision,37,4.2106,4.324400000000001,1,1,mean_valid_faces,equal_duration_50_bins,PASS,,
-t217m2on-s_2,vision,38,4.324400000000001,4.4382,1,1,mean_valid_faces,equal_duration_50_bins,PASS,,
-t217m2on-s_2,vision,39,4.4382,4.5520000000000005,1,1,mean_valid_faces,equal_duration_50_bins,PASS,,
-t217m2on-s_2,vision,40,4.5520000000000005,4.665800000000001,1,1,mean_valid_faces,equal_duration_50_bins,PASS,,
-t217m2on-s_2,vision,41,4.665800000000001,4.7796,1,1,mean_valid_faces,equal_duration_50_bins,PASS,,
-t217m2on-s_2,vision,42,4.7796,4.893400000000001,1,1,mean_valid_faces,equal_duration_50_bins,PASS,,
-t217m2on-s_2,vision,43,4.893400000000001,5.0072,2,1,mean_valid_faces,equal_duration_50_bins,PASS,,
-t217m2on-s_2,vision,44,5.0072,5.121,1,1,mean_valid_faces,equal_duration_50_bins,PASS,,
-t217m2on-s_2,vision,45,5.121,5.2348,1,1,mean_valid_faces,equal_duration_50_bins,PASS,,
-t217m2on-s_2,vision,46,5.2348,5.3486,1,1,mean_valid_faces,equal_duration_50_bins,PASS,,
-t217m2on-s_2,vision,47,5.3486,5.4624,1,1,mean_valid_faces,equal_duration_50_bins,PASS,,
-t217m2on-s_2,vision,48,5.4624,5.5762,1,1,mean_valid_faces,equal_duration_50_bins,PASS,,
-t217m2on-s_2,vision,49,5.5762,5.69,1,1,mean_valid_faces,equal_duration_50_bins,PASS,,
-t217m2on-s_7,vision,0,0.0,0.3436,4,1,mean_valid_faces,equal_duration_50_bins,PASS,,
-t217m2on-s_7,vision,1,0.3436,0.6872,3,1,mean_valid_faces,equal_duration_50_bins,PASS,,
-t217m2on-s_7,vision,2,0.6872,1.0308,4,1,mean_valid_faces,equal_duration_50_bins,PASS,,
-t217m2on-s_7,vision,3,1.0308,1.3744,3,1,mean_valid_faces,equal_duration_50_bins,PASS,,
-t217m2on-s_7,vision,4,1.3744,1.7180000000000002,4,1,mean_valid_faces,equal_duration_50_bins,PASS,,
-t217m2on-s_7,vision,5,1.7180000000000002,2.0616,3,1,mean_valid_faces,equal_duration_50_bins,PASS,,
-t217m2on-s_7,vision,6,2.0616,2.4052,4,1,mean_valid_faces,equal_duration_50_bins,PASS,,
-t217m2on-s_7,vision,7,2.4052,2.7488,3,1,mean_valid_faces,equal_duration_50_bins,PASS,,
-t217m2on-s_7,vision,8,2.7488,3.0924,3,1,mean_valid_faces,equal_duration_50_bins,PASS,,
-t217m2on-s_7,vision,9,3.0924,3.4360000000000004,4,1,mean_valid_faces,equal_duration_50_bins,PASS,,
-t217m2on-s_7,vision,10,3.4360000000000004,3.7796,3,1,mean_valid_faces,equal_duration_50_bins,PASS,,
-t217m2on-s_7,vision,11,3.7796,4.1232,4,1,mean_valid_faces,equal_duration_50_bins,PASS,,
-t217m2on-s_7,vision,12,4.1232,4.4668,3,1,mean_valid_faces,equal_duration_50_bins,PASS,,
-t217m2on-s_7,vision,13,4.4668,4.8104,4,1,mean_valid_faces,equal_duration_50_bins,PASS,,
-t217m2on-s_7,vision,14,4.8104,5.154,3,1,mean_valid_faces,equal_duration_50_bins,PASS,,
-t217m2on-s_7,vision,15,5.154,5.4976,3,1,mean_valid_faces,equal_duration_50_bins,PASS,,
-t217m2on-s_7,vision,16,5.4976,5.8412,4,1,mean_valid_faces,equal_duration_50_bins,PASS,,
-t217m2on-s_7,vision,17,5.8412,6.1848,3,1,mean_valid_faces,equal_duration_50_bins,PASS,,
-t217m2on-s_7,vision,18,6.1848,6.5284,4,1,mean_valid_faces,equal_duration_50_bins,PASS,,
-t217m2on-s_7,vision,19,6.5284,6.872000000000001,3,1,mean_valid_faces,equal_duration_50_bins,PASS,,
-t217m2on-s_7,vision,20,6.872000000000001,7.215599999999999,4,1,mean_valid_faces,equal_duration_50_bins,PASS,,
-t217m2on-s_7,vision,21,7.215599999999999,7.5592,3,1,mean_valid_faces,equal_duration_50_bins,PASS,,
-t217m2on-s_7,vision,22,7.5592,7.9028,4,1,mean_valid_faces,equal_duration_50_bins,PASS,,
-t217m2on-s_7,vision,23,7.9028,8.2464,3,1,mean_valid_faces,equal_duration_50_bins,PASS,,
-t217m2on-s_7,vision,24,8.2464,8.59,3,1,mean_valid_faces,equal_duration_50_bins,PASS,,
-t217m2on-s_7,vision,25,8.59,8.9336,4,1,mean_valid_faces,equal_duration_50_bins,PASS,,
-t217m2on-s_7,vision,26,8.9336,9.2772,3,1,mean_valid_faces,equal_duration_50_bins,PASS,,
-t217m2on-s_7,vision,27,9.2772,9.6208,4,1,mean_valid_faces,equal_duration_50_bins,PASS,,
-t217m2on-s_7,vision,28,9.6208,9.9644,3,1,mean_valid_faces,equal_duration_50_bins,PASS,,
-t217m2on-s_7,vision,29,9.9644,10.308,4,1,mean_valid_faces,equal_duration_50_bins,PASS,,
-t217m2on-s_7,vision,30,10.308,10.6516,3,1,mean_valid_faces,equal_duration_50_bins,PASS,,
-t217m2on-s_7,vision,31,10.6516,10.9952,3,1,mean_valid_faces,equal_duration_50_bins,PASS,,
-t217m2on-s_7,vision,32,10.9952,11.338799999999999,4,1,mean_valid_faces,equal_duration_50_bins,PASS,,
-t217m2on-s_7,vision,33,11.338799999999999,11.6824,3,1,mean_valid_faces,equal_duration_50_bins,PASS,,
-t217m2on-s_7,vision,34,11.6824,12.026,4,1,mean_valid_faces,equal_duration_50_bins,PASS,,
-t217m2on-s_7,vision,35,12.026,12.3696,3,1,mean_valid_faces,equal_duration_50_bins,PASS,,
-t217m2on-s_7,vision,36,12.3696,12.713199999999999,4,1,mean_valid_faces,equal_duration_50_bins,PASS,,
-t217m2on-s_7,vision,37,12.713199999999999,13.0568,3,1,mean_valid_faces,equal_duration_50_bins,PASS,,
-t217m2on-s_7,vision,38,13.0568,13.4004,4,1,mean_valid_faces,equal_duration_50_bins,PASS,,
-t217m2on-s_7,vision,39,13.4004,13.744000000000002,3,1,mean_valid_faces,equal_duration_50_bins,PASS,,
-t217m2on-s_7,vision,40,13.744000000000002,14.0876,3,1,mean_valid_faces,equal_duration_50_bins,PASS,,
-t217m2on-s_7,vision,41,14.0876,14.431199999999999,4,1,mean_valid_faces,equal_duration_50_bins,PASS,,
-t217m2on-s_7,vision,42,14.431199999999999,14.7748,3,1,mean_valid_faces,equal_duration_50_bins,PASS,,
-t217m2on-s_7,vision,43,14.7748,15.1184,4,1,mean_valid_faces,equal_duration_50_bins,PASS,,
-t217m2on-s_7,vision,44,15.1184,15.462,3,1,mean_valid_faces,equal_duration_50_bins,PASS,,
-t217m2on-s_7,vision,45,15.462,15.8056,4,1,mean_valid_faces,equal_duration_50_bins,PASS,,
-t217m2on-s_7,vision,46,15.8056,16.1492,3,1,mean_valid_faces,equal_duration_50_bins,PASS,,
-t217m2on-s_7,vision,47,16.1492,16.4928,3,1,mean_valid_faces,equal_duration_50_bins,PASS,,
-t217m2on-s_7,vision,48,16.4928,16.836399999999998,4,1,mean_valid_faces,equal_duration_50_bins,PASS,,
-t217m2on-s_7,vision,49,16.836399999999998,17.18,3,1,mean_valid_faces,equal_duration_50_bins,PASS,,
-tANM6ETl_M_3,vision,0,0.0,0.1352,2,1,mean_valid_faces,equal_duration_50_bins,PASS,,
-tANM6ETl_M_3,vision,1,0.1352,0.2704,1,1,mean_valid_faces,equal_duration_50_bins,PASS,,
-tANM6ETl_M_3,vision,2,0.2704,0.4056,2,1,mean_valid_faces,equal_duration_50_bins,PASS,,
-tANM6ETl_M_3,vision,3,0.4056,0.5408,1,1,mean_valid_faces,equal_duration_50_bins,PASS,,
-tANM6ETl_M_3,vision,4,0.5408,0.6759999999999999,1,1,mean_valid_faces,equal_duration_50_bins,PASS,,
-tANM6ETl_M_3,vision,5,0.6759999999999999,0.8112,2,1,mean_valid_faces,equal_duration_50_bins,PASS,,
-tANM6ETl_M_3,vision,6,0.8112,0.9464,1,1,mean_valid_faces,equal_duration_50_bins,PASS,,
-tANM6ETl_M_3,vision,7,0.9464,1.0816,1,1,mean_valid_faces,equal_duration_50_bins,PASS,,
-tANM6ETl_M_3,vision,8,1.0816,1.2167999999999999,2,1,mean_valid_faces,equal_duration_50_bins,PASS,,
-tANM6ETl_M_3,vision,9,1.2167999999999999,1.3519999999999999,1,1,mean_valid_faces,equal_duration_50_bins,PASS,,
-tANM6ETl_M_3,vision,10,1.3519999999999999,1.4872,1,1,mean_valid_faces,equal_duration_50_bins,PASS,,
-tANM6ETl_M_3,vision,11,1.4872,1.6224,2,1,mean_valid_faces,equal_duration_50_bins,PASS,,
-tANM6ETl_M_3,vision,12,1.6224,1.7575999999999998,1,1,mean_valid_faces,equal_duration_50_bins,PASS,,
-tANM6ETl_M_3,vision,13,1.7575999999999998,1.8928,1,1,mean_valid_faces,equal_duration_50_bins,PASS,,
-tANM6ETl_M_3,vision,14,1.8928,2.028,2,1,mean_valid_faces,equal_duration_50_bins,PASS,,
-tANM6ETl_M_3,vision,15,2.028,2.1632,1,1,mean_valid_faces,equal_duration_50_bins,PASS,,
-tANM6ETl_M_3,vision,16,2.1632,2.2984,1,1,mean_valid_faces,equal_duration_50_bins,PASS,,
-tANM6ETl_M_3,vision,17,2.2984,2.4335999999999998,2,1,mean_valid_faces,equal_duration_50_bins,PASS,,
-tANM6ETl_M_3,vision,18,2.4335999999999998,2.5688,1,1,mean_valid_faces,equal_duration_50_bins,PASS,,
-tANM6ETl_M_3,vision,19,2.5688,2.7039999999999997,2,1,mean_valid_faces,equal_duration_50_bins,PASS,,
-tANM6ETl_M_3,vision,20,2.7039999999999997,2.8392,1,1,mean_valid_faces,equal_duration_50_bins,PASS,,
-tANM6ETl_M_3,vision,21,2.8392,2.9744,1,1,mean_valid_faces,equal_duration_50_bins,PASS,,
-tANM6ETl_M_3,vision,22,2.9744,3.1096,2,1,mean_valid_faces,equal_duration_50_bins,PASS,,
-tANM6ETl_M_3,vision,23,3.1096,3.2448,1,1,mean_valid_faces,equal_duration_50_bins,PASS,,
-tANM6ETl_M_3,vision,24,3.2448,3.38,1,1,mean_valid_faces,equal_duration_50_bins,PASS,,
-tANM6ETl_M_3,vision,25,3.38,3.5151999999999997,2,1,mean_valid_faces,equal_duration_50_bins,PASS,,
-tANM6ETl_M_3,vision,26,3.5151999999999997,3.6503999999999994,1,1,mean_valid_faces,equal_duration_50_bins,PASS,,
-tANM6ETl_M_3,vision,27,3.6503999999999994,3.7856,1,1,mean_valid_faces,equal_duration_50_bins,PASS,,
-tANM6ETl_M_3,vision,28,3.7856,3.9208,2,1,mean_valid_faces,equal_duration_50_bins,PASS,,
-tANM6ETl_M_3,vision,29,3.9208,4.056,1,1,mean_valid_faces,equal_duration_50_bins,PASS,,
-tANM6ETl_M_3,vision,30,4.056,4.1912,1,1,mean_valid_faces,equal_duration_50_bins,PASS,,
-tANM6ETl_M_3,vision,31,4.1912,4.3264,2,1,mean_valid_faces,equal_duration_50_bins,PASS,,
-tANM6ETl_M_3,vision,32,4.3264,4.4616,1,1,mean_valid_faces,equal_duration_50_bins,PASS,,
-tANM6ETl_M_3,vision,33,4.4616,4.5968,1,1,mean_valid_faces,equal_duration_50_bins,PASS,,
-tANM6ETl_M_3,vision,34,4.5968,4.732,2,1,mean_valid_faces,equal_duration_50_bins,PASS,,
-tANM6ETl_M_3,vision,35,4.732,4.8671999999999995,1,1,mean_valid_faces,equal_duration_50_bins,PASS,,
-tANM6ETl_M_3,vision,36,4.8671999999999995,5.0024,2,1,mean_valid_faces,equal_duration_50_bins,PASS,,
-tANM6ETl_M_3,vision,37,5.0024,5.1376,1,1,mean_valid_faces,equal_duration_50_bins,PASS,,
-tANM6ETl_M_3,vision,38,5.1376,5.2728,1,1,mean_valid_faces,equal_duration_50_bins,PASS,,
-tANM6ETl_M_3,vision,39,5.2728,5.4079999999999995,2,1,mean_valid_faces,equal_duration_50_bins,PASS,,
-tANM6ETl_M_3,vision,40,5.4079999999999995,5.5432,1,1,mean_valid_faces,equal_duration_50_bins,PASS,,
-tANM6ETl_M_3,vision,41,5.5432,5.6784,1,1,mean_valid_faces,equal_duration_50_bins,PASS,,
-tANM6ETl_M_3,vision,42,5.6784,5.8136,2,1,mean_valid_faces,equal_duration_50_bins,PASS,,
-tANM6ETl_M_3,vision,43,5.8136,5.9488,1,1,mean_valid_faces,equal_duration_50_bins,PASS,,
-tANM6ETl_M_3,vision,44,5.9488,6.084,1,1,mean_valid_faces,equal_duration_50_bins,PASS,,
-tANM6ETl_M_3,vision,45,6.084,6.2192,2,1,mean_valid_faces,equal_duration_50_bins,PASS,,
-tANM6ETl_M_3,vision,46,6.2192,6.354399999999999,1,1,mean_valid_faces,equal_duration_50_bins,PASS,,
-tANM6ETl_M_3,vision,47,6.354399999999999,6.4896,1,1,mean_valid_faces,equal_duration_50_bins,PASS,,
-tANM6ETl_M_3,vision,48,6.4896,6.6248000000000005,1,1,mean_valid_faces,equal_duration_50_bins,PASS,,
-tANM6ETl_M_3,vision,49,6.6248000000000005,6.76,2,1,mean_valid_faces,equal_duration_50_bins,PASS,,
-tPCytz4rww_11,vision,0,0.0,0.1094,2,1,mean_valid_faces,equal_duration_50_bins,PASS,,
-tPCytz4rww_11,vision,1,0.1094,0.2188,1,1,mean_valid_faces,equal_duration_50_bins,PASS,,
-tPCytz4rww_11,vision,2,0.2188,0.3282,1,1,mean_valid_faces,equal_duration_50_bins,PASS,,
-tPCytz4rww_11,vision,3,0.3282,0.4376,1,1,mean_valid_faces,equal_duration_50_bins,PASS,,
-tPCytz4rww_11,vision,4,0.4376,0.5469999999999999,1,1,mean_valid_faces,equal_duration_50_bins,PASS,,
-tPCytz4rww_11,vision,5,0.5469999999999999,0.6564,1,1,mean_valid_faces,equal_duration_50_bins,PASS,,
-tPCytz4rww_11,vision,6,0.6564,0.7658,1,1,mean_valid_faces,equal_duration_50_bins,PASS,,
-tPCytz4rww_11,vision,7,0.7658,0.8752,1,1,mean_valid_faces,equal_duration_50_bins,PASS,,
-tPCytz4rww_11,vision,8,0.8752,0.9845999999999999,1,1,mean_valid_faces,equal_duration_50_bins,PASS,,
-tPCytz4rww_11,vision,9,0.9845999999999999,1.0939999999999999,1,1,mean_valid_faces,equal_duration_50_bins,PASS,,
-tPCytz4rww_11,vision,10,1.0939999999999999,1.2033999999999998,2,1,mean_valid_faces,equal_duration_50_bins,PASS,,
-tPCytz4rww_11,vision,11,1.2033999999999998,1.3128,1,1,mean_valid_faces,equal_duration_50_bins,PASS,,
-tPCytz4rww_11,vision,12,1.3128,1.4222,1,1,mean_valid_faces,equal_duration_50_bins,PASS,,
-tPCytz4rww_11,vision,13,1.4222,1.5316,1,1,mean_valid_faces,equal_duration_50_bins,PASS,,
-tPCytz4rww_11,vision,14,1.5316,1.641,1,1,mean_valid_faces,equal_duration_50_bins,PASS,,
-tPCytz4rww_11,vision,15,1.641,1.7504,1,1,mean_valid_faces,equal_duration_50_bins,PASS,,
-tPCytz4rww_11,vision,16,1.7504,1.8598,1,1,mean_valid_faces,equal_duration_50_bins,PASS,,
-tPCytz4rww_11,vision,17,1.8598,1.9691999999999998,1,1,mean_valid_faces,equal_duration_50_bins,PASS,,
-tPCytz4rww_11,vision,18,1.9691999999999998,2.0786,1,1,mean_valid_faces,equal_duration_50_bins,PASS,,
-tPCytz4rww_11,vision,19,2.0786,2.1879999999999997,1,1,mean_valid_faces,equal_duration_50_bins,PASS,,
-tPCytz4rww_11,vision,20,2.1879999999999997,2.2973999999999997,1,1,mean_valid_faces,equal_duration_50_bins,PASS,,
-tPCytz4rww_11,vision,21,2.2973999999999997,2.4067999999999996,2,1,mean_valid_faces,equal_duration_50_bins,PASS,,
-tPCytz4rww_11,vision,22,2.4067999999999996,2.5161999999999995,1,1,mean_valid_faces,equal_duration_50_bins,PASS,,
-tPCytz4rww_11,vision,23,2.5161999999999995,2.6256,1,1,mean_valid_faces,equal_duration_50_bins,PASS,,
-tPCytz4rww_11,vision,24,2.6256,2.735,1,1,mean_valid_faces,equal_duration_50_bins,PASS,,
-tPCytz4rww_11,vision,25,2.735,2.8444,1,1,mean_valid_faces,equal_duration_50_bins,PASS,,
-tPCytz4rww_11,vision,26,2.8444,2.9537999999999998,1,1,mean_valid_faces,equal_duration_50_bins,PASS,,
-tPCytz4rww_11,vision,27,2.9537999999999998,3.0632,1,1,mean_valid_faces,equal_duration_50_bins,PASS,,
-tPCytz4rww_11,vision,28,3.0632,3.1726,1,1,mean_valid_faces,equal_duration_50_bins,PASS,,
-tPCytz4rww_11,vision,29,3.1726,3.282,1,1,mean_valid_faces,equal_duration_50_bins,PASS,,
-tPCytz4rww_11,vision,30,3.282,3.3914,1,1,mean_valid_faces,equal_duration_50_bins,PASS,,
-tPCytz4rww_11,vision,31,3.3914,3.5008,2,1,mean_valid_faces,equal_duration_50_bins,PASS,,
-tPCytz4rww_11,vision,32,3.5008,3.6102,1,1,mean_valid_faces,equal_duration_50_bins,PASS,,
-tPCytz4rww_11,vision,33,3.6102,3.7196,1,1,mean_valid_faces,equal_duration_50_bins,PASS,,
-tPCytz4rww_11,vision,34,3.7196,3.8289999999999997,1,1,mean_valid_faces,equal_duration_50_bins,PASS,,
-tPCytz4rww_11,vision,35,3.8289999999999997,3.9383999999999997,1,1,mean_valid_faces,equal_duration_50_bins,PASS,,
-tPCytz4rww_11,vision,36,3.9383999999999997,4.0478,1,1,mean_valid_faces,equal_duration_50_bins,PASS,,
-tPCytz4rww_11,vision,37,4.0478,4.1572,1,1,mean_valid_faces,equal_duration_50_bins,PASS,,
-tPCytz4rww_11,vision,38,4.1572,4.2665999999999995,1,1,mean_valid_faces,equal_duration_50_bins,PASS,,
-tPCytz4rww_11,vision,39,4.2665999999999995,4.3759999999999994,1,1,mean_valid_faces,equal_duration_50_bins,PASS,,
-tPCytz4rww_11,vision,40,4.3759999999999994,4.485399999999999,1,1,mean_valid_faces,equal_duration_50_bins,PASS,,
-tPCytz4rww_11,vision,41,4.485399999999999,4.594799999999999,1,1,mean_valid_faces,equal_duration_50_bins,PASS,,
-tPCytz4rww_11,vision,42,4.594799999999999,4.704199999999999,2,1,mean_valid_faces,equal_duration_50_bins,PASS,,
-tPCytz4rww_11,vision,43,4.704199999999999,4.813599999999999,1,1,mean_valid_faces,equal_duration_50_bins,PASS,,
-tPCytz4rww_11,vision,44,4.813599999999999,4.922999999999999,1,1,mean_valid_faces,equal_duration_50_bins,PASS,,
-tPCytz4rww_11,vision,45,4.922999999999999,5.032399999999999,1,1,mean_valid_faces,equal_duration_50_bins,PASS,,
-tPCytz4rww_11,vision,46,5.032399999999999,5.1418,1,1,mean_valid_faces,equal_duration_50_bins,PASS,,
-tPCytz4rww_11,vision,47,5.1418,5.2512,1,1,mean_valid_faces,equal_duration_50_bins,PASS,,
-tPCytz4rww_11,vision,48,5.2512,5.3606,1,1,mean_valid_faces,equal_duration_50_bins,PASS,,
-tPCytz4rww_11,vision,49,5.3606,5.47,1,1,mean_valid_faces,equal_duration_50_bins,PASS,,
-tPCytz4rww_10,vision,0,0.0,0.0958,1,1,mean_valid_faces,equal_duration_50_bins,PASS,,
-tPCytz4rww_10,vision,1,0.0958,0.1916,1,1,mean_valid_faces,equal_duration_50_bins,PASS,,
-tPCytz4rww_10,vision,2,0.1916,0.28740000000000004,1,1,mean_valid_faces,equal_duration_50_bins,PASS,,
-tPCytz4rww_10,vision,3,0.28740000000000004,0.3832,1,1,mean_valid_faces,equal_duration_50_bins,PASS,,
-tPCytz4rww_10,vision,4,0.3832,0.479,1,1,mean_valid_faces,equal_duration_50_bins,PASS,,
-tPCytz4rww_10,vision,5,0.479,0.5748000000000001,1,1,mean_valid_faces,equal_duration_50_bins,PASS,,
-tPCytz4rww_10,vision,6,0.5748000000000001,0.6706,1,1,mean_valid_faces,equal_duration_50_bins,PASS,,
-tPCytz4rww_10,vision,7,0.6706,0.7664,1,1,mean_valid_faces,equal_duration_50_bins,PASS,,
-tPCytz4rww_10,vision,8,0.7664,0.8622,1,1,mean_valid_faces,equal_duration_50_bins,PASS,,
-tPCytz4rww_10,vision,9,0.8622,0.958,1,1,mean_valid_faces,equal_duration_50_bins,PASS,,
-tPCytz4rww_10,vision,10,0.958,1.0537999999999998,1,1,mean_valid_faces,equal_duration_50_bins,PASS,,
-tPCytz4rww_10,vision,11,1.0537999999999998,1.1496000000000002,1,1,mean_valid_faces,equal_duration_50_bins,PASS,,
-tPCytz4rww_10,vision,12,1.1496000000000002,1.2454,1,1,mean_valid_faces,equal_duration_50_bins,PASS,,
-tPCytz4rww_10,vision,13,1.2454,1.3412,1,1,mean_valid_faces,equal_duration_50_bins,PASS,,
-tPCytz4rww_10,vision,14,1.3412,1.4369999999999998,1,1,mean_valid_faces,equal_duration_50_bins,PASS,,
-tPCytz4rww_10,vision,15,1.4369999999999998,1.5328,1,1,mean_valid_faces,equal_duration_50_bins,PASS,,
-tPCytz4rww_10,vision,16,1.5328,1.6286,1,1,mean_valid_faces,equal_duration_50_bins,PASS,,
-tPCytz4rww_10,vision,17,1.6286,1.7244,1,1,mean_valid_faces,equal_duration_50_bins,PASS,,
-tPCytz4rww_10,vision,18,1.7244,1.8202,1,1,mean_valid_faces,equal_duration_50_bins,PASS,,
-tPCytz4rww_10,vision,19,1.8202,1.916,1,1,mean_valid_faces,equal_duration_50_bins,PASS,,
-tPCytz4rww_10,vision,20,1.916,2.0118,1,1,mean_valid_faces,equal_duration_50_bins,PASS,,
-tPCytz4rww_10,vision,21,2.0118,2.1075999999999997,1,1,mean_valid_faces,equal_duration_50_bins,PASS,,
-tPCytz4rww_10,vision,22,2.1075999999999997,2.2034000000000002,1,1,mean_valid_faces,equal_duration_50_bins,PASS,,
-tPCytz4rww_10,vision,23,2.2034000000000002,2.2992000000000004,0,0,mean_valid_faces,equal_duration_50_bins,PASS,,
-tPCytz4rww_10,vision,24,2.2992000000000004,2.395,1,1,mean_valid_faces,equal_duration_50_bins,PASS,,
-tPCytz4rww_10,vision,25,2.395,2.4908,1,1,mean_valid_faces,equal_duration_50_bins,PASS,,
-tPCytz4rww_10,vision,26,2.4908,2.5866000000000002,1,1,mean_valid_faces,equal_duration_50_bins,PASS,,
-tPCytz4rww_10,vision,27,2.5866000000000002,2.6824,1,1,mean_valid_faces,equal_duration_50_bins,PASS,,
-tPCytz4rww_10,vision,28,2.6824,2.7782,1,1,mean_valid_faces,equal_duration_50_bins,PASS,,
-tPCytz4rww_10,vision,29,2.7782,2.8739999999999997,1,1,mean_valid_faces,equal_duration_50_bins,PASS,,
-tPCytz4rww_10,vision,30,2.8739999999999997,2.9698,1,1,mean_valid_faces,equal_duration_50_bins,PASS,,
-tPCytz4rww_10,vision,31,2.9698,3.0656,1,1,mean_valid_faces,equal_duration_50_bins,PASS,,
-tPCytz4rww_10,vision,32,3.0656,3.1614,1,1,mean_valid_faces,equal_duration_50_bins,PASS,,
-tPCytz4rww_10,vision,33,3.1614,3.2572,1,1,mean_valid_faces,equal_duration_50_bins,PASS,,
-tPCytz4rww_10,vision,34,3.2572,3.353,1,1,mean_valid_faces,equal_duration_50_bins,PASS,,
-tPCytz4rww_10,vision,35,3.353,3.4488,1,1,mean_valid_faces,equal_duration_50_bins,PASS,,
-tPCytz4rww_10,vision,36,3.4488,3.5446,1,1,mean_valid_faces,equal_duration_50_bins,PASS,,
-tPCytz4rww_10,vision,37,3.5446,3.6404,1,1,mean_valid_faces,equal_duration_50_bins,PASS,,
-tPCytz4rww_10,vision,38,3.6404,3.7362,1,1,mean_valid_faces,equal_duration_50_bins,PASS,,
-tPCytz4rww_10,vision,39,3.7362,3.832,1,1,mean_valid_faces,equal_duration_50_bins,PASS,,
-tPCytz4rww_10,vision,40,3.832,3.9278000000000004,1,1,mean_valid_faces,equal_duration_50_bins,PASS,,
-tPCytz4rww_10,vision,41,3.9278000000000004,4.0236,1,1,mean_valid_faces,equal_duration_50_bins,PASS,,
-tPCytz4rww_10,vision,42,4.0236,4.1194,1,1,mean_valid_faces,equal_duration_50_bins,PASS,,
-tPCytz4rww_10,vision,43,4.1194,4.215199999999999,1,1,mean_valid_faces,equal_duration_50_bins,PASS,,
-tPCytz4rww_10,vision,44,4.215199999999999,4.311,1,1,mean_valid_faces,equal_duration_50_bins,PASS,,
-tPCytz4rww_10,vision,45,4.311,4.4068000000000005,1,1,mean_valid_faces,equal_duration_50_bins,PASS,,
-tPCytz4rww_10,vision,46,4.4068000000000005,4.5026,1,1,mean_valid_faces,equal_duration_50_bins,PASS,,
-tPCytz4rww_10,vision,47,4.5026,4.598400000000001,0,0,mean_valid_faces,equal_duration_50_bins,PASS,,
-tPCytz4rww_10,vision,48,4.598400000000001,4.6942,1,1,mean_valid_faces,equal_duration_50_bins,PASS,,
-tPCytz4rww_10,vision,49,4.6942,4.79,1,1,mean_valid_faces,equal_duration_50_bins,PASS,,
-tPCytz4rww_12,vision,0,0.0,0.2372,3,1,mean_valid_faces,equal_duration_50_bins,PASS,,
-tPCytz4rww_12,vision,1,0.2372,0.4744,2,1,mean_valid_faces,equal_duration_50_bins,PASS,,
-tPCytz4rww_12,vision,2,0.4744,0.7116,3,1,mean_valid_faces,equal_duration_50_bins,PASS,,
-tPCytz4rww_12,vision,3,0.7116,0.9488,2,1,mean_valid_faces,equal_duration_50_bins,PASS,,
-tPCytz4rww_12,vision,4,0.9488,1.186,2,1,mean_valid_faces,equal_duration_50_bins,PASS,,
-tPCytz4rww_12,vision,5,1.186,1.4232,3,1,mean_valid_faces,equal_duration_50_bins,PASS,,
-tPCytz4rww_12,vision,6,1.4232,1.6603999999999999,2,1,mean_valid_faces,equal_duration_50_bins,PASS,,
-tPCytz4rww_12,vision,7,1.6603999999999999,1.8976,2,1,mean_valid_faces,equal_duration_50_bins,PASS,,
-tPCytz4rww_12,vision,8,1.8976,2.1348,3,1,mean_valid_faces,equal_duration_50_bins,PASS,,
-tPCytz4rww_12,vision,9,2.1348,2.372,2,1,mean_valid_faces,equal_duration_50_bins,PASS,,
-tPCytz4rww_12,vision,10,2.372,2.6091999999999995,3,1,mean_valid_faces,equal_duration_50_bins,PASS,,
-tPCytz4rww_12,vision,11,2.6091999999999995,2.8464,2,1,mean_valid_faces,equal_duration_50_bins,PASS,,
-tPCytz4rww_12,vision,12,2.8464,3.0836,2,1,mean_valid_faces,equal_duration_50_bins,PASS,,
-tPCytz4rww_12,vision,13,3.0836,3.3207999999999998,3,1,mean_valid_faces,equal_duration_50_bins,PASS,,
-tPCytz4rww_12,vision,14,3.3207999999999998,3.5579999999999994,2,1,mean_valid_faces,equal_duration_50_bins,PASS,,
-tPCytz4rww_12,vision,15,3.5579999999999994,3.7952,2,1,mean_valid_faces,equal_duration_50_bins,PASS,,
-tPCytz4rww_12,vision,16,3.7952,4.0324,3,1,mean_valid_faces,equal_duration_50_bins,PASS,,
-tPCytz4rww_12,vision,17,4.0324,4.2696,2,1,mean_valid_faces,equal_duration_50_bins,PASS,,
-tPCytz4rww_12,vision,18,4.2696,4.506799999999999,3,1,mean_valid_faces,equal_duration_50_bins,PASS,,
-tPCytz4rww_12,vision,19,4.506799999999999,4.744,2,1,mean_valid_faces,equal_duration_50_bins,PASS,,
-tPCytz4rww_12,vision,20,4.744,4.9812,2,1,mean_valid_faces,equal_duration_50_bins,PASS,,
-tPCytz4rww_12,vision,21,4.9812,5.218399999999999,3,1,mean_valid_faces,equal_duration_50_bins,PASS,,
-tPCytz4rww_12,vision,22,5.218399999999999,5.4556,2,1,mean_valid_faces,equal_duration_50_bins,PASS,,
-tPCytz4rww_12,vision,23,5.4556,5.6928,2,1,mean_valid_faces,equal_duration_50_bins,PASS,,
-tPCytz4rww_12,vision,24,5.6928,5.93,3,1,mean_valid_faces,equal_duration_50_bins,PASS,,
-tPCytz4rww_12,vision,25,5.93,6.1672,2,1,mean_valid_faces,equal_duration_50_bins,PASS,,
-tPCytz4rww_12,vision,26,6.1672,6.404399999999999,3,1,mean_valid_faces,equal_duration_50_bins,PASS,,
-tPCytz4rww_12,vision,27,6.404399999999999,6.6415999999999995,2,1,mean_valid_faces,equal_duration_50_bins,PASS,,
-tPCytz4rww_12,vision,28,6.6415999999999995,6.8788,2,1,mean_valid_faces,equal_duration_50_bins,PASS,,
-tPCytz4rww_12,vision,29,6.8788,7.115999999999999,3,1,mean_valid_faces,equal_duration_50_bins,PASS,,
-tPCytz4rww_12,vision,30,7.115999999999999,7.353199999999999,2,1,mean_valid_faces,equal_duration_50_bins,PASS,,
-tPCytz4rww_12,vision,31,7.353199999999999,7.5904,2,1,mean_valid_faces,equal_duration_50_bins,PASS,,
-tPCytz4rww_12,vision,32,7.5904,7.8276,3,1,mean_valid_faces,equal_duration_50_bins,PASS,,
-tPCytz4rww_12,vision,33,7.8276,8.0648,2,1,mean_valid_faces,equal_duration_50_bins,PASS,,
-tPCytz4rww_12,vision,34,8.0648,8.302,3,1,mean_valid_faces,equal_duration_50_bins,PASS,,
-tPCytz4rww_12,vision,35,8.302,8.5392,2,1,mean_valid_faces,equal_duration_50_bins,PASS,,
-tPCytz4rww_12,vision,36,8.5392,8.7764,2,1,mean_valid_faces,equal_duration_50_bins,PASS,,
-tPCytz4rww_12,vision,37,8.7764,9.013599999999999,3,1,mean_valid_faces,equal_duration_50_bins,PASS,,
-tPCytz4rww_12,vision,38,9.013599999999999,9.2508,2,1,mean_valid_faces,equal_duration_50_bins,PASS,,
-tPCytz4rww_12,vision,39,9.2508,9.488,2,1,mean_valid_faces,equal_duration_50_bins,PASS,,
-tPCytz4rww_12,vision,40,9.488,9.7252,3,1,mean_valid_faces,equal_duration_50_bins,PASS,,
-tPCytz4rww_12,vision,41,9.7252,9.9624,2,1,mean_valid_faces,equal_duration_50_bins,PASS,,
-tPCytz4rww_12,vision,42,9.9624,10.199599999999998,2,1,mean_valid_faces,equal_duration_50_bins,PASS,,
-tPCytz4rww_12,vision,43,10.199599999999998,10.436799999999998,3,1,mean_valid_faces,equal_duration_50_bins,PASS,,
-tPCytz4rww_12,vision,44,10.436799999999998,10.674,2,1,mean_valid_faces,equal_duration_50_bins,PASS,,
-tPCytz4rww_12,vision,45,10.674,10.9112,3,1,mean_valid_faces,equal_duration_50_bins,PASS,,
-tPCytz4rww_12,vision,46,10.9112,11.148399999999999,2,1,mean_valid_faces,equal_duration_50_bins,PASS,,
-tPCytz4rww_12,vision,47,11.148399999999999,11.3856,2,1,mean_valid_faces,equal_duration_50_bins,PASS,,
-tPCytz4rww_12,vision,48,11.3856,11.6228,3,1,mean_valid_faces,equal_duration_50_bins,PASS,,
-tPCytz4rww_12,vision,49,11.6228,11.86,2,1,mean_valid_faces,equal_duration_50_bins,PASS,,
-tPCytz4rww_16,vision,0,0.0,0.1442,2,1,mean_valid_faces,equal_duration_50_bins,PASS,,
-tPCytz4rww_16,vision,1,0.1442,0.2884,1,1,mean_valid_faces,equal_duration_50_bins,PASS,,
-tPCytz4rww_16,vision,2,0.2884,0.4326,2,1,mean_valid_faces,equal_duration_50_bins,PASS,,
-tPCytz4rww_16,vision,3,0.4326,0.5768,1,1,mean_valid_faces,equal_duration_50_bins,PASS,,
-tPCytz4rww_16,vision,4,0.5768,0.721,2,1,mean_valid_faces,equal_duration_50_bins,PASS,,
-tPCytz4rww_16,vision,5,0.721,0.8652,1,1,mean_valid_faces,equal_duration_50_bins,PASS,,
-tPCytz4rww_16,vision,6,0.8652,1.0094,2,1,mean_valid_faces,equal_duration_50_bins,PASS,,
-tPCytz4rww_16,vision,7,1.0094,1.1536,1,1,mean_valid_faces,equal_duration_50_bins,PASS,,
-tPCytz4rww_16,vision,8,1.1536,1.2978,1,1,mean_valid_faces,equal_duration_50_bins,PASS,,
-tPCytz4rww_16,vision,9,1.2978,1.442,2,1,mean_valid_faces,equal_duration_50_bins,PASS,,
-tPCytz4rww_16,vision,10,1.442,1.5862,1,1,mean_valid_faces,equal_duration_50_bins,PASS,,
-tPCytz4rww_16,vision,11,1.5862,1.7304,2,1,mean_valid_faces,equal_duration_50_bins,PASS,,
-tPCytz4rww_16,vision,12,1.7304,1.8746,1,1,mean_valid_faces,equal_duration_50_bins,PASS,,
-tPCytz4rww_16,vision,13,1.8746,2.0188,2,1,mean_valid_faces,equal_duration_50_bins,PASS,,
-tPCytz4rww_16,vision,14,2.0188,2.1630000000000003,1,1,mean_valid_faces,equal_duration_50_bins,PASS,,
-tPCytz4rww_16,vision,15,2.1630000000000003,2.3072,2,1,mean_valid_faces,equal_duration_50_bins,PASS,,
-tPCytz4rww_16,vision,16,2.3072,2.4514,1,1,mean_valid_faces,equal_duration_50_bins,PASS,,
-tPCytz4rww_16,vision,17,2.4514,2.5956,1,1,mean_valid_faces,equal_duration_50_bins,PASS,,
-tPCytz4rww_16,vision,18,2.5956,2.7398000000000002,2,1,mean_valid_faces,equal_duration_50_bins,PASS,,
-tPCytz4rww_16,vision,19,2.7398000000000002,2.884,1,1,mean_valid_faces,equal_duration_50_bins,PASS,,
-tPCytz4rww_16,vision,20,2.884,3.0282,2,1,mean_valid_faces,equal_duration_50_bins,PASS,,
-tPCytz4rww_16,vision,21,3.0282,3.1724,1,1,mean_valid_faces,equal_duration_50_bins,PASS,,
-tPCytz4rww_16,vision,22,3.1724,3.3166,2,1,mean_valid_faces,equal_duration_50_bins,PASS,,
-tPCytz4rww_16,vision,23,3.3166,3.4608,1,1,mean_valid_faces,equal_duration_50_bins,PASS,,
-tPCytz4rww_16,vision,24,3.4608,3.605,2,1,mean_valid_faces,equal_duration_50_bins,PASS,,
-tPCytz4rww_16,vision,25,3.605,3.7492,1,1,mean_valid_faces,equal_duration_50_bins,PASS,,
-tPCytz4rww_16,vision,26,3.7492,3.8933999999999997,1,1,mean_valid_faces,equal_duration_50_bins,PASS,,
-tPCytz4rww_16,vision,27,3.8933999999999997,4.0376,2,1,mean_valid_faces,equal_duration_50_bins,PASS,,
-tPCytz4rww_16,vision,28,4.0376,4.1818,1,1,mean_valid_faces,equal_duration_50_bins,PASS,,
-tPCytz4rww_16,vision,29,4.1818,4.3260000000000005,2,1,mean_valid_faces,equal_duration_50_bins,PASS,,
-tPCytz4rww_16,vision,30,4.3260000000000005,4.4702,1,1,mean_valid_faces,equal_duration_50_bins,PASS,,
-tPCytz4rww_16,vision,31,4.4702,4.6144,2,1,mean_valid_faces,equal_duration_50_bins,PASS,,
-tPCytz4rww_16,vision,32,4.6144,4.7586,1,1,mean_valid_faces,equal_duration_50_bins,PASS,,
-tPCytz4rww_16,vision,33,4.7586,4.9028,2,1,mean_valid_faces,equal_duration_50_bins,PASS,,
-tPCytz4rww_16,vision,34,4.9028,5.047,1,1,mean_valid_faces,equal_duration_50_bins,PASS,,
-tPCytz4rww_16,vision,35,5.047,5.1912,1,1,mean_valid_faces,equal_duration_50_bins,PASS,,
-tPCytz4rww_16,vision,36,5.1912,5.3354,2,1,mean_valid_faces,equal_duration_50_bins,PASS,,
-tPCytz4rww_16,vision,37,5.3354,5.4796000000000005,1,1,mean_valid_faces,equal_duration_50_bins,PASS,,
-tPCytz4rww_16,vision,38,5.4796000000000005,5.6238,2,1,mean_valid_faces,equal_duration_50_bins,PASS,,
-tPCytz4rww_16,vision,39,5.6238,5.768,1,1,mean_valid_faces,equal_duration_50_bins,PASS,,
-tPCytz4rww_16,vision,40,5.768,5.9122,2,1,mean_valid_faces,equal_duration_50_bins,PASS,,
-tPCytz4rww_16,vision,41,5.9122,6.0564,1,1,mean_valid_faces,equal_duration_50_bins,PASS,,
-tPCytz4rww_16,vision,42,6.0564,6.2006,2,1,mean_valid_faces,equal_duration_50_bins,PASS,,
-tPCytz4rww_16,vision,43,6.2006,6.3448,1,1,mean_valid_faces,equal_duration_50_bins,PASS,,
-tPCytz4rww_16,vision,44,6.3448,6.489,1,1,mean_valid_faces,equal_duration_50_bins,PASS,,
-tPCytz4rww_16,vision,45,6.489,6.6332,2,1,mean_valid_faces,equal_duration_50_bins,PASS,,
-tPCytz4rww_16,vision,46,6.6332,6.7774,1,1,mean_valid_faces,equal_duration_50_bins,PASS,,
-tPCytz4rww_16,vision,47,6.7774,6.9216,2,1,mean_valid_faces,equal_duration_50_bins,PASS,,
-tPCytz4rww_16,vision,48,6.9216,7.0658,1,1,mean_valid_faces,equal_duration_50_bins,PASS,,
-tPCytz4rww_16,vision,49,7.0658,7.21,1,1,mean_valid_faces,equal_duration_50_bins,PASS,,
-tPCytz4rww_18,vision,0,0.0,0.1328,2,1,mean_valid_faces,equal_duration_50_bins,PASS,,
-tPCytz4rww_18,vision,1,0.1328,0.2656,1,1,mean_valid_faces,equal_duration_50_bins,PASS,,
-tPCytz4rww_18,vision,2,0.2656,0.3984,1,1,mean_valid_faces,equal_duration_50_bins,PASS,,
-tPCytz4rww_18,vision,3,0.3984,0.5312,2,1,mean_valid_faces,equal_duration_50_bins,PASS,,
-tPCytz4rww_18,vision,4,0.5312,0.6639999999999999,1,1,mean_valid_faces,equal_duration_50_bins,PASS,,
-tPCytz4rww_18,vision,5,0.6639999999999999,0.7968,1,1,mean_valid_faces,equal_duration_50_bins,PASS,,
-tPCytz4rww_18,vision,6,0.7968,0.9296,2,1,mean_valid_faces,equal_duration_50_bins,PASS,,
-tPCytz4rww_18,vision,7,0.9296,1.0624,1,1,mean_valid_faces,equal_duration_50_bins,PASS,,
-tPCytz4rww_18,vision,8,1.0624,1.1952,1,1,mean_valid_faces,equal_duration_50_bins,PASS,,
-tPCytz4rww_18,vision,9,1.1952,1.3279999999999998,2,1,mean_valid_faces,equal_duration_50_bins,PASS,,
-tPCytz4rww_18,vision,10,1.3279999999999998,1.4607999999999999,1,1,mean_valid_faces,equal_duration_50_bins,PASS,,
-tPCytz4rww_18,vision,11,1.4607999999999999,1.5936,1,1,mean_valid_faces,equal_duration_50_bins,PASS,,
-tPCytz4rww_18,vision,12,1.5936,1.7264,2,1,mean_valid_faces,equal_duration_50_bins,PASS,,
-tPCytz4rww_18,vision,13,1.7264,1.8592,1,1,mean_valid_faces,equal_duration_50_bins,PASS,,
-tPCytz4rww_18,vision,14,1.8592,1.992,1,1,mean_valid_faces,equal_duration_50_bins,PASS,,
-tPCytz4rww_18,vision,15,1.992,2.1248,2,1,mean_valid_faces,equal_duration_50_bins,PASS,,
-tPCytz4rww_18,vision,16,2.1248,2.2576,1,1,mean_valid_faces,equal_duration_50_bins,PASS,,
-tPCytz4rww_18,vision,17,2.2576,2.3904,1,1,mean_valid_faces,equal_duration_50_bins,PASS,,
-tPCytz4rww_18,vision,18,2.3904,2.5232,2,1,mean_valid_faces,equal_duration_50_bins,PASS,,
-tPCytz4rww_18,vision,19,2.5232,2.6559999999999997,1,1,mean_valid_faces,equal_duration_50_bins,PASS,,
-tPCytz4rww_18,vision,20,2.6559999999999997,2.7888,1,1,mean_valid_faces,equal_duration_50_bins,PASS,,
-tPCytz4rww_18,vision,21,2.7888,2.9215999999999998,2,1,mean_valid_faces,equal_duration_50_bins,PASS,,
-tPCytz4rww_18,vision,22,2.9215999999999998,3.0544,1,1,mean_valid_faces,equal_duration_50_bins,PASS,,
-tPCytz4rww_18,vision,23,3.0544,3.1872,1,1,mean_valid_faces,equal_duration_50_bins,PASS,,
-tPCytz4rww_18,vision,24,3.1872,3.32,2,1,mean_valid_faces,equal_duration_50_bins,PASS,,
-tPCytz4rww_18,vision,25,3.32,3.4528,1,1,mean_valid_faces,equal_duration_50_bins,PASS,,
-tPCytz4rww_18,vision,26,3.4528,3.5856,1,1,mean_valid_faces,equal_duration_50_bins,PASS,,
-tPCytz4rww_18,vision,27,3.5856,3.7184,2,1,mean_valid_faces,equal_duration_50_bins,PASS,,
-tPCytz4rww_18,vision,28,3.7184,3.8512,1,1,mean_valid_faces,equal_duration_50_bins,PASS,,
-tPCytz4rww_18,vision,29,3.8512,3.984,1,1,mean_valid_faces,equal_duration_50_bins,PASS,,
-tPCytz4rww_18,vision,30,3.984,4.1168000000000005,2,1,mean_valid_faces,equal_duration_50_bins,PASS,,
-tPCytz4rww_18,vision,31,4.1168000000000005,4.2496,1,1,mean_valid_faces,equal_duration_50_bins,PASS,,
-tPCytz4rww_18,vision,32,4.2496,4.3824,1,1,mean_valid_faces,equal_duration_50_bins,PASS,,
-tPCytz4rww_18,vision,33,4.3824,4.5152,2,1,mean_valid_faces,equal_duration_50_bins,PASS,,
-tPCytz4rww_18,vision,34,4.5152,4.648,1,1,mean_valid_faces,equal_duration_50_bins,PASS,,
-tPCytz4rww_18,vision,35,4.648,4.7808,1,1,mean_valid_faces,equal_duration_50_bins,PASS,,
-tPCytz4rww_18,vision,36,4.7808,4.9136,2,1,mean_valid_faces,equal_duration_50_bins,PASS,,
-tPCytz4rww_18,vision,37,4.9136,5.0464,1,1,mean_valid_faces,equal_duration_50_bins,PASS,,
-tPCytz4rww_18,vision,38,5.0464,5.1792,1,1,mean_valid_faces,equal_duration_50_bins,PASS,,
-tPCytz4rww_18,vision,39,5.1792,5.311999999999999,2,1,mean_valid_faces,equal_duration_50_bins,PASS,,
-tPCytz4rww_18,vision,40,5.311999999999999,5.4448,1,1,mean_valid_faces,equal_duration_50_bins,PASS,,
-tPCytz4rww_18,vision,41,5.4448,5.5776,1,1,mean_valid_faces,equal_duration_50_bins,PASS,,
-tPCytz4rww_18,vision,42,5.5776,5.7104,2,1,mean_valid_faces,equal_duration_50_bins,PASS,,
-tPCytz4rww_18,vision,43,5.7104,5.8431999999999995,1,1,mean_valid_faces,equal_duration_50_bins,PASS,,
-tPCytz4rww_18,vision,44,5.8431999999999995,5.976,1,1,mean_valid_faces,equal_duration_50_bins,PASS,,
-tPCytz4rww_18,vision,45,5.976,6.1088,2,1,mean_valid_faces,equal_duration_50_bins,PASS,,
-tPCytz4rww_18,vision,46,6.1088,6.2416,1,1,mean_valid_faces,equal_duration_50_bins,PASS,,
-tPCytz4rww_18,vision,47,6.2416,6.3744,1,1,mean_valid_faces,equal_duration_50_bins,PASS,,
-tPCytz4rww_18,vision,48,6.3744,6.507199999999999,2,1,mean_valid_faces,equal_duration_50_bins,PASS,,
-tPCytz4rww_18,vision,49,6.507199999999999,6.64,1,1,mean_valid_faces,equal_duration_50_bins,PASS,,
-vxjVxOeScU_4,vision,0,0.0,0.1826,2,1,mean_valid_faces,equal_duration_50_bins,PASS,,
-vxjVxOeScU_4,vision,1,0.1826,0.3652,2,1,mean_valid_faces,equal_duration_50_bins,PASS,,
-vxjVxOeScU_4,vision,2,0.3652,0.5478000000000001,2,1,mean_valid_faces,equal_duration_50_bins,PASS,,
-vxjVxOeScU_4,vision,3,0.5478000000000001,0.7304,2,1,mean_valid_faces,equal_duration_50_bins,PASS,,
-vxjVxOeScU_4,vision,4,0.7304,0.9130000000000001,2,1,mean_valid_faces,equal_duration_50_bins,PASS,,
-vxjVxOeScU_4,vision,5,0.9130000000000001,1.0956000000000001,1,1,mean_valid_faces,equal_duration_50_bins,PASS,,
-vxjVxOeScU_4,vision,6,1.0956000000000001,1.2782,2,1,mean_valid_faces,equal_duration_50_bins,PASS,,
-vxjVxOeScU_4,vision,7,1.2782,1.4608,2,1,mean_valid_faces,equal_duration_50_bins,PASS,,
-vxjVxOeScU_4,vision,8,1.4608,1.6434,2,1,mean_valid_faces,equal_duration_50_bins,PASS,,
-vxjVxOeScU_4,vision,9,1.6434,1.8260000000000003,2,1,mean_valid_faces,equal_duration_50_bins,PASS,,
-vxjVxOeScU_4,vision,10,1.8260000000000003,2.0086,2,1,mean_valid_faces,equal_duration_50_bins,PASS,,
-vxjVxOeScU_4,vision,11,2.0086,2.1912000000000003,1,1,mean_valid_faces,equal_duration_50_bins,PASS,,
-vxjVxOeScU_4,vision,12,2.1912000000000003,2.3738,2,1,mean_valid_faces,equal_duration_50_bins,PASS,,
-vxjVxOeScU_4,vision,13,2.3738,2.5564,2,1,mean_valid_faces,equal_duration_50_bins,PASS,,
-vxjVxOeScU_4,vision,14,2.5564,2.7390000000000003,2,1,mean_valid_faces,equal_duration_50_bins,PASS,,
-vxjVxOeScU_4,vision,15,2.7390000000000003,2.9216,2,1,mean_valid_faces,equal_duration_50_bins,PASS,,
-vxjVxOeScU_4,vision,16,2.9216,3.1042,2,1,mean_valid_faces,equal_duration_50_bins,PASS,,
-vxjVxOeScU_4,vision,17,3.1042,3.2868,1,1,mean_valid_faces,equal_duration_50_bins,PASS,,
-vxjVxOeScU_4,vision,18,3.2868,3.4694000000000007,2,1,mean_valid_faces,equal_duration_50_bins,PASS,,
-vxjVxOeScU_4,vision,19,3.4694000000000007,3.6520000000000006,2,1,mean_valid_faces,equal_duration_50_bins,PASS,,
-vxjVxOeScU_4,vision,20,3.6520000000000006,3.8346000000000005,2,1,mean_valid_faces,equal_duration_50_bins,PASS,,
-vxjVxOeScU_4,vision,21,3.8346000000000005,4.0172,2,1,mean_valid_faces,equal_duration_50_bins,PASS,,
-vxjVxOeScU_4,vision,22,4.0172,4.1998,1,1,mean_valid_faces,equal_duration_50_bins,PASS,,
-vxjVxOeScU_4,vision,23,4.1998,4.3824000000000005,2,1,mean_valid_faces,equal_duration_50_bins,PASS,,
-vxjVxOeScU_4,vision,24,4.3824000000000005,4.565,2,1,mean_valid_faces,equal_duration_50_bins,PASS,,
-vxjVxOeScU_4,vision,25,4.565,4.7476,2,1,mean_valid_faces,equal_duration_50_bins,PASS,,
-vxjVxOeScU_4,vision,26,4.7476,4.9302,2,1,mean_valid_faces,equal_duration_50_bins,PASS,,
-vxjVxOeScU_4,vision,27,4.9302,5.1128,2,1,mean_valid_faces,equal_duration_50_bins,PASS,,
-vxjVxOeScU_4,vision,28,5.1128,5.295400000000001,1,1,mean_valid_faces,equal_duration_50_bins,PASS,,
-vxjVxOeScU_4,vision,29,5.295400000000001,5.478000000000001,2,1,mean_valid_faces,equal_duration_50_bins,PASS,,
-vxjVxOeScU_4,vision,30,5.478000000000001,5.6606000000000005,2,1,mean_valid_faces,equal_duration_50_bins,PASS,,
-vxjVxOeScU_4,vision,31,5.6606000000000005,5.8432,2,1,mean_valid_faces,equal_duration_50_bins,PASS,,
-vxjVxOeScU_4,vision,32,5.8432,6.0258,2,1,mean_valid_faces,equal_duration_50_bins,PASS,,
-vxjVxOeScU_4,vision,33,6.0258,6.2084,2,1,mean_valid_faces,equal_duration_50_bins,PASS,,
-vxjVxOeScU_4,vision,34,6.2084,6.391,1,1,mean_valid_faces,equal_duration_50_bins,PASS,,
-vxjVxOeScU_4,vision,35,6.391,6.5736,2,1,mean_valid_faces,equal_duration_50_bins,PASS,,
-vxjVxOeScU_4,vision,36,6.5736,6.7562,2,1,mean_valid_faces,equal_duration_50_bins,PASS,,
-vxjVxOeScU_4,vision,37,6.7562,6.938800000000001,2,1,mean_valid_faces,equal_duration_50_bins,PASS,,
-vxjVxOeScU_4,vision,38,6.938800000000001,7.121400000000001,2,1,mean_valid_faces,equal_duration_50_bins,PASS,,
-vxjVxOeScU_4,vision,39,7.121400000000001,7.304000000000001,2,1,mean_valid_faces,equal_duration_50_bins,PASS,,
-vxjVxOeScU_4,vision,40,7.304000000000001,7.486600000000001,1,1,mean_valid_faces,equal_duration_50_bins,PASS,,
-vxjVxOeScU_4,vision,41,7.486600000000001,7.669200000000001,2,1,mean_valid_faces,equal_duration_50_bins,PASS,,
-vxjVxOeScU_4,vision,42,7.669200000000001,7.851800000000001,2,1,mean_valid_faces,equal_duration_50_bins,PASS,,
-vxjVxOeScU_4,vision,43,7.851800000000001,8.0344,2,1,mean_valid_faces,equal_duration_50_bins,PASS,,
-vxjVxOeScU_4,vision,44,8.0344,8.217,2,1,mean_valid_faces,equal_duration_50_bins,PASS,,
-vxjVxOeScU_4,vision,45,8.217,8.3996,1,1,mean_valid_faces,equal_duration_50_bins,PASS,,
-vxjVxOeScU_4,vision,46,8.3996,8.5822,2,1,mean_valid_faces,equal_duration_50_bins,PASS,,
-vxjVxOeScU_4,vision,47,8.5822,8.764800000000001,2,1,mean_valid_faces,equal_duration_50_bins,PASS,,
-vxjVxOeScU_4,vision,48,8.764800000000001,8.947400000000002,2,1,mean_valid_faces,equal_duration_50_bins,PASS,,
-vxjVxOeScU_4,vision,49,8.947400000000002,9.13,1,1,mean_valid_faces,equal_duration_50_bins,PASS,,
-wMB_hJL-3o_7,vision,0,0.0,0.1208,2,1,mean_valid_faces,equal_duration_50_bins,PASS,,
-wMB_hJL-3o_7,vision,1,0.1208,0.2416,1,1,mean_valid_faces,equal_duration_50_bins,PASS,,
-wMB_hJL-3o_7,vision,2,0.2416,0.3624,1,1,mean_valid_faces,equal_duration_50_bins,PASS,,
-wMB_hJL-3o_7,vision,3,0.3624,0.4832,1,1,mean_valid_faces,equal_duration_50_bins,PASS,,
-wMB_hJL-3o_7,vision,4,0.4832,0.604,2,1,mean_valid_faces,equal_duration_50_bins,PASS,,
-wMB_hJL-3o_7,vision,5,0.604,0.7248,1,1,mean_valid_faces,equal_duration_50_bins,PASS,,
-wMB_hJL-3o_7,vision,6,0.7248,0.8456,1,1,mean_valid_faces,equal_duration_50_bins,PASS,,
-wMB_hJL-3o_7,vision,7,0.8456,0.9664,1,1,mean_valid_faces,equal_duration_50_bins,PASS,,
-wMB_hJL-3o_7,vision,8,0.9664,1.0872,1,1,mean_valid_faces,equal_duration_50_bins,PASS,,
-wMB_hJL-3o_7,vision,9,1.0872,1.208,2,1,mean_valid_faces,equal_duration_50_bins,PASS,,
-wMB_hJL-3o_7,vision,10,1.208,1.3288,1,1,mean_valid_faces,equal_duration_50_bins,PASS,,
-wMB_hJL-3o_7,vision,11,1.3288,1.4496,1,1,mean_valid_faces,equal_duration_50_bins,PASS,,
-wMB_hJL-3o_7,vision,12,1.4496,1.5704,1,1,mean_valid_faces,equal_duration_50_bins,PASS,,
-wMB_hJL-3o_7,vision,13,1.5704,1.6912,1,1,mean_valid_faces,equal_duration_50_bins,PASS,,
-wMB_hJL-3o_7,vision,14,1.6912,1.8119999999999998,2,1,mean_valid_faces,equal_duration_50_bins,PASS,,
-wMB_hJL-3o_7,vision,15,1.8119999999999998,1.9328,1,1,mean_valid_faces,equal_duration_50_bins,PASS,,
-wMB_hJL-3o_7,vision,16,1.9328,2.0536000000000003,1,1,mean_valid_faces,equal_duration_50_bins,PASS,,
-wMB_hJL-3o_7,vision,17,2.0536000000000003,2.1744,1,1,mean_valid_faces,equal_duration_50_bins,PASS,,
-wMB_hJL-3o_7,vision,18,2.1744,2.2952,1,1,mean_valid_faces,equal_duration_50_bins,PASS,,
-wMB_hJL-3o_7,vision,19,2.2952,2.416,2,1,mean_valid_faces,equal_duration_50_bins,PASS,,
-wMB_hJL-3o_7,vision,20,2.416,2.5368,1,1,mean_valid_faces,equal_duration_50_bins,PASS,,
-wMB_hJL-3o_7,vision,21,2.5368,2.6576,1,1,mean_valid_faces,equal_duration_50_bins,PASS,,
-wMB_hJL-3o_7,vision,22,2.6576,2.7783999999999995,1,1,mean_valid_faces,equal_duration_50_bins,PASS,,
-wMB_hJL-3o_7,vision,23,2.7783999999999995,2.8992,1,1,mean_valid_faces,equal_duration_50_bins,PASS,,
-wMB_hJL-3o_7,vision,24,2.8992,3.02,2,1,mean_valid_faces,equal_duration_50_bins,PASS,,
-wMB_hJL-3o_7,vision,25,3.02,3.1408,1,1,mean_valid_faces,equal_duration_50_bins,PASS,,
-wMB_hJL-3o_7,vision,26,3.1408,3.2616,1,1,mean_valid_faces,equal_duration_50_bins,PASS,,
-wMB_hJL-3o_7,vision,27,3.2616,3.3824,1,1,mean_valid_faces,equal_duration_50_bins,PASS,,
-wMB_hJL-3o_7,vision,28,3.3824,3.5032,2,1,mean_valid_faces,equal_duration_50_bins,PASS,,
-wMB_hJL-3o_7,vision,29,3.5032,3.6239999999999997,1,1,mean_valid_faces,equal_duration_50_bins,PASS,,
-wMB_hJL-3o_7,vision,30,3.6239999999999997,3.7448,1,1,mean_valid_faces,equal_duration_50_bins,PASS,,
-wMB_hJL-3o_7,vision,31,3.7448,3.8656,1,1,mean_valid_faces,equal_duration_50_bins,PASS,,
-wMB_hJL-3o_7,vision,32,3.8656,3.9863999999999997,1,1,mean_valid_faces,equal_duration_50_bins,PASS,,
-wMB_hJL-3o_7,vision,33,3.9863999999999997,4.107200000000001,2,1,mean_valid_faces,equal_duration_50_bins,PASS,,
-wMB_hJL-3o_7,vision,34,4.107200000000001,4.228,1,1,mean_valid_faces,equal_duration_50_bins,PASS,,
-wMB_hJL-3o_7,vision,35,4.228,4.3488,1,1,mean_valid_faces,equal_duration_50_bins,PASS,,
-wMB_hJL-3o_7,vision,36,4.3488,4.4696,1,1,mean_valid_faces,equal_duration_50_bins,PASS,,
-wMB_hJL-3o_7,vision,37,4.4696,4.5904,1,1,mean_valid_faces,equal_duration_50_bins,PASS,,
-wMB_hJL-3o_7,vision,38,4.5904,4.7112,2,1,mean_valid_faces,equal_duration_50_bins,PASS,,
-wMB_hJL-3o_7,vision,39,4.7112,4.832,1,1,mean_valid_faces,equal_duration_50_bins,PASS,,
-wMB_hJL-3o_7,vision,40,4.832,4.9528,1,1,mean_valid_faces,equal_duration_50_bins,PASS,,
-wMB_hJL-3o_7,vision,41,4.9528,5.0736,1,1,mean_valid_faces,equal_duration_50_bins,PASS,,
-wMB_hJL-3o_7,vision,42,5.0736,5.194400000000001,1,1,mean_valid_faces,equal_duration_50_bins,PASS,,
-wMB_hJL-3o_7,vision,43,5.194400000000001,5.3152,2,1,mean_valid_faces,equal_duration_50_bins,PASS,,
-wMB_hJL-3o_7,vision,44,5.3152,5.436,1,1,mean_valid_faces,equal_duration_50_bins,PASS,,
-wMB_hJL-3o_7,vision,45,5.436,5.556799999999999,1,1,mean_valid_faces,equal_duration_50_bins,PASS,,
-wMB_hJL-3o_7,vision,46,5.556799999999999,5.6776,0,0,mean_valid_faces,equal_duration_50_bins,PASS,,
-wMB_hJL-3o_7,vision,47,5.6776,5.7984,0,0,mean_valid_faces,equal_duration_50_bins,PASS,,
-wMB_hJL-3o_7,vision,48,5.7984,5.9192,2,1,mean_valid_faces,equal_duration_50_bins,PASS,,
-wMB_hJL-3o_7,vision,49,5.9192,6.04,1,1,mean_valid_faces,equal_duration_50_bins,PASS,,
-wny0OAz3g8_1,vision,0,0.0,0.1368,2,1,mean_valid_faces,equal_duration_50_bins,PASS,,
-wny0OAz3g8_1,vision,1,0.1368,0.2736,1,1,mean_valid_faces,equal_duration_50_bins,PASS,,
-wny0OAz3g8_1,vision,2,0.2736,0.4104,2,1,mean_valid_faces,equal_duration_50_bins,PASS,,
-wny0OAz3g8_1,vision,3,0.4104,0.5472,1,1,mean_valid_faces,equal_duration_50_bins,PASS,,
-wny0OAz3g8_1,vision,4,0.5472,0.684,1,1,mean_valid_faces,equal_duration_50_bins,PASS,,
-wny0OAz3g8_1,vision,5,0.684,0.8208,2,1,mean_valid_faces,equal_duration_50_bins,PASS,,
-wny0OAz3g8_1,vision,6,0.8208,0.9575999999999999,1,1,mean_valid_faces,equal_duration_50_bins,PASS,,
-wny0OAz3g8_1,vision,7,0.9575999999999999,1.0944,0,0,mean_valid_faces,equal_duration_50_bins,PASS,,
-wny0OAz3g8_1,vision,8,1.0944,1.2312,2,1,mean_valid_faces,equal_duration_50_bins,PASS,,
-wny0OAz3g8_1,vision,9,1.2312,1.368,1,1,mean_valid_faces,equal_duration_50_bins,PASS,,
-wny0OAz3g8_1,vision,10,1.368,1.5048,2,1,mean_valid_faces,equal_duration_50_bins,PASS,,
-wny0OAz3g8_1,vision,11,1.5048,1.6416,1,1,mean_valid_faces,equal_duration_50_bins,PASS,,
-wny0OAz3g8_1,vision,12,1.6416,1.7784,1,1,mean_valid_faces,equal_duration_50_bins,PASS,,
-wny0OAz3g8_1,vision,13,1.7784,1.9151999999999998,2,1,mean_valid_faces,equal_duration_50_bins,PASS,,
-wny0OAz3g8_1,vision,14,1.9151999999999998,2.052,1,1,mean_valid_faces,equal_duration_50_bins,PASS,,
-wny0OAz3g8_1,vision,15,2.052,2.1888,1,1,mean_valid_faces,equal_duration_50_bins,PASS,,
-wny0OAz3g8_1,vision,16,2.1888,2.3256,2,1,mean_valid_faces,equal_duration_50_bins,PASS,,
-wny0OAz3g8_1,vision,17,2.3256,2.4624,1,1,mean_valid_faces,equal_duration_50_bins,PASS,,
-wny0OAz3g8_1,vision,18,2.4624,2.5992,1,1,mean_valid_faces,equal_duration_50_bins,PASS,,
-wny0OAz3g8_1,vision,19,2.5992,2.736,2,1,mean_valid_faces,equal_duration_50_bins,PASS,,
-wny0OAz3g8_1,vision,20,2.736,2.8728,0,0,mean_valid_faces,equal_duration_50_bins,PASS,,
-wny0OAz3g8_1,vision,21,2.8728,3.0096,2,1,mean_valid_faces,equal_duration_50_bins,PASS,,
-wny0OAz3g8_1,vision,22,3.0096,3.1464,1,1,mean_valid_faces,equal_duration_50_bins,PASS,,
-wny0OAz3g8_1,vision,23,3.1464,3.2832,1,1,mean_valid_faces,equal_duration_50_bins,PASS,,
-wny0OAz3g8_1,vision,24,3.2832,3.42,2,1,mean_valid_faces,equal_duration_50_bins,PASS,,
-wny0OAz3g8_1,vision,25,3.42,3.5568,1,1,mean_valid_faces,equal_duration_50_bins,PASS,,
-wny0OAz3g8_1,vision,26,3.5568,3.6936,1,1,mean_valid_faces,equal_duration_50_bins,PASS,,
-wny0OAz3g8_1,vision,27,3.6936,3.8303999999999996,1,1,mean_valid_faces,equal_duration_50_bins,PASS,,
-wny0OAz3g8_1,vision,28,3.8303999999999996,3.9671999999999996,0,0,mean_valid_faces,equal_duration_50_bins,PASS,,
-wny0OAz3g8_1,vision,29,3.9671999999999996,4.104,1,1,mean_valid_faces,equal_duration_50_bins,PASS,,
-wny0OAz3g8_1,vision,30,4.104,4.2408,1,1,mean_valid_faces,equal_duration_50_bins,PASS,,
-wny0OAz3g8_1,vision,31,4.2408,4.3776,1,1,mean_valid_faces,equal_duration_50_bins,PASS,,
-wny0OAz3g8_1,vision,32,4.3776,4.5144,2,1,mean_valid_faces,equal_duration_50_bins,PASS,,
-wny0OAz3g8_1,vision,33,4.5144,4.6512,1,1,mean_valid_faces,equal_duration_50_bins,PASS,,
-wny0OAz3g8_1,vision,34,4.6512,4.788,1,1,mean_valid_faces,equal_duration_50_bins,PASS,,
-wny0OAz3g8_1,vision,35,4.788,4.9248,2,1,mean_valid_faces,equal_duration_50_bins,PASS,,
-wny0OAz3g8_1,vision,36,4.9248,5.061599999999999,1,1,mean_valid_faces,equal_duration_50_bins,PASS,,
-wny0OAz3g8_1,vision,37,5.061599999999999,5.1984,1,1,mean_valid_faces,equal_duration_50_bins,PASS,,
-wny0OAz3g8_1,vision,38,5.1984,5.3351999999999995,2,1,mean_valid_faces,equal_duration_50_bins,PASS,,
-wny0OAz3g8_1,vision,39,5.3351999999999995,5.472,1,1,mean_valid_faces,equal_duration_50_bins,PASS,,
-wny0OAz3g8_1,vision,40,5.472,5.6088,1,1,mean_valid_faces,equal_duration_50_bins,PASS,,
-wny0OAz3g8_1,vision,41,5.6088,5.7456,1,1,mean_valid_faces,equal_duration_50_bins,PASS,,
-wny0OAz3g8_1,vision,42,5.7456,5.8824000000000005,0,0,mean_valid_faces,equal_duration_50_bins,PASS,,
-wny0OAz3g8_1,vision,43,5.8824000000000005,6.0192,2,1,mean_valid_faces,equal_duration_50_bins,PASS,,
-wny0OAz3g8_1,vision,44,6.0192,6.156000000000001,1,1,mean_valid_faces,equal_duration_50_bins,PASS,,
-wny0OAz3g8_1,vision,45,6.156000000000001,6.2928,1,1,mean_valid_faces,equal_duration_50_bins,PASS,,
-wny0OAz3g8_1,vision,46,6.2928,6.429600000000001,2,1,mean_valid_faces,equal_duration_50_bins,PASS,,
-wny0OAz3g8_1,vision,47,6.429600000000001,6.5664,1,1,mean_valid_faces,equal_duration_50_bins,PASS,,
-wny0OAz3g8_1,vision,48,6.5664,6.703199999999999,2,1,mean_valid_faces,equal_duration_50_bins,PASS,,
-wny0OAz3g8_1,vision,49,6.703199999999999,6.84,1,1,mean_valid_faces,equal_duration_50_bins,PASS,,
-wny0OAz3g8_0,vision,0,0.0,0.0666,1,1,mean_valid_faces,equal_duration_50_bins,PASS,,
-wny0OAz3g8_0,vision,1,0.0666,0.1332,1,1,mean_valid_faces,equal_duration_50_bins,PASS,,
-wny0OAz3g8_0,vision,2,0.1332,0.1998,0,0,mean_valid_faces,equal_duration_50_bins,PASS,,
-wny0OAz3g8_0,vision,3,0.1998,0.2664,1,1,mean_valid_faces,equal_duration_50_bins,PASS,,
-wny0OAz3g8_0,vision,4,0.2664,0.33299999999999996,1,1,mean_valid_faces,equal_duration_50_bins,PASS,,
-wny0OAz3g8_0,vision,5,0.33299999999999996,0.3996,0,0,mean_valid_faces,equal_duration_50_bins,PASS,,
-wny0OAz3g8_0,vision,6,0.3996,0.46620000000000006,1,1,mean_valid_faces,equal_duration_50_bins,PASS,,
-wny0OAz3g8_0,vision,7,0.46620000000000006,0.5328,1,1,mean_valid_faces,equal_duration_50_bins,PASS,,
-wny0OAz3g8_0,vision,8,0.5328,0.5993999999999999,0,0,mean_valid_faces,equal_duration_50_bins,PASS,,
-wny0OAz3g8_0,vision,9,0.5993999999999999,0.6659999999999999,1,1,mean_valid_faces,equal_duration_50_bins,PASS,,
-wny0OAz3g8_0,vision,10,0.6659999999999999,0.7326,1,1,mean_valid_faces,equal_duration_50_bins,PASS,,
-wny0OAz3g8_0,vision,11,0.7326,0.7992,0,0,mean_valid_faces,equal_duration_50_bins,PASS,,
-wny0OAz3g8_0,vision,12,0.7992,0.8658,1,1,mean_valid_faces,equal_duration_50_bins,PASS,,
-wny0OAz3g8_0,vision,13,0.8658,0.9324000000000001,1,1,mean_valid_faces,equal_duration_50_bins,PASS,,
-wny0OAz3g8_0,vision,14,0.9324000000000001,0.9990000000000001,0,0,mean_valid_faces,equal_duration_50_bins,PASS,,
-wny0OAz3g8_0,vision,15,0.9990000000000001,1.0656,1,1,mean_valid_faces,equal_duration_50_bins,PASS,,
-wny0OAz3g8_0,vision,16,1.0656,1.1322,1,1,mean_valid_faces,equal_duration_50_bins,PASS,,
-wny0OAz3g8_0,vision,17,1.1322,1.1987999999999999,0,0,mean_valid_faces,equal_duration_50_bins,PASS,,
-wny0OAz3g8_0,vision,18,1.1987999999999999,1.2654,1,1,mean_valid_faces,equal_duration_50_bins,PASS,,
-wny0OAz3g8_0,vision,19,1.2654,1.3319999999999999,1,1,mean_valid_faces,equal_duration_50_bins,PASS,,
-wny0OAz3g8_0,vision,20,1.3319999999999999,1.3986,0,0,mean_valid_faces,equal_duration_50_bins,PASS,,
-wny0OAz3g8_0,vision,21,1.3986,1.4652,1,1,mean_valid_faces,equal_duration_50_bins,PASS,,
-wny0OAz3g8_0,vision,22,1.4652,1.5318,1,1,mean_valid_faces,equal_duration_50_bins,PASS,,
-wny0OAz3g8_0,vision,23,1.5318,1.5984,0,0,mean_valid_faces,equal_duration_50_bins,PASS,,
-wny0OAz3g8_0,vision,24,1.5984,1.665,1,1,mean_valid_faces,equal_duration_50_bins,PASS,,
-wny0OAz3g8_0,vision,25,1.665,1.7316,1,1,mean_valid_faces,equal_duration_50_bins,PASS,,
-wny0OAz3g8_0,vision,26,1.7316,1.7982,0,0,mean_valid_faces,equal_duration_50_bins,PASS,,
-wny0OAz3g8_0,vision,27,1.7982,1.8648000000000002,1,1,mean_valid_faces,equal_duration_50_bins,PASS,,
-wny0OAz3g8_0,vision,28,1.8648000000000002,1.9314000000000002,1,1,mean_valid_faces,equal_duration_50_bins,PASS,,
-wny0OAz3g8_0,vision,29,1.9314000000000002,1.9980000000000002,0,0,mean_valid_faces,equal_duration_50_bins,PASS,,
-wny0OAz3g8_0,vision,30,1.9980000000000002,2.0646,1,1,mean_valid_faces,equal_duration_50_bins,PASS,,
-wny0OAz3g8_0,vision,31,2.0646,2.1312,1,1,mean_valid_faces,equal_duration_50_bins,PASS,,
-wny0OAz3g8_0,vision,32,2.1312,2.1978,0,0,mean_valid_faces,equal_duration_50_bins,PASS,,
-wny0OAz3g8_0,vision,33,2.1978,2.2644,1,1,mean_valid_faces,equal_duration_50_bins,PASS,,
-wny0OAz3g8_0,vision,34,2.2644,2.331,1,1,mean_valid_faces,equal_duration_50_bins,PASS,,
-wny0OAz3g8_0,vision,35,2.331,2.3975999999999997,0,0,mean_valid_faces,equal_duration_50_bins,PASS,,
-wny0OAz3g8_0,vision,36,2.3975999999999997,2.4642,1,1,mean_valid_faces,equal_duration_50_bins,PASS,,
-wny0OAz3g8_0,vision,37,2.4642,2.5308,1,1,mean_valid_faces,equal_duration_50_bins,PASS,,
-wny0OAz3g8_0,vision,38,2.5308,2.5974,0,0,mean_valid_faces,equal_duration_50_bins,PASS,,
-wny0OAz3g8_0,vision,39,2.5974,2.6639999999999997,1,1,mean_valid_faces,equal_duration_50_bins,PASS,,
-wny0OAz3g8_0,vision,40,2.6639999999999997,2.7306,1,1,mean_valid_faces,equal_duration_50_bins,PASS,,
-wny0OAz3g8_0,vision,41,2.7306,2.7972,0,0,mean_valid_faces,equal_duration_50_bins,PASS,,
-wny0OAz3g8_0,vision,42,2.7972,2.8638,1,1,mean_valid_faces,equal_duration_50_bins,PASS,,
-wny0OAz3g8_0,vision,43,2.8638,2.9304,1,1,mean_valid_faces,equal_duration_50_bins,PASS,,
-wny0OAz3g8_0,vision,44,2.9304,2.997,0,0,mean_valid_faces,equal_duration_50_bins,PASS,,
-wny0OAz3g8_0,vision,45,2.997,3.0636,1,1,mean_valid_faces,equal_duration_50_bins,PASS,,
-wny0OAz3g8_0,vision,46,3.0636,3.1302,1,1,mean_valid_faces,equal_duration_50_bins,PASS,,
-wny0OAz3g8_0,vision,47,3.1302,3.1968,0,0,mean_valid_faces,equal_duration_50_bins,PASS,,
-wny0OAz3g8_0,vision,48,3.1968,3.2634000000000003,1,1,mean_valid_faces,equal_duration_50_bins,PASS,,
-wny0OAz3g8_0,vision,49,3.2634000000000003,3.33,1,1,mean_valid_faces,equal_duration_50_bins,PASS,,
-wny0OAz3g8_3,vision,0,0.0,0.12300000000000001,2,1,mean_valid_faces,equal_duration_50_bins,PASS,,
-wny0OAz3g8_3,vision,1,0.12300000000000001,0.24600000000000002,1,1,mean_valid_faces,equal_duration_50_bins,PASS,,
-wny0OAz3g8_3,vision,2,0.24600000000000002,0.36900000000000005,1,1,mean_valid_faces,equal_duration_50_bins,PASS,,
-wny0OAz3g8_3,vision,3,0.36900000000000005,0.49200000000000005,1,1,mean_valid_faces,equal_duration_50_bins,PASS,,
-wny0OAz3g8_3,vision,4,0.49200000000000005,0.615,2,1,mean_valid_faces,equal_duration_50_bins,PASS,,
-wny0OAz3g8_3,vision,5,0.615,0.7380000000000001,1,1,mean_valid_faces,equal_duration_50_bins,PASS,,
-wny0OAz3g8_3,vision,6,0.7380000000000001,0.8610000000000001,1,1,mean_valid_faces,equal_duration_50_bins,PASS,,
-wny0OAz3g8_3,vision,7,0.8610000000000001,0.9840000000000001,1,1,mean_valid_faces,equal_duration_50_bins,PASS,,
-wny0OAz3g8_3,vision,8,0.9840000000000001,1.107,1,1,mean_valid_faces,equal_duration_50_bins,PASS,,
-wny0OAz3g8_3,vision,9,1.107,1.23,0,0,mean_valid_faces,equal_duration_50_bins,PASS,,
-wny0OAz3g8_3,vision,10,1.23,1.3530000000000002,1,1,mean_valid_faces,equal_duration_50_bins,PASS,,
-wny0OAz3g8_3,vision,11,1.3530000000000002,1.4760000000000002,1,1,mean_valid_faces,equal_duration_50_bins,PASS,,
-wny0OAz3g8_3,vision,12,1.4760000000000002,1.599,0,0,mean_valid_faces,equal_duration_50_bins,PASS,,
-wny0OAz3g8_3,vision,13,1.599,1.7220000000000002,0,0,mean_valid_faces,equal_duration_50_bins,PASS,,
-wny0OAz3g8_3,vision,14,1.7220000000000002,1.845,0,0,mean_valid_faces,equal_duration_50_bins,PASS,,
-wny0OAz3g8_3,vision,15,1.845,1.9680000000000002,1,1,mean_valid_faces,equal_duration_50_bins,PASS,,
-wny0OAz3g8_3,vision,16,1.9680000000000002,2.091,0,0,mean_valid_faces,equal_duration_50_bins,PASS,,
-wny0OAz3g8_3,vision,17,2.091,2.214,1,1,mean_valid_faces,equal_duration_50_bins,PASS,,
-wny0OAz3g8_3,vision,18,2.214,2.337,0,0,mean_valid_faces,equal_duration_50_bins,PASS,,
-wny0OAz3g8_3,vision,19,2.337,2.46,0,0,mean_valid_faces,equal_duration_50_bins,PASS,,
-wny0OAz3g8_3,vision,20,2.46,2.583,1,1,mean_valid_faces,equal_duration_50_bins,PASS,,
-wny0OAz3g8_3,vision,21,2.583,2.7060000000000004,2,1,mean_valid_faces,equal_duration_50_bins,PASS,,
-wny0OAz3g8_3,vision,22,2.7060000000000004,2.829,1,1,mean_valid_faces,equal_duration_50_bins,PASS,,
-wny0OAz3g8_3,vision,23,2.829,2.9520000000000004,1,1,mean_valid_faces,equal_duration_50_bins,PASS,,
-wny0OAz3g8_3,vision,24,2.9520000000000004,3.075,1,1,mean_valid_faces,equal_duration_50_bins,PASS,,
-wny0OAz3g8_3,vision,25,3.075,3.198,1,1,mean_valid_faces,equal_duration_50_bins,PASS,,
-wny0OAz3g8_3,vision,26,3.198,3.321,2,1,mean_valid_faces,equal_duration_50_bins,PASS,,
-wny0OAz3g8_3,vision,27,3.321,3.4440000000000004,1,1,mean_valid_faces,equal_duration_50_bins,PASS,,
-wny0OAz3g8_3,vision,28,3.4440000000000004,3.5670000000000006,1,1,mean_valid_faces,equal_duration_50_bins,PASS,,
-wny0OAz3g8_3,vision,29,3.5670000000000006,3.69,1,1,mean_valid_faces,equal_duration_50_bins,PASS,,
-wny0OAz3g8_3,vision,30,3.69,3.813,1,1,mean_valid_faces,equal_duration_50_bins,PASS,,
-wny0OAz3g8_3,vision,31,3.813,3.9360000000000004,1,1,mean_valid_faces,equal_duration_50_bins,PASS,,
-wny0OAz3g8_3,vision,32,3.9360000000000004,4.059,0,0,mean_valid_faces,equal_duration_50_bins,PASS,,
-wny0OAz3g8_3,vision,33,4.059,4.182,0,0,mean_valid_faces,equal_duration_50_bins,PASS,,
-wny0OAz3g8_3,vision,34,4.182,4.305,1,1,mean_valid_faces,equal_duration_50_bins,PASS,,
-wny0OAz3g8_3,vision,35,4.305,4.428,1,1,mean_valid_faces,equal_duration_50_bins,PASS,,
-wny0OAz3g8_3,vision,36,4.428,4.551,0,0,mean_valid_faces,equal_duration_50_bins,PASS,,
-wny0OAz3g8_3,vision,37,4.551,4.674,0,0,mean_valid_faces,equal_duration_50_bins,PASS,,
-wny0OAz3g8_3,vision,38,4.674,4.797000000000001,0,0,mean_valid_faces,equal_duration_50_bins,PASS,,
-wny0OAz3g8_3,vision,39,4.797000000000001,4.92,2,1,mean_valid_faces,equal_duration_50_bins,PASS,,
-wny0OAz3g8_3,vision,40,4.92,5.043,1,1,mean_valid_faces,equal_duration_50_bins,PASS,,
-wny0OAz3g8_3,vision,41,5.043,5.166,1,1,mean_valid_faces,equal_duration_50_bins,PASS,,
-wny0OAz3g8_3,vision,42,5.166,5.289,1,1,mean_valid_faces,equal_duration_50_bins,PASS,,
-wny0OAz3g8_3,vision,43,5.289,5.412000000000001,2,1,mean_valid_faces,equal_duration_50_bins,PASS,,
-wny0OAz3g8_3,vision,44,5.412000000000001,5.535,1,1,mean_valid_faces,equal_duration_50_bins,PASS,,
-wny0OAz3g8_3,vision,45,5.535,5.658,1,1,mean_valid_faces,equal_duration_50_bins,PASS,,
-wny0OAz3g8_3,vision,46,5.658,5.781000000000001,1,1,mean_valid_faces,equal_duration_50_bins,PASS,,
-wny0OAz3g8_3,vision,47,5.781000000000001,5.904000000000001,2,1,mean_valid_faces,equal_duration_50_bins,PASS,,
-wny0OAz3g8_3,vision,48,5.904000000000001,6.027,1,1,mean_valid_faces,equal_duration_50_bins,PASS,,
-wny0OAz3g8_3,vision,49,6.027,6.15,1,1,mean_valid_faces,equal_duration_50_bins,PASS,,
-wny0OAz3g8_2,vision,0,0.0,0.1338,1,1,mean_valid_faces,equal_duration_50_bins,PASS,,
-wny0OAz3g8_2,vision,1,0.1338,0.2676,1,1,mean_valid_faces,equal_duration_50_bins,PASS,,
-wny0OAz3g8_2,vision,2,0.2676,0.4014,2,1,mean_valid_faces,equal_duration_50_bins,PASS,,
-wny0OAz3g8_2,vision,3,0.4014,0.5352,1,1,mean_valid_faces,equal_duration_50_bins,PASS,,
-wny0OAz3g8_2,vision,4,0.5352,0.669,1,1,mean_valid_faces,equal_duration_50_bins,PASS,,
-wny0OAz3g8_2,vision,5,0.669,0.8028,2,1,mean_valid_faces,equal_duration_50_bins,PASS,,
-wny0OAz3g8_2,vision,6,0.8028,0.9366000000000001,1,1,mean_valid_faces,equal_duration_50_bins,PASS,,
-wny0OAz3g8_2,vision,7,0.9366000000000001,1.0704,1,1,mean_valid_faces,equal_duration_50_bins,PASS,,
-wny0OAz3g8_2,vision,8,1.0704,1.2042,2,1,mean_valid_faces,equal_duration_50_bins,PASS,,
-wny0OAz3g8_2,vision,9,1.2042,1.338,1,1,mean_valid_faces,equal_duration_50_bins,PASS,,
-wny0OAz3g8_2,vision,10,1.338,1.4718,1,1,mean_valid_faces,equal_duration_50_bins,PASS,,
-wny0OAz3g8_2,vision,11,1.4718,1.6056,2,1,mean_valid_faces,equal_duration_50_bins,PASS,,
-wny0OAz3g8_2,vision,12,1.6056,1.7394,1,1,mean_valid_faces,equal_duration_50_bins,PASS,,
-wny0OAz3g8_2,vision,13,1.7394,1.8732000000000002,1,1,mean_valid_faces,equal_duration_50_bins,PASS,,
-wny0OAz3g8_2,vision,14,1.8732000000000002,2.007,2,1,mean_valid_faces,equal_duration_50_bins,PASS,,
-wny0OAz3g8_2,vision,15,2.007,2.1408,1,1,mean_valid_faces,equal_duration_50_bins,PASS,,
-wny0OAz3g8_2,vision,16,2.1408,2.2746,1,1,mean_valid_faces,equal_duration_50_bins,PASS,,
-wny0OAz3g8_2,vision,17,2.2746,2.4084,2,1,mean_valid_faces,equal_duration_50_bins,PASS,,
-wny0OAz3g8_2,vision,18,2.4084,2.5422000000000002,1,1,mean_valid_faces,equal_duration_50_bins,PASS,,
-wny0OAz3g8_2,vision,19,2.5422000000000002,2.676,1,1,mean_valid_faces,equal_duration_50_bins,PASS,,
-wny0OAz3g8_2,vision,20,2.676,2.8098,2,1,mean_valid_faces,equal_duration_50_bins,PASS,,
-wny0OAz3g8_2,vision,21,2.8098,2.9436,1,1,mean_valid_faces,equal_duration_50_bins,PASS,,
-wny0OAz3g8_2,vision,22,2.9436,3.0774,1,1,mean_valid_faces,equal_duration_50_bins,PASS,,
-wny0OAz3g8_2,vision,23,3.0774,3.2112,2,1,mean_valid_faces,equal_duration_50_bins,PASS,,
-wny0OAz3g8_2,vision,24,3.2112,3.345,1,1,mean_valid_faces,equal_duration_50_bins,PASS,,
-wny0OAz3g8_2,vision,25,3.345,3.4788,1,1,mean_valid_faces,equal_duration_50_bins,PASS,,
-wny0OAz3g8_2,vision,26,3.4788,3.6126000000000005,2,1,mean_valid_faces,equal_duration_50_bins,PASS,,
-wny0OAz3g8_2,vision,27,3.6126000000000005,3.7464000000000004,1,1,mean_valid_faces,equal_duration_50_bins,PASS,,
-wny0OAz3g8_2,vision,28,3.7464000000000004,3.8802000000000003,1,1,mean_valid_faces,equal_duration_50_bins,PASS,,
-wny0OAz3g8_2,vision,29,3.8802000000000003,4.014,2,1,mean_valid_faces,equal_duration_50_bins,PASS,,
-wny0OAz3g8_2,vision,30,4.014,4.1478,1,1,mean_valid_faces,equal_duration_50_bins,PASS,,
-wny0OAz3g8_2,vision,31,4.1478,4.2816,1,1,mean_valid_faces,equal_duration_50_bins,PASS,,
-wny0OAz3g8_2,vision,32,4.2816,4.4154,2,1,mean_valid_faces,equal_duration_50_bins,PASS,,
-wny0OAz3g8_2,vision,33,4.4154,4.5492,1,1,mean_valid_faces,equal_duration_50_bins,PASS,,
-wny0OAz3g8_2,vision,34,4.5492,4.683,1,1,mean_valid_faces,equal_duration_50_bins,PASS,,
-wny0OAz3g8_2,vision,35,4.683,4.8168,2,1,mean_valid_faces,equal_duration_50_bins,PASS,,
-wny0OAz3g8_2,vision,36,4.8168,4.9506,1,1,mean_valid_faces,equal_duration_50_bins,PASS,,
-wny0OAz3g8_2,vision,37,4.9506,5.0844000000000005,1,1,mean_valid_faces,equal_duration_50_bins,PASS,,
-wny0OAz3g8_2,vision,38,5.0844000000000005,5.2182,2,1,mean_valid_faces,equal_duration_50_bins,PASS,,
-wny0OAz3g8_2,vision,39,5.2182,5.352,1,1,mean_valid_faces,equal_duration_50_bins,PASS,,
-wny0OAz3g8_2,vision,40,5.352,5.4858,1,1,mean_valid_faces,equal_duration_50_bins,PASS,,
-wny0OAz3g8_2,vision,41,5.4858,5.6196,2,1,mean_valid_faces,equal_duration_50_bins,PASS,,
-wny0OAz3g8_2,vision,42,5.6196,5.7534,1,1,mean_valid_faces,equal_duration_50_bins,PASS,,
-wny0OAz3g8_2,vision,43,5.7534,5.8872,1,1,mean_valid_faces,equal_duration_50_bins,PASS,,
-wny0OAz3g8_2,vision,44,5.8872,6.021,2,1,mean_valid_faces,equal_duration_50_bins,PASS,,
-wny0OAz3g8_2,vision,45,6.021,6.1548,1,1,mean_valid_faces,equal_duration_50_bins,PASS,,
-wny0OAz3g8_2,vision,46,6.1548,6.2886,1,1,mean_valid_faces,equal_duration_50_bins,PASS,,
-wny0OAz3g8_2,vision,47,6.2886,6.4224,2,1,mean_valid_faces,equal_duration_50_bins,PASS,,
-wny0OAz3g8_2,vision,48,6.4224,6.5562000000000005,0,0,mean_valid_faces,equal_duration_50_bins,PASS,,
-wny0OAz3g8_2,vision,49,6.5562000000000005,6.69,1,1,mean_valid_faces,equal_duration_50_bins,PASS,,
-wny0OAz3g8_5,vision,0,0.0,0.1382,2,1,mean_valid_faces,equal_duration_50_bins,PASS,,
-wny0OAz3g8_5,vision,1,0.1382,0.2764,1,1,mean_valid_faces,equal_duration_50_bins,PASS,,
-wny0OAz3g8_5,vision,2,0.2764,0.4146,2,1,mean_valid_faces,equal_duration_50_bins,PASS,,
-wny0OAz3g8_5,vision,3,0.4146,0.5528,0,0,mean_valid_faces,equal_duration_50_bins,PASS,,
-wny0OAz3g8_5,vision,4,0.5528,0.691,1,1,mean_valid_faces,equal_duration_50_bins,PASS,,
-wny0OAz3g8_5,vision,5,0.691,0.8292,2,1,mean_valid_faces,equal_duration_50_bins,PASS,,
-wny0OAz3g8_5,vision,6,0.8292,0.9674,0,0,mean_valid_faces,equal_duration_50_bins,PASS,,
-wny0OAz3g8_5,vision,7,0.9674,1.1056,0,0,mean_valid_faces,equal_duration_50_bins,PASS,,
-wny0OAz3g8_5,vision,8,1.1056,1.2438,1,1,mean_valid_faces,equal_duration_50_bins,PASS,,
-wny0OAz3g8_5,vision,9,1.2438,1.382,1,1,mean_valid_faces,equal_duration_50_bins,PASS,,
-wny0OAz3g8_5,vision,10,1.382,1.5202,2,1,mean_valid_faces,equal_duration_50_bins,PASS,,
-wny0OAz3g8_5,vision,11,1.5202,1.6584,1,1,mean_valid_faces,equal_duration_50_bins,PASS,,
-wny0OAz3g8_5,vision,12,1.6584,1.7966,1,1,mean_valid_faces,equal_duration_50_bins,PASS,,
-wny0OAz3g8_5,vision,13,1.7966,1.9348,2,1,mean_valid_faces,equal_duration_50_bins,PASS,,
-wny0OAz3g8_5,vision,14,1.9348,2.073,1,1,mean_valid_faces,equal_duration_50_bins,PASS,,
-wny0OAz3g8_5,vision,15,2.073,2.2112,2,1,mean_valid_faces,equal_duration_50_bins,PASS,,
-wny0OAz3g8_5,vision,16,2.2112,2.3494,1,1,mean_valid_faces,equal_duration_50_bins,PASS,,
-wny0OAz3g8_5,vision,17,2.3494,2.4876,1,1,mean_valid_faces,equal_duration_50_bins,PASS,,
-wny0OAz3g8_5,vision,18,2.4876,2.6258,2,1,mean_valid_faces,equal_duration_50_bins,PASS,,
-wny0OAz3g8_5,vision,19,2.6258,2.764,0,0,mean_valid_faces,equal_duration_50_bins,PASS,,
-wny0OAz3g8_5,vision,20,2.764,2.9022,1,1,mean_valid_faces,equal_duration_50_bins,PASS,,
-wny0OAz3g8_5,vision,21,2.9022,3.0404,0,0,mean_valid_faces,equal_duration_50_bins,PASS,,
-wny0OAz3g8_5,vision,22,3.0404,3.1786000000000003,1,1,mean_valid_faces,equal_duration_50_bins,PASS,,
-wny0OAz3g8_5,vision,23,3.1786000000000003,3.3168,2,1,mean_valid_faces,equal_duration_50_bins,PASS,,
-wny0OAz3g8_5,vision,24,3.3168,3.455,1,1,mean_valid_faces,equal_duration_50_bins,PASS,,
-wny0OAz3g8_5,vision,25,3.455,3.5932,1,1,mean_valid_faces,equal_duration_50_bins,PASS,,
-wny0OAz3g8_5,vision,26,3.5932,3.7314,2,1,mean_valid_faces,equal_duration_50_bins,PASS,,
-wny0OAz3g8_5,vision,27,3.7314,3.8696,1,1,mean_valid_faces,equal_duration_50_bins,PASS,,
-wny0OAz3g8_5,vision,28,3.8696,4.0078000000000005,0,0,mean_valid_faces,equal_duration_50_bins,PASS,,
-wny0OAz3g8_5,vision,29,4.0078000000000005,4.146,1,1,mean_valid_faces,equal_duration_50_bins,PASS,,
-wny0OAz3g8_5,vision,30,4.146,4.2842,1,1,mean_valid_faces,equal_duration_50_bins,PASS,,
-wny0OAz3g8_5,vision,31,4.2842,4.4224,1,1,mean_valid_faces,equal_duration_50_bins,PASS,,
-wny0OAz3g8_5,vision,32,4.4224,4.5606,1,1,mean_valid_faces,equal_duration_50_bins,PASS,,
-wny0OAz3g8_5,vision,33,4.5606,4.6988,0,0,mean_valid_faces,equal_duration_50_bins,PASS,,
-wny0OAz3g8_5,vision,34,4.6988,4.837,0,0,mean_valid_faces,equal_duration_50_bins,PASS,,
-wny0OAz3g8_5,vision,35,4.837,4.9752,1,1,mean_valid_faces,equal_duration_50_bins,PASS,,
-wny0OAz3g8_5,vision,36,4.9752,5.1134,2,1,mean_valid_faces,equal_duration_50_bins,PASS,,
-wny0OAz3g8_5,vision,37,5.1134,5.2516,1,1,mean_valid_faces,equal_duration_50_bins,PASS,,
-wny0OAz3g8_5,vision,38,5.2516,5.3898,1,1,mean_valid_faces,equal_duration_50_bins,PASS,,
-wny0OAz3g8_5,vision,39,5.3898,5.528,1,1,mean_valid_faces,equal_duration_50_bins,PASS,,
-wny0OAz3g8_5,vision,40,5.528,5.6662,0,0,mean_valid_faces,equal_duration_50_bins,PASS,,
-wny0OAz3g8_5,vision,41,5.6662,5.8044,0,0,mean_valid_faces,equal_duration_50_bins,PASS,,
-wny0OAz3g8_5,vision,42,5.8044,5.9426,0,0,mean_valid_faces,equal_duration_50_bins,PASS,,
-wny0OAz3g8_5,vision,43,5.9426,6.0808,1,1,mean_valid_faces,equal_duration_50_bins,PASS,,
-wny0OAz3g8_5,vision,44,6.0808,6.218999999999999,2,1,mean_valid_faces,equal_duration_50_bins,PASS,,
-wny0OAz3g8_5,vision,45,6.218999999999999,6.357200000000001,1,1,mean_valid_faces,equal_duration_50_bins,PASS,,
-wny0OAz3g8_5,vision,46,6.357200000000001,6.4954,1,1,mean_valid_faces,equal_duration_50_bins,PASS,,
-wny0OAz3g8_5,vision,47,6.4954,6.6336,2,1,mean_valid_faces,equal_duration_50_bins,PASS,,
-wny0OAz3g8_5,vision,48,6.6336,6.771800000000001,1,1,mean_valid_faces,equal_duration_50_bins,PASS,,
-wny0OAz3g8_5,vision,49,6.771800000000001,6.91,1,1,mean_valid_faces,equal_duration_50_bins,PASS,,
-wny0OAz3g8_7,vision,0,0.0,0.16140000000000002,2,1,mean_valid_faces,equal_duration_50_bins,PASS,,
-wny0OAz3g8_7,vision,1,0.16140000000000002,0.32280000000000003,2,1,mean_valid_faces,equal_duration_50_bins,PASS,,
-wny0OAz3g8_7,vision,2,0.32280000000000003,0.4842,1,1,mean_valid_faces,equal_duration_50_bins,PASS,,
-wny0OAz3g8_7,vision,3,0.4842,0.6456000000000001,1,1,mean_valid_faces,equal_duration_50_bins,PASS,,
-wny0OAz3g8_7,vision,4,0.6456000000000001,0.807,0,0,mean_valid_faces,equal_duration_50_bins,PASS,,
-wny0OAz3g8_7,vision,5,0.807,0.9684,1,1,mean_valid_faces,equal_duration_50_bins,PASS,,
-wny0OAz3g8_7,vision,6,0.9684,1.1298000000000001,0,0,mean_valid_faces,equal_duration_50_bins,PASS,,
-wny0OAz3g8_7,vision,7,1.1298000000000001,1.2912000000000001,0,0,mean_valid_faces,equal_duration_50_bins,PASS,,
-wny0OAz3g8_7,vision,8,1.2912000000000001,1.4526,0,0,mean_valid_faces,equal_duration_50_bins,PASS,,
-wny0OAz3g8_7,vision,9,1.4526,1.614,1,1,mean_valid_faces,equal_duration_50_bins,PASS,,
-wny0OAz3g8_7,vision,10,1.614,1.7754000000000003,1,1,mean_valid_faces,equal_duration_50_bins,PASS,,
-wny0OAz3g8_7,vision,11,1.7754000000000003,1.9368,1,1,mean_valid_faces,equal_duration_50_bins,PASS,,
-wny0OAz3g8_7,vision,12,1.9368,2.0982,1,1,mean_valid_faces,equal_duration_50_bins,PASS,,
-wny0OAz3g8_7,vision,13,2.0982,2.2596000000000003,2,1,mean_valid_faces,equal_duration_50_bins,PASS,,
-wny0OAz3g8_7,vision,14,2.2596000000000003,2.4210000000000003,2,1,mean_valid_faces,equal_duration_50_bins,PASS,,
-wny0OAz3g8_7,vision,15,2.4210000000000003,2.5824000000000003,0,0,mean_valid_faces,equal_duration_50_bins,PASS,,
-wny0OAz3g8_7,vision,16,2.5824000000000003,2.7438,0,0,mean_valid_faces,equal_duration_50_bins,PASS,,
-wny0OAz3g8_7,vision,17,2.7438,2.9052,0,0,mean_valid_faces,equal_duration_50_bins,PASS,,
-wny0OAz3g8_7,vision,18,2.9052,3.0666,1,1,mean_valid_faces,equal_duration_50_bins,PASS,,
-wny0OAz3g8_7,vision,19,3.0666,3.228,1,1,mean_valid_faces,equal_duration_50_bins,PASS,,
-wny0OAz3g8_7,vision,20,3.228,3.3894,0,0,mean_valid_faces,equal_duration_50_bins,PASS,,
-wny0OAz3g8_7,vision,21,3.3894,3.5508000000000006,2,1,mean_valid_faces,equal_duration_50_bins,PASS,,
-wny0OAz3g8_7,vision,22,3.5508000000000006,3.7122,2,1,mean_valid_faces,equal_duration_50_bins,PASS,,
-wny0OAz3g8_7,vision,23,3.7122,3.8736,1,1,mean_valid_faces,equal_duration_50_bins,PASS,,
-wny0OAz3g8_7,vision,24,3.8736,4.035,2,1,mean_valid_faces,equal_duration_50_bins,PASS,,
-wny0OAz3g8_7,vision,25,4.035,4.1964,1,1,mean_valid_faces,equal_duration_50_bins,PASS,,
-wny0OAz3g8_7,vision,26,4.1964,4.3578,1,1,mean_valid_faces,equal_duration_50_bins,PASS,,
-wny0OAz3g8_7,vision,27,4.3578,4.5192000000000005,0,0,mean_valid_faces,equal_duration_50_bins,PASS,,
-wny0OAz3g8_7,vision,28,4.5192000000000005,4.6806,1,1,mean_valid_faces,equal_duration_50_bins,PASS,,
-wny0OAz3g8_7,vision,29,4.6806,4.8420000000000005,1,1,mean_valid_faces,equal_duration_50_bins,PASS,,
-wny0OAz3g8_7,vision,30,4.8420000000000005,5.0034,0,0,mean_valid_faces,equal_duration_50_bins,PASS,,
-wny0OAz3g8_7,vision,31,5.0034,5.1648000000000005,0,0,mean_valid_faces,equal_duration_50_bins,PASS,,
-wny0OAz3g8_7,vision,32,5.1648000000000005,5.3262,0,0,mean_valid_faces,equal_duration_50_bins,PASS,,
-wny0OAz3g8_7,vision,33,5.3262,5.4876,1,1,mean_valid_faces,equal_duration_50_bins,PASS,,
-wny0OAz3g8_7,vision,34,5.4876,5.649,1,1,mean_valid_faces,equal_duration_50_bins,PASS,,
-wny0OAz3g8_7,vision,35,5.649,5.8104,2,1,mean_valid_faces,equal_duration_50_bins,PASS,,
-wny0OAz3g8_7,vision,36,5.8104,5.971800000000001,1,1,mean_valid_faces,equal_duration_50_bins,PASS,,
-wny0OAz3g8_7,vision,37,5.971800000000001,6.1332,2,1,mean_valid_faces,equal_duration_50_bins,PASS,,
-wny0OAz3g8_7,vision,38,6.1332,6.2946,1,1,mean_valid_faces,equal_duration_50_bins,PASS,,
-wny0OAz3g8_7,vision,39,6.2946,6.456,1,1,mean_valid_faces,equal_duration_50_bins,PASS,,
-wny0OAz3g8_7,vision,40,6.456,6.6174,1,1,mean_valid_faces,equal_duration_50_bins,PASS,,
-wny0OAz3g8_7,vision,41,6.6174,6.7788,1,1,mean_valid_faces,equal_duration_50_bins,PASS,,
-wny0OAz3g8_7,vision,42,6.7788,6.9402,1,1,mean_valid_faces,equal_duration_50_bins,PASS,,
-wny0OAz3g8_7,vision,43,6.9402,7.101600000000001,2,1,mean_valid_faces,equal_duration_50_bins,PASS,,
-wny0OAz3g8_7,vision,44,7.101600000000001,7.263000000000001,1,1,mean_valid_faces,equal_duration_50_bins,PASS,,
-wny0OAz3g8_7,vision,45,7.263000000000001,7.4244,2,1,mean_valid_faces,equal_duration_50_bins,PASS,,
-wny0OAz3g8_7,vision,46,7.4244,7.585800000000001,1,1,mean_valid_faces,equal_duration_50_bins,PASS,,
-wny0OAz3g8_7,vision,47,7.585800000000001,7.7472,2,1,mean_valid_faces,equal_duration_50_bins,PASS,,
-wny0OAz3g8_7,vision,48,7.7472,7.9086,2,1,mean_valid_faces,equal_duration_50_bins,PASS,,
-wny0OAz3g8_7,vision,49,7.9086,8.07,1,1,mean_valid_faces,equal_duration_50_bins,PASS,,
-wny0OAz3g8_9,vision,0,0.0,0.1242,2,1,mean_valid_faces,equal_duration_50_bins,PASS,,
-wny0OAz3g8_9,vision,1,0.1242,0.2484,1,1,mean_valid_faces,equal_duration_50_bins,PASS,,
-wny0OAz3g8_9,vision,2,0.2484,0.3726,1,1,mean_valid_faces,equal_duration_50_bins,PASS,,
-wny0OAz3g8_9,vision,3,0.3726,0.4968,1,1,mean_valid_faces,equal_duration_50_bins,PASS,,
-wny0OAz3g8_9,vision,4,0.4968,0.621,2,1,mean_valid_faces,equal_duration_50_bins,PASS,,
-wny0OAz3g8_9,vision,5,0.621,0.7452,1,1,mean_valid_faces,equal_duration_50_bins,PASS,,
-wny0OAz3g8_9,vision,6,0.7452,0.8694,1,1,mean_valid_faces,equal_duration_50_bins,PASS,,
-wny0OAz3g8_9,vision,7,0.8694,0.9936,1,1,mean_valid_faces,equal_duration_50_bins,PASS,,
-wny0OAz3g8_9,vision,8,0.9936,1.1178,2,1,mean_valid_faces,equal_duration_50_bins,PASS,,
-wny0OAz3g8_9,vision,9,1.1178,1.242,1,1,mean_valid_faces,equal_duration_50_bins,PASS,,
-wny0OAz3g8_9,vision,10,1.242,1.3662,1,1,mean_valid_faces,equal_duration_50_bins,PASS,,
-wny0OAz3g8_9,vision,11,1.3662,1.4904,1,1,mean_valid_faces,equal_duration_50_bins,PASS,,
-wny0OAz3g8_9,vision,12,1.4904,1.6146,2,1,mean_valid_faces,equal_duration_50_bins,PASS,,
-wny0OAz3g8_9,vision,13,1.6146,1.7388,1,1,mean_valid_faces,equal_duration_50_bins,PASS,,
-wny0OAz3g8_9,vision,14,1.7388,1.8630000000000002,1,1,mean_valid_faces,equal_duration_50_bins,PASS,,
-wny0OAz3g8_9,vision,15,1.8630000000000002,1.9872,1,1,mean_valid_faces,equal_duration_50_bins,PASS,,
-wny0OAz3g8_9,vision,16,1.9872,2.1113999999999997,2,1,mean_valid_faces,equal_duration_50_bins,PASS,,
-wny0OAz3g8_9,vision,17,2.1113999999999997,2.2356,1,1,mean_valid_faces,equal_duration_50_bins,PASS,,
-wny0OAz3g8_9,vision,18,2.2356,2.3598,1,1,mean_valid_faces,equal_duration_50_bins,PASS,,
-wny0OAz3g8_9,vision,19,2.3598,2.484,1,1,mean_valid_faces,equal_duration_50_bins,PASS,,
-wny0OAz3g8_9,vision,20,2.484,2.6082,2,1,mean_valid_faces,equal_duration_50_bins,PASS,,
-wny0OAz3g8_9,vision,21,2.6082,2.7324,1,1,mean_valid_faces,equal_duration_50_bins,PASS,,
-wny0OAz3g8_9,vision,22,2.7324,2.8566000000000003,1,1,mean_valid_faces,equal_duration_50_bins,PASS,,
-wny0OAz3g8_9,vision,23,2.8566000000000003,2.9808,1,1,mean_valid_faces,equal_duration_50_bins,PASS,,
-wny0OAz3g8_9,vision,24,2.9808,3.105,2,1,mean_valid_faces,equal_duration_50_bins,PASS,,
-wny0OAz3g8_9,vision,25,3.105,3.2292,1,1,mean_valid_faces,equal_duration_50_bins,PASS,,
-wny0OAz3g8_9,vision,26,3.2292,3.3533999999999997,1,1,mean_valid_faces,equal_duration_50_bins,PASS,,
-wny0OAz3g8_9,vision,27,3.3533999999999997,3.4776,1,1,mean_valid_faces,equal_duration_50_bins,PASS,,
-wny0OAz3g8_9,vision,28,3.4776,3.6018,2,1,mean_valid_faces,equal_duration_50_bins,PASS,,
-wny0OAz3g8_9,vision,29,3.6018,3.7260000000000004,1,1,mean_valid_faces,equal_duration_50_bins,PASS,,
-wny0OAz3g8_9,vision,30,3.7260000000000004,3.8501999999999996,1,1,mean_valid_faces,equal_duration_50_bins,PASS,,
-wny0OAz3g8_9,vision,31,3.8501999999999996,3.9744,1,1,mean_valid_faces,equal_duration_50_bins,PASS,,
-wny0OAz3g8_9,vision,32,3.9744,4.0986,1,1,mean_valid_faces,equal_duration_50_bins,PASS,,
-wny0OAz3g8_9,vision,33,4.0986,4.222799999999999,2,1,mean_valid_faces,equal_duration_50_bins,PASS,,
-wny0OAz3g8_9,vision,34,4.222799999999999,4.3469999999999995,1,1,mean_valid_faces,equal_duration_50_bins,PASS,,
-wny0OAz3g8_9,vision,35,4.3469999999999995,4.4712,1,1,mean_valid_faces,equal_duration_50_bins,PASS,,
-wny0OAz3g8_9,vision,36,4.4712,4.595400000000001,1,1,mean_valid_faces,equal_duration_50_bins,PASS,,
-wny0OAz3g8_9,vision,37,4.595400000000001,4.7196,2,1,mean_valid_faces,equal_duration_50_bins,PASS,,
-wny0OAz3g8_9,vision,38,4.7196,4.8438,1,1,mean_valid_faces,equal_duration_50_bins,PASS,,
-wny0OAz3g8_9,vision,39,4.8438,4.968,1,1,mean_valid_faces,equal_duration_50_bins,PASS,,
-wny0OAz3g8_9,vision,40,4.968,5.0922,1,1,mean_valid_faces,equal_duration_50_bins,PASS,,
-wny0OAz3g8_9,vision,41,5.0922,5.2164,2,1,mean_valid_faces,equal_duration_50_bins,PASS,,
-wny0OAz3g8_9,vision,42,5.2164,5.340599999999999,1,1,mean_valid_faces,equal_duration_50_bins,PASS,,
-wny0OAz3g8_9,vision,43,5.340599999999999,5.4648,1,1,mean_valid_faces,equal_duration_50_bins,PASS,,
-wny0OAz3g8_9,vision,44,5.4648,5.5889999999999995,1,1,mean_valid_faces,equal_duration_50_bins,PASS,,
-wny0OAz3g8_9,vision,45,5.5889999999999995,5.7132000000000005,2,1,mean_valid_faces,equal_duration_50_bins,PASS,,
-wny0OAz3g8_9,vision,46,5.7132000000000005,5.8374,1,1,mean_valid_faces,equal_duration_50_bins,PASS,,
-wny0OAz3g8_9,vision,47,5.8374,5.9616,0,0,mean_valid_faces,equal_duration_50_bins,PASS,,
-wny0OAz3g8_9,vision,48,5.9616,6.085800000000001,1,1,mean_valid_faces,equal_duration_50_bins,PASS,,
-wny0OAz3g8_9,vision,49,6.085800000000001,6.21,0,0,mean_valid_faces,equal_duration_50_bins,PASS,,
-571d8cVauQ_0,vision,0,0.0,0.1014,0,0,mean_valid_faces,equal_duration_50_bins,PASS,,
-571d8cVauQ_0,vision,1,0.1014,0.2028,1,1,mean_valid_faces,equal_duration_50_bins,PASS,,
-571d8cVauQ_0,vision,2,0.2028,0.3042,1,1,mean_valid_faces,equal_duration_50_bins,PASS,,
-571d8cVauQ_0,vision,3,0.3042,0.4056,1,1,mean_valid_faces,equal_duration_50_bins,PASS,,
-571d8cVauQ_0,vision,4,0.4056,0.507,1,1,mean_valid_faces,equal_duration_50_bins,PASS,,
-571d8cVauQ_0,vision,5,0.507,0.6084,1,1,mean_valid_faces,equal_duration_50_bins,PASS,,
-571d8cVauQ_0,vision,6,0.6084,0.7098,1,1,mean_valid_faces,equal_duration_50_bins,PASS,,
-571d8cVauQ_0,vision,7,0.7098,0.8112,1,1,mean_valid_faces,equal_duration_50_bins,PASS,,
-571d8cVauQ_0,vision,8,0.8112,0.9126000000000001,1,1,mean_valid_faces,equal_duration_50_bins,PASS,,
-571d8cVauQ_0,vision,9,0.9126000000000001,1.014,1,1,mean_valid_faces,equal_duration_50_bins,PASS,,
-571d8cVauQ_0,vision,10,1.014,1.1154000000000002,1,1,mean_valid_faces,equal_duration_50_bins,PASS,,
-571d8cVauQ_0,vision,11,1.1154000000000002,1.2168,1,1,mean_valid_faces,equal_duration_50_bins,PASS,,
-571d8cVauQ_0,vision,12,1.2168,1.3182,1,1,mean_valid_faces,equal_duration_50_bins,PASS,,
-571d8cVauQ_0,vision,13,1.3182,1.4196,1,1,mean_valid_faces,equal_duration_50_bins,PASS,,
-571d8cVauQ_0,vision,14,1.4196,1.5210000000000001,1,1,mean_valid_faces,equal_duration_50_bins,PASS,,
-571d8cVauQ_0,vision,15,1.5210000000000001,1.6224,1,1,mean_valid_faces,equal_duration_50_bins,PASS,,
-571d8cVauQ_0,vision,16,1.6224,1.7238,1,1,mean_valid_faces,equal_duration_50_bins,PASS,,
-571d8cVauQ_0,vision,17,1.7238,1.8252000000000002,1,1,mean_valid_faces,equal_duration_50_bins,PASS,,
-571d8cVauQ_0,vision,18,1.8252000000000002,1.9266000000000003,1,1,mean_valid_faces,equal_duration_50_bins,PASS,,
-571d8cVauQ_0,vision,19,1.9266000000000003,2.028,1,1,mean_valid_faces,equal_duration_50_bins,PASS,,
-571d8cVauQ_0,vision,20,2.028,2.1294,1,1,mean_valid_faces,equal_duration_50_bins,PASS,,
-571d8cVauQ_0,vision,21,2.1294,2.2308000000000003,1,1,mean_valid_faces,equal_duration_50_bins,PASS,,
-571d8cVauQ_0,vision,22,2.2308000000000003,2.3322000000000003,1,1,mean_valid_faces,equal_duration_50_bins,PASS,,
-571d8cVauQ_0,vision,23,2.3322000000000003,2.4336,1,1,mean_valid_faces,equal_duration_50_bins,PASS,,
-571d8cVauQ_0,vision,24,2.4336,2.535,1,1,mean_valid_faces,equal_duration_50_bins,PASS,,
-571d8cVauQ_0,vision,25,2.535,2.6364,1,1,mean_valid_faces,equal_duration_50_bins,PASS,,
-571d8cVauQ_0,vision,26,2.6364,2.7378000000000005,1,1,mean_valid_faces,equal_duration_50_bins,PASS,,
-571d8cVauQ_0,vision,27,2.7378000000000005,2.8392,1,1,mean_valid_faces,equal_duration_50_bins,PASS,,
-571d8cVauQ_0,vision,28,2.8392,2.9406,1,1,mean_valid_faces,equal_duration_50_bins,PASS,,
-571d8cVauQ_0,vision,29,2.9406,3.0420000000000003,1,1,mean_valid_faces,equal_duration_50_bins,PASS,,
-571d8cVauQ_0,vision,30,3.0420000000000003,3.1434,1,1,mean_valid_faces,equal_duration_50_bins,PASS,,
-571d8cVauQ_0,vision,31,3.1434,3.2448,1,1,mean_valid_faces,equal_duration_50_bins,PASS,,
-571d8cVauQ_0,vision,32,3.2448,3.3462,1,1,mean_valid_faces,equal_duration_50_bins,PASS,,
-571d8cVauQ_0,vision,33,3.3462,3.4476,1,1,mean_valid_faces,equal_duration_50_bins,PASS,,
-571d8cVauQ_0,vision,34,3.4476,3.5490000000000004,1,1,mean_valid_faces,equal_duration_50_bins,PASS,,
-571d8cVauQ_0,vision,35,3.5490000000000004,3.6504000000000003,1,1,mean_valid_faces,equal_duration_50_bins,PASS,,
-571d8cVauQ_0,vision,36,3.6504000000000003,3.7518000000000002,1,1,mean_valid_faces,equal_duration_50_bins,PASS,,
-571d8cVauQ_0,vision,37,3.7518000000000002,3.8532000000000006,1,1,mean_valid_faces,equal_duration_50_bins,PASS,,
-571d8cVauQ_0,vision,38,3.8532000000000006,3.9546000000000006,1,1,mean_valid_faces,equal_duration_50_bins,PASS,,
-571d8cVauQ_0,vision,39,3.9546000000000006,4.056,1,1,mean_valid_faces,equal_duration_50_bins,PASS,,
-571d8cVauQ_0,vision,40,4.056,4.1574,1,1,mean_valid_faces,equal_duration_50_bins,PASS,,
-571d8cVauQ_0,vision,41,4.1574,4.2588,1,1,mean_valid_faces,equal_duration_50_bins,PASS,,
-571d8cVauQ_0,vision,42,4.2588,4.360200000000001,1,1,mean_valid_faces,equal_duration_50_bins,PASS,,
-571d8cVauQ_0,vision,43,4.360200000000001,4.461600000000001,1,1,mean_valid_faces,equal_duration_50_bins,PASS,,
-571d8cVauQ_0,vision,44,4.461600000000001,4.563,1,1,mean_valid_faces,equal_duration_50_bins,PASS,,
-571d8cVauQ_0,vision,45,4.563,4.6644000000000005,1,1,mean_valid_faces,equal_duration_50_bins,PASS,,
-571d8cVauQ_0,vision,46,4.6644000000000005,4.7658000000000005,1,1,mean_valid_faces,equal_duration_50_bins,PASS,,
-571d8cVauQ_0,vision,47,4.7658000000000005,4.8672,1,1,mean_valid_faces,equal_duration_50_bins,PASS,,
-571d8cVauQ_0,vision,48,4.8672,4.9686,1,1,mean_valid_faces,equal_duration_50_bins,PASS,,
-571d8cVauQ_0,vision,49,4.9686,5.07,1,1,mean_valid_faces,equal_duration_50_bins,PASS,,
-571d8cVauQ_5,vision,0,0.0,0.3054,4,1,mean_valid_faces,equal_duration_50_bins,PASS,,
-571d8cVauQ_5,vision,1,0.3054,0.6108,3,1,mean_valid_faces,equal_duration_50_bins,PASS,,
-571d8cVauQ_5,vision,2,0.6108,0.9162,3,1,mean_valid_faces,equal_duration_50_bins,PASS,,
-571d8cVauQ_5,vision,3,0.9162,1.2216,3,1,mean_valid_faces,equal_duration_50_bins,PASS,,
-571d8cVauQ_5,vision,4,1.2216,1.527,3,1,mean_valid_faces,equal_duration_50_bins,PASS,,
-571d8cVauQ_5,vision,5,1.527,1.8324,3,1,mean_valid_faces,equal_duration_50_bins,PASS,,
-571d8cVauQ_5,vision,6,1.8324,2.1378,3,1,mean_valid_faces,equal_duration_50_bins,PASS,,
-571d8cVauQ_5,vision,7,2.1378,2.4432,3,1,mean_valid_faces,equal_duration_50_bins,PASS,,
-571d8cVauQ_5,vision,8,2.4432,2.7486,3,1,mean_valid_faces,equal_duration_50_bins,PASS,,
-571d8cVauQ_5,vision,9,2.7486,3.054,3,1,mean_valid_faces,equal_duration_50_bins,PASS,,
-571d8cVauQ_5,vision,10,3.054,3.3594,3,1,mean_valid_faces,equal_duration_50_bins,PASS,,
-571d8cVauQ_5,vision,11,3.3594,3.6648,3,1,mean_valid_faces,equal_duration_50_bins,PASS,,
-571d8cVauQ_5,vision,12,3.6648,3.9701999999999997,3,1,mean_valid_faces,equal_duration_50_bins,PASS,,
-571d8cVauQ_5,vision,13,3.9701999999999997,4.2756,3,1,mean_valid_faces,equal_duration_50_bins,PASS,,
-571d8cVauQ_5,vision,14,4.2756,4.5809999999999995,3,1,mean_valid_faces,equal_duration_50_bins,PASS,,
-571d8cVauQ_5,vision,15,4.5809999999999995,4.8864,3,1,mean_valid_faces,equal_duration_50_bins,PASS,,
-571d8cVauQ_5,vision,16,4.8864,5.1918,3,1,mean_valid_faces,equal_duration_50_bins,PASS,,
-571d8cVauQ_5,vision,17,5.1918,5.4972,3,1,mean_valid_faces,equal_duration_50_bins,PASS,,
-571d8cVauQ_5,vision,18,5.4972,5.8026,4,1,mean_valid_faces,equal_duration_50_bins,PASS,,
-571d8cVauQ_5,vision,19,5.8026,6.108,3,1,mean_valid_faces,equal_duration_50_bins,PASS,,
-571d8cVauQ_5,vision,20,6.108,6.4134,3,1,mean_valid_faces,equal_duration_50_bins,PASS,,
-571d8cVauQ_5,vision,21,6.4134,6.7188,3,1,mean_valid_faces,equal_duration_50_bins,PASS,,
-571d8cVauQ_5,vision,22,6.7188,7.0241999999999996,3,1,mean_valid_faces,equal_duration_50_bins,PASS,,
-571d8cVauQ_5,vision,23,7.0241999999999996,7.3296,3,1,mean_valid_faces,equal_duration_50_bins,PASS,,
-571d8cVauQ_5,vision,24,7.3296,7.635,3,1,mean_valid_faces,equal_duration_50_bins,PASS,,
-571d8cVauQ_5,vision,25,7.635,7.9403999999999995,3,1,mean_valid_faces,equal_duration_50_bins,PASS,,
-571d8cVauQ_5,vision,26,7.9403999999999995,8.2458,3,1,mean_valid_faces,equal_duration_50_bins,PASS,,
-571d8cVauQ_5,vision,27,8.2458,8.5512,3,1,mean_valid_faces,equal_duration_50_bins,PASS,,
-571d8cVauQ_5,vision,28,8.5512,8.8566,3,1,mean_valid_faces,equal_duration_50_bins,PASS,,
-571d8cVauQ_5,vision,29,8.8566,9.161999999999999,3,1,mean_valid_faces,equal_duration_50_bins,PASS,,
-571d8cVauQ_5,vision,30,9.161999999999999,9.4674,3,1,mean_valid_faces,equal_duration_50_bins,PASS,,
-571d8cVauQ_5,vision,31,9.4674,9.7728,3,1,mean_valid_faces,equal_duration_50_bins,PASS,,
-571d8cVauQ_5,vision,32,9.7728,10.078199999999999,3,1,mean_valid_faces,equal_duration_50_bins,PASS,,
-571d8cVauQ_5,vision,33,10.078199999999999,10.3836,3,1,mean_valid_faces,equal_duration_50_bins,PASS,,
-571d8cVauQ_5,vision,34,10.3836,10.688999999999998,3,1,mean_valid_faces,equal_duration_50_bins,PASS,,
-571d8cVauQ_5,vision,35,10.688999999999998,10.9944,3,1,mean_valid_faces,equal_duration_50_bins,PASS,,
-571d8cVauQ_5,vision,36,10.9944,11.2998,3,1,mean_valid_faces,equal_duration_50_bins,PASS,,
-571d8cVauQ_5,vision,37,11.2998,11.6052,4,1,mean_valid_faces,equal_duration_50_bins,PASS,,
-571d8cVauQ_5,vision,38,11.6052,11.910599999999999,3,1,mean_valid_faces,equal_duration_50_bins,PASS,,
-571d8cVauQ_5,vision,39,11.910599999999999,12.216,3,1,mean_valid_faces,equal_duration_50_bins,PASS,,
-571d8cVauQ_5,vision,40,12.216,12.521399999999998,3,1,mean_valid_faces,equal_duration_50_bins,PASS,,
-571d8cVauQ_5,vision,41,12.521399999999998,12.8268,3,1,mean_valid_faces,equal_duration_50_bins,PASS,,
-571d8cVauQ_5,vision,42,12.8268,13.132200000000001,3,1,mean_valid_faces,equal_duration_50_bins,PASS,,
-571d8cVauQ_5,vision,43,13.132200000000001,13.4376,3,1,mean_valid_faces,equal_duration_50_bins,PASS,,
-571d8cVauQ_5,vision,44,13.4376,13.743,3,1,mean_valid_faces,equal_duration_50_bins,PASS,,
-571d8cVauQ_5,vision,45,13.743,14.048399999999999,3,1,mean_valid_faces,equal_duration_50_bins,PASS,,
-571d8cVauQ_5,vision,46,14.048399999999999,14.3538,3,1,mean_valid_faces,equal_duration_50_bins,PASS,,
-571d8cVauQ_5,vision,47,14.3538,14.6592,3,1,mean_valid_faces,equal_duration_50_bins,PASS,,
-571d8cVauQ_5,vision,48,14.6592,14.9646,3,1,mean_valid_faces,equal_duration_50_bins,PASS,,
-571d8cVauQ_5,vision,49,14.9646,15.27,3,1,mean_valid_faces,equal_duration_50_bins,PASS,,
-I_e4mIh0yE_1,vision,0,0.0,0.1524,2,1,mean_valid_faces,equal_duration_50_bins,PASS,,
-I_e4mIh0yE_1,vision,1,0.1524,0.3048,2,1,mean_valid_faces,equal_duration_50_bins,PASS,,
-I_e4mIh0yE_1,vision,2,0.3048,0.4572,1,1,mean_valid_faces,equal_duration_50_bins,PASS,,
-I_e4mIh0yE_1,vision,3,0.4572,0.6096,2,1,mean_valid_faces,equal_duration_50_bins,PASS,,
-I_e4mIh0yE_1,vision,4,0.6096,0.762,1,1,mean_valid_faces,equal_duration_50_bins,PASS,,
-I_e4mIh0yE_1,vision,5,0.762,0.9144,2,1,mean_valid_faces,equal_duration_50_bins,PASS,,
-I_e4mIh0yE_1,vision,6,0.9144,1.0668,1,1,mean_valid_faces,equal_duration_50_bins,PASS,,
-I_e4mIh0yE_1,vision,7,1.0668,1.2192,2,1,mean_valid_faces,equal_duration_50_bins,PASS,,
-I_e4mIh0yE_1,vision,8,1.2192,1.3716,1,1,mean_valid_faces,equal_duration_50_bins,PASS,,
-I_e4mIh0yE_1,vision,9,1.3716,1.524,2,1,mean_valid_faces,equal_duration_50_bins,PASS,,
-I_e4mIh0yE_1,vision,10,1.524,1.6764000000000001,1,1,mean_valid_faces,equal_duration_50_bins,PASS,,
-I_e4mIh0yE_1,vision,11,1.6764000000000001,1.8288,2,1,mean_valid_faces,equal_duration_50_bins,PASS,,
-I_e4mIh0yE_1,vision,12,1.8288,1.9812,1,1,mean_valid_faces,equal_duration_50_bins,PASS,,
-I_e4mIh0yE_1,vision,13,1.9812,2.1336,2,1,mean_valid_faces,equal_duration_50_bins,PASS,,
-I_e4mIh0yE_1,vision,14,2.1336,2.286,1,1,mean_valid_faces,equal_duration_50_bins,PASS,,
-I_e4mIh0yE_1,vision,15,2.286,2.4384,2,1,mean_valid_faces,equal_duration_50_bins,PASS,,
-I_e4mIh0yE_1,vision,16,2.4384,2.5907999999999998,1,1,mean_valid_faces,equal_duration_50_bins,PASS,,
-I_e4mIh0yE_1,vision,17,2.5907999999999998,2.7432,2,1,mean_valid_faces,equal_duration_50_bins,PASS,,
-I_e4mIh0yE_1,vision,18,2.7432,2.8956,1,1,mean_valid_faces,equal_duration_50_bins,PASS,,
-I_e4mIh0yE_1,vision,19,2.8956,3.048,2,1,mean_valid_faces,equal_duration_50_bins,PASS,,
-I_e4mIh0yE_1,vision,20,3.048,3.2004,2,1,mean_valid_faces,equal_duration_50_bins,PASS,,
-I_e4mIh0yE_1,vision,21,3.2004,3.3528000000000002,1,1,mean_valid_faces,equal_duration_50_bins,PASS,,
-I_e4mIh0yE_1,vision,22,3.3528000000000002,3.5052,2,1,mean_valid_faces,equal_duration_50_bins,PASS,,
-I_e4mIh0yE_1,vision,23,3.5052,3.6576,1,1,mean_valid_faces,equal_duration_50_bins,PASS,,
-I_e4mIh0yE_1,vision,24,3.6576,3.81,2,1,mean_valid_faces,equal_duration_50_bins,PASS,,
-I_e4mIh0yE_1,vision,25,3.81,3.9624,1,1,mean_valid_faces,equal_duration_50_bins,PASS,,
-I_e4mIh0yE_1,vision,26,3.9624,4.1148,2,1,mean_valid_faces,equal_duration_50_bins,PASS,,
-I_e4mIh0yE_1,vision,27,4.1148,4.2672,1,1,mean_valid_faces,equal_duration_50_bins,PASS,,
-I_e4mIh0yE_1,vision,28,4.2672,4.4196,2,1,mean_valid_faces,equal_duration_50_bins,PASS,,
-I_e4mIh0yE_1,vision,29,4.4196,4.572,1,1,mean_valid_faces,equal_duration_50_bins,PASS,,
-I_e4mIh0yE_1,vision,30,4.572,4.7244,2,1,mean_valid_faces,equal_duration_50_bins,PASS,,
-I_e4mIh0yE_1,vision,31,4.7244,4.8768,1,1,mean_valid_faces,equal_duration_50_bins,PASS,,
-I_e4mIh0yE_1,vision,32,4.8768,5.0292,2,1,mean_valid_faces,equal_duration_50_bins,PASS,,
-I_e4mIh0yE_1,vision,33,5.0292,5.1815999999999995,1,1,mean_valid_faces,equal_duration_50_bins,PASS,,
-I_e4mIh0yE_1,vision,34,5.1815999999999995,5.334,2,1,mean_valid_faces,equal_duration_50_bins,PASS,,
-I_e4mIh0yE_1,vision,35,5.334,5.4864,1,1,mean_valid_faces,equal_duration_50_bins,PASS,,
-I_e4mIh0yE_1,vision,36,5.4864,5.6388,2,1,mean_valid_faces,equal_duration_50_bins,PASS,,
-I_e4mIh0yE_1,vision,37,5.6388,5.7912,1,1,mean_valid_faces,equal_duration_50_bins,PASS,,
-I_e4mIh0yE_1,vision,38,5.7912,5.9436,2,1,mean_valid_faces,equal_duration_50_bins,PASS,,
-I_e4mIh0yE_1,vision,39,5.9436,6.096,1,1,mean_valid_faces,equal_duration_50_bins,PASS,,
-I_e4mIh0yE_1,vision,40,6.096,6.2484,2,1,mean_valid_faces,equal_duration_50_bins,PASS,,
-I_e4mIh0yE_1,vision,41,6.2484,6.4008,2,1,mean_valid_faces,equal_duration_50_bins,PASS,,
-I_e4mIh0yE_1,vision,42,6.4008,6.5532,1,1,mean_valid_faces,equal_duration_50_bins,PASS,,
-I_e4mIh0yE_1,vision,43,6.5532,6.7056000000000004,2,1,mean_valid_faces,equal_duration_50_bins,PASS,,
-I_e4mIh0yE_1,vision,44,6.7056000000000004,6.858,1,1,mean_valid_faces,equal_duration_50_bins,PASS,,
-I_e4mIh0yE_1,vision,45,6.858,7.0104,2,1,mean_valid_faces,equal_duration_50_bins,PASS,,
-I_e4mIh0yE_1,vision,46,7.0104,7.1628,1,1,mean_valid_faces,equal_duration_50_bins,PASS,,
-I_e4mIh0yE_1,vision,47,7.1628,7.3152,2,1,mean_valid_faces,equal_duration_50_bins,PASS,,
-I_e4mIh0yE_1,vision,48,7.3152,7.4676,1,1,mean_valid_faces,equal_duration_50_bins,PASS,,
-I_e4mIh0yE_1,vision,49,7.4676,7.62,1,1,mean_valid_faces,equal_duration_50_bins,PASS,,
-I_e4mIh0yE_3,vision,0,0.0,0.1832,2,1,mean_valid_faces,equal_duration_50_bins,PASS,,
-I_e4mIh0yE_3,vision,1,0.1832,0.3664,2,1,mean_valid_faces,equal_duration_50_bins,PASS,,
-I_e4mIh0yE_3,vision,2,0.3664,0.5496,2,1,mean_valid_faces,equal_duration_50_bins,PASS,,
-I_e4mIh0yE_3,vision,3,0.5496,0.7328,2,1,mean_valid_faces,equal_duration_50_bins,PASS,,
-I_e4mIh0yE_3,vision,4,0.7328,0.9159999999999999,2,1,mean_valid_faces,equal_duration_50_bins,PASS,,
-I_e4mIh0yE_3,vision,5,0.9159999999999999,1.0992,1,1,mean_valid_faces,equal_duration_50_bins,PASS,,
-I_e4mIh0yE_3,vision,6,1.0992,1.2824,2,1,mean_valid_faces,equal_duration_50_bins,PASS,,
-I_e4mIh0yE_3,vision,7,1.2824,1.4656,2,1,mean_valid_faces,equal_duration_50_bins,PASS,,
-I_e4mIh0yE_3,vision,8,1.4656,1.6488,2,1,mean_valid_faces,equal_duration_50_bins,PASS,,
-I_e4mIh0yE_3,vision,9,1.6488,1.8319999999999999,2,1,mean_valid_faces,equal_duration_50_bins,PASS,,
-I_e4mIh0yE_3,vision,10,1.8319999999999999,2.0152,2,1,mean_valid_faces,equal_duration_50_bins,PASS,,
-I_e4mIh0yE_3,vision,11,2.0152,2.1984,1,1,mean_valid_faces,equal_duration_50_bins,PASS,,
-I_e4mIh0yE_3,vision,12,2.1984,2.3816,2,1,mean_valid_faces,equal_duration_50_bins,PASS,,
-I_e4mIh0yE_3,vision,13,2.3816,2.5648,2,1,mean_valid_faces,equal_duration_50_bins,PASS,,
-I_e4mIh0yE_3,vision,14,2.5648,2.748,2,1,mean_valid_faces,equal_duration_50_bins,PASS,,
-I_e4mIh0yE_3,vision,15,2.748,2.9312,2,1,mean_valid_faces,equal_duration_50_bins,PASS,,
-I_e4mIh0yE_3,vision,16,2.9312,3.1144,2,1,mean_valid_faces,equal_duration_50_bins,PASS,,
-I_e4mIh0yE_3,vision,17,3.1144,3.2976,1,1,mean_valid_faces,equal_duration_50_bins,PASS,,
-I_e4mIh0yE_3,vision,18,3.2976,3.4808,2,1,mean_valid_faces,equal_duration_50_bins,PASS,,
-I_e4mIh0yE_3,vision,19,3.4808,3.6639999999999997,2,1,mean_valid_faces,equal_duration_50_bins,PASS,,
-I_e4mIh0yE_3,vision,20,3.6639999999999997,3.8472000000000004,2,1,mean_valid_faces,equal_duration_50_bins,PASS,,
-I_e4mIh0yE_3,vision,21,3.8472000000000004,4.0304,2,1,mean_valid_faces,equal_duration_50_bins,PASS,,
-I_e4mIh0yE_3,vision,22,4.0304,4.2136000000000005,2,1,mean_valid_faces,equal_duration_50_bins,PASS,,
-I_e4mIh0yE_3,vision,23,4.2136000000000005,4.3968,1,1,mean_valid_faces,equal_duration_50_bins,PASS,,
-I_e4mIh0yE_3,vision,24,4.3968,4.58,2,1,mean_valid_faces,equal_duration_50_bins,PASS,,
-I_e4mIh0yE_3,vision,25,4.58,4.7632,2,1,mean_valid_faces,equal_duration_50_bins,PASS,,
-I_e4mIh0yE_3,vision,26,4.7632,4.9464,2,1,mean_valid_faces,equal_duration_50_bins,PASS,,
-I_e4mIh0yE_3,vision,27,4.9464,5.1296,2,1,mean_valid_faces,equal_duration_50_bins,PASS,,
-I_e4mIh0yE_3,vision,28,5.1296,5.312799999999999,2,1,mean_valid_faces,equal_duration_50_bins,PASS,,
-I_e4mIh0yE_3,vision,29,5.312799999999999,5.496,1,1,mean_valid_faces,equal_duration_50_bins,PASS,,
-I_e4mIh0yE_3,vision,30,5.496,5.6792,2,1,mean_valid_faces,equal_duration_50_bins,PASS,,
-I_e4mIh0yE_3,vision,31,5.6792,5.8624,2,1,mean_valid_faces,equal_duration_50_bins,PASS,,
-I_e4mIh0yE_3,vision,32,5.8624,6.0456,2,1,mean_valid_faces,equal_duration_50_bins,PASS,,
-I_e4mIh0yE_3,vision,33,6.0456,6.2288,2,1,mean_valid_faces,equal_duration_50_bins,PASS,,
-I_e4mIh0yE_3,vision,34,6.2288,6.412000000000001,2,1,mean_valid_faces,equal_duration_50_bins,PASS,,
-I_e4mIh0yE_3,vision,35,6.412000000000001,6.5952,1,1,mean_valid_faces,equal_duration_50_bins,PASS,,
-I_e4mIh0yE_3,vision,36,6.5952,6.7784,2,1,mean_valid_faces,equal_duration_50_bins,PASS,,
-I_e4mIh0yE_3,vision,37,6.7784,6.9616,2,1,mean_valid_faces,equal_duration_50_bins,PASS,,
-I_e4mIh0yE_3,vision,38,6.9616,7.1448,2,1,mean_valid_faces,equal_duration_50_bins,PASS,,
-I_e4mIh0yE_3,vision,39,7.1448,7.327999999999999,2,1,mean_valid_faces,equal_duration_50_bins,PASS,,
-I_e4mIh0yE_3,vision,40,7.327999999999999,7.5112,2,1,mean_valid_faces,equal_duration_50_bins,PASS,,
-I_e4mIh0yE_3,vision,41,7.5112,7.694400000000001,1,1,mean_valid_faces,equal_duration_50_bins,PASS,,
-I_e4mIh0yE_3,vision,42,7.694400000000001,7.8776,2,1,mean_valid_faces,equal_duration_50_bins,PASS,,
-I_e4mIh0yE_3,vision,43,7.8776,8.0608,2,1,mean_valid_faces,equal_duration_50_bins,PASS,,
-I_e4mIh0yE_3,vision,44,8.0608,8.244,2,1,mean_valid_faces,equal_duration_50_bins,PASS,,
-I_e4mIh0yE_3,vision,45,8.244,8.427200000000001,2,1,mean_valid_faces,equal_duration_50_bins,PASS,,
-I_e4mIh0yE_3,vision,46,8.427200000000001,8.6104,2,1,mean_valid_faces,equal_duration_50_bins,PASS,,
-I_e4mIh0yE_3,vision,47,8.6104,8.7936,1,1,mean_valid_faces,equal_duration_50_bins,PASS,,
-I_e4mIh0yE_3,vision,48,8.7936,8.9768,2,1,mean_valid_faces,equal_duration_50_bins,PASS,,
-I_e4mIh0yE_3,vision,49,8.9768,9.16,1,1,mean_valid_faces,equal_duration_50_bins,PASS,,
-UacrmKiTn4_10,vision,0,0.0,0.1472,2,1,mean_valid_faces,equal_duration_50_bins,PASS,,
-UacrmKiTn4_10,vision,1,0.1472,0.2944,1,1,mean_valid_faces,equal_duration_50_bins,PASS,,
-UacrmKiTn4_10,vision,2,0.2944,0.44160000000000005,2,1,mean_valid_faces,equal_duration_50_bins,PASS,,
-UacrmKiTn4_10,vision,3,0.44160000000000005,0.5888,1,1,mean_valid_faces,equal_duration_50_bins,PASS,,
-UacrmKiTn4_10,vision,4,0.5888,0.7360000000000001,2,1,mean_valid_faces,equal_duration_50_bins,PASS,,
-UacrmKiTn4_10,vision,5,0.7360000000000001,0.8832000000000001,1,1,mean_valid_faces,equal_duration_50_bins,PASS,,
-UacrmKiTn4_10,vision,6,0.8832000000000001,1.0304,2,1,mean_valid_faces,equal_duration_50_bins,PASS,,
-UacrmKiTn4_10,vision,7,1.0304,1.1776,1,1,mean_valid_faces,equal_duration_50_bins,PASS,,
-UacrmKiTn4_10,vision,8,1.1776,1.3248000000000002,2,1,mean_valid_faces,equal_duration_50_bins,PASS,,
-UacrmKiTn4_10,vision,9,1.3248000000000002,1.4720000000000002,1,1,mean_valid_faces,equal_duration_50_bins,PASS,,
-UacrmKiTn4_10,vision,10,1.4720000000000002,1.6192000000000002,2,1,mean_valid_faces,equal_duration_50_bins,PASS,,
-UacrmKiTn4_10,vision,11,1.6192000000000002,1.7664000000000002,1,1,mean_valid_faces,equal_duration_50_bins,PASS,,
-UacrmKiTn4_10,vision,12,1.7664000000000002,1.9136000000000002,2,1,mean_valid_faces,equal_duration_50_bins,PASS,,
-UacrmKiTn4_10,vision,13,1.9136000000000002,2.0608,1,1,mean_valid_faces,equal_duration_50_bins,PASS,,
-UacrmKiTn4_10,vision,14,2.0608,2.208,2,1,mean_valid_faces,equal_duration_50_bins,PASS,,
-UacrmKiTn4_10,vision,15,2.208,2.3552,1,1,mean_valid_faces,equal_duration_50_bins,PASS,,
-UacrmKiTn4_10,vision,16,2.3552,2.5024,2,1,mean_valid_faces,equal_duration_50_bins,PASS,,
-UacrmKiTn4_10,vision,17,2.5024,2.6496000000000004,1,1,mean_valid_faces,equal_duration_50_bins,PASS,,
-UacrmKiTn4_10,vision,18,2.6496000000000004,2.7968,1,1,mean_valid_faces,equal_duration_50_bins,PASS,,
-UacrmKiTn4_10,vision,19,2.7968,2.9440000000000004,2,1,mean_valid_faces,equal_duration_50_bins,PASS,,
-UacrmKiTn4_10,vision,20,2.9440000000000004,3.0912,1,1,mean_valid_faces,equal_duration_50_bins,PASS,,
-UacrmKiTn4_10,vision,21,3.0912,3.2384000000000004,2,1,mean_valid_faces,equal_duration_50_bins,PASS,,
-UacrmKiTn4_10,vision,22,3.2384000000000004,3.3856,1,1,mean_valid_faces,equal_duration_50_bins,PASS,,
-UacrmKiTn4_10,vision,23,3.3856,3.5328000000000004,2,1,mean_valid_faces,equal_duration_50_bins,PASS,,
-UacrmKiTn4_10,vision,24,3.5328000000000004,3.68,1,1,mean_valid_faces,equal_duration_50_bins,PASS,,
-UacrmKiTn4_10,vision,25,3.68,3.8272000000000004,2,1,mean_valid_faces,equal_duration_50_bins,PASS,,
-UacrmKiTn4_10,vision,26,3.8272000000000004,3.9744,1,1,mean_valid_faces,equal_duration_50_bins,PASS,,
-UacrmKiTn4_10,vision,27,3.9744,4.1216,2,1,mean_valid_faces,equal_duration_50_bins,PASS,,
-UacrmKiTn4_10,vision,28,4.1216,4.2688,1,1,mean_valid_faces,equal_duration_50_bins,PASS,,
-UacrmKiTn4_10,vision,29,4.2688,4.416,2,1,mean_valid_faces,equal_duration_50_bins,PASS,,
-UacrmKiTn4_10,vision,30,4.416,4.5632,1,1,mean_valid_faces,equal_duration_50_bins,PASS,,
-UacrmKiTn4_10,vision,31,4.5632,4.7104,2,1,mean_valid_faces,equal_duration_50_bins,PASS,,
-UacrmKiTn4_10,vision,32,4.7104,4.857600000000001,1,1,mean_valid_faces,equal_duration_50_bins,PASS,,
-UacrmKiTn4_10,vision,33,4.857600000000001,5.0048,2,1,mean_valid_faces,equal_duration_50_bins,PASS,,
-UacrmKiTn4_10,vision,34,5.0048,5.152,1,1,mean_valid_faces,equal_duration_50_bins,PASS,,
-UacrmKiTn4_10,vision,35,5.152,5.299200000000001,1,1,mean_valid_faces,equal_duration_50_bins,PASS,,
-UacrmKiTn4_10,vision,36,5.299200000000001,5.4464,2,1,mean_valid_faces,equal_duration_50_bins,PASS,,
-UacrmKiTn4_10,vision,37,5.4464,5.5936,1,1,mean_valid_faces,equal_duration_50_bins,PASS,,
-UacrmKiTn4_10,vision,38,5.5936,5.7408,2,1,mean_valid_faces,equal_duration_50_bins,PASS,,
-UacrmKiTn4_10,vision,39,5.7408,5.888000000000001,1,1,mean_valid_faces,equal_duration_50_bins,PASS,,
-UacrmKiTn4_10,vision,40,5.888000000000001,6.0352,2,1,mean_valid_faces,equal_duration_50_bins,PASS,,
-UacrmKiTn4_10,vision,41,6.0352,6.1824,1,1,mean_valid_faces,equal_duration_50_bins,PASS,,
-UacrmKiTn4_10,vision,42,6.1824,6.3296,2,1,mean_valid_faces,equal_duration_50_bins,PASS,,
-UacrmKiTn4_10,vision,43,6.3296,6.476800000000001,1,1,mean_valid_faces,equal_duration_50_bins,PASS,,
-UacrmKiTn4_10,vision,44,6.476800000000001,6.624,2,1,mean_valid_faces,equal_duration_50_bins,PASS,,
-UacrmKiTn4_10,vision,45,6.624,6.7712,1,1,mean_valid_faces,equal_duration_50_bins,PASS,,
-UacrmKiTn4_10,vision,46,6.7712,6.9184,2,1,mean_valid_faces,equal_duration_50_bins,PASS,,
-UacrmKiTn4_10,vision,47,6.9184,7.065600000000001,1,1,mean_valid_faces,equal_duration_50_bins,PASS,,
-UacrmKiTn4_10,vision,48,7.065600000000001,7.2128000000000005,1,1,mean_valid_faces,equal_duration_50_bins,PASS,,
-UacrmKiTn4_10,vision,49,7.2128000000000005,7.36,2,1,mean_valid_faces,equal_duration_50_bins,PASS,,
-UacrmKiTn4_4,vision,0,0.0,0.09480000000000001,1,1,mean_valid_faces,equal_duration_50_bins,PASS,,
-UacrmKiTn4_4,vision,1,0.09480000000000001,0.18960000000000002,1,1,mean_valid_faces,equal_duration_50_bins,PASS,,
-UacrmKiTn4_4,vision,2,0.18960000000000002,0.2844,1,1,mean_valid_faces,equal_duration_50_bins,PASS,,
-UacrmKiTn4_4,vision,3,0.2844,0.37920000000000004,1,1,mean_valid_faces,equal_duration_50_bins,PASS,,
-UacrmKiTn4_4,vision,4,0.37920000000000004,0.47400000000000003,1,1,mean_valid_faces,equal_duration_50_bins,PASS,,
-UacrmKiTn4_4,vision,5,0.47400000000000003,0.5688,1,1,mean_valid_faces,equal_duration_50_bins,PASS,,
-UacrmKiTn4_4,vision,6,0.5688,0.6636,1,1,mean_valid_faces,equal_duration_50_bins,PASS,,
-UacrmKiTn4_4,vision,7,0.6636,0.7584000000000001,1,1,mean_valid_faces,equal_duration_50_bins,PASS,,
-UacrmKiTn4_4,vision,8,0.7584000000000001,0.8532000000000001,1,1,mean_valid_faces,equal_duration_50_bins,PASS,,
-UacrmKiTn4_4,vision,9,0.8532000000000001,0.9480000000000001,1,1,mean_valid_faces,equal_duration_50_bins,PASS,,
-UacrmKiTn4_4,vision,10,0.9480000000000001,1.0428,1,1,mean_valid_faces,equal_duration_50_bins,PASS,,
-UacrmKiTn4_4,vision,11,1.0428,1.1376,1,1,mean_valid_faces,equal_duration_50_bins,PASS,,
-UacrmKiTn4_4,vision,12,1.1376,1.2324000000000002,1,1,mean_valid_faces,equal_duration_50_bins,PASS,,
-UacrmKiTn4_4,vision,13,1.2324000000000002,1.3272,1,1,mean_valid_faces,equal_duration_50_bins,PASS,,
-UacrmKiTn4_4,vision,14,1.3272,1.4220000000000002,1,1,mean_valid_faces,equal_duration_50_bins,PASS,,
-UacrmKiTn4_4,vision,15,1.4220000000000002,1.5168000000000001,1,1,mean_valid_faces,equal_duration_50_bins,PASS,,
-UacrmKiTn4_4,vision,16,1.5168000000000001,1.6116,1,1,mean_valid_faces,equal_duration_50_bins,PASS,,
-UacrmKiTn4_4,vision,17,1.6116,1.7064000000000001,1,1,mean_valid_faces,equal_duration_50_bins,PASS,,
-UacrmKiTn4_4,vision,18,1.7064000000000001,1.8012000000000001,1,1,mean_valid_faces,equal_duration_50_bins,PASS,,
-UacrmKiTn4_4,vision,19,1.8012000000000001,1.8960000000000001,0,0,mean_valid_faces,equal_duration_50_bins,PASS,,
-UacrmKiTn4_4,vision,20,1.8960000000000001,1.9908000000000001,1,1,mean_valid_faces,equal_duration_50_bins,PASS,,
-UacrmKiTn4_4,vision,21,1.9908000000000001,2.0856,1,1,mean_valid_faces,equal_duration_50_bins,PASS,,
-UacrmKiTn4_4,vision,22,2.0856,2.1804,1,1,mean_valid_faces,equal_duration_50_bins,PASS,,
-UacrmKiTn4_4,vision,23,2.1804,2.2752,1,1,mean_valid_faces,equal_duration_50_bins,PASS,,
-UacrmKiTn4_4,vision,24,2.2752,2.37,1,1,mean_valid_faces,equal_duration_50_bins,PASS,,
-UacrmKiTn4_4,vision,25,2.37,2.4648000000000003,1,1,mean_valid_faces,equal_duration_50_bins,PASS,,
-UacrmKiTn4_4,vision,26,2.4648000000000003,2.5596,1,1,mean_valid_faces,equal_duration_50_bins,PASS,,
-UacrmKiTn4_4,vision,27,2.5596,2.6544,1,1,mean_valid_faces,equal_duration_50_bins,PASS,,
-UacrmKiTn4_4,vision,28,2.6544,2.7492,1,1,mean_valid_faces,equal_duration_50_bins,PASS,,
-UacrmKiTn4_4,vision,29,2.7492,2.8440000000000003,1,1,mean_valid_faces,equal_duration_50_bins,PASS,,
-UacrmKiTn4_4,vision,30,2.8440000000000003,2.9388,1,1,mean_valid_faces,equal_duration_50_bins,PASS,,
-UacrmKiTn4_4,vision,31,2.9388,3.0336000000000003,1,1,mean_valid_faces,equal_duration_50_bins,PASS,,
-UacrmKiTn4_4,vision,32,3.0336000000000003,3.1284000000000005,1,1,mean_valid_faces,equal_duration_50_bins,PASS,,
-UacrmKiTn4_4,vision,33,3.1284000000000005,3.2232,1,1,mean_valid_faces,equal_duration_50_bins,PASS,,
-UacrmKiTn4_4,vision,34,3.2232,3.318,1,1,mean_valid_faces,equal_duration_50_bins,PASS,,
-UacrmKiTn4_4,vision,35,3.318,3.4128000000000003,1,1,mean_valid_faces,equal_duration_50_bins,PASS,,
-UacrmKiTn4_4,vision,36,3.4128000000000003,3.5076,1,1,mean_valid_faces,equal_duration_50_bins,PASS,,
-UacrmKiTn4_4,vision,37,3.5076,3.6024000000000003,1,1,mean_valid_faces,equal_duration_50_bins,PASS,,
-UacrmKiTn4_4,vision,38,3.6024000000000003,3.6972000000000005,0,0,mean_valid_faces,equal_duration_50_bins,PASS,,
-UacrmKiTn4_4,vision,39,3.6972000000000005,3.7920000000000003,1,1,mean_valid_faces,equal_duration_50_bins,PASS,,
-UacrmKiTn4_4,vision,40,3.7920000000000003,3.8868,1,1,mean_valid_faces,equal_duration_50_bins,PASS,,
-UacrmKiTn4_4,vision,41,3.8868,3.9816000000000003,1,1,mean_valid_faces,equal_duration_50_bins,PASS,,
-UacrmKiTn4_4,vision,42,3.9816000000000003,4.0764000000000005,1,1,mean_valid_faces,equal_duration_50_bins,PASS,,
-UacrmKiTn4_4,vision,43,4.0764000000000005,4.1712,1,1,mean_valid_faces,equal_duration_50_bins,PASS,,
-UacrmKiTn4_4,vision,44,4.1712,4.266,1,1,mean_valid_faces,equal_duration_50_bins,PASS,,
-UacrmKiTn4_4,vision,45,4.266,4.3608,1,1,mean_valid_faces,equal_duration_50_bins,PASS,,
-UacrmKiTn4_4,vision,46,4.3608,4.4556000000000004,1,1,mean_valid_faces,equal_duration_50_bins,PASS,,
-UacrmKiTn4_4,vision,47,4.4556000000000004,4.5504,1,1,mean_valid_faces,equal_duration_50_bins,PASS,,
-UacrmKiTn4_4,vision,48,4.5504,4.6452,1,1,mean_valid_faces,equal_duration_50_bins,PASS,,
-UacrmKiTn4_4,vision,49,4.6452,4.74,1,1,mean_valid_faces,equal_duration_50_bins,PASS,,
-hnBHBN8p5A_7,vision,0,0.0,0.1474,0,0,mean_valid_faces,equal_duration_50_bins,PASS,,
-hnBHBN8p5A_7,vision,1,0.1474,0.2948,0,0,mean_valid_faces,equal_duration_50_bins,PASS,,
-hnBHBN8p5A_7,vision,2,0.2948,0.4422,0,0,mean_valid_faces,equal_duration_50_bins,PASS,,
-hnBHBN8p5A_7,vision,3,0.4422,0.5896,0,0,mean_valid_faces,equal_duration_50_bins,PASS,,
-hnBHBN8p5A_7,vision,4,0.5896,0.737,0,0,mean_valid_faces,equal_duration_50_bins,PASS,,
-hnBHBN8p5A_7,vision,5,0.737,0.8844,0,0,mean_valid_faces,equal_duration_50_bins,PASS,,
-hnBHBN8p5A_7,vision,6,0.8844,1.0318,1,1,mean_valid_faces,equal_duration_50_bins,PASS,,
-hnBHBN8p5A_7,vision,7,1.0318,1.1792,0,0,mean_valid_faces,equal_duration_50_bins,PASS,,
-hnBHBN8p5A_7,vision,8,1.1792,1.3266,1,1,mean_valid_faces,equal_duration_50_bins,PASS,,
-hnBHBN8p5A_7,vision,9,1.3266,1.474,1,1,mean_valid_faces,equal_duration_50_bins,PASS,,
-hnBHBN8p5A_7,vision,10,1.474,1.6214000000000002,1,1,mean_valid_faces,equal_duration_50_bins,PASS,,
-hnBHBN8p5A_7,vision,11,1.6214000000000002,1.7688,0,0,mean_valid_faces,equal_duration_50_bins,PASS,,
-hnBHBN8p5A_7,vision,12,1.7688,1.9162000000000001,0,0,mean_valid_faces,equal_duration_50_bins,PASS,,
-hnBHBN8p5A_7,vision,13,1.9162000000000001,2.0636,1,1,mean_valid_faces,equal_duration_50_bins,PASS,,
-hnBHBN8p5A_7,vision,14,2.0636,2.211,0,0,mean_valid_faces,equal_duration_50_bins,PASS,,
-hnBHBN8p5A_7,vision,15,2.211,2.3584,0,0,mean_valid_faces,equal_duration_50_bins,PASS,,
-hnBHBN8p5A_7,vision,16,2.3584,2.5058000000000002,1,1,mean_valid_faces,equal_duration_50_bins,PASS,,
-hnBHBN8p5A_7,vision,17,2.5058000000000002,2.6532,0,0,mean_valid_faces,equal_duration_50_bins,PASS,,
-hnBHBN8p5A_7,vision,18,2.6532,2.8006,0,0,mean_valid_faces,equal_duration_50_bins,PASS,,
-hnBHBN8p5A_7,vision,19,2.8006,2.948,0,0,mean_valid_faces,equal_duration_50_bins,PASS,,
-hnBHBN8p5A_7,vision,20,2.948,3.0954,1,1,mean_valid_faces,equal_duration_50_bins,PASS,,
-hnBHBN8p5A_7,vision,21,3.0954,3.2428000000000003,0,0,mean_valid_faces,equal_duration_50_bins,PASS,,
-hnBHBN8p5A_7,vision,22,3.2428000000000003,3.3901999999999997,0,0,mean_valid_faces,equal_duration_50_bins,PASS,,
-hnBHBN8p5A_7,vision,23,3.3901999999999997,3.5376,0,0,mean_valid_faces,equal_duration_50_bins,PASS,,
-hnBHBN8p5A_7,vision,24,3.5376,3.685,0,0,mean_valid_faces,equal_duration_50_bins,PASS,,
-hnBHBN8p5A_7,vision,25,3.685,3.8324000000000003,0,0,mean_valid_faces,equal_duration_50_bins,PASS,,
-hnBHBN8p5A_7,vision,26,3.8324000000000003,3.9798,0,0,mean_valid_faces,equal_duration_50_bins,PASS,,
-hnBHBN8p5A_7,vision,27,3.9798,4.1272,0,0,mean_valid_faces,equal_duration_50_bins,PASS,,
-hnBHBN8p5A_7,vision,28,4.1272,4.2745999999999995,0,0,mean_valid_faces,equal_duration_50_bins,PASS,,
-hnBHBN8p5A_7,vision,29,4.2745999999999995,4.422,0,0,mean_valid_faces,equal_duration_50_bins,PASS,,
-hnBHBN8p5A_7,vision,30,4.422,4.5694,0,0,mean_valid_faces,equal_duration_50_bins,PASS,,
-hnBHBN8p5A_7,vision,31,4.5694,4.7168,0,0,mean_valid_faces,equal_duration_50_bins,PASS,,
-hnBHBN8p5A_7,vision,32,4.7168,4.8642,0,0,mean_valid_faces,equal_duration_50_bins,PASS,,
-hnBHBN8p5A_7,vision,33,4.8642,5.0116000000000005,0,0,mean_valid_faces,equal_duration_50_bins,PASS,,
-hnBHBN8p5A_7,vision,34,5.0116000000000005,5.159,0,0,mean_valid_faces,equal_duration_50_bins,PASS,,
-hnBHBN8p5A_7,vision,35,5.159,5.3064,0,0,mean_valid_faces,equal_duration_50_bins,PASS,,
-hnBHBN8p5A_7,vision,36,5.3064,5.4538,0,0,mean_valid_faces,equal_duration_50_bins,PASS,,
-hnBHBN8p5A_7,vision,37,5.4538,5.6012,0,0,mean_valid_faces,equal_duration_50_bins,PASS,,
-hnBHBN8p5A_7,vision,38,5.6012,5.7486,0,0,mean_valid_faces,equal_duration_50_bins,PASS,,
-hnBHBN8p5A_7,vision,39,5.7486,5.896,0,0,mean_valid_faces,equal_duration_50_bins,PASS,,
-hnBHBN8p5A_7,vision,40,5.896,6.0434,0,0,mean_valid_faces,equal_duration_50_bins,PASS,,
-hnBHBN8p5A_7,vision,41,6.0434,6.1908,0,0,mean_valid_faces,equal_duration_50_bins,PASS,,
-hnBHBN8p5A_7,vision,42,6.1908,6.3382000000000005,0,0,mean_valid_faces,equal_duration_50_bins,PASS,,
-hnBHBN8p5A_7,vision,43,6.3382000000000005,6.485600000000001,0,0,mean_valid_faces,equal_duration_50_bins,PASS,,
-hnBHBN8p5A_7,vision,44,6.485600000000001,6.632999999999999,0,0,mean_valid_faces,equal_duration_50_bins,PASS,,
-hnBHBN8p5A_7,vision,45,6.632999999999999,6.780399999999999,0,0,mean_valid_faces,equal_duration_50_bins,PASS,,
-hnBHBN8p5A_7,vision,46,6.780399999999999,6.9277999999999995,0,0,mean_valid_faces,equal_duration_50_bins,PASS,,
-hnBHBN8p5A_7,vision,47,6.9277999999999995,7.0752,0,0,mean_valid_faces,equal_duration_50_bins,PASS,,
-hnBHBN8p5A_7,vision,48,7.0752,7.2226,0,0,mean_valid_faces,equal_duration_50_bins,PASS,,
-hnBHBN8p5A_7,vision,49,7.2226,7.37,0,0,mean_valid_faces,equal_duration_50_bins,PASS,,
-hnBHBN8p5A_6,vision,0,0.0,0.128,1,1,mean_valid_faces,equal_duration_50_bins,PASS,,
-hnBHBN8p5A_6,vision,1,0.128,0.256,1,1,mean_valid_faces,equal_duration_50_bins,PASS,,
-hnBHBN8p5A_6,vision,2,0.256,0.38400000000000006,0,0,mean_valid_faces,equal_duration_50_bins,PASS,,
-hnBHBN8p5A_6,vision,3,0.38400000000000006,0.512,0,0,mean_valid_faces,equal_duration_50_bins,PASS,,
-hnBHBN8p5A_6,vision,4,0.512,0.64,0,0,mean_valid_faces,equal_duration_50_bins,PASS,,
-hnBHBN8p5A_6,vision,5,0.64,0.7680000000000001,0,0,mean_valid_faces,equal_duration_50_bins,PASS,,
-hnBHBN8p5A_6,vision,6,0.7680000000000001,0.8960000000000001,1,1,mean_valid_faces,equal_duration_50_bins,PASS,,
-hnBHBN8p5A_6,vision,7,0.8960000000000001,1.024,0,0,mean_valid_faces,equal_duration_50_bins,PASS,,
-hnBHBN8p5A_6,vision,8,1.024,1.1520000000000001,0,0,mean_valid_faces,equal_duration_50_bins,PASS,,
-hnBHBN8p5A_6,vision,9,1.1520000000000001,1.28,0,0,mean_valid_faces,equal_duration_50_bins,PASS,,
-hnBHBN8p5A_6,vision,10,1.28,1.4080000000000001,0,0,mean_valid_faces,equal_duration_50_bins,PASS,,
-hnBHBN8p5A_6,vision,11,1.4080000000000001,1.5360000000000003,0,0,mean_valid_faces,equal_duration_50_bins,PASS,,
-hnBHBN8p5A_6,vision,12,1.5360000000000003,1.6640000000000001,0,0,mean_valid_faces,equal_duration_50_bins,PASS,,
-hnBHBN8p5A_6,vision,13,1.6640000000000001,1.7920000000000003,1,1,mean_valid_faces,equal_duration_50_bins,PASS,,
-hnBHBN8p5A_6,vision,14,1.7920000000000003,1.92,2,1,mean_valid_faces,equal_duration_50_bins,PASS,,
-hnBHBN8p5A_6,vision,15,1.92,2.048,0,0,mean_valid_faces,equal_duration_50_bins,PASS,,
-hnBHBN8p5A_6,vision,16,2.048,2.176,1,1,mean_valid_faces,equal_duration_50_bins,PASS,,
-hnBHBN8p5A_6,vision,17,2.176,2.3040000000000003,1,1,mean_valid_faces,equal_duration_50_bins,PASS,,
-hnBHBN8p5A_6,vision,18,2.3040000000000003,2.4320000000000004,2,1,mean_valid_faces,equal_duration_50_bins,PASS,,
-hnBHBN8p5A_6,vision,19,2.4320000000000004,2.56,0,0,mean_valid_faces,equal_duration_50_bins,PASS,,
-hnBHBN8p5A_6,vision,20,2.56,2.688,0,0,mean_valid_faces,equal_duration_50_bins,PASS,,
-hnBHBN8p5A_6,vision,21,2.688,2.8160000000000003,0,0,mean_valid_faces,equal_duration_50_bins,PASS,,
-hnBHBN8p5A_6,vision,22,2.8160000000000003,2.9440000000000004,0,0,mean_valid_faces,equal_duration_50_bins,PASS,,
-hnBHBN8p5A_6,vision,23,2.9440000000000004,3.0720000000000005,0,0,mean_valid_faces,equal_duration_50_bins,PASS,,
-hnBHBN8p5A_6,vision,24,3.0720000000000005,3.2,0,0,mean_valid_faces,equal_duration_50_bins,PASS,,
-hnBHBN8p5A_6,vision,25,3.2,3.3280000000000003,0,0,mean_valid_faces,equal_duration_50_bins,PASS,,
-hnBHBN8p5A_6,vision,26,3.3280000000000003,3.4560000000000004,0,0,mean_valid_faces,equal_duration_50_bins,PASS,,
-hnBHBN8p5A_6,vision,27,3.4560000000000004,3.5840000000000005,0,0,mean_valid_faces,equal_duration_50_bins,PASS,,
-hnBHBN8p5A_6,vision,28,3.5840000000000005,3.7120000000000006,0,0,mean_valid_faces,equal_duration_50_bins,PASS,,
-hnBHBN8p5A_6,vision,29,3.7120000000000006,3.84,0,0,mean_valid_faces,equal_duration_50_bins,PASS,,
-hnBHBN8p5A_6,vision,30,3.84,3.968,0,0,mean_valid_faces,equal_duration_50_bins,PASS,,
-hnBHBN8p5A_6,vision,31,3.968,4.096,0,0,mean_valid_faces,equal_duration_50_bins,PASS,,
-hnBHBN8p5A_6,vision,32,4.096,4.224,0,0,mean_valid_faces,equal_duration_50_bins,PASS,,
-hnBHBN8p5A_6,vision,33,4.224,4.352,0,0,mean_valid_faces,equal_duration_50_bins,PASS,,
-hnBHBN8p5A_6,vision,34,4.352,4.48,0,0,mean_valid_faces,equal_duration_50_bins,PASS,,
-hnBHBN8p5A_6,vision,35,4.48,4.6080000000000005,0,0,mean_valid_faces,equal_duration_50_bins,PASS,,
-hnBHBN8p5A_6,vision,36,4.6080000000000005,4.736000000000001,0,0,mean_valid_faces,equal_duration_50_bins,PASS,,
-hnBHBN8p5A_6,vision,37,4.736000000000001,4.864000000000001,0,0,mean_valid_faces,equal_duration_50_bins,PASS,,
-hnBHBN8p5A_6,vision,38,4.864000000000001,4.992000000000001,0,0,mean_valid_faces,equal_duration_50_bins,PASS,,
-hnBHBN8p5A_6,vision,39,4.992000000000001,5.12,0,0,mean_valid_faces,equal_duration_50_bins,PASS,,
-hnBHBN8p5A_6,vision,40,5.12,5.248000000000001,0,0,mean_valid_faces,equal_duration_50_bins,PASS,,
-hnBHBN8p5A_6,vision,41,5.248000000000001,5.376,0,0,mean_valid_faces,equal_duration_50_bins,PASS,,
-hnBHBN8p5A_6,vision,42,5.376,5.504,0,0,mean_valid_faces,equal_duration_50_bins,PASS,,
-hnBHBN8p5A_6,vision,43,5.504,5.632000000000001,0,0,mean_valid_faces,equal_duration_50_bins,PASS,,
-hnBHBN8p5A_6,vision,44,5.632000000000001,5.76,0,0,mean_valid_faces,equal_duration_50_bins,PASS,,
-hnBHBN8p5A_6,vision,45,5.76,5.888000000000001,0,0,mean_valid_faces,equal_duration_50_bins,PASS,,
-hnBHBN8p5A_6,vision,46,5.888000000000001,6.016,0,0,mean_valid_faces,equal_duration_50_bins,PASS,,
-hnBHBN8p5A_6,vision,47,6.016,6.144000000000001,0,0,mean_valid_faces,equal_duration_50_bins,PASS,,
-hnBHBN8p5A_6,vision,48,6.144000000000001,6.272,0,0,mean_valid_faces,equal_duration_50_bins,PASS,,
-hnBHBN8p5A_6,vision,49,6.272,6.4,0,0,mean_valid_faces,equal_duration_50_bins,PASS,,
-qDkUB0GgYY_6,vision,0,0.0,0.09359999999999999,1,1,mean_valid_faces,equal_duration_50_bins,PASS,,
-qDkUB0GgYY_6,vision,1,0.09359999999999999,0.18719999999999998,1,1,mean_valid_faces,equal_duration_50_bins,PASS,,
-qDkUB0GgYY_6,vision,2,0.18719999999999998,0.2808,1,1,mean_valid_faces,equal_duration_50_bins,PASS,,
-qDkUB0GgYY_6,vision,3,0.2808,0.37439999999999996,1,1,mean_valid_faces,equal_duration_50_bins,PASS,,
-qDkUB0GgYY_6,vision,4,0.37439999999999996,0.46799999999999997,1,1,mean_valid_faces,equal_duration_50_bins,PASS,,
-qDkUB0GgYY_6,vision,5,0.46799999999999997,0.5616,1,1,mean_valid_faces,equal_duration_50_bins,PASS,,
-qDkUB0GgYY_6,vision,6,0.5616,0.6552,1,1,mean_valid_faces,equal_duration_50_bins,PASS,,
-qDkUB0GgYY_6,vision,7,0.6552,0.7487999999999999,1,1,mean_valid_faces,equal_duration_50_bins,PASS,,
-qDkUB0GgYY_6,vision,8,0.7487999999999999,0.8423999999999999,1,1,mean_valid_faces,equal_duration_50_bins,PASS,,
-qDkUB0GgYY_6,vision,9,0.8423999999999999,0.9359999999999999,1,1,mean_valid_faces,equal_duration_50_bins,PASS,,
-qDkUB0GgYY_6,vision,10,0.9359999999999999,1.0295999999999998,1,1,mean_valid_faces,equal_duration_50_bins,PASS,,
-qDkUB0GgYY_6,vision,11,1.0295999999999998,1.1232,1,1,mean_valid_faces,equal_duration_50_bins,PASS,,
-qDkUB0GgYY_6,vision,12,1.1232,1.2167999999999999,1,1,mean_valid_faces,equal_duration_50_bins,PASS,,
-qDkUB0GgYY_6,vision,13,1.2167999999999999,1.3104,1,1,mean_valid_faces,equal_duration_50_bins,PASS,,
-qDkUB0GgYY_6,vision,14,1.3104,1.4039999999999997,1,1,mean_valid_faces,equal_duration_50_bins,PASS,,
-qDkUB0GgYY_6,vision,15,1.4039999999999997,1.4975999999999998,0,0,mean_valid_faces,equal_duration_50_bins,PASS,,
-qDkUB0GgYY_6,vision,16,1.4975999999999998,1.5912,1,1,mean_valid_faces,equal_duration_50_bins,PASS,,
-qDkUB0GgYY_6,vision,17,1.5912,1.6847999999999999,1,1,mean_valid_faces,equal_duration_50_bins,PASS,,
-qDkUB0GgYY_6,vision,18,1.6847999999999999,1.7783999999999998,1,1,mean_valid_faces,equal_duration_50_bins,PASS,,
-qDkUB0GgYY_6,vision,19,1.7783999999999998,1.8719999999999999,1,1,mean_valid_faces,equal_duration_50_bins,PASS,,
-qDkUB0GgYY_6,vision,20,1.8719999999999999,1.9656,1,1,mean_valid_faces,equal_duration_50_bins,PASS,,
-qDkUB0GgYY_6,vision,21,1.9656,2.0591999999999997,1,1,mean_valid_faces,equal_duration_50_bins,PASS,,
-qDkUB0GgYY_6,vision,22,2.0591999999999997,2.1527999999999996,1,1,mean_valid_faces,equal_duration_50_bins,PASS,,
-qDkUB0GgYY_6,vision,23,2.1527999999999996,2.2464,1,1,mean_valid_faces,equal_duration_50_bins,PASS,,
-qDkUB0GgYY_6,vision,24,2.2464,2.34,1,1,mean_valid_faces,equal_duration_50_bins,PASS,,
-qDkUB0GgYY_6,vision,25,2.34,2.4335999999999998,1,1,mean_valid_faces,equal_duration_50_bins,PASS,,
-qDkUB0GgYY_6,vision,26,2.4335999999999998,2.5271999999999997,1,1,mean_valid_faces,equal_duration_50_bins,PASS,,
-qDkUB0GgYY_6,vision,27,2.5271999999999997,2.6208,1,1,mean_valid_faces,equal_duration_50_bins,PASS,,
-qDkUB0GgYY_6,vision,28,2.6208,2.7144,1,1,mean_valid_faces,equal_duration_50_bins,PASS,,
-qDkUB0GgYY_6,vision,29,2.7144,2.8079999999999994,1,1,mean_valid_faces,equal_duration_50_bins,PASS,,
-qDkUB0GgYY_6,vision,30,2.8079999999999994,2.9015999999999997,1,1,mean_valid_faces,equal_duration_50_bins,PASS,,
-qDkUB0GgYY_6,vision,31,2.9015999999999997,2.9951999999999996,0,0,mean_valid_faces,equal_duration_50_bins,PASS,,
-qDkUB0GgYY_6,vision,32,2.9951999999999996,3.0888,1,1,mean_valid_faces,equal_duration_50_bins,PASS,,
-qDkUB0GgYY_6,vision,33,3.0888,3.1824,1,1,mean_valid_faces,equal_duration_50_bins,PASS,,
-qDkUB0GgYY_6,vision,34,3.1824,3.276,1,1,mean_valid_faces,equal_duration_50_bins,PASS,,
-qDkUB0GgYY_6,vision,35,3.276,3.3695999999999997,1,1,mean_valid_faces,equal_duration_50_bins,PASS,,
-qDkUB0GgYY_6,vision,36,3.3695999999999997,3.4632,1,1,mean_valid_faces,equal_duration_50_bins,PASS,,
-qDkUB0GgYY_6,vision,37,3.4632,3.5567999999999995,1,1,mean_valid_faces,equal_duration_50_bins,PASS,,
-qDkUB0GgYY_6,vision,38,3.5567999999999995,3.6503999999999994,1,1,mean_valid_faces,equal_duration_50_bins,PASS,,
-qDkUB0GgYY_6,vision,39,3.6503999999999994,3.7439999999999998,1,1,mean_valid_faces,equal_duration_50_bins,PASS,,
-qDkUB0GgYY_6,vision,40,3.7439999999999998,3.8376,1,1,mean_valid_faces,equal_duration_50_bins,PASS,,
-qDkUB0GgYY_6,vision,41,3.8376,3.9312,1,1,mean_valid_faces,equal_duration_50_bins,PASS,,
-qDkUB0GgYY_6,vision,42,3.9312,4.0248,1,1,mean_valid_faces,equal_duration_50_bins,PASS,,
-qDkUB0GgYY_6,vision,43,4.0248,4.118399999999999,1,1,mean_valid_faces,equal_duration_50_bins,PASS,,
-qDkUB0GgYY_6,vision,44,4.118399999999999,4.212,1,1,mean_valid_faces,equal_duration_50_bins,PASS,,
-qDkUB0GgYY_6,vision,45,4.212,4.305599999999999,1,1,mean_valid_faces,equal_duration_50_bins,PASS,,
-qDkUB0GgYY_6,vision,46,4.305599999999999,4.3991999999999996,0,0,mean_valid_faces,equal_duration_50_bins,PASS,,
-qDkUB0GgYY_6,vision,47,4.3991999999999996,4.4928,1,1,mean_valid_faces,equal_duration_50_bins,PASS,,
-qDkUB0GgYY_6,vision,48,4.4928,4.5864,1,1,mean_valid_faces,equal_duration_50_bins,PASS,,
-qDkUB0GgYY_6,vision,49,4.5864,4.68,1,1,mean_valid_faces,equal_duration_50_bins,PASS,,
-uywlfIYOS8_4,vision,0,0.0,0.1208,2,1,mean_valid_faces,equal_duration_50_bins,PASS,,
-uywlfIYOS8_4,vision,1,0.1208,0.2416,1,1,mean_valid_faces,equal_duration_50_bins,PASS,,
-uywlfIYOS8_4,vision,2,0.2416,0.3624,1,1,mean_valid_faces,equal_duration_50_bins,PASS,,
-uywlfIYOS8_4,vision,3,0.3624,0.4832,1,1,mean_valid_faces,equal_duration_50_bins,PASS,,
-uywlfIYOS8_4,vision,4,0.4832,0.604,2,1,mean_valid_faces,equal_duration_50_bins,PASS,,
-uywlfIYOS8_4,vision,5,0.604,0.7248,1,1,mean_valid_faces,equal_duration_50_bins,PASS,,
-uywlfIYOS8_4,vision,6,0.7248,0.8456,1,1,mean_valid_faces,equal_duration_50_bins,PASS,,
-uywlfIYOS8_4,vision,7,0.8456,0.9664,1,1,mean_valid_faces,equal_duration_50_bins,PASS,,
-uywlfIYOS8_4,vision,8,0.9664,1.0872,1,1,mean_valid_faces,equal_duration_50_bins,PASS,,
-uywlfIYOS8_4,vision,9,1.0872,1.208,2,1,mean_valid_faces,equal_duration_50_bins,PASS,,
-uywlfIYOS8_4,vision,10,1.208,1.3288,1,1,mean_valid_faces,equal_duration_50_bins,PASS,,
-uywlfIYOS8_4,vision,11,1.3288,1.4496,1,1,mean_valid_faces,equal_duration_50_bins,PASS,,
-uywlfIYOS8_4,vision,12,1.4496,1.5704,1,1,mean_valid_faces,equal_duration_50_bins,PASS,,
-uywlfIYOS8_4,vision,13,1.5704,1.6912,1,1,mean_valid_faces,equal_duration_50_bins,PASS,,
-uywlfIYOS8_4,vision,14,1.6912,1.8119999999999998,2,1,mean_valid_faces,equal_duration_50_bins,PASS,,
-uywlfIYOS8_4,vision,15,1.8119999999999998,1.9328,1,1,mean_valid_faces,equal_duration_50_bins,PASS,,
-uywlfIYOS8_4,vision,16,1.9328,2.0536000000000003,1,1,mean_valid_faces,equal_duration_50_bins,PASS,,
-uywlfIYOS8_4,vision,17,2.0536000000000003,2.1744,1,1,mean_valid_faces,equal_duration_50_bins,PASS,,
-uywlfIYOS8_4,vision,18,2.1744,2.2952,1,1,mean_valid_faces,equal_duration_50_bins,PASS,,
-uywlfIYOS8_4,vision,19,2.2952,2.416,2,1,mean_valid_faces,equal_duration_50_bins,PASS,,
-uywlfIYOS8_4,vision,20,2.416,2.5368,1,1,mean_valid_faces,equal_duration_50_bins,PASS,,
-uywlfIYOS8_4,vision,21,2.5368,2.6576,1,1,mean_valid_faces,equal_duration_50_bins,PASS,,
-uywlfIYOS8_4,vision,22,2.6576,2.7783999999999995,1,1,mean_valid_faces,equal_duration_50_bins,PASS,,
-uywlfIYOS8_4,vision,23,2.7783999999999995,2.8992,1,1,mean_valid_faces,equal_duration_50_bins,PASS,,
-uywlfIYOS8_4,vision,24,2.8992,3.02,2,1,mean_valid_faces,equal_duration_50_bins,PASS,,
-uywlfIYOS8_4,vision,25,3.02,3.1408,1,1,mean_valid_faces,equal_duration_50_bins,PASS,,
-uywlfIYOS8_4,vision,26,3.1408,3.2616,1,1,mean_valid_faces,equal_duration_50_bins,PASS,,
-uywlfIYOS8_4,vision,27,3.2616,3.3824,1,1,mean_valid_faces,equal_duration_50_bins,PASS,,
-uywlfIYOS8_4,vision,28,3.3824,3.5032,2,1,mean_valid_faces,equal_duration_50_bins,PASS,,
-uywlfIYOS8_4,vision,29,3.5032,3.6239999999999997,1,1,mean_valid_faces,equal_duration_50_bins,PASS,,
-uywlfIYOS8_4,vision,30,3.6239999999999997,3.7448,1,1,mean_valid_faces,equal_duration_50_bins,PASS,,
-uywlfIYOS8_4,vision,31,3.7448,3.8656,1,1,mean_valid_faces,equal_duration_50_bins,PASS,,
-uywlfIYOS8_4,vision,32,3.8656,3.9863999999999997,1,1,mean_valid_faces,equal_duration_50_bins,PASS,,
-uywlfIYOS8_4,vision,33,3.9863999999999997,4.107200000000001,2,1,mean_valid_faces,equal_duration_50_bins,PASS,,
-uywlfIYOS8_4,vision,34,4.107200000000001,4.228,1,1,mean_valid_faces,equal_duration_50_bins,PASS,,
-uywlfIYOS8_4,vision,35,4.228,4.3488,1,1,mean_valid_faces,equal_duration_50_bins,PASS,,
-uywlfIYOS8_4,vision,36,4.3488,4.4696,1,1,mean_valid_faces,equal_duration_50_bins,PASS,,
-uywlfIYOS8_4,vision,37,4.4696,4.5904,1,1,mean_valid_faces,equal_duration_50_bins,PASS,,
-uywlfIYOS8_4,vision,38,4.5904,4.7112,2,1,mean_valid_faces,equal_duration_50_bins,PASS,,
-uywlfIYOS8_4,vision,39,4.7112,4.832,1,1,mean_valid_faces,equal_duration_50_bins,PASS,,
-uywlfIYOS8_4,vision,40,4.832,4.9528,1,1,mean_valid_faces,equal_duration_50_bins,PASS,,
-uywlfIYOS8_4,vision,41,4.9528,5.0736,1,1,mean_valid_faces,equal_duration_50_bins,PASS,,
-uywlfIYOS8_4,vision,42,5.0736,5.194400000000001,1,1,mean_valid_faces,equal_duration_50_bins,PASS,,
-uywlfIYOS8_4,vision,43,5.194400000000001,5.3152,2,1,mean_valid_faces,equal_duration_50_bins,PASS,,
-uywlfIYOS8_4,vision,44,5.3152,5.436,1,1,mean_valid_faces,equal_duration_50_bins,PASS,,
-uywlfIYOS8_4,vision,45,5.436,5.556799999999999,1,1,mean_valid_faces,equal_duration_50_bins,PASS,,
-uywlfIYOS8_4,vision,46,5.556799999999999,5.6776,1,1,mean_valid_faces,equal_duration_50_bins,PASS,,
-uywlfIYOS8_4,vision,47,5.6776,5.7984,1,1,mean_valid_faces,equal_duration_50_bins,PASS,,
-uywlfIYOS8_4,vision,48,5.7984,5.9192,1,1,mean_valid_faces,equal_duration_50_bins,PASS,,
-uywlfIYOS8_4,vision,49,5.9192,6.04,2,1,mean_valid_faces,equal_duration_50_bins,PASS,,
-6rXp3zJ3kc_8,vision,0,0.0,0.2562,3,1,mean_valid_faces,equal_duration_50_bins,PASS,,
-6rXp3zJ3kc_8,vision,1,0.2562,0.5124,3,1,mean_valid_faces,equal_duration_50_bins,PASS,,
-6rXp3zJ3kc_8,vision,2,0.5124,0.7686,2,1,mean_valid_faces,equal_duration_50_bins,PASS,,
-6rXp3zJ3kc_8,vision,3,0.7686,1.0248,3,1,mean_valid_faces,equal_duration_50_bins,PASS,,
-6rXp3zJ3kc_8,vision,4,1.0248,1.281,2,1,mean_valid_faces,equal_duration_50_bins,PASS,,
-6rXp3zJ3kc_8,vision,5,1.281,1.5372,3,1,mean_valid_faces,equal_duration_50_bins,PASS,,
-6rXp3zJ3kc_8,vision,6,1.5372,1.7934,2,1,mean_valid_faces,equal_duration_50_bins,PASS,,
-6rXp3zJ3kc_8,vision,7,1.7934,2.0496,3,1,mean_valid_faces,equal_duration_50_bins,PASS,,
-6rXp3zJ3kc_8,vision,8,2.0496,2.3058,3,1,mean_valid_faces,equal_duration_50_bins,PASS,,
-6rXp3zJ3kc_8,vision,9,2.3058,2.562,2,1,mean_valid_faces,equal_duration_50_bins,PASS,,
-6rXp3zJ3kc_8,vision,10,2.562,2.8182,3,1,mean_valid_faces,equal_duration_50_bins,PASS,,
-6rXp3zJ3kc_8,vision,11,2.8182,3.0744,2,1,mean_valid_faces,equal_duration_50_bins,PASS,,
-6rXp3zJ3kc_8,vision,12,3.0744,3.3306,3,1,mean_valid_faces,equal_duration_50_bins,PASS,,
-6rXp3zJ3kc_8,vision,13,3.3306,3.5868,2,1,mean_valid_faces,equal_duration_50_bins,PASS,,
-6rXp3zJ3kc_8,vision,14,3.5868,3.843,3,1,mean_valid_faces,equal_duration_50_bins,PASS,,
-6rXp3zJ3kc_8,vision,15,3.843,4.0992,2,1,mean_valid_faces,equal_duration_50_bins,PASS,,
-6rXp3zJ3kc_8,vision,16,4.0992,4.3554,3,1,mean_valid_faces,equal_duration_50_bins,PASS,,
-6rXp3zJ3kc_8,vision,17,4.3554,4.6116,3,1,mean_valid_faces,equal_duration_50_bins,PASS,,
-6rXp3zJ3kc_8,vision,18,4.6116,4.8678,2,1,mean_valid_faces,equal_duration_50_bins,PASS,,
-6rXp3zJ3kc_8,vision,19,4.8678,5.124,3,1,mean_valid_faces,equal_duration_50_bins,PASS,,
-6rXp3zJ3kc_8,vision,20,5.124,5.380199999999999,2,1,mean_valid_faces,equal_duration_50_bins,PASS,,
-6rXp3zJ3kc_8,vision,21,5.380199999999999,5.6364,3,1,mean_valid_faces,equal_duration_50_bins,PASS,,
-6rXp3zJ3kc_8,vision,22,5.6364,5.8926,2,1,mean_valid_faces,equal_duration_50_bins,PASS,,
-6rXp3zJ3kc_8,vision,23,5.8926,6.1488,3,1,mean_valid_faces,equal_duration_50_bins,PASS,,
-6rXp3zJ3kc_8,vision,24,6.1488,6.405,3,1,mean_valid_faces,equal_duration_50_bins,PASS,,
-6rXp3zJ3kc_8,vision,25,6.405,6.6612,2,1,mean_valid_faces,equal_duration_50_bins,PASS,,
-6rXp3zJ3kc_8,vision,26,6.6612,6.9174,3,1,mean_valid_faces,equal_duration_50_bins,PASS,,
-6rXp3zJ3kc_8,vision,27,6.9174,7.1736,2,1,mean_valid_faces,equal_duration_50_bins,PASS,,
-6rXp3zJ3kc_8,vision,28,7.1736,7.4298,3,1,mean_valid_faces,equal_duration_50_bins,PASS,,
-6rXp3zJ3kc_8,vision,29,7.4298,7.686,2,1,mean_valid_faces,equal_duration_50_bins,PASS,,
-6rXp3zJ3kc_8,vision,30,7.686,7.942200000000001,3,1,mean_valid_faces,equal_duration_50_bins,PASS,,
-6rXp3zJ3kc_8,vision,31,7.942200000000001,8.1984,2,1,mean_valid_faces,equal_duration_50_bins,PASS,,
-6rXp3zJ3kc_8,vision,32,8.1984,8.454600000000001,3,1,mean_valid_faces,equal_duration_50_bins,PASS,,
-6rXp3zJ3kc_8,vision,33,8.454600000000001,8.7108,3,1,mean_valid_faces,equal_duration_50_bins,PASS,,
-6rXp3zJ3kc_8,vision,34,8.7108,8.967,2,1,mean_valid_faces,equal_duration_50_bins,PASS,,
-6rXp3zJ3kc_8,vision,35,8.967,9.2232,3,1,mean_valid_faces,equal_duration_50_bins,PASS,,
-6rXp3zJ3kc_8,vision,36,9.2232,9.4794,2,1,mean_valid_faces,equal_duration_50_bins,PASS,,
-6rXp3zJ3kc_8,vision,37,9.4794,9.7356,3,1,mean_valid_faces,equal_duration_50_bins,PASS,,
-6rXp3zJ3kc_8,vision,38,9.7356,9.991800000000001,2,1,mean_valid_faces,equal_duration_50_bins,PASS,,
-6rXp3zJ3kc_8,vision,39,9.991800000000001,10.248,3,1,mean_valid_faces,equal_duration_50_bins,PASS,,
-6rXp3zJ3kc_8,vision,40,10.248,10.5042,3,1,mean_valid_faces,equal_duration_50_bins,PASS,,
-6rXp3zJ3kc_8,vision,41,10.5042,10.760399999999999,2,1,mean_valid_faces,equal_duration_50_bins,PASS,,
-6rXp3zJ3kc_8,vision,42,10.760399999999999,11.0166,3,1,mean_valid_faces,equal_duration_50_bins,PASS,,
-6rXp3zJ3kc_8,vision,43,11.0166,11.2728,2,1,mean_valid_faces,equal_duration_50_bins,PASS,,
-6rXp3zJ3kc_8,vision,44,11.2728,11.529000000000002,3,1,mean_valid_faces,equal_duration_50_bins,PASS,,
-6rXp3zJ3kc_8,vision,45,11.529000000000002,11.7852,2,1,mean_valid_faces,equal_duration_50_bins,PASS,,
-6rXp3zJ3kc_8,vision,46,11.7852,12.041400000000001,3,1,mean_valid_faces,equal_duration_50_bins,PASS,,
-6rXp3zJ3kc_8,vision,47,12.041400000000001,12.2976,2,1,mean_valid_faces,equal_duration_50_bins,PASS,,
-6rXp3zJ3kc_8,vision,48,12.2976,12.5538,3,1,mean_valid_faces,equal_duration_50_bins,PASS,,
-6rXp3zJ3kc_8,vision,49,12.5538,12.81,2,1,mean_valid_faces,equal_duration_50_bins,PASS,,
-9y-fZ3swSY_0,vision,0,0.0,0.1366,2,1,mean_valid_faces,equal_duration_50_bins,PASS,,
-9y-fZ3swSY_0,vision,1,0.1366,0.2732,1,1,mean_valid_faces,equal_duration_50_bins,PASS,,
-9y-fZ3swSY_0,vision,2,0.2732,0.40980000000000005,2,1,mean_valid_faces,equal_duration_50_bins,PASS,,
-9y-fZ3swSY_0,vision,3,0.40980000000000005,0.5464,1,1,mean_valid_faces,equal_duration_50_bins,PASS,,
-9y-fZ3swSY_0,vision,4,0.5464,0.6829999999999999,1,1,mean_valid_faces,equal_duration_50_bins,PASS,,
-9y-fZ3swSY_0,vision,5,0.6829999999999999,0.8196000000000001,2,1,mean_valid_faces,equal_duration_50_bins,PASS,,
-9y-fZ3swSY_0,vision,6,0.8196000000000001,0.9562,1,1,mean_valid_faces,equal_duration_50_bins,PASS,,
-9y-fZ3swSY_0,vision,7,0.9562,1.0928,1,1,mean_valid_faces,equal_duration_50_bins,PASS,,
-9y-fZ3swSY_0,vision,8,1.0928,1.2294,2,1,mean_valid_faces,equal_duration_50_bins,PASS,,
-9y-fZ3swSY_0,vision,9,1.2294,1.3659999999999999,1,1,mean_valid_faces,equal_duration_50_bins,PASS,,
-9y-fZ3swSY_0,vision,10,1.3659999999999999,1.5026,2,1,mean_valid_faces,equal_duration_50_bins,PASS,,
-9y-fZ3swSY_0,vision,11,1.5026,1.6392000000000002,1,1,mean_valid_faces,equal_duration_50_bins,PASS,,
-9y-fZ3swSY_0,vision,12,1.6392000000000002,1.7758,1,1,mean_valid_faces,equal_duration_50_bins,PASS,,
-9y-fZ3swSY_0,vision,13,1.7758,1.9124,2,1,mean_valid_faces,equal_duration_50_bins,PASS,,
-9y-fZ3swSY_0,vision,14,1.9124,2.049,1,1,mean_valid_faces,equal_duration_50_bins,PASS,,
-9y-fZ3swSY_0,vision,15,2.049,2.1856,1,1,mean_valid_faces,equal_duration_50_bins,PASS,,
-9y-fZ3swSY_0,vision,16,2.1856,2.3222,2,1,mean_valid_faces,equal_duration_50_bins,PASS,,
-9y-fZ3swSY_0,vision,17,2.3222,2.4588,1,1,mean_valid_faces,equal_duration_50_bins,PASS,,
-9y-fZ3swSY_0,vision,18,2.4588,2.5954,1,1,mean_valid_faces,equal_duration_50_bins,PASS,,
-9y-fZ3swSY_0,vision,19,2.5954,2.7319999999999998,2,1,mean_valid_faces,equal_duration_50_bins,PASS,,
-9y-fZ3swSY_0,vision,20,2.7319999999999998,2.8686000000000003,1,1,mean_valid_faces,equal_duration_50_bins,PASS,,
-9y-fZ3swSY_0,vision,21,2.8686000000000003,3.0052,2,1,mean_valid_faces,equal_duration_50_bins,PASS,,
-9y-fZ3swSY_0,vision,22,3.0052,3.1418,1,1,mean_valid_faces,equal_duration_50_bins,PASS,,
-9y-fZ3swSY_0,vision,23,3.1418,3.2784000000000004,1,1,mean_valid_faces,equal_duration_50_bins,PASS,,
-9y-fZ3swSY_0,vision,24,3.2784000000000004,3.415,2,1,mean_valid_faces,equal_duration_50_bins,PASS,,
-9y-fZ3swSY_0,vision,25,3.415,3.5516,1,1,mean_valid_faces,equal_duration_50_bins,PASS,,
-9y-fZ3swSY_0,vision,26,3.5516,3.6882,1,1,mean_valid_faces,equal_duration_50_bins,PASS,,
-9y-fZ3swSY_0,vision,27,3.6882,3.8248,2,1,mean_valid_faces,equal_duration_50_bins,PASS,,
-9y-fZ3swSY_0,vision,28,3.8248,3.9614,1,1,mean_valid_faces,equal_duration_50_bins,PASS,,
-9y-fZ3swSY_0,vision,29,3.9614,4.098,1,1,mean_valid_faces,equal_duration_50_bins,PASS,,
-9y-fZ3swSY_0,vision,30,4.098,4.2345999999999995,2,1,mean_valid_faces,equal_duration_50_bins,PASS,,
-9y-fZ3swSY_0,vision,31,4.2345999999999995,4.3712,1,1,mean_valid_faces,equal_duration_50_bins,PASS,,
-9y-fZ3swSY_0,vision,32,4.3712,4.5078000000000005,2,1,mean_valid_faces,equal_duration_50_bins,PASS,,
-9y-fZ3swSY_0,vision,33,4.5078000000000005,4.6444,1,1,mean_valid_faces,equal_duration_50_bins,PASS,,
-9y-fZ3swSY_0,vision,34,4.6444,4.781000000000001,1,1,mean_valid_faces,equal_duration_50_bins,PASS,,
-9y-fZ3swSY_0,vision,35,4.781000000000001,4.9176,2,1,mean_valid_faces,equal_duration_50_bins,PASS,,
-9y-fZ3swSY_0,vision,36,4.9176,5.0542,1,1,mean_valid_faces,equal_duration_50_bins,PASS,,
-9y-fZ3swSY_0,vision,37,5.0542,5.1908,1,1,mean_valid_faces,equal_duration_50_bins,PASS,,
-9y-fZ3swSY_0,vision,38,5.1908,5.3274,2,1,mean_valid_faces,equal_duration_50_bins,PASS,,
-9y-fZ3swSY_0,vision,39,5.3274,5.4639999999999995,1,1,mean_valid_faces,equal_duration_50_bins,PASS,,
-9y-fZ3swSY_0,vision,40,5.4639999999999995,5.600600000000001,2,1,mean_valid_faces,equal_duration_50_bins,PASS,,
-9y-fZ3swSY_0,vision,41,5.600600000000001,5.7372000000000005,1,1,mean_valid_faces,equal_duration_50_bins,PASS,,
-9y-fZ3swSY_0,vision,42,5.7372000000000005,5.8738,1,1,mean_valid_faces,equal_duration_50_bins,PASS,,
-9y-fZ3swSY_0,vision,43,5.8738,6.0104,2,1,mean_valid_faces,equal_duration_50_bins,PASS,,
-9y-fZ3swSY_0,vision,44,6.0104,6.147,1,1,mean_valid_faces,equal_duration_50_bins,PASS,,
-9y-fZ3swSY_0,vision,45,6.147,6.2836,1,1,mean_valid_faces,equal_duration_50_bins,PASS,,
-9y-fZ3swSY_0,vision,46,6.2836,6.4201999999999995,2,1,mean_valid_faces,equal_duration_50_bins,PASS,,
-9y-fZ3swSY_0,vision,47,6.4201999999999995,6.556800000000001,1,1,mean_valid_faces,equal_duration_50_bins,PASS,,
-9y-fZ3swSY_0,vision,48,6.556800000000001,6.6934000000000005,1,1,mean_valid_faces,equal_duration_50_bins,PASS,,
-9y-fZ3swSY_0,vision,49,6.6934000000000005,6.83,2,1,mean_valid_faces,equal_duration_50_bins,PASS,,
-9y-fZ3swSY_4,vision,0,0.0,0.0564,1,1,mean_valid_faces,equal_duration_50_bins,PASS,,
-9y-fZ3swSY_4,vision,1,0.0564,0.1128,1,1,mean_valid_faces,equal_duration_50_bins,PASS,,
-9y-fZ3swSY_4,vision,2,0.1128,0.1692,0,0,mean_valid_faces,equal_duration_50_bins,PASS,,
-9y-fZ3swSY_4,vision,3,0.1692,0.2256,1,1,mean_valid_faces,equal_duration_50_bins,PASS,,
-9y-fZ3swSY_4,vision,4,0.2256,0.282,0,0,mean_valid_faces,equal_duration_50_bins,PASS,,
-9y-fZ3swSY_4,vision,5,0.282,0.3384,1,1,mean_valid_faces,equal_duration_50_bins,PASS,,
-9y-fZ3swSY_4,vision,6,0.3384,0.3948,0,0,mean_valid_faces,equal_duration_50_bins,PASS,,
-9y-fZ3swSY_4,vision,7,0.3948,0.4512,1,1,mean_valid_faces,equal_duration_50_bins,PASS,,
-9y-fZ3swSY_4,vision,8,0.4512,0.5075999999999999,0,0,mean_valid_faces,equal_duration_50_bins,PASS,,
-9y-fZ3swSY_4,vision,9,0.5075999999999999,0.564,0,0,mean_valid_faces,equal_duration_50_bins,PASS,,
-9y-fZ3swSY_4,vision,10,0.564,0.6204,1,1,mean_valid_faces,equal_duration_50_bins,PASS,,
-9y-fZ3swSY_4,vision,11,0.6204,0.6768,0,0,mean_valid_faces,equal_duration_50_bins,PASS,,
-9y-fZ3swSY_4,vision,12,0.6768,0.7332,1,1,mean_valid_faces,equal_duration_50_bins,PASS,,
-9y-fZ3swSY_4,vision,13,0.7332,0.7896,0,0,mean_valid_faces,equal_duration_50_bins,PASS,,
-9y-fZ3swSY_4,vision,14,0.7896,0.846,1,1,mean_valid_faces,equal_duration_50_bins,PASS,,
-9y-fZ3swSY_4,vision,15,0.846,0.9024,1,1,mean_valid_faces,equal_duration_50_bins,PASS,,
-9y-fZ3swSY_4,vision,16,0.9024,0.9588,0,0,mean_valid_faces,equal_duration_50_bins,PASS,,
-9y-fZ3swSY_4,vision,17,0.9588,1.0151999999999999,1,1,mean_valid_faces,equal_duration_50_bins,PASS,,
-9y-fZ3swSY_4,vision,18,1.0151999999999999,1.0715999999999999,0,0,mean_valid_faces,equal_duration_50_bins,PASS,,
-9y-fZ3swSY_4,vision,19,1.0715999999999999,1.128,1,1,mean_valid_faces,equal_duration_50_bins,PASS,,
-9y-fZ3swSY_4,vision,20,1.128,1.1844,0,0,mean_valid_faces,equal_duration_50_bins,PASS,,
-9y-fZ3swSY_4,vision,21,1.1844,1.2408,1,1,mean_valid_faces,equal_duration_50_bins,PASS,,
-9y-fZ3swSY_4,vision,22,1.2408,1.2972,0,0,mean_valid_faces,equal_duration_50_bins,PASS,,
-9y-fZ3swSY_4,vision,23,1.2972,1.3536,1,1,mean_valid_faces,equal_duration_50_bins,PASS,,
-9y-fZ3swSY_4,vision,24,1.3536,1.41,1,1,mean_valid_faces,equal_duration_50_bins,PASS,,
-9y-fZ3swSY_4,vision,25,1.41,1.4664,0,0,mean_valid_faces,equal_duration_50_bins,PASS,,
-9y-fZ3swSY_4,vision,26,1.4664,1.5228,1,1,mean_valid_faces,equal_duration_50_bins,PASS,,
-9y-fZ3swSY_4,vision,27,1.5228,1.5792,0,0,mean_valid_faces,equal_duration_50_bins,PASS,,
-9y-fZ3swSY_4,vision,28,1.5792,1.6356,1,1,mean_valid_faces,equal_duration_50_bins,PASS,,
-9y-fZ3swSY_4,vision,29,1.6356,1.692,0,0,mean_valid_faces,equal_duration_50_bins,PASS,,
-9y-fZ3swSY_4,vision,30,1.692,1.7484,1,1,mean_valid_faces,equal_duration_50_bins,PASS,,
-9y-fZ3swSY_4,vision,31,1.7484,1.8048,1,1,mean_valid_faces,equal_duration_50_bins,PASS,,
-9y-fZ3swSY_4,vision,32,1.8048,1.8611999999999997,0,0,mean_valid_faces,equal_duration_50_bins,PASS,,
-9y-fZ3swSY_4,vision,33,1.8611999999999997,1.9176,1,1,mean_valid_faces,equal_duration_50_bins,PASS,,
-9y-fZ3swSY_4,vision,34,1.9176,1.9739999999999998,0,0,mean_valid_faces,equal_duration_50_bins,PASS,,
-9y-fZ3swSY_4,vision,35,1.9739999999999998,2.0303999999999998,1,1,mean_valid_faces,equal_duration_50_bins,PASS,,
-9y-fZ3swSY_4,vision,36,2.0303999999999998,2.0867999999999998,0,0,mean_valid_faces,equal_duration_50_bins,PASS,,
-9y-fZ3swSY_4,vision,37,2.0867999999999998,2.1431999999999998,1,1,mean_valid_faces,equal_duration_50_bins,PASS,,
-9y-fZ3swSY_4,vision,38,2.1431999999999998,2.1995999999999998,0,0,mean_valid_faces,equal_duration_50_bins,PASS,,
-9y-fZ3swSY_4,vision,39,2.1995999999999998,2.256,1,1,mean_valid_faces,equal_duration_50_bins,PASS,,
-9y-fZ3swSY_4,vision,40,2.256,2.3124,1,1,mean_valid_faces,equal_duration_50_bins,PASS,,
-9y-fZ3swSY_4,vision,41,2.3124,2.3688,0,0,mean_valid_faces,equal_duration_50_bins,PASS,,
-9y-fZ3swSY_4,vision,42,2.3688,2.4252,1,1,mean_valid_faces,equal_duration_50_bins,PASS,,
-9y-fZ3swSY_4,vision,43,2.4252,2.4816,0,0,mean_valid_faces,equal_duration_50_bins,PASS,,
-9y-fZ3swSY_4,vision,44,2.4816,2.538,1,1,mean_valid_faces,equal_duration_50_bins,PASS,,
-9y-fZ3swSY_4,vision,45,2.538,2.5944,0,0,mean_valid_faces,equal_duration_50_bins,PASS,,
-9y-fZ3swSY_4,vision,46,2.5944,2.6508,1,1,mean_valid_faces,equal_duration_50_bins,PASS,,
-9y-fZ3swSY_4,vision,47,2.6508,2.7072,0,0,mean_valid_faces,equal_duration_50_bins,PASS,,
-9y-fZ3swSY_4,vision,48,2.7072,2.7635999999999994,0,0,mean_valid_faces,equal_duration_50_bins,PASS,,
-9y-fZ3swSY_4,vision,49,2.7635999999999994,2.82,1,1,mean_valid_faces,equal_duration_50_bins,PASS,,
-9y-fZ3swSY_8,vision,0,0.0,0.0998,1,1,mean_valid_faces,equal_duration_50_bins,PASS,,
-9y-fZ3swSY_8,vision,1,0.0998,0.1996,1,1,mean_valid_faces,equal_duration_50_bins,PASS,,
-9y-fZ3swSY_8,vision,2,0.1996,0.2994,1,1,mean_valid_faces,equal_duration_50_bins,PASS,,
-9y-fZ3swSY_8,vision,3,0.2994,0.3992,1,1,mean_valid_faces,equal_duration_50_bins,PASS,,
-9y-fZ3swSY_8,vision,4,0.3992,0.49900000000000005,1,1,mean_valid_faces,equal_duration_50_bins,PASS,,
-9y-fZ3swSY_8,vision,5,0.49900000000000005,0.5988,1,1,mean_valid_faces,equal_duration_50_bins,PASS,,
-9y-fZ3swSY_8,vision,6,0.5988,0.6986,1,1,mean_valid_faces,equal_duration_50_bins,PASS,,
-9y-fZ3swSY_8,vision,7,0.6986,0.7984,1,1,mean_valid_faces,equal_duration_50_bins,PASS,,
-9y-fZ3swSY_8,vision,8,0.7984,0.8982000000000001,1,1,mean_valid_faces,equal_duration_50_bins,PASS,,
-9y-fZ3swSY_8,vision,9,0.8982000000000001,0.9980000000000001,1,1,mean_valid_faces,equal_duration_50_bins,PASS,,
-9y-fZ3swSY_8,vision,10,0.9980000000000001,1.0978,1,1,mean_valid_faces,equal_duration_50_bins,PASS,,
-9y-fZ3swSY_8,vision,11,1.0978,1.1976,1,1,mean_valid_faces,equal_duration_50_bins,PASS,,
-9y-fZ3swSY_8,vision,12,1.1976,1.2974,1,1,mean_valid_faces,equal_duration_50_bins,PASS,,
-9y-fZ3swSY_8,vision,13,1.2974,1.3972,1,1,mean_valid_faces,equal_duration_50_bins,PASS,,
-9y-fZ3swSY_8,vision,14,1.3972,1.497,1,1,mean_valid_faces,equal_duration_50_bins,PASS,,
-9y-fZ3swSY_8,vision,15,1.497,1.5968,1,1,mean_valid_faces,equal_duration_50_bins,PASS,,
-9y-fZ3swSY_8,vision,16,1.5968,1.6965999999999999,1,1,mean_valid_faces,equal_duration_50_bins,PASS,,
-9y-fZ3swSY_8,vision,17,1.6965999999999999,1.7964000000000002,1,1,mean_valid_faces,equal_duration_50_bins,PASS,,
-9y-fZ3swSY_8,vision,18,1.7964000000000002,1.8962,1,1,mean_valid_faces,equal_duration_50_bins,PASS,,
-9y-fZ3swSY_8,vision,19,1.8962,1.9960000000000002,1,1,mean_valid_faces,equal_duration_50_bins,PASS,,
-9y-fZ3swSY_8,vision,20,1.9960000000000002,2.0958,1,1,mean_valid_faces,equal_duration_50_bins,PASS,,
-9y-fZ3swSY_8,vision,21,2.0958,2.1956,1,1,mean_valid_faces,equal_duration_50_bins,PASS,,
-9y-fZ3swSY_8,vision,22,2.1956,2.2954000000000003,0,0,mean_valid_faces,equal_duration_50_bins,PASS,,
-9y-fZ3swSY_8,vision,23,2.2954000000000003,2.3952,1,1,mean_valid_faces,equal_duration_50_bins,PASS,,
-9y-fZ3swSY_8,vision,24,2.3952,2.495,1,1,mean_valid_faces,equal_duration_50_bins,PASS,,
-9y-fZ3swSY_8,vision,25,2.495,2.5948,1,1,mean_valid_faces,equal_duration_50_bins,PASS,,
-9y-fZ3swSY_8,vision,26,2.5948,2.6946000000000003,1,1,mean_valid_faces,equal_duration_50_bins,PASS,,
-9y-fZ3swSY_8,vision,27,2.6946000000000003,2.7944,1,1,mean_valid_faces,equal_duration_50_bins,PASS,,
-9y-fZ3swSY_8,vision,28,2.7944,2.8942,1,1,mean_valid_faces,equal_duration_50_bins,PASS,,
-9y-fZ3swSY_8,vision,29,2.8942,2.994,1,1,mean_valid_faces,equal_duration_50_bins,PASS,,
-9y-fZ3swSY_8,vision,30,2.994,3.0938,1,1,mean_valid_faces,equal_duration_50_bins,PASS,,
-9y-fZ3swSY_8,vision,31,3.0938,3.1936,0,0,mean_valid_faces,equal_duration_50_bins,PASS,,
-9y-fZ3swSY_8,vision,32,3.1936,3.2934,0,0,mean_valid_faces,equal_duration_50_bins,PASS,,
-9y-fZ3swSY_8,vision,33,3.2934,3.3931999999999998,0,0,mean_valid_faces,equal_duration_50_bins,PASS,,
-9y-fZ3swSY_8,vision,34,3.3931999999999998,3.4930000000000003,0,0,mean_valid_faces,equal_duration_50_bins,PASS,,
-9y-fZ3swSY_8,vision,35,3.4930000000000003,3.5928000000000004,0,0,mean_valid_faces,equal_duration_50_bins,PASS,,
-9y-fZ3swSY_8,vision,36,3.5928000000000004,3.6926,1,1,mean_valid_faces,equal_duration_50_bins,PASS,,
-9y-fZ3swSY_8,vision,37,3.6926,3.7924,1,1,mean_valid_faces,equal_duration_50_bins,PASS,,
-9y-fZ3swSY_8,vision,38,3.7924,3.8922000000000003,0,0,mean_valid_faces,equal_duration_50_bins,PASS,,
-9y-fZ3swSY_8,vision,39,3.8922000000000003,3.9920000000000004,1,1,mean_valid_faces,equal_duration_50_bins,PASS,,
-9y-fZ3swSY_8,vision,40,3.9920000000000004,4.0918,1,1,mean_valid_faces,equal_duration_50_bins,PASS,,
-9y-fZ3swSY_8,vision,41,4.0918,4.1916,1,1,mean_valid_faces,equal_duration_50_bins,PASS,,
-9y-fZ3swSY_8,vision,42,4.1916,4.2914,1,1,mean_valid_faces,equal_duration_50_bins,PASS,,
-9y-fZ3swSY_8,vision,43,4.2914,4.3912,1,1,mean_valid_faces,equal_duration_50_bins,PASS,,
-9y-fZ3swSY_8,vision,44,4.3912,4.4910000000000005,1,1,mean_valid_faces,equal_duration_50_bins,PASS,,
-9y-fZ3swSY_8,vision,45,4.4910000000000005,4.590800000000001,1,1,mean_valid_faces,equal_duration_50_bins,PASS,,
-9y-fZ3swSY_8,vision,46,4.590800000000001,4.6906,1,1,mean_valid_faces,equal_duration_50_bins,PASS,,
-9y-fZ3swSY_8,vision,47,4.6906,4.7904,1,1,mean_valid_faces,equal_duration_50_bins,PASS,,
-9y-fZ3swSY_8,vision,48,4.7904,4.8902,1,1,mean_valid_faces,equal_duration_50_bins,PASS,,
-9y-fZ3swSY_8,vision,49,4.8902,4.99,1,1,mean_valid_faces,equal_duration_50_bins,PASS,,
-AUZQgSxyPQ_2,vision,0,0.0,0.45020000000000004,5,1,mean_valid_faces,equal_duration_50_bins,PASS,,
-AUZQgSxyPQ_2,vision,1,0.45020000000000004,0.9004000000000001,5,1,mean_valid_faces,equal_duration_50_bins,PASS,,
-AUZQgSxyPQ_2,vision,2,0.9004000000000001,1.3506,4,1,mean_valid_faces,equal_duration_50_bins,PASS,,
-AUZQgSxyPQ_2,vision,3,1.3506,1.8008000000000002,5,1,mean_valid_faces,equal_duration_50_bins,PASS,,
-AUZQgSxyPQ_2,vision,4,1.8008000000000002,2.2510000000000003,4,1,mean_valid_faces,equal_duration_50_bins,PASS,,
-AUZQgSxyPQ_2,vision,5,2.2510000000000003,2.7012,5,1,mean_valid_faces,equal_duration_50_bins,PASS,,
-AUZQgSxyPQ_2,vision,6,2.7012,3.1514000000000006,4,1,mean_valid_faces,equal_duration_50_bins,PASS,,
-AUZQgSxyPQ_2,vision,7,3.1514000000000006,3.6016000000000004,5,1,mean_valid_faces,equal_duration_50_bins,PASS,,
-AUZQgSxyPQ_2,vision,8,3.6016000000000004,4.0518,4,1,mean_valid_faces,equal_duration_50_bins,PASS,,
-AUZQgSxyPQ_2,vision,9,4.0518,4.502000000000001,5,1,mean_valid_faces,equal_duration_50_bins,PASS,,
-AUZQgSxyPQ_2,vision,10,4.502000000000001,4.9522,4,1,mean_valid_faces,equal_duration_50_bins,PASS,,
-AUZQgSxyPQ_2,vision,11,4.9522,5.4024,5,1,mean_valid_faces,equal_duration_50_bins,PASS,,
-AUZQgSxyPQ_2,vision,12,5.4024,5.8526,4,1,mean_valid_faces,equal_duration_50_bins,PASS,,
-AUZQgSxyPQ_2,vision,13,5.8526,6.302800000000001,5,1,mean_valid_faces,equal_duration_50_bins,PASS,,
-AUZQgSxyPQ_2,vision,14,6.302800000000001,6.753000000000001,4,1,mean_valid_faces,equal_duration_50_bins,PASS,,
-AUZQgSxyPQ_2,vision,15,6.753000000000001,7.203200000000001,5,1,mean_valid_faces,equal_duration_50_bins,PASS,,
-AUZQgSxyPQ_2,vision,16,7.203200000000001,7.6534,4,1,mean_valid_faces,equal_duration_50_bins,PASS,,
-AUZQgSxyPQ_2,vision,17,7.6534,8.1036,5,1,mean_valid_faces,equal_duration_50_bins,PASS,,
-AUZQgSxyPQ_2,vision,18,8.1036,8.5538,4,1,mean_valid_faces,equal_duration_50_bins,PASS,,
-AUZQgSxyPQ_2,vision,19,8.5538,9.004000000000001,5,1,mean_valid_faces,equal_duration_50_bins,PASS,,
-AUZQgSxyPQ_2,vision,20,9.004000000000001,9.4542,4,1,mean_valid_faces,equal_duration_50_bins,PASS,,
-AUZQgSxyPQ_2,vision,21,9.4542,9.9044,5,1,mean_valid_faces,equal_duration_50_bins,PASS,,
-AUZQgSxyPQ_2,vision,22,9.9044,10.3546,4,1,mean_valid_faces,equal_duration_50_bins,PASS,,
-AUZQgSxyPQ_2,vision,23,10.3546,10.8048,5,1,mean_valid_faces,equal_duration_50_bins,PASS,,
-AUZQgSxyPQ_2,vision,24,10.8048,11.255,4,1,mean_valid_faces,equal_duration_50_bins,PASS,,
-AUZQgSxyPQ_2,vision,25,11.255,11.7052,5,1,mean_valid_faces,equal_duration_50_bins,PASS,,
-AUZQgSxyPQ_2,vision,26,11.7052,12.155400000000002,4,1,mean_valid_faces,equal_duration_50_bins,PASS,,
-AUZQgSxyPQ_2,vision,27,12.155400000000002,12.605600000000003,5,1,mean_valid_faces,equal_duration_50_bins,PASS,,
-AUZQgSxyPQ_2,vision,28,12.605600000000003,13.055800000000001,4,1,mean_valid_faces,equal_duration_50_bins,PASS,,
-AUZQgSxyPQ_2,vision,29,13.055800000000001,13.506000000000002,5,1,mean_valid_faces,equal_duration_50_bins,PASS,,
-AUZQgSxyPQ_2,vision,30,13.506000000000002,13.9562,4,1,mean_valid_faces,equal_duration_50_bins,PASS,,
-AUZQgSxyPQ_2,vision,31,13.9562,14.406400000000001,5,1,mean_valid_faces,equal_duration_50_bins,PASS,,
-AUZQgSxyPQ_2,vision,32,14.406400000000001,14.8566,4,1,mean_valid_faces,equal_duration_50_bins,PASS,,
-AUZQgSxyPQ_2,vision,33,14.8566,15.3068,5,1,mean_valid_faces,equal_duration_50_bins,PASS,,
-AUZQgSxyPQ_2,vision,34,15.3068,15.757,4,1,mean_valid_faces,equal_duration_50_bins,PASS,,
-AUZQgSxyPQ_2,vision,35,15.757,16.2072,5,1,mean_valid_faces,equal_duration_50_bins,PASS,,
-AUZQgSxyPQ_2,vision,36,16.2072,16.6574,4,1,mean_valid_faces,equal_duration_50_bins,PASS,,
-AUZQgSxyPQ_2,vision,37,16.6574,17.1076,5,1,mean_valid_faces,equal_duration_50_bins,PASS,,
-AUZQgSxyPQ_2,vision,38,17.1076,17.5578,4,1,mean_valid_faces,equal_duration_50_bins,PASS,,
-AUZQgSxyPQ_2,vision,39,17.5578,18.008000000000003,5,1,mean_valid_faces,equal_duration_50_bins,PASS,,
-AUZQgSxyPQ_2,vision,40,18.008000000000003,18.4582,4,1,mean_valid_faces,equal_duration_50_bins,PASS,,
-AUZQgSxyPQ_2,vision,41,18.4582,18.9084,5,1,mean_valid_faces,equal_duration_50_bins,PASS,,
-AUZQgSxyPQ_2,vision,42,18.9084,19.358600000000003,4,1,mean_valid_faces,equal_duration_50_bins,PASS,,
-AUZQgSxyPQ_2,vision,43,19.358600000000003,19.8088,5,1,mean_valid_faces,equal_duration_50_bins,PASS,,
-AUZQgSxyPQ_2,vision,44,19.8088,20.259,4,1,mean_valid_faces,equal_duration_50_bins,PASS,,
-AUZQgSxyPQ_2,vision,45,20.259,20.7092,5,1,mean_valid_faces,equal_duration_50_bins,PASS,,
-AUZQgSxyPQ_2,vision,46,20.7092,21.1594,4,1,mean_valid_faces,equal_duration_50_bins,PASS,,
-AUZQgSxyPQ_2,vision,47,21.1594,21.6096,5,1,mean_valid_faces,equal_duration_50_bins,PASS,,
-AUZQgSxyPQ_2,vision,48,21.6096,22.0598,4,1,mean_valid_faces,equal_duration_50_bins,PASS,,
-AUZQgSxyPQ_2,vision,49,22.0598,22.51,4,1,mean_valid_faces,equal_duration_50_bins,PASS,,
-HeZS2-Prhc_2,vision,0,0.0,0.16519999999999999,2,1,mean_valid_faces,equal_duration_50_bins,PASS,,
-HeZS2-Prhc_2,vision,1,0.16519999999999999,0.33039999999999997,2,1,mean_valid_faces,equal_duration_50_bins,PASS,,
-HeZS2-Prhc_2,vision,2,0.33039999999999997,0.49560000000000004,1,1,mean_valid_faces,equal_duration_50_bins,PASS,,
-HeZS2-Prhc_2,vision,3,0.49560000000000004,0.6607999999999999,2,1,mean_valid_faces,equal_duration_50_bins,PASS,,
-HeZS2-Prhc_2,vision,4,0.6607999999999999,0.826,2,1,mean_valid_faces,equal_duration_50_bins,PASS,,
-HeZS2-Prhc_2,vision,5,0.826,0.9912000000000001,1,1,mean_valid_faces,equal_duration_50_bins,PASS,,
-HeZS2-Prhc_2,vision,6,0.9912000000000001,1.1564,2,1,mean_valid_faces,equal_duration_50_bins,PASS,,
-HeZS2-Prhc_2,vision,7,1.1564,1.3215999999999999,2,1,mean_valid_faces,equal_duration_50_bins,PASS,,
-HeZS2-Prhc_2,vision,8,1.3215999999999999,1.4868000000000001,1,1,mean_valid_faces,equal_duration_50_bins,PASS,,
-HeZS2-Prhc_2,vision,9,1.4868000000000001,1.652,2,1,mean_valid_faces,equal_duration_50_bins,PASS,,
-HeZS2-Prhc_2,vision,10,1.652,1.8172,2,1,mean_valid_faces,equal_duration_50_bins,PASS,,
-HeZS2-Prhc_2,vision,11,1.8172,1.9824000000000002,1,1,mean_valid_faces,equal_duration_50_bins,PASS,,
-HeZS2-Prhc_2,vision,12,1.9824000000000002,2.1475999999999997,2,1,mean_valid_faces,equal_duration_50_bins,PASS,,
-HeZS2-Prhc_2,vision,13,2.1475999999999997,2.3128,2,1,mean_valid_faces,equal_duration_50_bins,PASS,,
-HeZS2-Prhc_2,vision,14,2.3128,2.4779999999999998,1,1,mean_valid_faces,equal_duration_50_bins,PASS,,
-HeZS2-Prhc_2,vision,15,2.4779999999999998,2.6431999999999998,2,1,mean_valid_faces,equal_duration_50_bins,PASS,,
-HeZS2-Prhc_2,vision,16,2.6431999999999998,2.8084,2,1,mean_valid_faces,equal_duration_50_bins,PASS,,
-HeZS2-Prhc_2,vision,17,2.8084,2.9736000000000002,1,1,mean_valid_faces,equal_duration_50_bins,PASS,,
-HeZS2-Prhc_2,vision,18,2.9736000000000002,3.1388,2,1,mean_valid_faces,equal_duration_50_bins,PASS,,
-HeZS2-Prhc_2,vision,19,3.1388,3.304,2,1,mean_valid_faces,equal_duration_50_bins,PASS,,
-HeZS2-Prhc_2,vision,20,3.304,3.4692000000000003,1,1,mean_valid_faces,equal_duration_50_bins,PASS,,
-HeZS2-Prhc_2,vision,21,3.4692000000000003,3.6344,2,1,mean_valid_faces,equal_duration_50_bins,PASS,,
-HeZS2-Prhc_2,vision,22,3.6344,3.7996,1,1,mean_valid_faces,equal_duration_50_bins,PASS,,
-HeZS2-Prhc_2,vision,23,3.7996,3.9648000000000003,2,1,mean_valid_faces,equal_duration_50_bins,PASS,,
-HeZS2-Prhc_2,vision,24,3.9648000000000003,4.13,2,1,mean_valid_faces,equal_duration_50_bins,PASS,,
-HeZS2-Prhc_2,vision,25,4.13,4.2951999999999995,1,1,mean_valid_faces,equal_duration_50_bins,PASS,,
-HeZS2-Prhc_2,vision,26,4.2951999999999995,4.4604,2,1,mean_valid_faces,equal_duration_50_bins,PASS,,
-HeZS2-Prhc_2,vision,27,4.4604,4.6256,2,1,mean_valid_faces,equal_duration_50_bins,PASS,,
-HeZS2-Prhc_2,vision,28,4.6256,4.7908,1,1,mean_valid_faces,equal_duration_50_bins,PASS,,
-HeZS2-Prhc_2,vision,29,4.7908,4.9559999999999995,2,1,mean_valid_faces,equal_duration_50_bins,PASS,,
-HeZS2-Prhc_2,vision,30,4.9559999999999995,5.1212,2,1,mean_valid_faces,equal_duration_50_bins,PASS,,
-HeZS2-Prhc_2,vision,31,5.1212,5.2863999999999995,1,1,mean_valid_faces,equal_duration_50_bins,PASS,,
-HeZS2-Prhc_2,vision,32,5.2863999999999995,5.4516,2,1,mean_valid_faces,equal_duration_50_bins,PASS,,
-HeZS2-Prhc_2,vision,33,5.4516,5.6168,2,1,mean_valid_faces,equal_duration_50_bins,PASS,,
-HeZS2-Prhc_2,vision,34,5.6168,5.781999999999999,1,1,mean_valid_faces,equal_duration_50_bins,PASS,,
-HeZS2-Prhc_2,vision,35,5.781999999999999,5.9472000000000005,2,1,mean_valid_faces,equal_duration_50_bins,PASS,,
-HeZS2-Prhc_2,vision,36,5.9472000000000005,6.1124,2,1,mean_valid_faces,equal_duration_50_bins,PASS,,
-HeZS2-Prhc_2,vision,37,6.1124,6.2776,1,1,mean_valid_faces,equal_duration_50_bins,PASS,,
-HeZS2-Prhc_2,vision,38,6.2776,6.4428,2,1,mean_valid_faces,equal_duration_50_bins,PASS,,
-HeZS2-Prhc_2,vision,39,6.4428,6.608,2,1,mean_valid_faces,equal_duration_50_bins,PASS,,
-HeZS2-Prhc_2,vision,40,6.608,6.773199999999999,1,1,mean_valid_faces,equal_duration_50_bins,PASS,,
-HeZS2-Prhc_2,vision,41,6.773199999999999,6.938400000000001,2,1,mean_valid_faces,equal_duration_50_bins,PASS,,
-HeZS2-Prhc_2,vision,42,6.938400000000001,7.1036,2,1,mean_valid_faces,equal_duration_50_bins,PASS,,
-HeZS2-Prhc_2,vision,43,7.1036,7.2688,1,1,mean_valid_faces,equal_duration_50_bins,PASS,,
-HeZS2-Prhc_2,vision,44,7.2688,7.434,2,1,mean_valid_faces,equal_duration_50_bins,PASS,,
-HeZS2-Prhc_2,vision,45,7.434,7.5992,1,1,mean_valid_faces,equal_duration_50_bins,PASS,,
-HeZS2-Prhc_2,vision,46,7.5992,7.764399999999999,2,1,mean_valid_faces,equal_duration_50_bins,PASS,,
-HeZS2-Prhc_2,vision,47,7.764399999999999,7.929600000000001,2,1,mean_valid_faces,equal_duration_50_bins,PASS,,
-HeZS2-Prhc_2,vision,48,7.929600000000001,8.0948,1,1,mean_valid_faces,equal_duration_50_bins,PASS,,
-HeZS2-Prhc_2,vision,49,8.0948,8.26,2,1,mean_valid_faces,equal_duration_50_bins,PASS,,
-MeTTeMJBNc_0,vision,0,0.0,0.18600000000000003,1,1,mean_valid_faces,equal_duration_50_bins,PASS,,
-MeTTeMJBNc_0,vision,1,0.18600000000000003,0.37200000000000005,2,1,mean_valid_faces,equal_duration_50_bins,PASS,,
-MeTTeMJBNc_0,vision,2,0.37200000000000005,0.558,2,1,mean_valid_faces,equal_duration_50_bins,PASS,,
-MeTTeMJBNc_0,vision,3,0.558,0.7440000000000001,2,1,mean_valid_faces,equal_duration_50_bins,PASS,,
-MeTTeMJBNc_0,vision,4,0.7440000000000001,0.93,2,1,mean_valid_faces,equal_duration_50_bins,PASS,,
-MeTTeMJBNc_0,vision,5,0.93,1.116,2,1,mean_valid_faces,equal_duration_50_bins,PASS,,
-MeTTeMJBNc_0,vision,6,1.116,1.3020000000000003,2,1,mean_valid_faces,equal_duration_50_bins,PASS,,
-MeTTeMJBNc_0,vision,7,1.3020000000000003,1.4880000000000002,1,1,mean_valid_faces,equal_duration_50_bins,PASS,,
-MeTTeMJBNc_0,vision,8,1.4880000000000002,1.6740000000000002,2,1,mean_valid_faces,equal_duration_50_bins,PASS,,
-MeTTeMJBNc_0,vision,9,1.6740000000000002,1.86,2,1,mean_valid_faces,equal_duration_50_bins,PASS,,
-MeTTeMJBNc_0,vision,10,1.86,2.0460000000000003,2,1,mean_valid_faces,equal_duration_50_bins,PASS,,
-MeTTeMJBNc_0,vision,11,2.0460000000000003,2.232,2,1,mean_valid_faces,equal_duration_50_bins,PASS,,
-MeTTeMJBNc_0,vision,12,2.232,2.418,2,1,mean_valid_faces,equal_duration_50_bins,PASS,,
-MeTTeMJBNc_0,vision,13,2.418,2.6040000000000005,2,1,mean_valid_faces,equal_duration_50_bins,PASS,,
-MeTTeMJBNc_0,vision,14,2.6040000000000005,2.79,1,1,mean_valid_faces,equal_duration_50_bins,PASS,,
-MeTTeMJBNc_0,vision,15,2.79,2.9760000000000004,2,1,mean_valid_faces,equal_duration_50_bins,PASS,,
-MeTTeMJBNc_0,vision,16,2.9760000000000004,3.1620000000000004,2,1,mean_valid_faces,equal_duration_50_bins,PASS,,
-MeTTeMJBNc_0,vision,17,3.1620000000000004,3.3480000000000003,2,1,mean_valid_faces,equal_duration_50_bins,PASS,,
-MeTTeMJBNc_0,vision,18,3.3480000000000003,3.5340000000000003,2,1,mean_valid_faces,equal_duration_50_bins,PASS,,
-MeTTeMJBNc_0,vision,19,3.5340000000000003,3.72,2,1,mean_valid_faces,equal_duration_50_bins,PASS,,
-MeTTeMJBNc_0,vision,20,3.72,3.906,2,1,mean_valid_faces,equal_duration_50_bins,PASS,,
-MeTTeMJBNc_0,vision,21,3.906,4.0920000000000005,1,1,mean_valid_faces,equal_duration_50_bins,PASS,,
-MeTTeMJBNc_0,vision,22,4.0920000000000005,4.2780000000000005,2,1,mean_valid_faces,equal_duration_50_bins,PASS,,
-MeTTeMJBNc_0,vision,23,4.2780000000000005,4.464,2,1,mean_valid_faces,equal_duration_50_bins,PASS,,
-MeTTeMJBNc_0,vision,24,4.464,4.65,2,1,mean_valid_faces,equal_duration_50_bins,PASS,,
-MeTTeMJBNc_0,vision,25,4.65,4.836,2,1,mean_valid_faces,equal_duration_50_bins,PASS,,
-MeTTeMJBNc_0,vision,26,4.836,5.022,2,1,mean_valid_faces,equal_duration_50_bins,PASS,,
-MeTTeMJBNc_0,vision,27,5.022,5.208000000000001,2,1,mean_valid_faces,equal_duration_50_bins,PASS,,
-MeTTeMJBNc_0,vision,28,5.208000000000001,5.394000000000001,1,1,mean_valid_faces,equal_duration_50_bins,PASS,,
-MeTTeMJBNc_0,vision,29,5.394000000000001,5.58,2,1,mean_valid_faces,equal_duration_50_bins,PASS,,
-MeTTeMJBNc_0,vision,30,5.58,5.766,2,1,mean_valid_faces,equal_duration_50_bins,PASS,,
-MeTTeMJBNc_0,vision,31,5.766,5.952000000000001,2,1,mean_valid_faces,equal_duration_50_bins,PASS,,
-MeTTeMJBNc_0,vision,32,5.952000000000001,6.138000000000001,2,1,mean_valid_faces,equal_duration_50_bins,PASS,,
-MeTTeMJBNc_0,vision,33,6.138000000000001,6.324000000000001,2,1,mean_valid_faces,equal_duration_50_bins,PASS,,
-MeTTeMJBNc_0,vision,34,6.324000000000001,6.51,2,1,mean_valid_faces,equal_duration_50_bins,PASS,,
-MeTTeMJBNc_0,vision,35,6.51,6.696000000000001,1,1,mean_valid_faces,equal_duration_50_bins,PASS,,
-MeTTeMJBNc_0,vision,36,6.696000000000001,6.882000000000001,2,1,mean_valid_faces,equal_duration_50_bins,PASS,,
-MeTTeMJBNc_0,vision,37,6.882000000000001,7.0680000000000005,2,1,mean_valid_faces,equal_duration_50_bins,PASS,,
-MeTTeMJBNc_0,vision,38,7.0680000000000005,7.254000000000001,2,1,mean_valid_faces,equal_duration_50_bins,PASS,,
-MeTTeMJBNc_0,vision,39,7.254000000000001,7.44,2,1,mean_valid_faces,equal_duration_50_bins,PASS,,
-MeTTeMJBNc_0,vision,40,7.44,7.626,2,1,mean_valid_faces,equal_duration_50_bins,PASS,,
-MeTTeMJBNc_0,vision,41,7.626,7.812,2,1,mean_valid_faces,equal_duration_50_bins,PASS,,
-MeTTeMJBNc_0,vision,42,7.812,7.998000000000001,1,1,mean_valid_faces,equal_duration_50_bins,PASS,,
-MeTTeMJBNc_0,vision,43,7.998000000000001,8.184000000000001,2,1,mean_valid_faces,equal_duration_50_bins,PASS,,
-MeTTeMJBNc_0,vision,44,8.184000000000001,8.370000000000001,2,1,mean_valid_faces,equal_duration_50_bins,PASS,,
-MeTTeMJBNc_0,vision,45,8.370000000000001,8.556000000000001,2,1,mean_valid_faces,equal_duration_50_bins,PASS,,
-MeTTeMJBNc_0,vision,46,8.556000000000001,8.742,2,1,mean_valid_faces,equal_duration_50_bins,PASS,,
-MeTTeMJBNc_0,vision,47,8.742,8.928,2,1,mean_valid_faces,equal_duration_50_bins,PASS,,
-MeTTeMJBNc_0,vision,48,8.928,9.114,2,1,mean_valid_faces,equal_duration_50_bins,PASS,,
-MeTTeMJBNc_0,vision,49,9.114,9.3,1,1,mean_valid_faces,equal_duration_50_bins,PASS,,
-MeTTeMJBNc_13,vision,0,0.0,0.10859999999999999,2,1,mean_valid_faces,equal_duration_50_bins,PASS,,
-MeTTeMJBNc_13,vision,1,0.10859999999999999,0.21719999999999998,1,1,mean_valid_faces,equal_duration_50_bins,PASS,,
-MeTTeMJBNc_13,vision,2,0.21719999999999998,0.3258,1,1,mean_valid_faces,equal_duration_50_bins,PASS,,
-MeTTeMJBNc_13,vision,3,0.3258,0.43439999999999995,1,1,mean_valid_faces,equal_duration_50_bins,PASS,,
-MeTTeMJBNc_13,vision,4,0.43439999999999995,0.5429999999999999,1,1,mean_valid_faces,equal_duration_50_bins,PASS,,
-MeTTeMJBNc_13,vision,5,0.5429999999999999,0.6516,1,1,mean_valid_faces,equal_duration_50_bins,PASS,,
-MeTTeMJBNc_13,vision,6,0.6516,0.7602,1,1,mean_valid_faces,equal_duration_50_bins,PASS,,
-MeTTeMJBNc_13,vision,7,0.7602,0.8687999999999999,1,1,mean_valid_faces,equal_duration_50_bins,PASS,,
-MeTTeMJBNc_13,vision,8,0.8687999999999999,0.9773999999999999,1,1,mean_valid_faces,equal_duration_50_bins,PASS,,
-MeTTeMJBNc_13,vision,9,0.9773999999999999,1.0859999999999999,1,1,mean_valid_faces,equal_duration_50_bins,PASS,,
-MeTTeMJBNc_13,vision,10,1.0859999999999999,1.1945999999999999,1,1,mean_valid_faces,equal_duration_50_bins,PASS,,
-MeTTeMJBNc_13,vision,11,1.1945999999999999,1.3032,2,1,mean_valid_faces,equal_duration_50_bins,PASS,,
-MeTTeMJBNc_13,vision,12,1.3032,1.4118000000000002,1,1,mean_valid_faces,equal_duration_50_bins,PASS,,
-MeTTeMJBNc_13,vision,13,1.4118000000000002,1.5204,1,1,mean_valid_faces,equal_duration_50_bins,PASS,,
-MeTTeMJBNc_13,vision,14,1.5204,1.6289999999999998,1,1,mean_valid_faces,equal_duration_50_bins,PASS,,
-MeTTeMJBNc_13,vision,15,1.6289999999999998,1.7375999999999998,1,1,mean_valid_faces,equal_duration_50_bins,PASS,,
-MeTTeMJBNc_13,vision,16,1.7375999999999998,1.8462,1,1,mean_valid_faces,equal_duration_50_bins,PASS,,
-MeTTeMJBNc_13,vision,17,1.8462,1.9547999999999999,1,1,mean_valid_faces,equal_duration_50_bins,PASS,,
-MeTTeMJBNc_13,vision,18,1.9547999999999999,2.0633999999999997,1,1,mean_valid_faces,equal_duration_50_bins,PASS,,
-MeTTeMJBNc_13,vision,19,2.0633999999999997,2.1719999999999997,1,1,mean_valid_faces,equal_duration_50_bins,PASS,,
-MeTTeMJBNc_13,vision,20,2.1719999999999997,2.2806,1,1,mean_valid_faces,equal_duration_50_bins,PASS,,
-MeTTeMJBNc_13,vision,21,2.2806,2.3891999999999998,1,1,mean_valid_faces,equal_duration_50_bins,PASS,,
-MeTTeMJBNc_13,vision,22,2.3891999999999998,2.4978,1,1,mean_valid_faces,equal_duration_50_bins,PASS,,
-MeTTeMJBNc_13,vision,23,2.4978,2.6064,2,1,mean_valid_faces,equal_duration_50_bins,PASS,,
-MeTTeMJBNc_13,vision,24,2.6064,2.715,1,1,mean_valid_faces,equal_duration_50_bins,PASS,,
-MeTTeMJBNc_13,vision,25,2.715,2.8236000000000003,1,1,mean_valid_faces,equal_duration_50_bins,PASS,,
-MeTTeMJBNc_13,vision,26,2.8236000000000003,2.9322,1,1,mean_valid_faces,equal_duration_50_bins,PASS,,
-MeTTeMJBNc_13,vision,27,2.9322,3.0408,1,1,mean_valid_faces,equal_duration_50_bins,PASS,,
-MeTTeMJBNc_13,vision,28,3.0408,3.1494,1,1,mean_valid_faces,equal_duration_50_bins,PASS,,
-MeTTeMJBNc_13,vision,29,3.1494,3.2579999999999996,1,1,mean_valid_faces,equal_duration_50_bins,PASS,,
-MeTTeMJBNc_13,vision,30,3.2579999999999996,3.3665999999999996,1,1,mean_valid_faces,equal_duration_50_bins,PASS,,
-MeTTeMJBNc_13,vision,31,3.3665999999999996,3.4751999999999996,1,1,mean_valid_faces,equal_duration_50_bins,PASS,,
-MeTTeMJBNc_13,vision,32,3.4751999999999996,3.5838,1,1,mean_valid_faces,equal_duration_50_bins,PASS,,
-MeTTeMJBNc_13,vision,33,3.5838,3.6924,1,1,mean_valid_faces,equal_duration_50_bins,PASS,,
-MeTTeMJBNc_13,vision,34,3.6924,3.8009999999999997,2,1,mean_valid_faces,equal_duration_50_bins,PASS,,
-MeTTeMJBNc_13,vision,35,3.8009999999999997,3.9095999999999997,1,1,mean_valid_faces,equal_duration_50_bins,PASS,,
-MeTTeMJBNc_13,vision,36,3.9095999999999997,4.0182,1,1,mean_valid_faces,equal_duration_50_bins,PASS,,
-MeTTeMJBNc_13,vision,37,4.0182,4.126799999999999,1,1,mean_valid_faces,equal_duration_50_bins,PASS,,
-MeTTeMJBNc_13,vision,38,4.126799999999999,4.235399999999999,1,1,mean_valid_faces,equal_duration_50_bins,PASS,,
-MeTTeMJBNc_13,vision,39,4.235399999999999,4.343999999999999,1,1,mean_valid_faces,equal_duration_50_bins,PASS,,
-MeTTeMJBNc_13,vision,40,4.343999999999999,4.4526,1,1,mean_valid_faces,equal_duration_50_bins,PASS,,
-MeTTeMJBNc_13,vision,41,4.4526,4.5612,1,1,mean_valid_faces,equal_duration_50_bins,PASS,,
-MeTTeMJBNc_13,vision,42,4.5612,4.6697999999999995,1,1,mean_valid_faces,equal_duration_50_bins,PASS,,
-MeTTeMJBNc_13,vision,43,4.6697999999999995,4.7783999999999995,1,1,mean_valid_faces,equal_duration_50_bins,PASS,,
-MeTTeMJBNc_13,vision,44,4.7783999999999995,4.887,1,1,mean_valid_faces,equal_duration_50_bins,PASS,,
-MeTTeMJBNc_13,vision,45,4.887,4.9956,1,1,mean_valid_faces,equal_duration_50_bins,PASS,,
-MeTTeMJBNc_13,vision,46,4.9956,5.1042,2,1,mean_valid_faces,equal_duration_50_bins,PASS,,
-MeTTeMJBNc_13,vision,47,5.1042,5.2128,1,1,mean_valid_faces,equal_duration_50_bins,PASS,,
-MeTTeMJBNc_13,vision,48,5.2128,5.3214,0,0,mean_valid_faces,equal_duration_50_bins,PASS,,
-MeTTeMJBNc_13,vision,49,5.3214,5.43,1,1,mean_valid_faces,equal_duration_50_bins,PASS,,
-MeTTeMJBNc_7,vision,0,0.0,0.2104,3,1,mean_valid_faces,equal_duration_50_bins,PASS,,
-MeTTeMJBNc_7,vision,1,0.2104,0.4208,2,1,mean_valid_faces,equal_duration_50_bins,PASS,,
-MeTTeMJBNc_7,vision,2,0.4208,0.6312,2,1,mean_valid_faces,equal_duration_50_bins,PASS,,
-MeTTeMJBNc_7,vision,3,0.6312,0.8416,2,1,mean_valid_faces,equal_duration_50_bins,PASS,,
-MeTTeMJBNc_7,vision,4,0.8416,1.0519999999999998,2,1,mean_valid_faces,equal_duration_50_bins,PASS,,
-MeTTeMJBNc_7,vision,5,1.0519999999999998,1.2624,2,1,mean_valid_faces,equal_duration_50_bins,PASS,,
-MeTTeMJBNc_7,vision,6,1.2624,1.4728,2,1,mean_valid_faces,equal_duration_50_bins,PASS,,
-MeTTeMJBNc_7,vision,7,1.4728,1.6832,2,1,mean_valid_faces,equal_duration_50_bins,PASS,,
-MeTTeMJBNc_7,vision,8,1.6832,1.8936,2,1,mean_valid_faces,equal_duration_50_bins,PASS,,
-MeTTeMJBNc_7,vision,9,1.8936,2.1039999999999996,3,1,mean_valid_faces,equal_duration_50_bins,PASS,,
-MeTTeMJBNc_7,vision,10,2.1039999999999996,2.3144,2,1,mean_valid_faces,equal_duration_50_bins,PASS,,
-MeTTeMJBNc_7,vision,11,2.3144,2.5248,2,1,mean_valid_faces,equal_duration_50_bins,PASS,,
-MeTTeMJBNc_7,vision,12,2.5248,2.7352,2,1,mean_valid_faces,equal_duration_50_bins,PASS,,
-MeTTeMJBNc_7,vision,13,2.7352,2.9456,2,1,mean_valid_faces,equal_duration_50_bins,PASS,,
-MeTTeMJBNc_7,vision,14,2.9456,3.1559999999999997,2,1,mean_valid_faces,equal_duration_50_bins,PASS,,
-MeTTeMJBNc_7,vision,15,3.1559999999999997,3.3664,2,1,mean_valid_faces,equal_duration_50_bins,PASS,,
-MeTTeMJBNc_7,vision,16,3.3664,3.5768,2,1,mean_valid_faces,equal_duration_50_bins,PASS,,
-MeTTeMJBNc_7,vision,17,3.5768,3.7872,2,1,mean_valid_faces,equal_duration_50_bins,PASS,,
-MeTTeMJBNc_7,vision,18,3.7872,3.9976,2,1,mean_valid_faces,equal_duration_50_bins,PASS,,
-MeTTeMJBNc_7,vision,19,3.9976,4.207999999999999,3,1,mean_valid_faces,equal_duration_50_bins,PASS,,
-MeTTeMJBNc_7,vision,20,4.207999999999999,4.4184,2,1,mean_valid_faces,equal_duration_50_bins,PASS,,
-MeTTeMJBNc_7,vision,21,4.4184,4.6288,2,1,mean_valid_faces,equal_duration_50_bins,PASS,,
-MeTTeMJBNc_7,vision,22,4.6288,4.8392,2,1,mean_valid_faces,equal_duration_50_bins,PASS,,
-MeTTeMJBNc_7,vision,23,4.8392,5.0496,2,1,mean_valid_faces,equal_duration_50_bins,PASS,,
-MeTTeMJBNc_7,vision,24,5.0496,5.26,2,1,mean_valid_faces,equal_duration_50_bins,PASS,,
-MeTTeMJBNc_7,vision,25,5.26,5.4704,2,1,mean_valid_faces,equal_duration_50_bins,PASS,,
-MeTTeMJBNc_7,vision,26,5.4704,5.6808,2,1,mean_valid_faces,equal_duration_50_bins,PASS,,
-MeTTeMJBNc_7,vision,27,5.6808,5.8912,2,1,mean_valid_faces,equal_duration_50_bins,PASS,,
-MeTTeMJBNc_7,vision,28,5.8912,6.1015999999999995,3,1,mean_valid_faces,equal_duration_50_bins,PASS,,
-MeTTeMJBNc_7,vision,29,6.1015999999999995,6.311999999999999,2,1,mean_valid_faces,equal_duration_50_bins,PASS,,
-MeTTeMJBNc_7,vision,30,6.311999999999999,6.5224,2,1,mean_valid_faces,equal_duration_50_bins,PASS,,
-MeTTeMJBNc_7,vision,31,6.5224,6.7328,2,1,mean_valid_faces,equal_duration_50_bins,PASS,,
-MeTTeMJBNc_7,vision,32,6.7328,6.943199999999999,2,1,mean_valid_faces,equal_duration_50_bins,PASS,,
-MeTTeMJBNc_7,vision,33,6.943199999999999,7.1536,2,1,mean_valid_faces,equal_duration_50_bins,PASS,,
-MeTTeMJBNc_7,vision,34,7.1536,7.364,2,1,mean_valid_faces,equal_duration_50_bins,PASS,,
-MeTTeMJBNc_7,vision,35,7.364,7.5744,2,1,mean_valid_faces,equal_duration_50_bins,PASS,,
-MeTTeMJBNc_7,vision,36,7.5744,7.784800000000001,2,1,mean_valid_faces,equal_duration_50_bins,PASS,,
-MeTTeMJBNc_7,vision,37,7.784800000000001,7.9952,2,1,mean_valid_faces,equal_duration_50_bins,PASS,,
-MeTTeMJBNc_7,vision,38,7.9952,8.205599999999999,3,1,mean_valid_faces,equal_duration_50_bins,PASS,,
-MeTTeMJBNc_7,vision,39,8.205599999999999,8.415999999999999,2,1,mean_valid_faces,equal_duration_50_bins,PASS,,
-MeTTeMJBNc_7,vision,40,8.415999999999999,8.6264,2,1,mean_valid_faces,equal_duration_50_bins,PASS,,
-MeTTeMJBNc_7,vision,41,8.6264,8.8368,2,1,mean_valid_faces,equal_duration_50_bins,PASS,,
-MeTTeMJBNc_7,vision,42,8.8368,9.047199999999998,2,1,mean_valid_faces,equal_duration_50_bins,PASS,,
-MeTTeMJBNc_7,vision,43,9.047199999999998,9.2576,2,1,mean_valid_faces,equal_duration_50_bins,PASS,,
-MeTTeMJBNc_7,vision,44,9.2576,9.468,2,1,mean_valid_faces,equal_duration_50_bins,PASS,,
-MeTTeMJBNc_7,vision,45,9.468,9.6784,2,1,mean_valid_faces,equal_duration_50_bins,PASS,,
-MeTTeMJBNc_7,vision,46,9.6784,9.8888,2,1,mean_valid_faces,equal_duration_50_bins,PASS,,
-MeTTeMJBNc_7,vision,47,9.8888,10.0992,2,1,mean_valid_faces,equal_duration_50_bins,PASS,,
-MeTTeMJBNc_7,vision,48,10.0992,10.3096,3,1,mean_valid_faces,equal_duration_50_bins,PASS,,
-MeTTeMJBNc_7,vision,49,10.3096,10.52,1,1,mean_valid_faces,equal_duration_50_bins,PASS,,
-RfYyzHpjk4_11,vision,0,0.0,0.1048,2,1,mean_valid_faces,equal_duration_50_bins,PASS,,
-RfYyzHpjk4_11,vision,1,0.1048,0.2096,1,1,mean_valid_faces,equal_duration_50_bins,PASS,,
-RfYyzHpjk4_11,vision,2,0.2096,0.3144,1,1,mean_valid_faces,equal_duration_50_bins,PASS,,
-RfYyzHpjk4_11,vision,3,0.3144,0.4192,1,1,mean_valid_faces,equal_duration_50_bins,PASS,,
-RfYyzHpjk4_11,vision,4,0.4192,0.524,1,1,mean_valid_faces,equal_duration_50_bins,PASS,,
-RfYyzHpjk4_11,vision,5,0.524,0.6288,1,1,mean_valid_faces,equal_duration_50_bins,PASS,,
-RfYyzHpjk4_11,vision,6,0.6288,0.7336,1,1,mean_valid_faces,equal_duration_50_bins,PASS,,
-RfYyzHpjk4_11,vision,7,0.7336,0.8384,1,1,mean_valid_faces,equal_duration_50_bins,PASS,,
-RfYyzHpjk4_11,vision,8,0.8384,0.9432,1,1,mean_valid_faces,equal_duration_50_bins,PASS,,
-RfYyzHpjk4_11,vision,9,0.9432,1.048,1,1,mean_valid_faces,equal_duration_50_bins,PASS,,
-RfYyzHpjk4_11,vision,10,1.048,1.1528,1,1,mean_valid_faces,equal_duration_50_bins,PASS,,
-RfYyzHpjk4_11,vision,11,1.1528,1.2576,1,1,mean_valid_faces,equal_duration_50_bins,PASS,,
-RfYyzHpjk4_11,vision,12,1.2576,1.3624,1,1,mean_valid_faces,equal_duration_50_bins,PASS,,
-RfYyzHpjk4_11,vision,13,1.3624,1.4672,1,1,mean_valid_faces,equal_duration_50_bins,PASS,,
-RfYyzHpjk4_11,vision,14,1.4672,1.572,1,1,mean_valid_faces,equal_duration_50_bins,PASS,,
-RfYyzHpjk4_11,vision,15,1.572,1.6768,1,1,mean_valid_faces,equal_duration_50_bins,PASS,,
-RfYyzHpjk4_11,vision,16,1.6768,1.7816,1,1,mean_valid_faces,equal_duration_50_bins,PASS,,
-RfYyzHpjk4_11,vision,17,1.7816,1.8864,1,1,mean_valid_faces,equal_duration_50_bins,PASS,,
-RfYyzHpjk4_11,vision,18,1.8864,1.9912,1,1,mean_valid_faces,equal_duration_50_bins,PASS,,
-RfYyzHpjk4_11,vision,19,1.9912,2.096,1,1,mean_valid_faces,equal_duration_50_bins,PASS,,
-RfYyzHpjk4_11,vision,20,2.096,2.2008,2,1,mean_valid_faces,equal_duration_50_bins,PASS,,
-RfYyzHpjk4_11,vision,21,2.2008,2.3056,1,1,mean_valid_faces,equal_duration_50_bins,PASS,,
-RfYyzHpjk4_11,vision,22,2.3056,2.4104,1,1,mean_valid_faces,equal_duration_50_bins,PASS,,
-RfYyzHpjk4_11,vision,23,2.4104,2.5152,1,1,mean_valid_faces,equal_duration_50_bins,PASS,,
-RfYyzHpjk4_11,vision,24,2.5152,2.62,1,1,mean_valid_faces,equal_duration_50_bins,PASS,,
-RfYyzHpjk4_11,vision,25,2.62,2.7248,1,1,mean_valid_faces,equal_duration_50_bins,PASS,,
-RfYyzHpjk4_11,vision,26,2.7248,2.8296000000000006,1,1,mean_valid_faces,equal_duration_50_bins,PASS,,
-RfYyzHpjk4_11,vision,27,2.8296000000000006,2.9344,1,1,mean_valid_faces,equal_duration_50_bins,PASS,,
-RfYyzHpjk4_11,vision,28,2.9344,3.0392,1,1,mean_valid_faces,equal_duration_50_bins,PASS,,
-RfYyzHpjk4_11,vision,29,3.0392,3.144,1,1,mean_valid_faces,equal_duration_50_bins,PASS,,
-RfYyzHpjk4_11,vision,30,3.144,3.2488,1,1,mean_valid_faces,equal_duration_50_bins,PASS,,
-RfYyzHpjk4_11,vision,31,3.2488,3.3536,1,1,mean_valid_faces,equal_duration_50_bins,PASS,,
-RfYyzHpjk4_11,vision,32,3.3536,3.4584,1,1,mean_valid_faces,equal_duration_50_bins,PASS,,
-RfYyzHpjk4_11,vision,33,3.4584,3.5632,1,1,mean_valid_faces,equal_duration_50_bins,PASS,,
-RfYyzHpjk4_11,vision,34,3.5632,3.668,1,1,mean_valid_faces,equal_duration_50_bins,PASS,,
-RfYyzHpjk4_11,vision,35,3.668,3.7728,1,1,mean_valid_faces,equal_duration_50_bins,PASS,,
-RfYyzHpjk4_11,vision,36,3.7728,3.8775999999999997,1,1,mean_valid_faces,equal_duration_50_bins,PASS,,
-RfYyzHpjk4_11,vision,37,3.8775999999999997,3.9824,1,1,mean_valid_faces,equal_duration_50_bins,PASS,,
-RfYyzHpjk4_11,vision,38,3.9824,4.0872,1,1,mean_valid_faces,equal_duration_50_bins,PASS,,
-RfYyzHpjk4_11,vision,39,4.0872,4.192,1,1,mean_valid_faces,equal_duration_50_bins,PASS,,
-RfYyzHpjk4_11,vision,40,4.192,4.2968,1,1,mean_valid_faces,equal_duration_50_bins,PASS,,
-RfYyzHpjk4_11,vision,41,4.2968,4.4016,2,1,mean_valid_faces,equal_duration_50_bins,PASS,,
-RfYyzHpjk4_11,vision,42,4.4016,4.5064,1,1,mean_valid_faces,equal_duration_50_bins,PASS,,
-RfYyzHpjk4_11,vision,43,4.5064,4.6112,1,1,mean_valid_faces,equal_duration_50_bins,PASS,,
-RfYyzHpjk4_11,vision,44,4.6112,4.716,1,1,mean_valid_faces,equal_duration_50_bins,PASS,,
-RfYyzHpjk4_11,vision,45,4.716,4.8208,1,1,mean_valid_faces,equal_duration_50_bins,PASS,,
-RfYyzHpjk4_11,vision,46,4.8208,4.9256,1,1,mean_valid_faces,equal_duration_50_bins,PASS,,
-RfYyzHpjk4_11,vision,47,4.9256,5.0304,1,1,mean_valid_faces,equal_duration_50_bins,PASS,,
-RfYyzHpjk4_11,vision,48,5.0304,5.1352,0,0,mean_valid_faces,equal_duration_50_bins,PASS,,
-RfYyzHpjk4_11,vision,49,5.1352,5.24,1,1,mean_valid_faces,equal_duration_50_bins,PASS,,
-RfYyzHpjk4_8,vision,0,0.0,0.09179999999999999,1,1,mean_valid_faces,equal_duration_50_bins,PASS,,
-RfYyzHpjk4_8,vision,1,0.09179999999999999,0.18359999999999999,1,1,mean_valid_faces,equal_duration_50_bins,PASS,,
-RfYyzHpjk4_8,vision,2,0.18359999999999999,0.2754,1,1,mean_valid_faces,equal_duration_50_bins,PASS,,
-RfYyzHpjk4_8,vision,3,0.2754,0.36719999999999997,1,1,mean_valid_faces,equal_duration_50_bins,PASS,,
-RfYyzHpjk4_8,vision,4,0.36719999999999997,0.45899999999999996,1,1,mean_valid_faces,equal_duration_50_bins,PASS,,
-RfYyzHpjk4_8,vision,5,0.45899999999999996,0.5508,1,1,mean_valid_faces,equal_duration_50_bins,PASS,,
-RfYyzHpjk4_8,vision,6,0.5508,0.6426,1,1,mean_valid_faces,equal_duration_50_bins,PASS,,
-RfYyzHpjk4_8,vision,7,0.6426,0.7343999999999999,1,1,mean_valid_faces,equal_duration_50_bins,PASS,,
-RfYyzHpjk4_8,vision,8,0.7343999999999999,0.8262,1,1,mean_valid_faces,equal_duration_50_bins,PASS,,
-RfYyzHpjk4_8,vision,9,0.8262,0.9179999999999999,1,1,mean_valid_faces,equal_duration_50_bins,PASS,,
-RfYyzHpjk4_8,vision,10,0.9179999999999999,1.0097999999999998,1,1,mean_valid_faces,equal_duration_50_bins,PASS,,
-RfYyzHpjk4_8,vision,11,1.0097999999999998,1.1016,1,1,mean_valid_faces,equal_duration_50_bins,PASS,,
-RfYyzHpjk4_8,vision,12,1.1016,1.1934,0,0,mean_valid_faces,equal_duration_50_bins,PASS,,
-RfYyzHpjk4_8,vision,13,1.1934,1.2852,1,1,mean_valid_faces,equal_duration_50_bins,PASS,,
-RfYyzHpjk4_8,vision,14,1.2852,1.3769999999999998,1,1,mean_valid_faces,equal_duration_50_bins,PASS,,
-RfYyzHpjk4_8,vision,15,1.3769999999999998,1.4687999999999999,1,1,mean_valid_faces,equal_duration_50_bins,PASS,,
-RfYyzHpjk4_8,vision,16,1.4687999999999999,1.5606,1,1,mean_valid_faces,equal_duration_50_bins,PASS,,
-RfYyzHpjk4_8,vision,17,1.5606,1.6524,1,1,mean_valid_faces,equal_duration_50_bins,PASS,,
-RfYyzHpjk4_8,vision,18,1.6524,1.7442,1,1,mean_valid_faces,equal_duration_50_bins,PASS,,
-RfYyzHpjk4_8,vision,19,1.7442,1.8359999999999999,1,1,mean_valid_faces,equal_duration_50_bins,PASS,,
-RfYyzHpjk4_8,vision,20,1.8359999999999999,1.9278,1,1,mean_valid_faces,equal_duration_50_bins,PASS,,
-RfYyzHpjk4_8,vision,21,1.9278,2.0195999999999996,1,1,mean_valid_faces,equal_duration_50_bins,PASS,,
-RfYyzHpjk4_8,vision,22,2.0195999999999996,2.1113999999999997,1,1,mean_valid_faces,equal_duration_50_bins,PASS,,
-RfYyzHpjk4_8,vision,23,2.1113999999999997,2.2032,1,1,mean_valid_faces,equal_duration_50_bins,PASS,,
-RfYyzHpjk4_8,vision,24,2.2032,2.295,0,0,mean_valid_faces,equal_duration_50_bins,PASS,,
-RfYyzHpjk4_8,vision,25,2.295,2.3868,1,1,mean_valid_faces,equal_duration_50_bins,PASS,,
-RfYyzHpjk4_8,vision,26,2.3868,2.4785999999999997,1,1,mean_valid_faces,equal_duration_50_bins,PASS,,
-RfYyzHpjk4_8,vision,27,2.4785999999999997,2.5704,1,1,mean_valid_faces,equal_duration_50_bins,PASS,,
-RfYyzHpjk4_8,vision,28,2.5704,2.6622,1,1,mean_valid_faces,equal_duration_50_bins,PASS,,
-RfYyzHpjk4_8,vision,29,2.6622,2.7539999999999996,1,1,mean_valid_faces,equal_duration_50_bins,PASS,,
-RfYyzHpjk4_8,vision,30,2.7539999999999996,2.8457999999999997,1,1,mean_valid_faces,equal_duration_50_bins,PASS,,
-RfYyzHpjk4_8,vision,31,2.8457999999999997,2.9375999999999998,1,1,mean_valid_faces,equal_duration_50_bins,PASS,,
-RfYyzHpjk4_8,vision,32,2.9375999999999998,3.0294,1,1,mean_valid_faces,equal_duration_50_bins,PASS,,
-RfYyzHpjk4_8,vision,33,3.0294,3.1212,1,1,mean_valid_faces,equal_duration_50_bins,PASS,,
-RfYyzHpjk4_8,vision,34,3.1212,3.213,1,1,mean_valid_faces,equal_duration_50_bins,PASS,,
-RfYyzHpjk4_8,vision,35,3.213,3.3048,1,1,mean_valid_faces,equal_duration_50_bins,PASS,,
-RfYyzHpjk4_8,vision,36,3.3048,3.3966,0,0,mean_valid_faces,equal_duration_50_bins,PASS,,
-RfYyzHpjk4_8,vision,37,3.3966,3.4884,1,1,mean_valid_faces,equal_duration_50_bins,PASS,,
-RfYyzHpjk4_8,vision,38,3.4884,3.5801999999999996,1,1,mean_valid_faces,equal_duration_50_bins,PASS,,
-RfYyzHpjk4_8,vision,39,3.5801999999999996,3.6719999999999997,1,1,mean_valid_faces,equal_duration_50_bins,PASS,,
-RfYyzHpjk4_8,vision,40,3.6719999999999997,3.7638,1,1,mean_valid_faces,equal_duration_50_bins,PASS,,
-RfYyzHpjk4_8,vision,41,3.7638,3.8556,1,1,mean_valid_faces,equal_duration_50_bins,PASS,,
-RfYyzHpjk4_8,vision,42,3.8556,3.9474,1,1,mean_valid_faces,equal_duration_50_bins,PASS,,
-RfYyzHpjk4_8,vision,43,3.9474,4.039199999999999,1,1,mean_valid_faces,equal_duration_50_bins,PASS,,
-RfYyzHpjk4_8,vision,44,4.039199999999999,4.130999999999999,1,1,mean_valid_faces,equal_duration_50_bins,PASS,,
-RfYyzHpjk4_8,vision,45,4.130999999999999,4.222799999999999,1,1,mean_valid_faces,equal_duration_50_bins,PASS,,
-RfYyzHpjk4_8,vision,46,4.222799999999999,4.3145999999999995,1,1,mean_valid_faces,equal_duration_50_bins,PASS,,
-RfYyzHpjk4_8,vision,47,4.3145999999999995,4.4064,1,1,mean_valid_faces,equal_duration_50_bins,PASS,,
-RfYyzHpjk4_8,vision,48,4.4064,4.4982,0,0,mean_valid_faces,equal_duration_50_bins,PASS,,
-RfYyzHpjk4_8,vision,49,4.4982,4.59,1,1,mean_valid_faces,equal_duration_50_bins,PASS,,
-RfYyzHpjk4_2,vision,0,0.0,0.1104,2,1,mean_valid_faces,equal_duration_50_bins,PASS,,
-RfYyzHpjk4_2,vision,1,0.1104,0.2208,1,1,mean_valid_faces,equal_duration_50_bins,PASS,,
-RfYyzHpjk4_2,vision,2,0.2208,0.3312,1,1,mean_valid_faces,equal_duration_50_bins,PASS,,
-RfYyzHpjk4_2,vision,3,0.3312,0.4416,1,1,mean_valid_faces,equal_duration_50_bins,PASS,,
-RfYyzHpjk4_2,vision,4,0.4416,0.5519999999999999,1,1,mean_valid_faces,equal_duration_50_bins,PASS,,
-RfYyzHpjk4_2,vision,5,0.5519999999999999,0.6624,1,1,mean_valid_faces,equal_duration_50_bins,PASS,,
-RfYyzHpjk4_2,vision,6,0.6624,0.7728,1,1,mean_valid_faces,equal_duration_50_bins,PASS,,
-RfYyzHpjk4_2,vision,7,0.7728,0.8832,1,1,mean_valid_faces,equal_duration_50_bins,PASS,,
-RfYyzHpjk4_2,vision,8,0.8832,0.9935999999999998,1,1,mean_valid_faces,equal_duration_50_bins,PASS,,
-RfYyzHpjk4_2,vision,9,0.9935999999999998,1.1039999999999999,2,1,mean_valid_faces,equal_duration_50_bins,PASS,,
-RfYyzHpjk4_2,vision,10,1.1039999999999999,1.2144,1,1,mean_valid_faces,equal_duration_50_bins,PASS,,
-RfYyzHpjk4_2,vision,11,1.2144,1.3248,1,1,mean_valid_faces,equal_duration_50_bins,PASS,,
-RfYyzHpjk4_2,vision,12,1.3248,1.4351999999999998,1,1,mean_valid_faces,equal_duration_50_bins,PASS,,
-RfYyzHpjk4_2,vision,13,1.4351999999999998,1.5456,1,1,mean_valid_faces,equal_duration_50_bins,PASS,,
-RfYyzHpjk4_2,vision,14,1.5456,1.656,1,1,mean_valid_faces,equal_duration_50_bins,PASS,,
-RfYyzHpjk4_2,vision,15,1.656,1.7664,1,1,mean_valid_faces,equal_duration_50_bins,PASS,,
-RfYyzHpjk4_2,vision,16,1.7664,1.8767999999999998,1,1,mean_valid_faces,equal_duration_50_bins,PASS,,
-RfYyzHpjk4_2,vision,17,1.8767999999999998,1.9871999999999996,1,1,mean_valid_faces,equal_duration_50_bins,PASS,,
-RfYyzHpjk4_2,vision,18,1.9871999999999996,2.0976,1,1,mean_valid_faces,equal_duration_50_bins,PASS,,
-RfYyzHpjk4_2,vision,19,2.0976,2.2079999999999997,2,1,mean_valid_faces,equal_duration_50_bins,PASS,,
-RfYyzHpjk4_2,vision,20,2.2079999999999997,2.3183999999999996,1,1,mean_valid_faces,equal_duration_50_bins,PASS,,
-RfYyzHpjk4_2,vision,21,2.3183999999999996,2.4288,0,0,mean_valid_faces,equal_duration_50_bins,PASS,,
-RfYyzHpjk4_2,vision,22,2.4288,2.5391999999999997,1,1,mean_valid_faces,equal_duration_50_bins,PASS,,
-RfYyzHpjk4_2,vision,23,2.5391999999999997,2.6496,1,1,mean_valid_faces,equal_duration_50_bins,PASS,,
-RfYyzHpjk4_2,vision,24,2.6496,2.76,1,1,mean_valid_faces,equal_duration_50_bins,PASS,,
-RfYyzHpjk4_2,vision,25,2.76,2.8703999999999996,0,0,mean_valid_faces,equal_duration_50_bins,PASS,,
-RfYyzHpjk4_2,vision,26,2.8703999999999996,2.9808,1,1,mean_valid_faces,equal_duration_50_bins,PASS,,
-RfYyzHpjk4_2,vision,27,2.9808,3.0912,1,1,mean_valid_faces,equal_duration_50_bins,PASS,,
-RfYyzHpjk4_2,vision,28,3.0912,3.2015999999999996,1,1,mean_valid_faces,equal_duration_50_bins,PASS,,
-RfYyzHpjk4_2,vision,29,3.2015999999999996,3.312,1,1,mean_valid_faces,equal_duration_50_bins,PASS,,
-RfYyzHpjk4_2,vision,30,3.312,3.4223999999999997,1,1,mean_valid_faces,equal_duration_50_bins,PASS,,
-RfYyzHpjk4_2,vision,31,3.4223999999999997,3.5328,1,1,mean_valid_faces,equal_duration_50_bins,PASS,,
-RfYyzHpjk4_2,vision,32,3.5328,3.6431999999999998,1,1,mean_valid_faces,equal_duration_50_bins,PASS,,
-RfYyzHpjk4_2,vision,33,3.6431999999999998,3.7535999999999996,1,1,mean_valid_faces,equal_duration_50_bins,PASS,,
-RfYyzHpjk4_2,vision,34,3.7535999999999996,3.864,1,1,mean_valid_faces,equal_duration_50_bins,PASS,,
-RfYyzHpjk4_2,vision,35,3.864,3.9743999999999993,1,1,mean_valid_faces,equal_duration_50_bins,PASS,,
-RfYyzHpjk4_2,vision,36,3.9743999999999993,4.0847999999999995,1,1,mean_valid_faces,equal_duration_50_bins,PASS,,
-RfYyzHpjk4_2,vision,37,4.0847999999999995,4.1952,1,1,mean_valid_faces,equal_duration_50_bins,PASS,,
-RfYyzHpjk4_2,vision,38,4.1952,4.305599999999999,2,1,mean_valid_faces,equal_duration_50_bins,PASS,,
-RfYyzHpjk4_2,vision,39,4.305599999999999,4.4159999999999995,0,0,mean_valid_faces,equal_duration_50_bins,PASS,,
-RfYyzHpjk4_2,vision,40,4.4159999999999995,4.5264,1,1,mean_valid_faces,equal_duration_50_bins,PASS,,
-RfYyzHpjk4_2,vision,41,4.5264,4.636799999999999,1,1,mean_valid_faces,equal_duration_50_bins,PASS,,
-RfYyzHpjk4_2,vision,42,4.636799999999999,4.747199999999999,1,1,mean_valid_faces,equal_duration_50_bins,PASS,,
-RfYyzHpjk4_2,vision,43,4.747199999999999,4.8576,1,1,mean_valid_faces,equal_duration_50_bins,PASS,,
-RfYyzHpjk4_2,vision,44,4.8576,4.968,1,1,mean_valid_faces,equal_duration_50_bins,PASS,,
-RfYyzHpjk4_2,vision,45,4.968,5.078399999999999,1,1,mean_valid_faces,equal_duration_50_bins,PASS,,
-RfYyzHpjk4_2,vision,46,5.078399999999999,5.1888,1,1,mean_valid_faces,equal_duration_50_bins,PASS,,
-RfYyzHpjk4_2,vision,47,5.1888,5.2992,1,1,mean_valid_faces,equal_duration_50_bins,PASS,,
-RfYyzHpjk4_2,vision,48,5.2992,5.409599999999999,2,1,mean_valid_faces,equal_duration_50_bins,PASS,,
-RfYyzHpjk4_2,vision,49,5.409599999999999,5.52,0,0,mean_valid_faces,equal_duration_50_bins,PASS,,
-UUCSKoHeMA_0,vision,0,0.0,0.156,1,1,mean_valid_faces,equal_duration_50_bins,PASS,,
-UUCSKoHeMA_0,vision,1,0.156,0.312,2,1,mean_valid_faces,equal_duration_50_bins,PASS,,
-UUCSKoHeMA_0,vision,2,0.312,0.46799999999999997,1,1,mean_valid_faces,equal_duration_50_bins,PASS,,
-UUCSKoHeMA_0,vision,3,0.46799999999999997,0.624,2,1,mean_valid_faces,equal_duration_50_bins,PASS,,
-UUCSKoHeMA_0,vision,4,0.624,0.78,1,1,mean_valid_faces,equal_duration_50_bins,PASS,,
-UUCSKoHeMA_0,vision,5,0.78,0.9359999999999999,2,1,mean_valid_faces,equal_duration_50_bins,PASS,,
-UUCSKoHeMA_0,vision,6,0.9359999999999999,1.092,1,1,mean_valid_faces,equal_duration_50_bins,PASS,,
-UUCSKoHeMA_0,vision,7,1.092,1.248,2,1,mean_valid_faces,equal_duration_50_bins,PASS,,
-UUCSKoHeMA_0,vision,8,1.248,1.4040000000000001,2,1,mean_valid_faces,equal_duration_50_bins,PASS,,
-UUCSKoHeMA_0,vision,9,1.4040000000000001,1.56,1,1,mean_valid_faces,equal_duration_50_bins,PASS,,
-UUCSKoHeMA_0,vision,10,1.56,1.716,2,1,mean_valid_faces,equal_duration_50_bins,PASS,,
-UUCSKoHeMA_0,vision,11,1.716,1.8719999999999999,1,1,mean_valid_faces,equal_duration_50_bins,PASS,,
-UUCSKoHeMA_0,vision,12,1.8719999999999999,2.028,2,1,mean_valid_faces,equal_duration_50_bins,PASS,,
-UUCSKoHeMA_0,vision,13,2.028,2.184,1,1,mean_valid_faces,equal_duration_50_bins,PASS,,
-UUCSKoHeMA_0,vision,14,2.184,2.34,2,1,mean_valid_faces,equal_duration_50_bins,PASS,,
-UUCSKoHeMA_0,vision,15,2.34,2.496,1,1,mean_valid_faces,equal_duration_50_bins,PASS,,
-UUCSKoHeMA_0,vision,16,2.496,2.6519999999999997,2,1,mean_valid_faces,equal_duration_50_bins,PASS,,
-UUCSKoHeMA_0,vision,17,2.6519999999999997,2.8080000000000003,2,1,mean_valid_faces,equal_duration_50_bins,PASS,,
-UUCSKoHeMA_0,vision,18,2.8080000000000003,2.964,1,1,mean_valid_faces,equal_duration_50_bins,PASS,,
-UUCSKoHeMA_0,vision,19,2.964,3.12,2,1,mean_valid_faces,equal_duration_50_bins,PASS,,
-UUCSKoHeMA_0,vision,20,3.12,3.276,1,1,mean_valid_faces,equal_duration_50_bins,PASS,,
-UUCSKoHeMA_0,vision,21,3.276,3.432,2,1,mean_valid_faces,equal_duration_50_bins,PASS,,
-UUCSKoHeMA_0,vision,22,3.432,3.588,1,1,mean_valid_faces,equal_duration_50_bins,PASS,,
-UUCSKoHeMA_0,vision,23,3.588,3.7439999999999998,2,1,mean_valid_faces,equal_duration_50_bins,PASS,,
-UUCSKoHeMA_0,vision,24,3.7439999999999998,3.9,1,1,mean_valid_faces,equal_duration_50_bins,PASS,,
-UUCSKoHeMA_0,vision,25,3.9,4.056,2,1,mean_valid_faces,equal_duration_50_bins,PASS,,
-UUCSKoHeMA_0,vision,26,4.056,4.212,2,1,mean_valid_faces,equal_duration_50_bins,PASS,,
-UUCSKoHeMA_0,vision,27,4.212,4.368,1,1,mean_valid_faces,equal_duration_50_bins,PASS,,
-UUCSKoHeMA_0,vision,28,4.368,4.524,2,1,mean_valid_faces,equal_duration_50_bins,PASS,,
-UUCSKoHeMA_0,vision,29,4.524,4.68,1,1,mean_valid_faces,equal_duration_50_bins,PASS,,
-UUCSKoHeMA_0,vision,30,4.68,4.835999999999999,2,1,mean_valid_faces,equal_duration_50_bins,PASS,,
-UUCSKoHeMA_0,vision,31,4.835999999999999,4.992,1,1,mean_valid_faces,equal_duration_50_bins,PASS,,
-UUCSKoHeMA_0,vision,32,4.992,5.148,2,1,mean_valid_faces,equal_duration_50_bins,PASS,,
-UUCSKoHeMA_0,vision,33,5.148,5.303999999999999,2,1,mean_valid_faces,equal_duration_50_bins,PASS,,
-UUCSKoHeMA_0,vision,34,5.303999999999999,5.46,1,1,mean_valid_faces,equal_duration_50_bins,PASS,,
-UUCSKoHeMA_0,vision,35,5.46,5.6160000000000005,2,1,mean_valid_faces,equal_duration_50_bins,PASS,,
-UUCSKoHeMA_0,vision,36,5.6160000000000005,5.771999999999999,1,1,mean_valid_faces,equal_duration_50_bins,PASS,,
-UUCSKoHeMA_0,vision,37,5.771999999999999,5.928,2,1,mean_valid_faces,equal_duration_50_bins,PASS,,
-UUCSKoHeMA_0,vision,38,5.928,6.084,1,1,mean_valid_faces,equal_duration_50_bins,PASS,,
-UUCSKoHeMA_0,vision,39,6.084,6.24,2,1,mean_valid_faces,equal_duration_50_bins,PASS,,
-UUCSKoHeMA_0,vision,40,6.24,6.396,1,1,mean_valid_faces,equal_duration_50_bins,PASS,,
-UUCSKoHeMA_0,vision,41,6.396,6.552,2,1,mean_valid_faces,equal_duration_50_bins,PASS,,
-UUCSKoHeMA_0,vision,42,6.552,6.707999999999999,2,1,mean_valid_faces,equal_duration_50_bins,PASS,,
-UUCSKoHeMA_0,vision,43,6.707999999999999,6.864,1,1,mean_valid_faces,equal_duration_50_bins,PASS,,
-UUCSKoHeMA_0,vision,44,6.864,7.02,2,1,mean_valid_faces,equal_duration_50_bins,PASS,,
-UUCSKoHeMA_0,vision,45,7.02,7.176,1,1,mean_valid_faces,equal_duration_50_bins,PASS,,
-UUCSKoHeMA_0,vision,46,7.176,7.331999999999999,2,1,mean_valid_faces,equal_duration_50_bins,PASS,,
-UUCSKoHeMA_0,vision,47,7.331999999999999,7.4879999999999995,1,1,mean_valid_faces,equal_duration_50_bins,PASS,,
-UUCSKoHeMA_0,vision,48,7.4879999999999995,7.644,2,1,mean_valid_faces,equal_duration_50_bins,PASS,,
-UUCSKoHeMA_0,vision,49,7.644,7.8,1,1,mean_valid_faces,equal_duration_50_bins,PASS,,
-ri04Z7vwnc_0,vision,0,0.0,0.0562,0,0,mean_valid_faces,equal_duration_50_bins,PASS,,
-ri04Z7vwnc_0,vision,1,0.0562,0.1124,0,0,mean_valid_faces,equal_duration_50_bins,PASS,,
-ri04Z7vwnc_0,vision,2,0.1124,0.1686,0,0,mean_valid_faces,equal_duration_50_bins,PASS,,
-ri04Z7vwnc_0,vision,3,0.1686,0.2248,0,0,mean_valid_faces,equal_duration_50_bins,PASS,,
-ri04Z7vwnc_0,vision,4,0.2248,0.281,0,0,mean_valid_faces,equal_duration_50_bins,PASS,,
-ri04Z7vwnc_0,vision,5,0.281,0.3372,0,0,mean_valid_faces,equal_duration_50_bins,PASS,,
-ri04Z7vwnc_0,vision,6,0.3372,0.3934,0,0,mean_valid_faces,equal_duration_50_bins,PASS,,
-ri04Z7vwnc_0,vision,7,0.3934,0.4496,0,0,mean_valid_faces,equal_duration_50_bins,PASS,,
-ri04Z7vwnc_0,vision,8,0.4496,0.5058,0,0,mean_valid_faces,equal_duration_50_bins,PASS,,
-ri04Z7vwnc_0,vision,9,0.5058,0.562,0,0,mean_valid_faces,equal_duration_50_bins,PASS,,
-ri04Z7vwnc_0,vision,10,0.562,0.6182,0,0,mean_valid_faces,equal_duration_50_bins,PASS,,
-ri04Z7vwnc_0,vision,11,0.6182,0.6744,0,0,mean_valid_faces,equal_duration_50_bins,PASS,,
-ri04Z7vwnc_0,vision,12,0.6744,0.7306,0,0,mean_valid_faces,equal_duration_50_bins,PASS,,
-ri04Z7vwnc_0,vision,13,0.7306,0.7868,0,0,mean_valid_faces,equal_duration_50_bins,PASS,,
-ri04Z7vwnc_0,vision,14,0.7868,0.843,0,0,mean_valid_faces,equal_duration_50_bins,PASS,,
-ri04Z7vwnc_0,vision,15,0.843,0.8992,0,0,mean_valid_faces,equal_duration_50_bins,PASS,,
-ri04Z7vwnc_0,vision,16,0.8992,0.9554,0,0,mean_valid_faces,equal_duration_50_bins,PASS,,
-ri04Z7vwnc_0,vision,17,0.9554,1.0116,0,0,mean_valid_faces,equal_duration_50_bins,PASS,,
-ri04Z7vwnc_0,vision,18,1.0116,1.0678,0,0,mean_valid_faces,equal_duration_50_bins,PASS,,
-ri04Z7vwnc_0,vision,19,1.0678,1.124,0,0,mean_valid_faces,equal_duration_50_bins,PASS,,
-ri04Z7vwnc_0,vision,20,1.124,1.1802,0,0,mean_valid_faces,equal_duration_50_bins,PASS,,
-ri04Z7vwnc_0,vision,21,1.1802,1.2364,0,0,mean_valid_faces,equal_duration_50_bins,PASS,,
-ri04Z7vwnc_0,vision,22,1.2364,1.2926,0,0,mean_valid_faces,equal_duration_50_bins,PASS,,
-ri04Z7vwnc_0,vision,23,1.2926,1.3488,0,0,mean_valid_faces,equal_duration_50_bins,PASS,,
-ri04Z7vwnc_0,vision,24,1.3488,1.405,0,0,mean_valid_faces,equal_duration_50_bins,PASS,,
-ri04Z7vwnc_0,vision,25,1.405,1.4612,0,0,mean_valid_faces,equal_duration_50_bins,PASS,,
-ri04Z7vwnc_0,vision,26,1.4612,1.5174,0,0,mean_valid_faces,equal_duration_50_bins,PASS,,
-ri04Z7vwnc_0,vision,27,1.5174,1.5736,0,0,mean_valid_faces,equal_duration_50_bins,PASS,,
-ri04Z7vwnc_0,vision,28,1.5736,1.6298,0,0,mean_valid_faces,equal_duration_50_bins,PASS,,
-ri04Z7vwnc_0,vision,29,1.6298,1.686,0,0,mean_valid_faces,equal_duration_50_bins,PASS,,
-ri04Z7vwnc_0,vision,30,1.686,1.7422,0,0,mean_valid_faces,equal_duration_50_bins,PASS,,
-ri04Z7vwnc_0,vision,31,1.7422,1.7984,0,0,mean_valid_faces,equal_duration_50_bins,PASS,,
-ri04Z7vwnc_0,vision,32,1.7984,1.8546,0,0,mean_valid_faces,equal_duration_50_bins,PASS,,
-ri04Z7vwnc_0,vision,33,1.8546,1.9108,0,0,mean_valid_faces,equal_duration_50_bins,PASS,,
-ri04Z7vwnc_0,vision,34,1.9108,1.967,0,0,mean_valid_faces,equal_duration_50_bins,PASS,,
-ri04Z7vwnc_0,vision,35,1.967,2.0232,0,0,mean_valid_faces,equal_duration_50_bins,PASS,,
-ri04Z7vwnc_0,vision,36,2.0232,2.0794,0,0,mean_valid_faces,equal_duration_50_bins,PASS,,
-ri04Z7vwnc_0,vision,37,2.0794,2.1356,0,0,mean_valid_faces,equal_duration_50_bins,PASS,,
-ri04Z7vwnc_0,vision,38,2.1356,2.1918,0,0,mean_valid_faces,equal_duration_50_bins,PASS,,
-ri04Z7vwnc_0,vision,39,2.1918,2.248,0,0,mean_valid_faces,equal_duration_50_bins,PASS,,
-ri04Z7vwnc_0,vision,40,2.248,2.3042000000000002,0,0,mean_valid_faces,equal_duration_50_bins,PASS,,
-ri04Z7vwnc_0,vision,41,2.3042000000000002,2.3604,0,0,mean_valid_faces,equal_duration_50_bins,PASS,,
-ri04Z7vwnc_0,vision,42,2.3604,2.4166,0,0,mean_valid_faces,equal_duration_50_bins,PASS,,
-ri04Z7vwnc_0,vision,43,2.4166,2.4728,0,0,mean_valid_faces,equal_duration_50_bins,PASS,,
-ri04Z7vwnc_0,vision,44,2.4728,2.529,0,0,mean_valid_faces,equal_duration_50_bins,PASS,,
-ri04Z7vwnc_0,vision,45,2.529,2.5852,0,0,mean_valid_faces,equal_duration_50_bins,PASS,,
-ri04Z7vwnc_0,vision,46,2.5852,2.6414,0,0,mean_valid_faces,equal_duration_50_bins,PASS,,
-ri04Z7vwnc_0,vision,47,2.6414,2.6976,0,0,mean_valid_faces,equal_duration_50_bins,PASS,,
-ri04Z7vwnc_0,vision,48,2.6976,2.7538,0,0,mean_valid_faces,equal_duration_50_bins,PASS,,
-ri04Z7vwnc_0,vision,49,2.7538,2.81,0,0,mean_valid_faces,equal_duration_50_bins,PASS,,
-ri04Z7vwnc_2,vision,0,0.0,0.1206,0,0,mean_valid_faces,equal_duration_50_bins,PASS,,
-ri04Z7vwnc_2,vision,1,0.1206,0.2412,0,0,mean_valid_faces,equal_duration_50_bins,PASS,,
-ri04Z7vwnc_2,vision,2,0.2412,0.3618,0,0,mean_valid_faces,equal_duration_50_bins,PASS,,
-ri04Z7vwnc_2,vision,3,0.3618,0.4824,0,0,mean_valid_faces,equal_duration_50_bins,PASS,,
-ri04Z7vwnc_2,vision,4,0.4824,0.6030000000000001,0,0,mean_valid_faces,equal_duration_50_bins,PASS,,
-ri04Z7vwnc_2,vision,5,0.6030000000000001,0.7236,0,0,mean_valid_faces,equal_duration_50_bins,PASS,,
-ri04Z7vwnc_2,vision,6,0.7236,0.8442000000000001,0,0,mean_valid_faces,equal_duration_50_bins,PASS,,
-ri04Z7vwnc_2,vision,7,0.8442000000000001,0.9648,0,0,mean_valid_faces,equal_duration_50_bins,PASS,,
-ri04Z7vwnc_2,vision,8,0.9648,1.0854000000000001,0,0,mean_valid_faces,equal_duration_50_bins,PASS,,
-ri04Z7vwnc_2,vision,9,1.0854000000000001,1.2060000000000002,0,0,mean_valid_faces,equal_duration_50_bins,PASS,,
-ri04Z7vwnc_2,vision,10,1.2060000000000002,1.3266,0,0,mean_valid_faces,equal_duration_50_bins,PASS,,
-ri04Z7vwnc_2,vision,11,1.3266,1.4472,0,0,mean_valid_faces,equal_duration_50_bins,PASS,,
-ri04Z7vwnc_2,vision,12,1.4472,1.5678,0,0,mean_valid_faces,equal_duration_50_bins,PASS,,
-ri04Z7vwnc_2,vision,13,1.5678,1.6884000000000001,0,0,mean_valid_faces,equal_duration_50_bins,PASS,,
-ri04Z7vwnc_2,vision,14,1.6884000000000001,1.8090000000000002,0,0,mean_valid_faces,equal_duration_50_bins,PASS,,
-ri04Z7vwnc_2,vision,15,1.8090000000000002,1.9296,0,0,mean_valid_faces,equal_duration_50_bins,PASS,,
-ri04Z7vwnc_2,vision,16,1.9296,2.0502000000000002,0,0,mean_valid_faces,equal_duration_50_bins,PASS,,
-ri04Z7vwnc_2,vision,17,2.0502000000000002,2.1708000000000003,0,0,mean_valid_faces,equal_duration_50_bins,PASS,,
-ri04Z7vwnc_2,vision,18,2.1708000000000003,2.2914000000000003,0,0,mean_valid_faces,equal_duration_50_bins,PASS,,
-ri04Z7vwnc_2,vision,19,2.2914000000000003,2.4120000000000004,0,0,mean_valid_faces,equal_duration_50_bins,PASS,,
-ri04Z7vwnc_2,vision,20,2.4120000000000004,2.5326000000000004,0,0,mean_valid_faces,equal_duration_50_bins,PASS,,
-ri04Z7vwnc_2,vision,21,2.5326000000000004,2.6532,0,0,mean_valid_faces,equal_duration_50_bins,PASS,,
-ri04Z7vwnc_2,vision,22,2.6532,2.7738,0,0,mean_valid_faces,equal_duration_50_bins,PASS,,
-ri04Z7vwnc_2,vision,23,2.7738,2.8944,0,0,mean_valid_faces,equal_duration_50_bins,PASS,,
-ri04Z7vwnc_2,vision,24,2.8944,3.015,0,0,mean_valid_faces,equal_duration_50_bins,PASS,,
-ri04Z7vwnc_2,vision,25,3.015,3.1356,0,0,mean_valid_faces,equal_duration_50_bins,PASS,,
-ri04Z7vwnc_2,vision,26,3.1356,3.2562,0,0,mean_valid_faces,equal_duration_50_bins,PASS,,
-ri04Z7vwnc_2,vision,27,3.2562,3.3768000000000002,0,0,mean_valid_faces,equal_duration_50_bins,PASS,,
-ri04Z7vwnc_2,vision,28,3.3768000000000002,3.4974000000000003,0,0,mean_valid_faces,equal_duration_50_bins,PASS,,
-ri04Z7vwnc_2,vision,29,3.4974000000000003,3.6180000000000003,0,0,mean_valid_faces,equal_duration_50_bins,PASS,,
-ri04Z7vwnc_2,vision,30,3.6180000000000003,3.7386,0,0,mean_valid_faces,equal_duration_50_bins,PASS,,
-ri04Z7vwnc_2,vision,31,3.7386,3.8592,0,0,mean_valid_faces,equal_duration_50_bins,PASS,,
-ri04Z7vwnc_2,vision,32,3.8592,3.9798,1,1,mean_valid_faces,equal_duration_50_bins,PASS,,
-ri04Z7vwnc_2,vision,33,3.9798,4.1004000000000005,1,1,mean_valid_faces,equal_duration_50_bins,PASS,,
-ri04Z7vwnc_2,vision,34,4.1004000000000005,4.221,2,1,mean_valid_faces,equal_duration_50_bins,PASS,,
-ri04Z7vwnc_2,vision,35,4.221,4.341600000000001,1,1,mean_valid_faces,equal_duration_50_bins,PASS,,
-ri04Z7vwnc_2,vision,36,4.341600000000001,4.4622,1,1,mean_valid_faces,equal_duration_50_bins,PASS,,
-ri04Z7vwnc_2,vision,37,4.4622,4.582800000000001,1,1,mean_valid_faces,equal_duration_50_bins,PASS,,
-ri04Z7vwnc_2,vision,38,4.582800000000001,4.7034,1,1,mean_valid_faces,equal_duration_50_bins,PASS,,
-ri04Z7vwnc_2,vision,39,4.7034,4.824000000000001,1,1,mean_valid_faces,equal_duration_50_bins,PASS,,
-ri04Z7vwnc_2,vision,40,4.824000000000001,4.9446,2,1,mean_valid_faces,equal_duration_50_bins,PASS,,
-ri04Z7vwnc_2,vision,41,4.9446,5.065200000000001,1,1,mean_valid_faces,equal_duration_50_bins,PASS,,
-ri04Z7vwnc_2,vision,42,5.065200000000001,5.1858,1,1,mean_valid_faces,equal_duration_50_bins,PASS,,
-ri04Z7vwnc_2,vision,43,5.1858,5.3064,1,1,mean_valid_faces,equal_duration_50_bins,PASS,,
-ri04Z7vwnc_2,vision,44,5.3064,5.4270000000000005,2,1,mean_valid_faces,equal_duration_50_bins,PASS,,
-ri04Z7vwnc_2,vision,45,5.4270000000000005,5.5476,1,1,mean_valid_faces,equal_duration_50_bins,PASS,,
-ri04Z7vwnc_2,vision,46,5.5476,5.668200000000001,1,1,mean_valid_faces,equal_duration_50_bins,PASS,,
-ri04Z7vwnc_2,vision,47,5.668200000000001,5.7888,1,1,mean_valid_faces,equal_duration_50_bins,PASS,,
-ri04Z7vwnc_2,vision,48,5.7888,5.909400000000001,1,1,mean_valid_faces,equal_duration_50_bins,PASS,,
-ri04Z7vwnc_2,vision,49,5.909400000000001,6.03,1,1,mean_valid_faces,equal_duration_50_bins,PASS,,
-ri04Z7vwnc_5,vision,0,0.0,0.071,1,1,mean_valid_faces,equal_duration_50_bins,PASS,,
-ri04Z7vwnc_5,vision,1,0.071,0.142,1,1,mean_valid_faces,equal_duration_50_bins,PASS,,
-ri04Z7vwnc_5,vision,2,0.142,0.21299999999999997,1,1,mean_valid_faces,equal_duration_50_bins,PASS,,
-ri04Z7vwnc_5,vision,3,0.21299999999999997,0.284,0,0,mean_valid_faces,equal_duration_50_bins,PASS,,
-ri04Z7vwnc_5,vision,4,0.284,0.355,1,1,mean_valid_faces,equal_duration_50_bins,PASS,,
-ri04Z7vwnc_5,vision,5,0.355,0.42599999999999993,1,1,mean_valid_faces,equal_duration_50_bins,PASS,,
-ri04Z7vwnc_5,vision,6,0.42599999999999993,0.49699999999999994,0,0,mean_valid_faces,equal_duration_50_bins,PASS,,
-ri04Z7vwnc_5,vision,7,0.49699999999999994,0.568,1,1,mean_valid_faces,equal_duration_50_bins,PASS,,
-ri04Z7vwnc_5,vision,8,0.568,0.639,1,1,mean_valid_faces,equal_duration_50_bins,PASS,,
-ri04Z7vwnc_5,vision,9,0.639,0.71,1,1,mean_valid_faces,equal_duration_50_bins,PASS,,
-ri04Z7vwnc_5,vision,10,0.71,0.7809999999999999,0,0,mean_valid_faces,equal_duration_50_bins,PASS,,
-ri04Z7vwnc_5,vision,11,0.7809999999999999,0.8519999999999999,1,1,mean_valid_faces,equal_duration_50_bins,PASS,,
-ri04Z7vwnc_5,vision,12,0.8519999999999999,0.9229999999999999,1,1,mean_valid_faces,equal_duration_50_bins,PASS,,
-ri04Z7vwnc_5,vision,13,0.9229999999999999,0.9939999999999999,0,0,mean_valid_faces,equal_duration_50_bins,PASS,,
-ri04Z7vwnc_5,vision,14,0.9939999999999999,1.065,1,1,mean_valid_faces,equal_duration_50_bins,PASS,,
-ri04Z7vwnc_5,vision,15,1.065,1.136,1,1,mean_valid_faces,equal_duration_50_bins,PASS,,
-ri04Z7vwnc_5,vision,16,1.136,1.2069999999999999,0,0,mean_valid_faces,equal_duration_50_bins,PASS,,
-ri04Z7vwnc_5,vision,17,1.2069999999999999,1.278,1,1,mean_valid_faces,equal_duration_50_bins,PASS,,
-ri04Z7vwnc_5,vision,18,1.278,1.349,1,1,mean_valid_faces,equal_duration_50_bins,PASS,,
-ri04Z7vwnc_5,vision,19,1.349,1.42,1,1,mean_valid_faces,equal_duration_50_bins,PASS,,
-ri04Z7vwnc_5,vision,20,1.42,1.4909999999999999,0,0,mean_valid_faces,equal_duration_50_bins,PASS,,
-ri04Z7vwnc_5,vision,21,1.4909999999999999,1.5619999999999998,1,1,mean_valid_faces,equal_duration_50_bins,PASS,,
-ri04Z7vwnc_5,vision,22,1.5619999999999998,1.6329999999999998,1,1,mean_valid_faces,equal_duration_50_bins,PASS,,
-ri04Z7vwnc_5,vision,23,1.6329999999999998,1.7039999999999997,0,0,mean_valid_faces,equal_duration_50_bins,PASS,,
-ri04Z7vwnc_5,vision,24,1.7039999999999997,1.775,1,1,mean_valid_faces,equal_duration_50_bins,PASS,,
-ri04Z7vwnc_5,vision,25,1.775,1.8459999999999999,1,1,mean_valid_faces,equal_duration_50_bins,PASS,,
-ri04Z7vwnc_5,vision,26,1.8459999999999999,1.9169999999999998,0,0,mean_valid_faces,equal_duration_50_bins,PASS,,
-ri04Z7vwnc_5,vision,27,1.9169999999999998,1.9879999999999998,1,1,mean_valid_faces,equal_duration_50_bins,PASS,,
-ri04Z7vwnc_5,vision,28,1.9879999999999998,2.0589999999999997,1,1,mean_valid_faces,equal_duration_50_bins,PASS,,
-ri04Z7vwnc_5,vision,29,2.0589999999999997,2.13,1,1,mean_valid_faces,equal_duration_50_bins,PASS,,
-ri04Z7vwnc_5,vision,30,2.13,2.201,0,0,mean_valid_faces,equal_duration_50_bins,PASS,,
-ri04Z7vwnc_5,vision,31,2.201,2.272,1,1,mean_valid_faces,equal_duration_50_bins,PASS,,
-ri04Z7vwnc_5,vision,32,2.272,2.343,1,1,mean_valid_faces,equal_duration_50_bins,PASS,,
-ri04Z7vwnc_5,vision,33,2.343,2.4139999999999997,0,0,mean_valid_faces,equal_duration_50_bins,PASS,,
-ri04Z7vwnc_5,vision,34,2.4139999999999997,2.485,1,1,mean_valid_faces,equal_duration_50_bins,PASS,,
-ri04Z7vwnc_5,vision,35,2.485,2.556,1,1,mean_valid_faces,equal_duration_50_bins,PASS,,
-ri04Z7vwnc_5,vision,36,2.556,2.627,0,0,mean_valid_faces,equal_duration_50_bins,PASS,,
-ri04Z7vwnc_5,vision,37,2.627,2.698,1,1,mean_valid_faces,equal_duration_50_bins,PASS,,
-ri04Z7vwnc_5,vision,38,2.698,2.7689999999999997,1,1,mean_valid_faces,equal_duration_50_bins,PASS,,
-ri04Z7vwnc_5,vision,39,2.7689999999999997,2.84,1,1,mean_valid_faces,equal_duration_50_bins,PASS,,
-ri04Z7vwnc_5,vision,40,2.84,2.9109999999999996,0,0,mean_valid_faces,equal_duration_50_bins,PASS,,
-ri04Z7vwnc_5,vision,41,2.9109999999999996,2.9819999999999998,1,1,mean_valid_faces,equal_duration_50_bins,PASS,,
-ri04Z7vwnc_5,vision,42,2.9819999999999998,3.053,1,1,mean_valid_faces,equal_duration_50_bins,PASS,,
-ri04Z7vwnc_5,vision,43,3.053,3.1239999999999997,0,0,mean_valid_faces,equal_duration_50_bins,PASS,,
-ri04Z7vwnc_5,vision,44,3.1239999999999997,3.195,1,1,mean_valid_faces,equal_duration_50_bins,PASS,,
-ri04Z7vwnc_5,vision,45,3.195,3.2659999999999996,1,1,mean_valid_faces,equal_duration_50_bins,PASS,,
-ri04Z7vwnc_5,vision,46,3.2659999999999996,3.3369999999999997,1,1,mean_valid_faces,equal_duration_50_bins,PASS,,
-ri04Z7vwnc_5,vision,47,3.3369999999999997,3.4079999999999995,0,0,mean_valid_faces,equal_duration_50_bins,PASS,,
-ri04Z7vwnc_5,vision,48,3.4079999999999995,3.4789999999999996,1,1,mean_valid_faces,equal_duration_50_bins,PASS,,
-ri04Z7vwnc_5,vision,49,3.4789999999999996,3.55,0,0,mean_valid_faces,equal_duration_50_bins,PASS,,
-s9qJ7ATP7w_1,vision,0,0.0,0.0958,1,1,mean_valid_faces,equal_duration_50_bins,PASS,,
-s9qJ7ATP7w_1,vision,1,0.0958,0.1916,1,1,mean_valid_faces,equal_duration_50_bins,PASS,,
-s9qJ7ATP7w_1,vision,2,0.1916,0.28740000000000004,1,1,mean_valid_faces,equal_duration_50_bins,PASS,,
-s9qJ7ATP7w_1,vision,3,0.28740000000000004,0.3832,1,1,mean_valid_faces,equal_duration_50_bins,PASS,,
-s9qJ7ATP7w_1,vision,4,0.3832,0.479,1,1,mean_valid_faces,equal_duration_50_bins,PASS,,
-s9qJ7ATP7w_1,vision,5,0.479,0.5748000000000001,1,1,mean_valid_faces,equal_duration_50_bins,PASS,,
-s9qJ7ATP7w_1,vision,6,0.5748000000000001,0.6706,1,1,mean_valid_faces,equal_duration_50_bins,PASS,,
-s9qJ7ATP7w_1,vision,7,0.6706,0.7664,1,1,mean_valid_faces,equal_duration_50_bins,PASS,,
-s9qJ7ATP7w_1,vision,8,0.7664,0.8622,1,1,mean_valid_faces,equal_duration_50_bins,PASS,,
-s9qJ7ATP7w_1,vision,9,0.8622,0.958,1,1,mean_valid_faces,equal_duration_50_bins,PASS,,
-s9qJ7ATP7w_1,vision,10,0.958,1.0537999999999998,1,1,mean_valid_faces,equal_duration_50_bins,PASS,,
-s9qJ7ATP7w_1,vision,11,1.0537999999999998,1.1496000000000002,1,1,mean_valid_faces,equal_duration_50_bins,PASS,,
-s9qJ7ATP7w_1,vision,12,1.1496000000000002,1.2454,1,1,mean_valid_faces,equal_duration_50_bins,PASS,,
-s9qJ7ATP7w_1,vision,13,1.2454,1.3412,1,1,mean_valid_faces,equal_duration_50_bins,PASS,,
-s9qJ7ATP7w_1,vision,14,1.3412,1.4369999999999998,1,1,mean_valid_faces,equal_duration_50_bins,PASS,,
-s9qJ7ATP7w_1,vision,15,1.4369999999999998,1.5328,1,1,mean_valid_faces,equal_duration_50_bins,PASS,,
-s9qJ7ATP7w_1,vision,16,1.5328,1.6286,1,1,mean_valid_faces,equal_duration_50_bins,PASS,,
-s9qJ7ATP7w_1,vision,17,1.6286,1.7244,1,1,mean_valid_faces,equal_duration_50_bins,PASS,,
-s9qJ7ATP7w_1,vision,18,1.7244,1.8202,1,1,mean_valid_faces,equal_duration_50_bins,PASS,,
-s9qJ7ATP7w_1,vision,19,1.8202,1.916,1,1,mean_valid_faces,equal_duration_50_bins,PASS,,
-s9qJ7ATP7w_1,vision,20,1.916,2.0118,1,1,mean_valid_faces,equal_duration_50_bins,PASS,,
-s9qJ7ATP7w_1,vision,21,2.0118,2.1075999999999997,1,1,mean_valid_faces,equal_duration_50_bins,PASS,,
-s9qJ7ATP7w_1,vision,22,2.1075999999999997,2.2034000000000002,1,1,mean_valid_faces,equal_duration_50_bins,PASS,,
-s9qJ7ATP7w_1,vision,23,2.2034000000000002,2.2992000000000004,0,0,mean_valid_faces,equal_duration_50_bins,PASS,,
-s9qJ7ATP7w_1,vision,24,2.2992000000000004,2.395,1,1,mean_valid_faces,equal_duration_50_bins,PASS,,
-s9qJ7ATP7w_1,vision,25,2.395,2.4908,1,1,mean_valid_faces,equal_duration_50_bins,PASS,,
-s9qJ7ATP7w_1,vision,26,2.4908,2.5866000000000002,1,1,mean_valid_faces,equal_duration_50_bins,PASS,,
-s9qJ7ATP7w_1,vision,27,2.5866000000000002,2.6824,1,1,mean_valid_faces,equal_duration_50_bins,PASS,,
-s9qJ7ATP7w_1,vision,28,2.6824,2.7782,1,1,mean_valid_faces,equal_duration_50_bins,PASS,,
-s9qJ7ATP7w_1,vision,29,2.7782,2.8739999999999997,1,1,mean_valid_faces,equal_duration_50_bins,PASS,,
-s9qJ7ATP7w_1,vision,30,2.8739999999999997,2.9698,1,1,mean_valid_faces,equal_duration_50_bins,PASS,,
-s9qJ7ATP7w_1,vision,31,2.9698,3.0656,1,1,mean_valid_faces,equal_duration_50_bins,PASS,,
-s9qJ7ATP7w_1,vision,32,3.0656,3.1614,1,1,mean_valid_faces,equal_duration_50_bins,PASS,,
-s9qJ7ATP7w_1,vision,33,3.1614,3.2572,1,1,mean_valid_faces,equal_duration_50_bins,PASS,,
-s9qJ7ATP7w_1,vision,34,3.2572,3.353,1,1,mean_valid_faces,equal_duration_50_bins,PASS,,
-s9qJ7ATP7w_1,vision,35,3.353,3.4488,1,1,mean_valid_faces,equal_duration_50_bins,PASS,,
-s9qJ7ATP7w_1,vision,36,3.4488,3.5446,1,1,mean_valid_faces,equal_duration_50_bins,PASS,,
-s9qJ7ATP7w_1,vision,37,3.5446,3.6404,1,1,mean_valid_faces,equal_duration_50_bins,PASS,,
-s9qJ7ATP7w_1,vision,38,3.6404,3.7362,1,1,mean_valid_faces,equal_duration_50_bins,PASS,,
-s9qJ7ATP7w_1,vision,39,3.7362,3.832,1,1,mean_valid_faces,equal_duration_50_bins,PASS,,
-s9qJ7ATP7w_1,vision,40,3.832,3.9278000000000004,1,1,mean_valid_faces,equal_duration_50_bins,PASS,,
-s9qJ7ATP7w_1,vision,41,3.9278000000000004,4.0236,1,1,mean_valid_faces,equal_duration_50_bins,PASS,,
-s9qJ7ATP7w_1,vision,42,4.0236,4.1194,1,1,mean_valid_faces,equal_duration_50_bins,PASS,,
-s9qJ7ATP7w_1,vision,43,4.1194,4.215199999999999,1,1,mean_valid_faces,equal_duration_50_bins,PASS,,
-s9qJ7ATP7w_1,vision,44,4.215199999999999,4.311,1,1,mean_valid_faces,equal_duration_50_bins,PASS,,
-s9qJ7ATP7w_1,vision,45,4.311,4.4068000000000005,1,1,mean_valid_faces,equal_duration_50_bins,PASS,,
-s9qJ7ATP7w_1,vision,46,4.4068000000000005,4.5026,1,1,mean_valid_faces,equal_duration_50_bins,PASS,,
-s9qJ7ATP7w_1,vision,47,4.5026,4.598400000000001,0,0,mean_valid_faces,equal_duration_50_bins,PASS,,
-s9qJ7ATP7w_1,vision,48,4.598400000000001,4.6942,1,1,mean_valid_faces,equal_duration_50_bins,PASS,,
-s9qJ7ATP7w_1,vision,49,4.6942,4.79,1,1,mean_valid_faces,equal_duration_50_bins,PASS,,
-s9qJ7ATP7w_0,vision,0,0.0,0.136,2,1,mean_valid_faces,equal_duration_50_bins,PASS,,
-s9qJ7ATP7w_0,vision,1,0.136,0.272,1,1,mean_valid_faces,equal_duration_50_bins,PASS,,
-s9qJ7ATP7w_0,vision,2,0.272,0.408,2,1,mean_valid_faces,equal_duration_50_bins,PASS,,
-s9qJ7ATP7w_0,vision,3,0.408,0.544,1,1,mean_valid_faces,equal_duration_50_bins,PASS,,
-s9qJ7ATP7w_0,vision,4,0.544,0.68,1,1,mean_valid_faces,equal_duration_50_bins,PASS,,
-s9qJ7ATP7w_0,vision,5,0.68,0.816,2,1,mean_valid_faces,equal_duration_50_bins,PASS,,
-s9qJ7ATP7w_0,vision,6,0.816,0.9520000000000001,1,1,mean_valid_faces,equal_duration_50_bins,PASS,,
-s9qJ7ATP7w_0,vision,7,0.9520000000000001,1.088,1,1,mean_valid_faces,equal_duration_50_bins,PASS,,
-s9qJ7ATP7w_0,vision,8,1.088,1.224,2,1,mean_valid_faces,equal_duration_50_bins,PASS,,
-s9qJ7ATP7w_0,vision,9,1.224,1.36,1,1,mean_valid_faces,equal_duration_50_bins,PASS,,
-s9qJ7ATP7w_0,vision,10,1.36,1.496,1,1,mean_valid_faces,equal_duration_50_bins,PASS,,
-s9qJ7ATP7w_0,vision,11,1.496,1.632,2,1,mean_valid_faces,equal_duration_50_bins,PASS,,
-s9qJ7ATP7w_0,vision,12,1.632,1.7679999999999998,1,1,mean_valid_faces,equal_duration_50_bins,PASS,,
-s9qJ7ATP7w_0,vision,13,1.7679999999999998,1.9040000000000001,2,1,mean_valid_faces,equal_duration_50_bins,PASS,,
-s9qJ7ATP7w_0,vision,14,1.9040000000000001,2.04,1,1,mean_valid_faces,equal_duration_50_bins,PASS,,
-s9qJ7ATP7w_0,vision,15,2.04,2.176,0,0,mean_valid_faces,equal_duration_50_bins,PASS,,
-s9qJ7ATP7w_0,vision,16,2.176,2.312,2,1,mean_valid_faces,equal_duration_50_bins,PASS,,
-s9qJ7ATP7w_0,vision,17,2.312,2.448,1,1,mean_valid_faces,equal_duration_50_bins,PASS,,
-s9qJ7ATP7w_0,vision,18,2.448,2.5839999999999996,1,1,mean_valid_faces,equal_duration_50_bins,PASS,,
-s9qJ7ATP7w_0,vision,19,2.5839999999999996,2.72,2,1,mean_valid_faces,equal_duration_50_bins,PASS,,
-s9qJ7ATP7w_0,vision,20,2.72,2.856,1,1,mean_valid_faces,equal_duration_50_bins,PASS,,
-s9qJ7ATP7w_0,vision,21,2.856,2.992,1,1,mean_valid_faces,equal_duration_50_bins,PASS,,
-s9qJ7ATP7w_0,vision,22,2.992,3.128,2,1,mean_valid_faces,equal_duration_50_bins,PASS,,
-s9qJ7ATP7w_0,vision,23,3.128,3.264,1,1,mean_valid_faces,equal_duration_50_bins,PASS,,
-s9qJ7ATP7w_0,vision,24,3.264,3.4,1,1,mean_valid_faces,equal_duration_50_bins,PASS,,
-s9qJ7ATP7w_0,vision,25,3.4,3.5359999999999996,2,1,mean_valid_faces,equal_duration_50_bins,PASS,,
-s9qJ7ATP7w_0,vision,26,3.5359999999999996,3.6719999999999997,1,1,mean_valid_faces,equal_duration_50_bins,PASS,,
-s9qJ7ATP7w_0,vision,27,3.6719999999999997,3.8080000000000003,2,1,mean_valid_faces,equal_duration_50_bins,PASS,,
-s9qJ7ATP7w_0,vision,28,3.8080000000000003,3.944,1,1,mean_valid_faces,equal_duration_50_bins,PASS,,
-s9qJ7ATP7w_0,vision,29,3.944,4.08,1,1,mean_valid_faces,equal_duration_50_bins,PASS,,
-s9qJ7ATP7w_0,vision,30,4.08,4.215999999999999,2,1,mean_valid_faces,equal_duration_50_bins,PASS,,
-s9qJ7ATP7w_0,vision,31,4.215999999999999,4.352,1,1,mean_valid_faces,equal_duration_50_bins,PASS,,
-s9qJ7ATP7w_0,vision,32,4.352,4.488,1,1,mean_valid_faces,equal_duration_50_bins,PASS,,
-s9qJ7ATP7w_0,vision,33,4.488,4.624,2,1,mean_valid_faces,equal_duration_50_bins,PASS,,
-s9qJ7ATP7w_0,vision,34,4.624,4.76,1,1,mean_valid_faces,equal_duration_50_bins,PASS,,
-s9qJ7ATP7w_0,vision,35,4.76,4.896,1,1,mean_valid_faces,equal_duration_50_bins,PASS,,
-s9qJ7ATP7w_0,vision,36,4.896,5.032,2,1,mean_valid_faces,equal_duration_50_bins,PASS,,
-s9qJ7ATP7w_0,vision,37,5.032,5.167999999999999,1,1,mean_valid_faces,equal_duration_50_bins,PASS,,
-s9qJ7ATP7w_0,vision,38,5.167999999999999,5.303999999999999,2,1,mean_valid_faces,equal_duration_50_bins,PASS,,
-s9qJ7ATP7w_0,vision,39,5.303999999999999,5.44,1,1,mean_valid_faces,equal_duration_50_bins,PASS,,
-s9qJ7ATP7w_0,vision,40,5.44,5.5760000000000005,1,1,mean_valid_faces,equal_duration_50_bins,PASS,,
-s9qJ7ATP7w_0,vision,41,5.5760000000000005,5.712,2,1,mean_valid_faces,equal_duration_50_bins,PASS,,
-s9qJ7ATP7w_0,vision,42,5.712,5.848,1,1,mean_valid_faces,equal_duration_50_bins,PASS,,
-s9qJ7ATP7w_0,vision,43,5.848,5.984,1,1,mean_valid_faces,equal_duration_50_bins,PASS,,
-s9qJ7ATP7w_0,vision,44,5.984,6.12,2,1,mean_valid_faces,equal_duration_50_bins,PASS,,
-s9qJ7ATP7w_0,vision,45,6.12,6.256,1,1,mean_valid_faces,equal_duration_50_bins,PASS,,
-s9qJ7ATP7w_0,vision,46,6.256,6.3919999999999995,1,1,mean_valid_faces,equal_duration_50_bins,PASS,,
-s9qJ7ATP7w_0,vision,47,6.3919999999999995,6.528,2,1,mean_valid_faces,equal_duration_50_bins,PASS,,
-s9qJ7ATP7w_0,vision,48,6.528,6.664,1,1,mean_valid_faces,equal_duration_50_bins,PASS,,
-s9qJ7ATP7w_0,vision,49,6.664,6.8,1,1,mean_valid_faces,equal_duration_50_bins,PASS,,
-s9qJ7ATP7w_5,vision,0,0.0,0.17120000000000002,2,1,mean_valid_faces,equal_duration_50_bins,PASS,,
-s9qJ7ATP7w_5,vision,1,0.17120000000000002,0.34240000000000004,2,1,mean_valid_faces,equal_duration_50_bins,PASS,,
-s9qJ7ATP7w_5,vision,2,0.34240000000000004,0.5136,2,1,mean_valid_faces,equal_duration_50_bins,PASS,,
-s9qJ7ATP7w_5,vision,3,0.5136,0.6848000000000001,1,1,mean_valid_faces,equal_duration_50_bins,PASS,,
-s9qJ7ATP7w_5,vision,4,0.6848000000000001,0.8560000000000001,2,1,mean_valid_faces,equal_duration_50_bins,PASS,,
-s9qJ7ATP7w_5,vision,5,0.8560000000000001,1.0272,2,1,mean_valid_faces,equal_duration_50_bins,PASS,,
-s9qJ7ATP7w_5,vision,6,1.0272,1.1984000000000001,1,1,mean_valid_faces,equal_duration_50_bins,PASS,,
-s9qJ7ATP7w_5,vision,7,1.1984000000000001,1.3696000000000002,2,1,mean_valid_faces,equal_duration_50_bins,PASS,,
-s9qJ7ATP7w_5,vision,8,1.3696000000000002,1.5408000000000002,2,1,mean_valid_faces,equal_duration_50_bins,PASS,,
-s9qJ7ATP7w_5,vision,9,1.5408000000000002,1.7120000000000002,2,1,mean_valid_faces,equal_duration_50_bins,PASS,,
-s9qJ7ATP7w_5,vision,10,1.7120000000000002,1.8832000000000002,1,1,mean_valid_faces,equal_duration_50_bins,PASS,,
-s9qJ7ATP7w_5,vision,11,1.8832000000000002,2.0544,2,1,mean_valid_faces,equal_duration_50_bins,PASS,,
-s9qJ7ATP7w_5,vision,12,2.0544,2.2256,2,1,mean_valid_faces,equal_duration_50_bins,PASS,,
-s9qJ7ATP7w_5,vision,13,2.2256,2.3968000000000003,1,1,mean_valid_faces,equal_duration_50_bins,PASS,,
-s9qJ7ATP7w_5,vision,14,2.3968000000000003,2.568,2,1,mean_valid_faces,equal_duration_50_bins,PASS,,
-s9qJ7ATP7w_5,vision,15,2.568,2.7392000000000003,2,1,mean_valid_faces,equal_duration_50_bins,PASS,,
-s9qJ7ATP7w_5,vision,16,2.7392000000000003,2.9104,2,1,mean_valid_faces,equal_duration_50_bins,PASS,,
-s9qJ7ATP7w_5,vision,17,2.9104,3.0816000000000003,1,1,mean_valid_faces,equal_duration_50_bins,PASS,,
-s9qJ7ATP7w_5,vision,18,3.0816000000000003,3.2528,2,1,mean_valid_faces,equal_duration_50_bins,PASS,,
-s9qJ7ATP7w_5,vision,19,3.2528,3.4240000000000004,2,1,mean_valid_faces,equal_duration_50_bins,PASS,,
-s9qJ7ATP7w_5,vision,20,3.4240000000000004,3.5952,1,1,mean_valid_faces,equal_duration_50_bins,PASS,,
-s9qJ7ATP7w_5,vision,21,3.5952,3.7664000000000004,2,1,mean_valid_faces,equal_duration_50_bins,PASS,,
-s9qJ7ATP7w_5,vision,22,3.7664000000000004,3.9376000000000007,2,1,mean_valid_faces,equal_duration_50_bins,PASS,,
-s9qJ7ATP7w_5,vision,23,3.9376000000000007,4.1088,2,1,mean_valid_faces,equal_duration_50_bins,PASS,,
-s9qJ7ATP7w_5,vision,24,4.1088,4.28,1,1,mean_valid_faces,equal_duration_50_bins,PASS,,
-s9qJ7ATP7w_5,vision,25,4.28,4.4512,2,1,mean_valid_faces,equal_duration_50_bins,PASS,,
-s9qJ7ATP7w_5,vision,26,4.4512,4.6224,2,1,mean_valid_faces,equal_duration_50_bins,PASS,,
-s9qJ7ATP7w_5,vision,27,4.6224,4.7936000000000005,1,1,mean_valid_faces,equal_duration_50_bins,PASS,,
-s9qJ7ATP7w_5,vision,28,4.7936000000000005,4.9648,2,1,mean_valid_faces,equal_duration_50_bins,PASS,,
-s9qJ7ATP7w_5,vision,29,4.9648,5.136,2,1,mean_valid_faces,equal_duration_50_bins,PASS,,
-s9qJ7ATP7w_5,vision,30,5.136,5.3072,2,1,mean_valid_faces,equal_duration_50_bins,PASS,,
-s9qJ7ATP7w_5,vision,31,5.3072,5.478400000000001,1,1,mean_valid_faces,equal_duration_50_bins,PASS,,
-s9qJ7ATP7w_5,vision,32,5.478400000000001,5.6496,2,1,mean_valid_faces,equal_duration_50_bins,PASS,,
-s9qJ7ATP7w_5,vision,33,5.6496,5.8208,2,1,mean_valid_faces,equal_duration_50_bins,PASS,,
-s9qJ7ATP7w_5,vision,34,5.8208,5.992000000000001,1,1,mean_valid_faces,equal_duration_50_bins,PASS,,
-s9qJ7ATP7w_5,vision,35,5.992000000000001,6.163200000000001,2,1,mean_valid_faces,equal_duration_50_bins,PASS,,
-s9qJ7ATP7w_5,vision,36,6.163200000000001,6.3344000000000005,2,1,mean_valid_faces,equal_duration_50_bins,PASS,,
-s9qJ7ATP7w_5,vision,37,6.3344000000000005,6.5056,2,1,mean_valid_faces,equal_duration_50_bins,PASS,,
-s9qJ7ATP7w_5,vision,38,6.5056,6.676800000000001,1,1,mean_valid_faces,equal_duration_50_bins,PASS,,
-s9qJ7ATP7w_5,vision,39,6.676800000000001,6.848000000000001,2,1,mean_valid_faces,equal_duration_50_bins,PASS,,
-s9qJ7ATP7w_5,vision,40,6.848000000000001,7.0192000000000005,2,1,mean_valid_faces,equal_duration_50_bins,PASS,,
-s9qJ7ATP7w_5,vision,41,7.0192000000000005,7.1904,1,1,mean_valid_faces,equal_duration_50_bins,PASS,,
-s9qJ7ATP7w_5,vision,42,7.1904,7.361600000000001,2,1,mean_valid_faces,equal_duration_50_bins,PASS,,
-s9qJ7ATP7w_5,vision,43,7.361600000000001,7.532800000000001,2,1,mean_valid_faces,equal_duration_50_bins,PASS,,
-s9qJ7ATP7w_5,vision,44,7.532800000000001,7.704000000000001,2,1,mean_valid_faces,equal_duration_50_bins,PASS,,
-s9qJ7ATP7w_5,vision,45,7.704000000000001,7.875200000000001,1,1,mean_valid_faces,equal_duration_50_bins,PASS,,
-s9qJ7ATP7w_5,vision,46,7.875200000000001,8.0464,2,1,mean_valid_faces,equal_duration_50_bins,PASS,,
-s9qJ7ATP7w_5,vision,47,8.0464,8.2176,2,1,mean_valid_faces,equal_duration_50_bins,PASS,,
-s9qJ7ATP7w_5,vision,48,8.2176,8.3888,1,1,mean_valid_faces,equal_duration_50_bins,PASS,,
-s9qJ7ATP7w_5,vision,49,8.3888,8.56,1,1,mean_valid_faces,equal_duration_50_bins,PASS,,
-s9qJ7ATP7w_4,vision,0,0.0,0.0886,1,1,mean_valid_faces,equal_duration_50_bins,PASS,,
-s9qJ7ATP7w_4,vision,1,0.0886,0.1772,1,1,mean_valid_faces,equal_duration_50_bins,PASS,,
-s9qJ7ATP7w_4,vision,2,0.1772,0.2658,1,1,mean_valid_faces,equal_duration_50_bins,PASS,,
-s9qJ7ATP7w_4,vision,3,0.2658,0.3544,1,1,mean_valid_faces,equal_duration_50_bins,PASS,,
-s9qJ7ATP7w_4,vision,4,0.3544,0.44299999999999995,1,1,mean_valid_faces,equal_duration_50_bins,PASS,,
-s9qJ7ATP7w_4,vision,5,0.44299999999999995,0.5316,0,0,mean_valid_faces,equal_duration_50_bins,PASS,,
-s9qJ7ATP7w_4,vision,6,0.5316,0.6202,0,0,mean_valid_faces,equal_duration_50_bins,PASS,,
-s9qJ7ATP7w_4,vision,7,0.6202,0.7088,0,0,mean_valid_faces,equal_duration_50_bins,PASS,,
-s9qJ7ATP7w_4,vision,8,0.7088,0.7974,0,0,mean_valid_faces,equal_duration_50_bins,PASS,,
-s9qJ7ATP7w_4,vision,9,0.7974,0.8859999999999999,0,0,mean_valid_faces,equal_duration_50_bins,PASS,,
-s9qJ7ATP7w_4,vision,10,0.8859999999999999,0.9745999999999999,0,0,mean_valid_faces,equal_duration_50_bins,PASS,,
-s9qJ7ATP7w_4,vision,11,0.9745999999999999,1.0632,0,0,mean_valid_faces,equal_duration_50_bins,PASS,,
-s9qJ7ATP7w_4,vision,12,1.0632,1.1518,0,0,mean_valid_faces,equal_duration_50_bins,PASS,,
-s9qJ7ATP7w_4,vision,13,1.1518,1.2404,0,0,mean_valid_faces,equal_duration_50_bins,PASS,,
-s9qJ7ATP7w_4,vision,14,1.2404,1.3289999999999997,0,0,mean_valid_faces,equal_duration_50_bins,PASS,,
-s9qJ7ATP7w_4,vision,15,1.3289999999999997,1.4176,0,0,mean_valid_faces,equal_duration_50_bins,PASS,,
-s9qJ7ATP7w_4,vision,16,1.4176,1.5062,0,0,mean_valid_faces,equal_duration_50_bins,PASS,,
-s9qJ7ATP7w_4,vision,17,1.5062,1.5948,0,0,mean_valid_faces,equal_duration_50_bins,PASS,,
-s9qJ7ATP7w_4,vision,18,1.5948,1.6833999999999998,0,0,mean_valid_faces,equal_duration_50_bins,PASS,,
-s9qJ7ATP7w_4,vision,19,1.6833999999999998,1.7719999999999998,0,0,mean_valid_faces,equal_duration_50_bins,PASS,,
-s9qJ7ATP7w_4,vision,20,1.7719999999999998,1.8606,0,0,mean_valid_faces,equal_duration_50_bins,PASS,,
-s9qJ7ATP7w_4,vision,21,1.8606,1.9491999999999998,0,0,mean_valid_faces,equal_duration_50_bins,PASS,,
-s9qJ7ATP7w_4,vision,22,1.9491999999999998,2.0378,1,1,mean_valid_faces,equal_duration_50_bins,PASS,,
-s9qJ7ATP7w_4,vision,23,2.0378,2.1264,1,1,mean_valid_faces,equal_duration_50_bins,PASS,,
-s9qJ7ATP7w_4,vision,24,2.1264,2.215,1,1,mean_valid_faces,equal_duration_50_bins,PASS,,
-s9qJ7ATP7w_4,vision,25,2.215,2.3036,1,1,mean_valid_faces,equal_duration_50_bins,PASS,,
-s9qJ7ATP7w_4,vision,26,2.3036,2.3922,0,0,mean_valid_faces,equal_duration_50_bins,PASS,,
-s9qJ7ATP7w_4,vision,27,2.3922,2.4808,1,1,mean_valid_faces,equal_duration_50_bins,PASS,,
-s9qJ7ATP7w_4,vision,28,2.4808,2.5694,1,1,mean_valid_faces,equal_duration_50_bins,PASS,,
-s9qJ7ATP7w_4,vision,29,2.5694,2.6579999999999995,1,1,mean_valid_faces,equal_duration_50_bins,PASS,,
-s9qJ7ATP7w_4,vision,30,2.6579999999999995,2.7465999999999995,1,1,mean_valid_faces,equal_duration_50_bins,PASS,,
-s9qJ7ATP7w_4,vision,31,2.7465999999999995,2.8352,1,1,mean_valid_faces,equal_duration_50_bins,PASS,,
-s9qJ7ATP7w_4,vision,32,2.8352,2.9238,1,1,mean_valid_faces,equal_duration_50_bins,PASS,,
-s9qJ7ATP7w_4,vision,33,2.9238,3.0124,1,1,mean_valid_faces,equal_duration_50_bins,PASS,,
-s9qJ7ATP7w_4,vision,34,3.0124,3.1009999999999995,1,1,mean_valid_faces,equal_duration_50_bins,PASS,,
-s9qJ7ATP7w_4,vision,35,3.1009999999999995,3.1896,0,0,mean_valid_faces,equal_duration_50_bins,PASS,,
-s9qJ7ATP7w_4,vision,36,3.1896,3.2782,1,1,mean_valid_faces,equal_duration_50_bins,PASS,,
-s9qJ7ATP7w_4,vision,37,3.2782,3.3667999999999996,1,1,mean_valid_faces,equal_duration_50_bins,PASS,,
-s9qJ7ATP7w_4,vision,38,3.3667999999999996,3.4553999999999996,1,1,mean_valid_faces,equal_duration_50_bins,PASS,,
-s9qJ7ATP7w_4,vision,39,3.4553999999999996,3.5439999999999996,1,1,mean_valid_faces,equal_duration_50_bins,PASS,,
-s9qJ7ATP7w_4,vision,40,3.5439999999999996,3.6326,1,1,mean_valid_faces,equal_duration_50_bins,PASS,,
-s9qJ7ATP7w_4,vision,41,3.6326,3.7212,1,1,mean_valid_faces,equal_duration_50_bins,PASS,,
-s9qJ7ATP7w_4,vision,42,3.7212,3.8097999999999996,1,1,mean_valid_faces,equal_duration_50_bins,PASS,,
-s9qJ7ATP7w_4,vision,43,3.8097999999999996,3.8983999999999996,0,0,mean_valid_faces,equal_duration_50_bins,PASS,,
-s9qJ7ATP7w_4,vision,44,3.8983999999999996,3.987,1,1,mean_valid_faces,equal_duration_50_bins,PASS,,
-s9qJ7ATP7w_4,vision,45,3.987,4.0756,1,1,mean_valid_faces,equal_duration_50_bins,PASS,,
-s9qJ7ATP7w_4,vision,46,4.0756,4.164199999999999,1,1,mean_valid_faces,equal_duration_50_bins,PASS,,
-s9qJ7ATP7w_4,vision,47,4.164199999999999,4.2528,1,1,mean_valid_faces,equal_duration_50_bins,PASS,,
-s9qJ7ATP7w_4,vision,48,4.2528,4.3414,0,0,mean_valid_faces,equal_duration_50_bins,PASS,,
-s9qJ7ATP7w_4,vision,49,4.3414,4.43,1,1,mean_valid_faces,equal_duration_50_bins,PASS,,
-s9qJ7ATP7w_7,vision,0,0.0,0.1394,2,1,mean_valid_faces,equal_duration_50_bins,PASS,,
-s9qJ7ATP7w_7,vision,1,0.1394,0.2788,0,0,mean_valid_faces,equal_duration_50_bins,PASS,,
-s9qJ7ATP7w_7,vision,2,0.2788,0.4182,0,0,mean_valid_faces,equal_duration_50_bins,PASS,,
-s9qJ7ATP7w_7,vision,3,0.4182,0.5576,0,0,mean_valid_faces,equal_duration_50_bins,PASS,,
-s9qJ7ATP7w_7,vision,4,0.5576,0.6970000000000001,0,0,mean_valid_faces,equal_duration_50_bins,PASS,,
-s9qJ7ATP7w_7,vision,5,0.6970000000000001,0.8364,0,0,mean_valid_faces,equal_duration_50_bins,PASS,,
-s9qJ7ATP7w_7,vision,6,0.8364,0.9758,0,0,mean_valid_faces,equal_duration_50_bins,PASS,,
-s9qJ7ATP7w_7,vision,7,0.9758,1.1152,0,0,mean_valid_faces,equal_duration_50_bins,PASS,,
-s9qJ7ATP7w_7,vision,8,1.1152,1.2546,0,0,mean_valid_faces,equal_duration_50_bins,PASS,,
-s9qJ7ATP7w_7,vision,9,1.2546,1.3940000000000001,0,0,mean_valid_faces,equal_duration_50_bins,PASS,,
-s9qJ7ATP7w_7,vision,10,1.3940000000000001,1.5334,0,0,mean_valid_faces,equal_duration_50_bins,PASS,,
-s9qJ7ATP7w_7,vision,11,1.5334,1.6728,0,0,mean_valid_faces,equal_duration_50_bins,PASS,,
-s9qJ7ATP7w_7,vision,12,1.6728,1.8122,0,0,mean_valid_faces,equal_duration_50_bins,PASS,,
-s9qJ7ATP7w_7,vision,13,1.8122,1.9516,0,0,mean_valid_faces,equal_duration_50_bins,PASS,,
-s9qJ7ATP7w_7,vision,14,1.9516,2.0909999999999997,0,0,mean_valid_faces,equal_duration_50_bins,PASS,,
-s9qJ7ATP7w_7,vision,15,2.0909999999999997,2.2304,0,0,mean_valid_faces,equal_duration_50_bins,PASS,,
-s9qJ7ATP7w_7,vision,16,2.2304,2.3697999999999997,0,0,mean_valid_faces,equal_duration_50_bins,PASS,,
-s9qJ7ATP7w_7,vision,17,2.3697999999999997,2.5092,0,0,mean_valid_faces,equal_duration_50_bins,PASS,,
-s9qJ7ATP7w_7,vision,18,2.5092,2.6486,0,0,mean_valid_faces,equal_duration_50_bins,PASS,,
-s9qJ7ATP7w_7,vision,19,2.6486,2.7880000000000003,0,0,mean_valid_faces,equal_duration_50_bins,PASS,,
-s9qJ7ATP7w_7,vision,20,2.7880000000000003,2.9274,0,0,mean_valid_faces,equal_duration_50_bins,PASS,,
-s9qJ7ATP7w_7,vision,21,2.9274,3.0668,0,0,mean_valid_faces,equal_duration_50_bins,PASS,,
-s9qJ7ATP7w_7,vision,22,3.0668,3.2062,1,1,mean_valid_faces,equal_duration_50_bins,PASS,,
-s9qJ7ATP7w_7,vision,23,3.2062,3.3456,1,1,mean_valid_faces,equal_duration_50_bins,PASS,,
-s9qJ7ATP7w_7,vision,24,3.3456,3.485,1,1,mean_valid_faces,equal_duration_50_bins,PASS,,
-s9qJ7ATP7w_7,vision,25,3.485,3.6244,2,1,mean_valid_faces,equal_duration_50_bins,PASS,,
-s9qJ7ATP7w_7,vision,26,3.6244,3.7638,1,1,mean_valid_faces,equal_duration_50_bins,PASS,,
-s9qJ7ATP7w_7,vision,27,3.7638,3.9032,2,1,mean_valid_faces,equal_duration_50_bins,PASS,,
-s9qJ7ATP7w_7,vision,28,3.9032,4.0426,1,1,mean_valid_faces,equal_duration_50_bins,PASS,,
-s9qJ7ATP7w_7,vision,29,4.0426,4.1819999999999995,1,1,mean_valid_faces,equal_duration_50_bins,PASS,,
-s9qJ7ATP7w_7,vision,30,4.1819999999999995,4.3214,2,1,mean_valid_faces,equal_duration_50_bins,PASS,,
-s9qJ7ATP7w_7,vision,31,4.3214,4.4608,1,1,mean_valid_faces,equal_duration_50_bins,PASS,,
-s9qJ7ATP7w_7,vision,32,4.4608,4.6002,2,1,mean_valid_faces,equal_duration_50_bins,PASS,,
-s9qJ7ATP7w_7,vision,33,4.6002,4.739599999999999,1,1,mean_valid_faces,equal_duration_50_bins,PASS,,
-s9qJ7ATP7w_7,vision,34,4.739599999999999,4.879,1,1,mean_valid_faces,equal_duration_50_bins,PASS,,
-s9qJ7ATP7w_7,vision,35,4.879,5.0184,2,1,mean_valid_faces,equal_duration_50_bins,PASS,,
-s9qJ7ATP7w_7,vision,36,5.0184,5.1578,1,1,mean_valid_faces,equal_duration_50_bins,PASS,,
-s9qJ7ATP7w_7,vision,37,5.1578,5.2972,1,1,mean_valid_faces,equal_duration_50_bins,PASS,,
-s9qJ7ATP7w_7,vision,38,5.2972,5.436599999999999,2,1,mean_valid_faces,equal_duration_50_bins,PASS,,
-s9qJ7ATP7w_7,vision,39,5.436599999999999,5.5760000000000005,1,1,mean_valid_faces,equal_duration_50_bins,PASS,,
-s9qJ7ATP7w_7,vision,40,5.5760000000000005,5.7154,2,1,mean_valid_faces,equal_duration_50_bins,PASS,,
-s9qJ7ATP7w_7,vision,41,5.7154,5.8548,1,1,mean_valid_faces,equal_duration_50_bins,PASS,,
-s9qJ7ATP7w_7,vision,42,5.8548,5.994199999999999,1,1,mean_valid_faces,equal_duration_50_bins,PASS,,
-s9qJ7ATP7w_7,vision,43,5.994199999999999,6.1336,2,1,mean_valid_faces,equal_duration_50_bins,PASS,,
-s9qJ7ATP7w_7,vision,44,6.1336,6.273,1,1,mean_valid_faces,equal_duration_50_bins,PASS,,
-s9qJ7ATP7w_7,vision,45,6.273,6.4124,2,1,mean_valid_faces,equal_duration_50_bins,PASS,,
-s9qJ7ATP7w_7,vision,46,6.4124,6.551799999999999,1,1,mean_valid_faces,equal_duration_50_bins,PASS,,
-s9qJ7ATP7w_7,vision,47,6.551799999999999,6.6912,1,1,mean_valid_faces,equal_duration_50_bins,PASS,,
-s9qJ7ATP7w_7,vision,48,6.6912,6.8306,2,1,mean_valid_faces,equal_duration_50_bins,PASS,,
-s9qJ7ATP7w_7,vision,49,6.8306,6.97,1,1,mean_valid_faces,equal_duration_50_bins,PASS,,
-s9qJ7ATP7w_6,vision,0,0.0,0.0496,1,1,mean_valid_faces,equal_duration_50_bins,PASS,,
-s9qJ7ATP7w_6,vision,1,0.0496,0.0992,0,0,mean_valid_faces,equal_duration_50_bins,PASS,,
-s9qJ7ATP7w_6,vision,2,0.0992,0.1488,1,1,mean_valid_faces,equal_duration_50_bins,PASS,,
-s9qJ7ATP7w_6,vision,3,0.1488,0.1984,0,0,mean_valid_faces,equal_duration_50_bins,PASS,,
-s9qJ7ATP7w_6,vision,4,0.1984,0.248,1,1,mean_valid_faces,equal_duration_50_bins,PASS,,
-s9qJ7ATP7w_6,vision,5,0.248,0.2976,0,0,mean_valid_faces,equal_duration_50_bins,PASS,,
-s9qJ7ATP7w_6,vision,6,0.2976,0.3472,1,1,mean_valid_faces,equal_duration_50_bins,PASS,,
-s9qJ7ATP7w_6,vision,7,0.3472,0.3968,0,0,mean_valid_faces,equal_duration_50_bins,PASS,,
-s9qJ7ATP7w_6,vision,8,0.3968,0.4464,1,1,mean_valid_faces,equal_duration_50_bins,PASS,,
-s9qJ7ATP7w_6,vision,9,0.4464,0.496,0,0,mean_valid_faces,equal_duration_50_bins,PASS,,
-s9qJ7ATP7w_6,vision,10,0.496,0.5456,1,1,mean_valid_faces,equal_duration_50_bins,PASS,,
-s9qJ7ATP7w_6,vision,11,0.5456,0.5952,0,0,mean_valid_faces,equal_duration_50_bins,PASS,,
-s9qJ7ATP7w_6,vision,12,0.5952,0.6448,1,1,mean_valid_faces,equal_duration_50_bins,PASS,,
-s9qJ7ATP7w_6,vision,13,0.6448,0.6944,0,0,mean_valid_faces,equal_duration_50_bins,PASS,,
-s9qJ7ATP7w_6,vision,14,0.6944,0.7440000000000001,1,1,mean_valid_faces,equal_duration_50_bins,PASS,,
-s9qJ7ATP7w_6,vision,15,0.7440000000000001,0.7936,0,0,mean_valid_faces,equal_duration_50_bins,PASS,,
-s9qJ7ATP7w_6,vision,16,0.7936,0.8432,1,1,mean_valid_faces,equal_duration_50_bins,PASS,,
-s9qJ7ATP7w_6,vision,17,0.8432,0.8928,0,0,mean_valid_faces,equal_duration_50_bins,PASS,,
-s9qJ7ATP7w_6,vision,18,0.8928,0.9423999999999999,1,1,mean_valid_faces,equal_duration_50_bins,PASS,,
-s9qJ7ATP7w_6,vision,19,0.9423999999999999,0.992,0,0,mean_valid_faces,equal_duration_50_bins,PASS,,
-s9qJ7ATP7w_6,vision,20,0.992,1.0415999999999999,1,1,mean_valid_faces,equal_duration_50_bins,PASS,,
-s9qJ7ATP7w_6,vision,21,1.0415999999999999,1.0912,0,0,mean_valid_faces,equal_duration_50_bins,PASS,,
-s9qJ7ATP7w_6,vision,22,1.0912,1.1408,1,1,mean_valid_faces,equal_duration_50_bins,PASS,,
-s9qJ7ATP7w_6,vision,23,1.1408,1.1904,0,0,mean_valid_faces,equal_duration_50_bins,PASS,,
-s9qJ7ATP7w_6,vision,24,1.1904,1.24,1,1,mean_valid_faces,equal_duration_50_bins,PASS,,
-s9qJ7ATP7w_6,vision,25,1.24,1.2896,0,0,mean_valid_faces,equal_duration_50_bins,PASS,,
-s9qJ7ATP7w_6,vision,26,1.2896,1.3392,1,1,mean_valid_faces,equal_duration_50_bins,PASS,,
-s9qJ7ATP7w_6,vision,27,1.3392,1.3888,0,0,mean_valid_faces,equal_duration_50_bins,PASS,,
-s9qJ7ATP7w_6,vision,28,1.3888,1.4384000000000001,1,1,mean_valid_faces,equal_duration_50_bins,PASS,,
-s9qJ7ATP7w_6,vision,29,1.4384000000000001,1.4880000000000002,0,0,mean_valid_faces,equal_duration_50_bins,PASS,,
-s9qJ7ATP7w_6,vision,30,1.4880000000000002,1.5375999999999999,1,1,mean_valid_faces,equal_duration_50_bins,PASS,,
-s9qJ7ATP7w_6,vision,31,1.5375999999999999,1.5872,0,0,mean_valid_faces,equal_duration_50_bins,PASS,,
-s9qJ7ATP7w_6,vision,32,1.5872,1.6368,1,1,mean_valid_faces,equal_duration_50_bins,PASS,,
-s9qJ7ATP7w_6,vision,33,1.6368,1.6864,0,0,mean_valid_faces,equal_duration_50_bins,PASS,,
-s9qJ7ATP7w_6,vision,34,1.6864,1.736,1,1,mean_valid_faces,equal_duration_50_bins,PASS,,
-s9qJ7ATP7w_6,vision,35,1.736,1.7856,0,0,mean_valid_faces,equal_duration_50_bins,PASS,,
-s9qJ7ATP7w_6,vision,36,1.7856,1.8352000000000002,1,1,mean_valid_faces,equal_duration_50_bins,PASS,,
-s9qJ7ATP7w_6,vision,37,1.8352000000000002,1.8847999999999998,0,0,mean_valid_faces,equal_duration_50_bins,PASS,,
-s9qJ7ATP7w_6,vision,38,1.8847999999999998,1.9344,0,0,mean_valid_faces,equal_duration_50_bins,PASS,,
-s9qJ7ATP7w_6,vision,39,1.9344,1.984,0,0,mean_valid_faces,equal_duration_50_bins,PASS,,
-s9qJ7ATP7w_6,vision,40,1.984,2.0336,0,0,mean_valid_faces,equal_duration_50_bins,PASS,,
-s9qJ7ATP7w_6,vision,41,2.0336,2.0831999999999997,0,0,mean_valid_faces,equal_duration_50_bins,PASS,,
-s9qJ7ATP7w_6,vision,42,2.0831999999999997,2.1328,0,0,mean_valid_faces,equal_duration_50_bins,PASS,,
-s9qJ7ATP7w_6,vision,43,2.1328,2.1824,0,0,mean_valid_faces,equal_duration_50_bins,PASS,,
-s9qJ7ATP7w_6,vision,44,2.1824,2.2319999999999998,0,0,mean_valid_faces,equal_duration_50_bins,PASS,,
-s9qJ7ATP7w_6,vision,45,2.2319999999999998,2.2816,0,0,mean_valid_faces,equal_duration_50_bins,PASS,,
-s9qJ7ATP7w_6,vision,46,2.2816,2.3312,0,0,mean_valid_faces,equal_duration_50_bins,PASS,,
-s9qJ7ATP7w_6,vision,47,2.3312,2.3808,0,0,mean_valid_faces,equal_duration_50_bins,PASS,,
-s9qJ7ATP7w_6,vision,48,2.3808,2.4304,0,0,mean_valid_faces,equal_duration_50_bins,PASS,,
-s9qJ7ATP7w_6,vision,49,2.4304,2.48,0,0,mean_valid_faces,equal_duration_50_bins,PASS,,
-s9qJ7ATP7w_8,vision,0,0.0,0.0658,1,1,mean_valid_faces,equal_duration_50_bins,PASS,,
-s9qJ7ATP7w_8,vision,1,0.0658,0.1316,1,1,mean_valid_faces,equal_duration_50_bins,PASS,,
-s9qJ7ATP7w_8,vision,2,0.1316,0.19740000000000002,0,0,mean_valid_faces,equal_duration_50_bins,PASS,,
-s9qJ7ATP7w_8,vision,3,0.19740000000000002,0.2632,1,1,mean_valid_faces,equal_duration_50_bins,PASS,,
-s9qJ7ATP7w_8,vision,4,0.2632,0.32899999999999996,1,1,mean_valid_faces,equal_duration_50_bins,PASS,,
-s9qJ7ATP7w_8,vision,5,0.32899999999999996,0.39480000000000004,0,0,mean_valid_faces,equal_duration_50_bins,PASS,,
-s9qJ7ATP7w_8,vision,6,0.39480000000000004,0.4606,1,1,mean_valid_faces,equal_duration_50_bins,PASS,,
-s9qJ7ATP7w_8,vision,7,0.4606,0.5264,1,1,mean_valid_faces,equal_duration_50_bins,PASS,,
-s9qJ7ATP7w_8,vision,8,0.5264,0.5922,0,0,mean_valid_faces,equal_duration_50_bins,PASS,,
-s9qJ7ATP7w_8,vision,9,0.5922,0.6579999999999999,1,1,mean_valid_faces,equal_duration_50_bins,PASS,,
-s9qJ7ATP7w_8,vision,10,0.6579999999999999,0.7238,1,1,mean_valid_faces,equal_duration_50_bins,PASS,,
-s9qJ7ATP7w_8,vision,11,0.7238,0.7896000000000001,0,0,mean_valid_faces,equal_duration_50_bins,PASS,,
-s9qJ7ATP7w_8,vision,12,0.7896000000000001,0.8554,1,1,mean_valid_faces,equal_duration_50_bins,PASS,,
-s9qJ7ATP7w_8,vision,13,0.8554,0.9212,1,1,mean_valid_faces,equal_duration_50_bins,PASS,,
-s9qJ7ATP7w_8,vision,14,0.9212,0.987,0,0,mean_valid_faces,equal_duration_50_bins,PASS,,
-s9qJ7ATP7w_8,vision,15,0.987,1.0528,1,1,mean_valid_faces,equal_duration_50_bins,PASS,,
-s9qJ7ATP7w_8,vision,16,1.0528,1.1186,1,1,mean_valid_faces,equal_duration_50_bins,PASS,,
-s9qJ7ATP7w_8,vision,17,1.1186,1.1844,0,0,mean_valid_faces,equal_duration_50_bins,PASS,,
-s9qJ7ATP7w_8,vision,18,1.1844,1.2502,1,1,mean_valid_faces,equal_duration_50_bins,PASS,,
-s9qJ7ATP7w_8,vision,19,1.2502,1.3159999999999998,1,1,mean_valid_faces,equal_duration_50_bins,PASS,,
-s9qJ7ATP7w_8,vision,20,1.3159999999999998,1.3818000000000001,0,0,mean_valid_faces,equal_duration_50_bins,PASS,,
-s9qJ7ATP7w_8,vision,21,1.3818000000000001,1.4476,1,1,mean_valid_faces,equal_duration_50_bins,PASS,,
-s9qJ7ATP7w_8,vision,22,1.4476,1.5134,1,1,mean_valid_faces,equal_duration_50_bins,PASS,,
-s9qJ7ATP7w_8,vision,23,1.5134,1.5792000000000002,0,0,mean_valid_faces,equal_duration_50_bins,PASS,,
-s9qJ7ATP7w_8,vision,24,1.5792000000000002,1.645,1,1,mean_valid_faces,equal_duration_50_bins,PASS,,
-s9qJ7ATP7w_8,vision,25,1.645,1.7108,1,1,mean_valid_faces,equal_duration_50_bins,PASS,,
-s9qJ7ATP7w_8,vision,26,1.7108,1.7766,0,0,mean_valid_faces,equal_duration_50_bins,PASS,,
-s9qJ7ATP7w_8,vision,27,1.7766,1.8424,1,1,mean_valid_faces,equal_duration_50_bins,PASS,,
-s9qJ7ATP7w_8,vision,28,1.8424,1.9082,1,1,mean_valid_faces,equal_duration_50_bins,PASS,,
-s9qJ7ATP7w_8,vision,29,1.9082,1.974,0,0,mean_valid_faces,equal_duration_50_bins,PASS,,
-s9qJ7ATP7w_8,vision,30,1.974,2.0398,1,1,mean_valid_faces,equal_duration_50_bins,PASS,,
-s9qJ7ATP7w_8,vision,31,2.0398,2.1056,1,1,mean_valid_faces,equal_duration_50_bins,PASS,,
-s9qJ7ATP7w_8,vision,32,2.1056,2.1714,0,0,mean_valid_faces,equal_duration_50_bins,PASS,,
-s9qJ7ATP7w_8,vision,33,2.1714,2.2372,1,1,mean_valid_faces,equal_duration_50_bins,PASS,,
-s9qJ7ATP7w_8,vision,34,2.2372,2.303,1,1,mean_valid_faces,equal_duration_50_bins,PASS,,
-s9qJ7ATP7w_8,vision,35,2.303,2.3688,0,0,mean_valid_faces,equal_duration_50_bins,PASS,,
-s9qJ7ATP7w_8,vision,36,2.3688,2.4346,1,1,mean_valid_faces,equal_duration_50_bins,PASS,,
-s9qJ7ATP7w_8,vision,37,2.4346,2.5004,1,1,mean_valid_faces,equal_duration_50_bins,PASS,,
-s9qJ7ATP7w_8,vision,38,2.5004,2.5662000000000003,0,0,mean_valid_faces,equal_duration_50_bins,PASS,,
-s9qJ7ATP7w_8,vision,39,2.5662000000000003,2.6319999999999997,1,1,mean_valid_faces,equal_duration_50_bins,PASS,,
-s9qJ7ATP7w_8,vision,40,2.6319999999999997,2.6978000000000004,0,0,mean_valid_faces,equal_duration_50_bins,PASS,,
-s9qJ7ATP7w_8,vision,41,2.6978000000000004,2.7636000000000003,1,1,mean_valid_faces,equal_duration_50_bins,PASS,,
-s9qJ7ATP7w_8,vision,42,2.7636000000000003,2.8294,1,1,mean_valid_faces,equal_duration_50_bins,PASS,,
-s9qJ7ATP7w_8,vision,43,2.8294,2.8952,0,0,mean_valid_faces,equal_duration_50_bins,PASS,,
-s9qJ7ATP7w_8,vision,44,2.8952,2.9610000000000003,1,1,mean_valid_faces,equal_duration_50_bins,PASS,,
-s9qJ7ATP7w_8,vision,45,2.9610000000000003,3.0268,1,1,mean_valid_faces,equal_duration_50_bins,PASS,,
-s9qJ7ATP7w_8,vision,46,3.0268,3.0926,0,0,mean_valid_faces,equal_duration_50_bins,PASS,,
-s9qJ7ATP7w_8,vision,47,3.0926,3.1584000000000003,1,1,mean_valid_faces,equal_duration_50_bins,PASS,,
-s9qJ7ATP7w_8,vision,48,3.1584000000000003,3.2242,0,0,mean_valid_faces,equal_duration_50_bins,PASS,,
-s9qJ7ATP7w_8,vision,49,3.2242,3.29,1,1,mean_valid_faces,equal_duration_50_bins,PASS,,
-yRb-Jum7EQ_1,vision,0,0.0,0.5858,1,1,mean_valid_faces,equal_duration_50_bins,PASS,,
-yRb-Jum7EQ_1,vision,1,0.5858,1.1716,4,1,mean_valid_faces,equal_duration_50_bins,PASS,,
-yRb-Jum7EQ_1,vision,2,1.1716,1.7574,5,1,mean_valid_faces,equal_duration_50_bins,PASS,,
-yRb-Jum7EQ_1,vision,3,1.7574,2.3432,6,1,mean_valid_faces,equal_duration_50_bins,PASS,,
-yRb-Jum7EQ_1,vision,4,2.3432,2.929,6,1,mean_valid_faces,equal_duration_50_bins,PASS,,
-yRb-Jum7EQ_1,vision,5,2.929,3.5148,5,1,mean_valid_faces,equal_duration_50_bins,PASS,,
-yRb-Jum7EQ_1,vision,6,3.5148,4.1006,6,1,mean_valid_faces,equal_duration_50_bins,PASS,,
-yRb-Jum7EQ_1,vision,7,4.1006,4.6864,5,1,mean_valid_faces,equal_duration_50_bins,PASS,,
-yRb-Jum7EQ_1,vision,8,4.6864,5.272200000000001,6,1,mean_valid_faces,equal_duration_50_bins,PASS,,
-yRb-Jum7EQ_1,vision,9,5.272200000000001,5.858,5,1,mean_valid_faces,equal_duration_50_bins,PASS,,
-yRb-Jum7EQ_1,vision,10,5.858,6.4437999999999995,6,1,mean_valid_faces,equal_duration_50_bins,PASS,,
-yRb-Jum7EQ_1,vision,11,6.4437999999999995,7.0296,6,1,mean_valid_faces,equal_duration_50_bins,PASS,,
-yRb-Jum7EQ_1,vision,12,7.0296,7.615399999999999,6,1,mean_valid_faces,equal_duration_50_bins,PASS,,
-yRb-Jum7EQ_1,vision,13,7.615399999999999,8.2012,6,1,mean_valid_faces,equal_duration_50_bins,PASS,,
-yRb-Jum7EQ_1,vision,14,8.2012,8.786999999999999,5,1,mean_valid_faces,equal_duration_50_bins,PASS,,
-yRb-Jum7EQ_1,vision,15,8.786999999999999,9.3728,6,1,mean_valid_faces,equal_duration_50_bins,PASS,,
-yRb-Jum7EQ_1,vision,16,9.3728,9.9586,6,1,mean_valid_faces,equal_duration_50_bins,PASS,,
-yRb-Jum7EQ_1,vision,17,9.9586,10.544400000000001,6,1,mean_valid_faces,equal_duration_50_bins,PASS,,
-yRb-Jum7EQ_1,vision,18,10.544400000000001,11.1302,6,1,mean_valid_faces,equal_duration_50_bins,PASS,,
-yRb-Jum7EQ_1,vision,19,11.1302,11.716,6,1,mean_valid_faces,equal_duration_50_bins,PASS,,
-yRb-Jum7EQ_1,vision,20,11.716,12.3018,6,1,mean_valid_faces,equal_duration_50_bins,PASS,,
-yRb-Jum7EQ_1,vision,21,12.3018,12.887599999999999,5,1,mean_valid_faces,equal_duration_50_bins,PASS,,
-yRb-Jum7EQ_1,vision,22,12.887599999999999,13.4734,6,1,mean_valid_faces,equal_duration_50_bins,PASS,,
-yRb-Jum7EQ_1,vision,23,13.4734,14.0592,6,1,mean_valid_faces,equal_duration_50_bins,PASS,,
-yRb-Jum7EQ_1,vision,24,14.0592,14.645,6,1,mean_valid_faces,equal_duration_50_bins,PASS,,
-yRb-Jum7EQ_1,vision,25,14.645,15.230799999999999,6,1,mean_valid_faces,equal_duration_50_bins,PASS,,
-yRb-Jum7EQ_1,vision,26,15.230799999999999,15.8166,6,1,mean_valid_faces,equal_duration_50_bins,PASS,,
-yRb-Jum7EQ_1,vision,27,15.8166,16.4024,6,1,mean_valid_faces,equal_duration_50_bins,PASS,,
-yRb-Jum7EQ_1,vision,28,16.4024,16.9882,5,1,mean_valid_faces,equal_duration_50_bins,PASS,,
-yRb-Jum7EQ_1,vision,29,16.9882,17.573999999999998,6,1,mean_valid_faces,equal_duration_50_bins,PASS,,
-yRb-Jum7EQ_1,vision,30,17.573999999999998,18.1598,6,1,mean_valid_faces,equal_duration_50_bins,PASS,,
-yRb-Jum7EQ_1,vision,31,18.1598,18.7456,6,1,mean_valid_faces,equal_duration_50_bins,PASS,,
-yRb-Jum7EQ_1,vision,32,18.7456,19.3314,6,1,mean_valid_faces,equal_duration_50_bins,PASS,,
-yRb-Jum7EQ_1,vision,33,19.3314,19.9172,6,1,mean_valid_faces,equal_duration_50_bins,PASS,,
-yRb-Jum7EQ_1,vision,34,19.9172,20.502999999999997,6,1,mean_valid_faces,equal_duration_50_bins,PASS,,
-yRb-Jum7EQ_1,vision,35,20.502999999999997,21.088800000000003,5,1,mean_valid_faces,equal_duration_50_bins,PASS,,
-yRb-Jum7EQ_1,vision,36,21.088800000000003,21.6746,6,1,mean_valid_faces,equal_duration_50_bins,PASS,,
-yRb-Jum7EQ_1,vision,37,21.6746,22.2604,6,1,mean_valid_faces,equal_duration_50_bins,PASS,,
-yRb-Jum7EQ_1,vision,38,22.2604,22.8462,6,1,mean_valid_faces,equal_duration_50_bins,PASS,,
-yRb-Jum7EQ_1,vision,39,22.8462,23.432,6,1,mean_valid_faces,equal_duration_50_bins,PASS,,
-yRb-Jum7EQ_1,vision,40,23.432,24.017799999999998,6,1,mean_valid_faces,equal_duration_50_bins,PASS,,
-yRb-Jum7EQ_1,vision,41,24.017799999999998,24.6036,6,1,mean_valid_faces,equal_duration_50_bins,PASS,,
-yRb-Jum7EQ_1,vision,42,24.6036,25.1894,5,1,mean_valid_faces,equal_duration_50_bins,PASS,,
-yRb-Jum7EQ_1,vision,43,25.1894,25.775199999999998,6,1,mean_valid_faces,equal_duration_50_bins,PASS,,
-yRb-Jum7EQ_1,vision,44,25.775199999999998,26.361,6,1,mean_valid_faces,equal_duration_50_bins,PASS,,
-yRb-Jum7EQ_1,vision,45,26.361,26.9468,6,1,mean_valid_faces,equal_duration_50_bins,PASS,,
-yRb-Jum7EQ_1,vision,46,26.9468,27.5326,6,1,mean_valid_faces,equal_duration_50_bins,PASS,,
-yRb-Jum7EQ_1,vision,47,27.5326,28.1184,6,1,mean_valid_faces,equal_duration_50_bins,PASS,,
-yRb-Jum7EQ_1,vision,48,28.1184,28.7042,6,1,mean_valid_faces,equal_duration_50_bins,PASS,,
-yRb-Jum7EQ_1,vision,49,28.7042,29.29,5,1,mean_valid_faces,equal_duration_50_bins,PASS,,
-yRb-Jum7EQ_5,vision,0,0.0,0.2634,3,1,mean_valid_faces,equal_duration_50_bins,PASS,,
-yRb-Jum7EQ_5,vision,1,0.2634,0.5268,3,1,mean_valid_faces,equal_duration_50_bins,PASS,,
-yRb-Jum7EQ_5,vision,2,0.5268,0.7902,2,1,mean_valid_faces,equal_duration_50_bins,PASS,,
-yRb-Jum7EQ_5,vision,3,0.7902,1.0536,3,1,mean_valid_faces,equal_duration_50_bins,PASS,,
-yRb-Jum7EQ_5,vision,4,1.0536,1.317,3,1,mean_valid_faces,equal_duration_50_bins,PASS,,
-yRb-Jum7EQ_5,vision,5,1.317,1.5804,2,1,mean_valid_faces,equal_duration_50_bins,PASS,,
-yRb-Jum7EQ_5,vision,6,1.5804,1.8437999999999999,3,1,mean_valid_faces,equal_duration_50_bins,PASS,,
-yRb-Jum7EQ_5,vision,7,1.8437999999999999,2.1072,3,1,mean_valid_faces,equal_duration_50_bins,PASS,,
-yRb-Jum7EQ_5,vision,8,2.1072,2.3706,2,1,mean_valid_faces,equal_duration_50_bins,PASS,,
-yRb-Jum7EQ_5,vision,9,2.3706,2.634,3,1,mean_valid_faces,equal_duration_50_bins,PASS,,
-yRb-Jum7EQ_5,vision,10,2.634,2.8974,2,1,mean_valid_faces,equal_duration_50_bins,PASS,,
-yRb-Jum7EQ_5,vision,11,2.8974,3.1608,3,1,mean_valid_faces,equal_duration_50_bins,PASS,,
-yRb-Jum7EQ_5,vision,12,3.1608,3.4242000000000004,3,1,mean_valid_faces,equal_duration_50_bins,PASS,,
-yRb-Jum7EQ_5,vision,13,3.4242000000000004,3.6875999999999998,2,1,mean_valid_faces,equal_duration_50_bins,PASS,,
-yRb-Jum7EQ_5,vision,14,3.6875999999999998,3.951,3,1,mean_valid_faces,equal_duration_50_bins,PASS,,
-yRb-Jum7EQ_5,vision,15,3.951,4.2144,3,1,mean_valid_faces,equal_duration_50_bins,PASS,,
-yRb-Jum7EQ_5,vision,16,4.2144,4.477799999999999,2,1,mean_valid_faces,equal_duration_50_bins,PASS,,
-yRb-Jum7EQ_5,vision,17,4.477799999999999,4.7412,3,1,mean_valid_faces,equal_duration_50_bins,PASS,,
-yRb-Jum7EQ_5,vision,18,4.7412,5.0046,3,1,mean_valid_faces,equal_duration_50_bins,PASS,,
-yRb-Jum7EQ_5,vision,19,5.0046,5.268,2,1,mean_valid_faces,equal_duration_50_bins,PASS,,
-yRb-Jum7EQ_5,vision,20,5.268,5.5314,3,1,mean_valid_faces,equal_duration_50_bins,PASS,,
-yRb-Jum7EQ_5,vision,21,5.5314,5.7948,2,1,mean_valid_faces,equal_duration_50_bins,PASS,,
-yRb-Jum7EQ_5,vision,22,5.7948,6.0582,3,1,mean_valid_faces,equal_duration_50_bins,PASS,,
-yRb-Jum7EQ_5,vision,23,6.0582,6.3216,3,1,mean_valid_faces,equal_duration_50_bins,PASS,,
-yRb-Jum7EQ_5,vision,24,6.3216,6.585,2,1,mean_valid_faces,equal_duration_50_bins,PASS,,
-yRb-Jum7EQ_5,vision,25,6.585,6.848400000000001,3,1,mean_valid_faces,equal_duration_50_bins,PASS,,
-yRb-Jum7EQ_5,vision,26,6.848400000000001,7.1118,3,1,mean_valid_faces,equal_duration_50_bins,PASS,,
-yRb-Jum7EQ_5,vision,27,7.1118,7.3751999999999995,2,1,mean_valid_faces,equal_duration_50_bins,PASS,,
-yRb-Jum7EQ_5,vision,28,7.3751999999999995,7.6386,3,1,mean_valid_faces,equal_duration_50_bins,PASS,,
-yRb-Jum7EQ_5,vision,29,7.6386,7.902,3,1,mean_valid_faces,equal_duration_50_bins,PASS,,
-yRb-Jum7EQ_5,vision,30,7.902,8.1654,2,1,mean_valid_faces,equal_duration_50_bins,PASS,,
-yRb-Jum7EQ_5,vision,31,8.1654,8.4288,3,1,mean_valid_faces,equal_duration_50_bins,PASS,,
-yRb-Jum7EQ_5,vision,32,8.4288,8.6922,2,1,mean_valid_faces,equal_duration_50_bins,PASS,,
-yRb-Jum7EQ_5,vision,33,8.6922,8.955599999999999,3,1,mean_valid_faces,equal_duration_50_bins,PASS,,
-yRb-Jum7EQ_5,vision,34,8.955599999999999,9.219,3,1,mean_valid_faces,equal_duration_50_bins,PASS,,
-yRb-Jum7EQ_5,vision,35,9.219,9.4824,2,1,mean_valid_faces,equal_duration_50_bins,PASS,,
-yRb-Jum7EQ_5,vision,36,9.4824,9.745800000000001,3,1,mean_valid_faces,equal_duration_50_bins,PASS,,
-yRb-Jum7EQ_5,vision,37,9.745800000000001,10.0092,3,1,mean_valid_faces,equal_duration_50_bins,PASS,,
-yRb-Jum7EQ_5,vision,38,10.0092,10.2726,2,1,mean_valid_faces,equal_duration_50_bins,PASS,,
-yRb-Jum7EQ_5,vision,39,10.2726,10.536,3,1,mean_valid_faces,equal_duration_50_bins,PASS,,
-yRb-Jum7EQ_5,vision,40,10.536,10.7994,2,1,mean_valid_faces,equal_duration_50_bins,PASS,,
-yRb-Jum7EQ_5,vision,41,10.7994,11.0628,3,1,mean_valid_faces,equal_duration_50_bins,PASS,,
-yRb-Jum7EQ_5,vision,42,11.0628,11.326199999999998,3,1,mean_valid_faces,equal_duration_50_bins,PASS,,
-yRb-Jum7EQ_5,vision,43,11.326199999999998,11.5896,2,1,mean_valid_faces,equal_duration_50_bins,PASS,,
-yRb-Jum7EQ_5,vision,44,11.5896,11.853,3,1,mean_valid_faces,equal_duration_50_bins,PASS,,
-yRb-Jum7EQ_5,vision,45,11.853,12.1164,3,1,mean_valid_faces,equal_duration_50_bins,PASS,,
-yRb-Jum7EQ_5,vision,46,12.1164,12.3798,2,1,mean_valid_faces,equal_duration_50_bins,PASS,,
-yRb-Jum7EQ_5,vision,47,12.3798,12.6432,3,1,mean_valid_faces,equal_duration_50_bins,PASS,,
-yRb-Jum7EQ_5,vision,48,12.6432,12.906600000000001,3,1,mean_valid_faces,equal_duration_50_bins,PASS,,
-yRb-Jum7EQ_5,vision,49,12.906600000000001,13.17,2,1,mean_valid_faces,equal_duration_50_bins,PASS,,
-yRb-Jum7EQ_6,vision,0,0.0,0.2248,3,1,mean_valid_faces,equal_duration_50_bins,PASS,,
-yRb-Jum7EQ_6,vision,1,0.2248,0.4496,2,1,mean_valid_faces,equal_duration_50_bins,PASS,,
-yRb-Jum7EQ_6,vision,2,0.4496,0.6744,2,1,mean_valid_faces,equal_duration_50_bins,PASS,,
-yRb-Jum7EQ_6,vision,3,0.6744,0.8992,2,1,mean_valid_faces,equal_duration_50_bins,PASS,,
-yRb-Jum7EQ_6,vision,4,0.8992,1.124,3,1,mean_valid_faces,equal_duration_50_bins,PASS,,
-yRb-Jum7EQ_6,vision,5,1.124,1.3488,2,1,mean_valid_faces,equal_duration_50_bins,PASS,,
-yRb-Jum7EQ_6,vision,6,1.3488,1.5736,2,1,mean_valid_faces,equal_duration_50_bins,PASS,,
-yRb-Jum7EQ_6,vision,7,1.5736,1.7984,2,1,mean_valid_faces,equal_duration_50_bins,PASS,,
-yRb-Jum7EQ_6,vision,8,1.7984,2.0232,3,1,mean_valid_faces,equal_duration_50_bins,PASS,,
-yRb-Jum7EQ_6,vision,9,2.0232,2.248,2,1,mean_valid_faces,equal_duration_50_bins,PASS,,
-yRb-Jum7EQ_6,vision,10,2.248,2.4728,2,1,mean_valid_faces,equal_duration_50_bins,PASS,,
-yRb-Jum7EQ_6,vision,11,2.4728,2.6976,2,1,mean_valid_faces,equal_duration_50_bins,PASS,,
-yRb-Jum7EQ_6,vision,12,2.6976,2.9224,3,1,mean_valid_faces,equal_duration_50_bins,PASS,,
-yRb-Jum7EQ_6,vision,13,2.9224,3.1472,2,1,mean_valid_faces,equal_duration_50_bins,PASS,,
-yRb-Jum7EQ_6,vision,14,3.1472,3.372,2,1,mean_valid_faces,equal_duration_50_bins,PASS,,
-yRb-Jum7EQ_6,vision,15,3.372,3.5968,2,1,mean_valid_faces,equal_duration_50_bins,PASS,,
-yRb-Jum7EQ_6,vision,16,3.5968,3.8216,3,1,mean_valid_faces,equal_duration_50_bins,PASS,,
-yRb-Jum7EQ_6,vision,17,3.8216,4.0464,2,1,mean_valid_faces,equal_duration_50_bins,PASS,,
-yRb-Jum7EQ_6,vision,18,4.0464,4.2712,2,1,mean_valid_faces,equal_duration_50_bins,PASS,,
-yRb-Jum7EQ_6,vision,19,4.2712,4.496,2,1,mean_valid_faces,equal_duration_50_bins,PASS,,
-yRb-Jum7EQ_6,vision,20,4.496,4.7208,3,1,mean_valid_faces,equal_duration_50_bins,PASS,,
-yRb-Jum7EQ_6,vision,21,4.7208,4.9456,2,1,mean_valid_faces,equal_duration_50_bins,PASS,,
-yRb-Jum7EQ_6,vision,22,4.9456,5.1704,2,1,mean_valid_faces,equal_duration_50_bins,PASS,,
-yRb-Jum7EQ_6,vision,23,5.1704,5.3952,2,1,mean_valid_faces,equal_duration_50_bins,PASS,,
-yRb-Jum7EQ_6,vision,24,5.3952,5.62,3,1,mean_valid_faces,equal_duration_50_bins,PASS,,
-yRb-Jum7EQ_6,vision,25,5.62,5.8448,2,1,mean_valid_faces,equal_duration_50_bins,PASS,,
-yRb-Jum7EQ_6,vision,26,5.8448,6.0696,2,1,mean_valid_faces,equal_duration_50_bins,PASS,,
-yRb-Jum7EQ_6,vision,27,6.0696,6.2944,2,1,mean_valid_faces,equal_duration_50_bins,PASS,,
-yRb-Jum7EQ_6,vision,28,6.2944,6.5192,3,1,mean_valid_faces,equal_duration_50_bins,PASS,,
-yRb-Jum7EQ_6,vision,29,6.5192,6.744,2,1,mean_valid_faces,equal_duration_50_bins,PASS,,
-yRb-Jum7EQ_6,vision,30,6.744,6.9688,2,1,mean_valid_faces,equal_duration_50_bins,PASS,,
-yRb-Jum7EQ_6,vision,31,6.9688,7.1936,2,1,mean_valid_faces,equal_duration_50_bins,PASS,,
-yRb-Jum7EQ_6,vision,32,7.1936,7.4184,3,1,mean_valid_faces,equal_duration_50_bins,PASS,,
-yRb-Jum7EQ_6,vision,33,7.4184,7.6432,2,1,mean_valid_faces,equal_duration_50_bins,PASS,,
-yRb-Jum7EQ_6,vision,34,7.6432,7.868,2,1,mean_valid_faces,equal_duration_50_bins,PASS,,
-yRb-Jum7EQ_6,vision,35,7.868,8.0928,2,1,mean_valid_faces,equal_duration_50_bins,PASS,,
-yRb-Jum7EQ_6,vision,36,8.0928,8.3176,3,1,mean_valid_faces,equal_duration_50_bins,PASS,,
-yRb-Jum7EQ_6,vision,37,8.3176,8.5424,2,1,mean_valid_faces,equal_duration_50_bins,PASS,,
-yRb-Jum7EQ_6,vision,38,8.5424,8.7672,2,1,mean_valid_faces,equal_duration_50_bins,PASS,,
-yRb-Jum7EQ_6,vision,39,8.7672,8.992,2,1,mean_valid_faces,equal_duration_50_bins,PASS,,
-yRb-Jum7EQ_6,vision,40,8.992,9.216800000000001,3,1,mean_valid_faces,equal_duration_50_bins,PASS,,
-yRb-Jum7EQ_6,vision,41,9.216800000000001,9.4416,2,1,mean_valid_faces,equal_duration_50_bins,PASS,,
-yRb-Jum7EQ_6,vision,42,9.4416,9.6664,2,1,mean_valid_faces,equal_duration_50_bins,PASS,,
-yRb-Jum7EQ_6,vision,43,9.6664,9.8912,2,1,mean_valid_faces,equal_duration_50_bins,PASS,,
-yRb-Jum7EQ_6,vision,44,9.8912,10.116,3,1,mean_valid_faces,equal_duration_50_bins,PASS,,
-yRb-Jum7EQ_6,vision,45,10.116,10.3408,2,1,mean_valid_faces,equal_duration_50_bins,PASS,,
-yRb-Jum7EQ_6,vision,46,10.3408,10.5656,2,1,mean_valid_faces,equal_duration_50_bins,PASS,,
-yRb-Jum7EQ_6,vision,47,10.5656,10.7904,2,1,mean_valid_faces,equal_duration_50_bins,PASS,,
-yRb-Jum7EQ_6,vision,48,10.7904,11.0152,3,1,mean_valid_faces,equal_duration_50_bins,PASS,,
-yRb-Jum7EQ_6,vision,49,11.0152,11.24,1,1,mean_valid_faces,equal_duration_50_bins,PASS,,
