sample_id,sample_time_sec,frame_index,face_count,chosen_face_index,face_bbox_xyxy,valid,failure_reason,timestamp_source
-3g5yACwYnA_13,0.0,0,1,0,"[474.94, 161.03, 725.4, 448.76]",1,,frame_index_fps_fallback
-3g5yACwYnA_13,0.1,3,1,0,"[473.65, 163.32, 726.26, 450.8]",1,,frame_index_fps_fallback
-3g5yACwYnA_13,0.2,6,1,0,"[473.42, 165.54, 722.55, 445.86]",1,,frame_index_fps_fallback
-3g5yACwYnA_13,0.3,9,1,0,"[474.16, 159.05, 723.83, 448.59]",1,,frame_index_fps_fallback
-3g5yACwYnA_13,0.4,12,1,0,"[474.76, 162.09, 724.63, 448.21]",1,,frame_index_fps_fallback
-3g5yACwYnA_13,0.5,15,1,0,"[473.45, 161.83, 725.86, 448.49]",1,,frame_index_fps_fallback
-3g5yACwYnA_13,0.6,18,1,0,"[474.28, 159.93, 726.24, 447.7]",1,,frame_index_fps_fallback
-3g5yACwYnA_13,0.7,21,1,0,"[474.01, 160.17, 726.92, 449.92]",1,,frame_index_fps_fallback
-3g5yACwYnA_13,0.8,24,1,0,"[473.94, 161.87, 726.53, 450.82]",1,,frame_index_fps_fallback
-3g5yACwYnA_13,0.9,27,1,0,"[473.27, 159.56, 726.1, 451.32]",1,,frame_index_fps_fallback
-3g5yACwYnA_13,1.0,30,1,0,"[473.44, 161.17, 727.04, 452.15]",1,,frame_index_fps_fallback
-3g5yACwYnA_13,1.1,33,1,0,"[474.67, 158.9, 727.57, 450.01]",1,,frame_index_fps_fallback
-3g5yACwYnA_13,1.2,36,1,0,"[474.14, 158.13, 729.1, 451.11]",1,,frame_index_fps_fallback
-3g5yACwYnA_13,1.3,39,1,0,"[475.48, 159.22, 729.75, 448.89]",1,,frame_index_fps_fallback
-3g5yACwYnA_13,1.4,42,1,0,"[477.48, 157.64, 729.67, 452.86]",1,,frame_index_fps_fallback
-3g5yACwYnA_13,1.5,45,1,0,"[478.47, 161.56, 729.68, 449.32]",1,,frame_index_fps_fallback
-3g5yACwYnA_13,1.6,48,1,0,"[476.01, 161.21, 729.47, 451.55]",1,,frame_index_fps_fallback
-3g5yACwYnA_13,1.7,51,1,0,"[475.96, 162.29, 728.87, 452.63]",1,,frame_index_fps_fallback
-3g5yACwYnA_13,1.8,54,1,0,"[477.25, 160.63, 730.61, 450.73]",1,,frame_index_fps_fallback
-3g5yACwYnA_13,1.9,57,1,0,"[478.01, 163.17, 730.52, 449.02]",1,,frame_index_fps_fallback
-3g5yACwYnA_13,2.0,60,1,0,"[479.82, 161.47, 731.85, 449.08]",1,,frame_index_fps_fallback
-3g5yACwYnA_13,2.1,63,1,0,"[482.12, 162.79, 735.16, 449.72]",1,,frame_index_fps_fallback
-3g5yACwYnA_13,2.2,66,1,0,"[482.75, 157.83, 735.89, 454.09]",1,,frame_index_fps_fallback
-3g5yACwYnA_13,2.3,69,1,0,"[485.56, 155.51, 736.94, 448.85]",1,,frame_index_fps_fallback
-3g5yACwYnA_13,2.4,72,1,0,"[485.75, 157.1, 738.74, 451.49]",1,,frame_index_fps_fallback
-3g5yACwYnA_13,2.5,75,1,0,"[484.9, 157.23, 739.44, 449.7]",1,,frame_index_fps_fallback
-3g5yACwYnA_13,2.6,78,1,0,"[483.38, 157.39, 737.62, 450.76]",1,,frame_index_fps_fallback
-3g5yACwYnA_13,2.7,81,1,0,"[482.81, 156.32, 735.0, 452.56]",1,,frame_index_fps_fallback
-3g5yACwYnA_13,2.8,84,1,0,"[481.76, 158.94, 733.15, 452.44]",1,,frame_index_fps_fallback
-3g5yACwYnA_13,2.9,87,1,0,"[482.97, 162.03, 732.45, 451.19]",1,,frame_index_fps_fallback
-3g5yACwYnA_13,3.0,90,1,0,"[477.29, 159.76, 731.74, 450.52]",1,,frame_index_fps_fallback
-3g5yACwYnA_13,3.1,93,1,0,"[480.86, 159.24, 731.83, 450.7]",1,,frame_index_fps_fallback
-3g5yACwYnA_13,3.2,96,1,0,"[479.84, 157.78, 733.29, 451.02]",1,,frame_index_fps_fallback
-3g5yACwYnA_13,3.3,99,1,0,"[483.57, 161.85, 733.2, 453.54]",1,,frame_index_fps_fallback
-3g5yACwYnA_13,3.4,102,1,0,"[482.82, 160.5, 735.73, 450.12]",1,,frame_index_fps_fallback
-3g5yACwYnA_13,3.5,105,1,0,"[481.99, 157.83, 734.09, 450.94]",1,,frame_index_fps_fallback
-3g5yACwYnA_13,3.6,108,1,0,"[479.96, 154.46, 735.39, 453.05]",1,,frame_index_fps_fallback
-3g5yACwYnA_13,3.6999999999999997,111,1,0,"[482.59, 157.49, 734.47, 450.58]",1,,frame_index_fps_fallback
-3g5yACwYnA_13,3.8,114,1,0,"[482.06, 156.16, 735.33, 452.49]",1,,frame_index_fps_fallback
-3g5yACwYnA_13,3.9,117,1,0,"[481.52, 154.77, 735.39, 452.13]",1,,frame_index_fps_fallback
-3g5yACwYnA_13,4.0,120,1,0,"[482.02, 155.55, 735.18, 453.16]",1,,frame_index_fps_fallback
-3g5yACwYnA_13,4.1,123,1,0,"[481.54, 158.88, 735.29, 452.26]",1,,frame_index_fps_fallback
-3g5yACwYnA_13,4.2,126,1,0,"[482.31, 156.21, 734.11, 449.89]",1,,frame_index_fps_fallback
-3g5yACwYnA_13,4.3,129,1,0,"[482.09, 155.42, 735.96, 450.89]",1,,frame_index_fps_fallback
-3g5yACwYnA_13,4.4,132,1,0,"[483.39, 156.16, 737.36, 451.57]",1,,frame_index_fps_fallback
-3g5yACwYnA_13,4.5,135,1,0,"[485.42, 156.54, 738.35, 451.7]",1,,frame_index_fps_fallback
-3g5yACwYnA_13,4.6,138,1,0,"[484.31, 156.51, 737.02, 453.31]",1,,frame_index_fps_fallback
-3g5yACwYnA_13,4.7,141,1,0,"[486.59, 157.77, 737.4, 452.46]",1,,frame_index_fps_fallback
-3g5yACwYnA_13,4.8,144,1,0,"[483.88, 155.64, 736.14, 451.16]",1,,frame_index_fps_fallback
-3g5yACwYnA_13,4.9,147,1,0,"[483.67, 155.75, 735.92, 449.12]",1,,frame_index_fps_fallback
-3g5yACwYnA_13,5.0,150,1,0,"[481.9, 154.83, 734.53, 448.26]",1,,frame_index_fps_fallback
-3g5yACwYnA_13,5.1,153,1,0,"[481.68, 156.02, 733.34, 447.95]",1,,frame_index_fps_fallback
-3g5yACwYnA_13,5.2,156,1,0,"[480.1, 158.5, 732.01, 447.12]",1,,frame_index_fps_fallback
-3g5yACwYnA_13,5.3,159,1,0,"[482.49, 155.53, 736.65, 451.84]",1,,frame_index_fps_fallback
-3g5yACwYnA_13,5.4,161,1,0,"[481.36, 159.01, 733.14, 450.8]",1,,frame_index_fps_fallback
-3g5yACwYnA_3,0.0,0,1,0,"[476.21, 146.72, 729.0, 445.92]",1,,frame_index_fps_fallback
-3g5yACwYnA_3,0.1,3,1,0,"[476.22, 146.81, 730.28, 445.16]",1,,frame_index_fps_fallback
-3g5yACwYnA_3,0.2,6,1,0,"[474.8, 146.26, 729.8, 442.55]",1,,frame_index_fps_fallback
-3g5yACwYnA_3,0.3,9,1,0,"[475.03, 148.93, 728.04, 440.93]",1,,frame_index_fps_fallback
-3g5yACwYnA_3,0.4,12,1,0,"[474.39, 149.26, 727.53, 440.56]",1,,frame_index_fps_fallback
-3g5yACwYnA_3,0.5,15,1,0,"[473.11, 151.22, 727.96, 439.48]",1,,frame_index_fps_fallback
-3g5yACwYnA_3,0.6,18,1,0,"[472.3, 149.36, 726.24, 443.07]",1,,frame_index_fps_fallback
-3g5yACwYnA_3,0.7,21,1,0,"[471.06, 149.83, 724.38, 444.16]",1,,frame_index_fps_fallback
-3g5yACwYnA_3,0.8,24,1,0,"[469.83, 149.58, 722.45, 443.18]",1,,frame_index_fps_fallback
-3g5yACwYnA_3,0.9,27,1,0,"[468.58, 149.36, 720.52, 440.2]",1,,frame_index_fps_fallback
-3g5yACwYnA_3,1.0,30,1,0,"[468.51, 149.85, 719.5, 439.56]",1,,frame_index_fps_fallback
-3g5yACwYnA_3,1.1,33,1,0,"[468.93, 148.83, 719.82, 440.69]",1,,frame_index_fps_fallback
-3g5yACwYnA_3,1.2,36,1,0,"[468.52, 148.77, 720.19, 440.35]",1,,frame_index_fps_fallback
-3g5yACwYnA_3,1.3,39,1,0,"[469.1, 149.86, 724.13, 440.97]",1,,frame_index_fps_fallback
-3g5yACwYnA_3,1.4,42,1,0,"[470.63, 149.93, 722.57, 439.35]",1,,frame_index_fps_fallback
-3g5yACwYnA_3,1.5,45,1,0,"[468.99, 149.57, 722.34, 437.37]",1,,frame_index_fps_fallback
-3g5yACwYnA_3,1.6,48,1,0,"[470.12, 148.99, 723.27, 438.75]",1,,frame_index_fps_fallback
-3g5yACwYnA_3,1.7,51,1,0,"[470.18, 146.93, 722.11, 437.64]",1,,frame_index_fps_fallback
-3g5yACwYnA_3,1.8,54,1,0,"[472.46, 147.04, 723.65, 437.36]",1,,frame_index_fps_fallback
-3g5yACwYnA_3,1.9,57,1,0,"[472.42, 147.32, 723.27, 437.65]",1,,frame_index_fps_fallback
-3g5yACwYnA_3,2.0,60,1,0,"[471.57, 146.88, 723.46, 437.49]",1,,frame_index_fps_fallback
-3g5yACwYnA_3,2.1,63,1,0,"[470.28, 146.5, 723.07, 440.0]",1,,frame_index_fps_fallback
-3g5yACwYnA_3,2.2,66,1,0,"[471.84, 145.29, 725.94, 441.27]",1,,frame_index_fps_fallback
-3g5yACwYnA_3,2.3,69,1,0,"[473.53, 148.99, 725.64, 442.74]",1,,frame_index_fps_fallback
-3g5yACwYnA_3,2.4,72,1,0,"[469.87, 150.93, 726.33, 442.15]",1,,frame_index_fps_fallback
-3g5yACwYnA_3,2.5,75,1,0,"[472.37, 148.67, 725.24, 440.36]",1,,frame_index_fps_fallback
-3g5yACwYnA_3,2.6,78,1,0,"[472.94, 150.61, 726.3, 438.92]",1,,frame_index_fps_fallback
-3g5yACwYnA_3,2.7,81,1,0,"[473.26, 149.76, 725.48, 442.24]",1,,frame_index_fps_fallback
-3g5yACwYnA_3,2.8,84,1,0,"[469.67, 147.11, 724.83, 441.99]",1,,frame_index_fps_fallback
-3g5yACwYnA_3,2.9,87,1,0,"[468.85, 147.86, 722.8, 442.41]",1,,frame_index_fps_fallback
-3g5yACwYnA_3,3.0,90,1,0,"[468.67, 149.9, 723.18, 442.65]",1,,frame_index_fps_fallback
-3g5yACwYnA_3,3.1,93,1,0,"[468.91, 151.34, 724.9, 443.53]",1,,frame_index_fps_fallback
-3g5yACwYnA_3,3.2,96,1,0,"[469.79, 146.28, 722.52, 440.59]",1,,frame_index_fps_fallback
-3g5yACwYnA_3,3.3,99,1,0,"[471.88, 148.06, 725.03, 442.12]",1,,frame_index_fps_fallback
-3g5yACwYnA_3,3.4,102,1,0,"[470.8, 146.85, 723.22, 440.71]",1,,frame_index_fps_fallback
-3g5yACwYnA_3,3.5,105,1,0,"[472.9, 147.96, 724.88, 443.49]",1,,frame_index_fps_fallback
-3g5yACwYnA_3,3.6,108,1,0,"[471.63, 148.11, 725.55, 442.02]",1,,frame_index_fps_fallback
-3g5yACwYnA_3,3.6999999999999997,111,1,0,"[470.44, 145.73, 724.55, 444.51]",1,,frame_index_fps_fallback
-3g5yACwYnA_3,3.8,114,1,0,"[472.63, 148.22, 725.34, 443.58]",1,,frame_index_fps_fallback
-3g5yACwYnA_3,3.9,117,1,0,"[470.74, 148.86, 724.68, 443.96]",1,,frame_index_fps_fallback
-3g5yACwYnA_3,4.0,120,1,0,"[474.36, 149.45, 725.81, 443.44]",1,,frame_index_fps_fallback
-3g5yACwYnA_3,4.1,123,1,0,"[473.1, 151.15, 726.91, 441.97]",1,,frame_index_fps_fallback
-3g5yACwYnA_3,4.2,126,1,0,"[471.88, 150.73, 724.44, 440.16]",1,,frame_index_fps_fallback
-3g5yACwYnA_3,4.3,129,1,0,"[468.56, 149.24, 720.91, 446.35]",1,,frame_index_fps_fallback
-3g5yACwYnA_3,4.4,132,1,0,"[466.26, 146.61, 721.82, 446.16]",1,,frame_index_fps_fallback
-3g5yACwYnA_3,4.5,135,1,0,"[469.61, 148.91, 720.75, 443.39]",1,,frame_index_fps_fallback
-3g5yACwYnA_3,4.6,138,1,0,"[469.95, 149.68, 721.83, 444.99]",1,,frame_index_fps_fallback
-3g5yACwYnA_3,4.7,141,1,0,"[468.91, 148.59, 723.61, 446.55]",1,,frame_index_fps_fallback
-3g5yACwYnA_3,4.8,144,1,0,"[473.92, 152.5, 724.04, 442.57]",1,,frame_index_fps_fallback
-3g5yACwYnA_3,4.9,147,1,0,"[472.5, 149.76, 724.11, 444.16]",1,,frame_index_fps_fallback
-3g5yACwYnA_3,5.0,150,1,0,"[471.85, 147.64, 725.1, 444.1]",1,,frame_index_fps_fallback
-3g5yACwYnA_3,5.1,153,1,0,"[472.21, 147.48, 725.06, 443.94]",1,,frame_index_fps_fallback
-3g5yACwYnA_3,5.2,156,1,0,"[472.63, 148.37, 725.88, 443.46]",1,,frame_index_fps_fallback
-3g5yACwYnA_3,5.3,159,1,0,"[473.91, 146.31, 727.75, 442.95]",1,,frame_index_fps_fallback
-3g5yACwYnA_3,5.4,162,1,0,"[474.3, 145.47, 728.75, 443.7]",1,,frame_index_fps_fallback
-3g5yACwYnA_3,5.5,165,1,0,"[472.55, 147.1, 727.98, 447.94]",1,,frame_index_fps_fallback
-3g5yACwYnA_3,5.6,168,1,0,"[471.73, 149.14, 729.56, 451.26]",1,,frame_index_fps_fallback
-3g5yACwYnA_3,5.7,171,1,0,"[470.42, 153.02, 727.29, 450.72]",1,,frame_index_fps_fallback
-3g5yACwYnA_3,5.8,174,1,0,"[468.2, 150.91, 725.34, 442.38]",1,,frame_index_fps_fallback
-3g5yACwYnA_3,5.9,177,1,0,"[464.03, 147.06, 721.82, 448.94]",1,,frame_index_fps_fallback
-3g5yACwYnA_3,6.0,180,1,0,"[463.05, 147.85, 722.27, 447.39]",1,,frame_index_fps_fallback
-3g5yACwYnA_3,6.1,183,1,0,"[466.75, 147.13, 721.57, 446.56]",1,,frame_index_fps_fallback
-3g5yACwYnA_3,6.2,186,1,0,"[464.94, 150.76, 719.57, 443.12]",1,,frame_index_fps_fallback
-3g5yACwYnA_3,6.3,189,1,0,"[465.59, 148.36, 718.84, 441.44]",1,,frame_index_fps_fallback
-3g5yACwYnA_3,6.4,192,1,0,"[465.0, 145.73, 718.76, 442.13]",1,,frame_index_fps_fallback
-3g5yACwYnA_3,6.5,195,1,0,"[464.26, 145.8, 718.57, 442.83]",1,,frame_index_fps_fallback
-3g5yACwYnA_3,6.6,198,1,0,"[464.46, 148.66, 718.2, 442.69]",1,,frame_index_fps_fallback
-3g5yACwYnA_3,6.7,201,1,0,"[464.15, 149.93, 718.16, 442.08]",1,,frame_index_fps_fallback
-3g5yACwYnA_3,6.8,204,1,0,"[463.84, 149.8, 717.66, 441.46]",1,,frame_index_fps_fallback
-3g5yACwYnA_3,6.8999999999999995,207,1,0,"[464.1, 148.31, 716.7, 442.45]",1,,frame_index_fps_fallback
-3g5yACwYnA_3,7.0,210,1,0,"[463.52, 148.5, 717.91, 445.35]",1,,frame_index_fps_fallback
-3g5yACwYnA_3,7.1,213,1,0,"[467.15, 150.62, 721.29, 442.6]",1,,frame_index_fps_fallback
-3g5yACwYnA_3,7.2,216,1,0,"[466.68, 149.89, 721.0, 444.46]",1,,frame_index_fps_fallback
-3g5yACwYnA_3,7.3,219,1,0,"[467.6, 149.78, 720.92, 443.63]",1,,frame_index_fps_fallback
-3g5yACwYnA_3,7.3999999999999995,222,1,0,"[466.84, 147.98, 719.07, 443.98]",1,,frame_index_fps_fallback
-3g5yACwYnA_3,7.5,225,1,0,"[467.54, 148.59, 721.54, 448.27]",1,,frame_index_fps_fallback
-3g5yACwYnA_3,7.6,228,1,0,"[467.48, 147.68, 721.25, 445.16]",1,,frame_index_fps_fallback
-3g5yACwYnA_3,7.7,231,1,0,"[468.61, 148.41, 721.88, 444.48]",1,,frame_index_fps_fallback
-3g5yACwYnA_3,7.8,234,1,0,"[470.38, 149.95, 723.52, 444.44]",1,,frame_index_fps_fallback
-3g5yACwYnA_3,7.8999999999999995,237,1,0,"[472.43, 149.91, 725.94, 444.44]",1,,frame_index_fps_fallback
-3g5yACwYnA_3,8.0,240,1,0,"[474.57, 149.21, 727.66, 444.27]",1,,frame_index_fps_fallback
-3g5yACwYnA_3,8.1,243,1,0,"[475.86, 148.23, 728.17, 442.98]",1,,frame_index_fps_fallback
-3g5yACwYnA_3,8.2,246,1,0,"[475.62, 147.44, 728.58, 442.2]",1,,frame_index_fps_fallback
-3g5yACwYnA_3,8.3,249,1,0,"[476.13, 146.73, 728.42, 440.99]",1,,frame_index_fps_fallback
-3g5yACwYnA_3,8.4,252,1,0,"[474.08, 148.46, 726.5, 440.72]",1,,frame_index_fps_fallback
-3g5yACwYnA_3,8.5,255,1,0,"[474.81, 149.81, 730.95, 445.75]",1,,frame_index_fps_fallback
-3g5yACwYnA_3,8.6,258,1,0,"[476.22, 149.64, 729.79, 442.85]",1,,frame_index_fps_fallback
-3g5yACwYnA_3,8.7,261,1,0,"[475.13, 149.03, 726.55, 436.39]",1,,frame_index_fps_fallback
-3g5yACwYnA_3,8.8,264,1,0,"[474.05, 148.13, 725.21, 438.45]",1,,frame_index_fps_fallback
-3g5yACwYnA_3,8.9,267,1,0,"[474.44, 147.72, 725.26, 440.47]",1,,frame_index_fps_fallback
-3g5yACwYnA_3,9.0,270,1,0,"[474.8, 147.7, 726.25, 439.97]",1,,frame_index_fps_fallback
-3g5yACwYnA_3,9.1,273,1,0,"[475.53, 147.68, 727.02, 439.11]",1,,frame_index_fps_fallback
-3g5yACwYnA_3,9.2,276,1,0,"[474.82, 148.87, 727.56, 439.77]",1,,frame_index_fps_fallback
-3g5yACwYnA_3,9.3,279,1,0,"[476.17, 150.73, 729.77, 441.91]",1,,frame_index_fps_fallback
-3g5yACwYnA_3,9.4,282,1,0,"[473.27, 150.14, 730.17, 448.01]",1,,frame_index_fps_fallback
-3g5yACwYnA_3,9.5,285,1,0,"[472.92, 148.21, 728.34, 440.95]",1,,frame_index_fps_fallback
-3g5yACwYnA_3,9.6,288,1,0,"[470.66, 145.04, 727.16, 443.85]",1,,frame_index_fps_fallback
-3g5yACwYnA_3,9.7,291,1,0,"[468.75, 145.14, 724.93, 441.25]",1,,frame_index_fps_fallback
-3g5yACwYnA_3,9.8,294,1,0,"[467.38, 148.31, 724.5, 448.19]",1,,frame_index_fps_fallback
-3g5yACwYnA_3,9.9,297,1,0,"[466.1, 149.36, 724.21, 447.14]",1,,frame_index_fps_fallback
-3g5yACwYnA_3,10.0,300,1,0,"[469.32, 149.79, 722.23, 444.7]",1,,frame_index_fps_fallback
-3g5yACwYnA_3,10.1,303,1,0,"[471.24, 150.87, 724.67, 445.44]",1,,frame_index_fps_fallback
-3g5yACwYnA_3,10.2,306,1,0,"[471.47, 149.86, 722.47, 444.47]",1,,frame_index_fps_fallback
-3g5yACwYnA_3,10.3,309,1,0,"[473.38, 151.33, 727.27, 442.03]",1,,frame_index_fps_fallback
-3g5yACwYnA_3,10.4,312,1,0,"[476.97, 156.25, 730.55, 443.98]",1,,frame_index_fps_fallback
-3g5yACwYnA_3,10.5,315,1,0,"[480.08, 147.98, 733.3, 445.4]",1,,frame_index_fps_fallback
-3g5yACwYnA_3,10.6,318,1,0,"[481.8, 154.46, 738.23, 449.08]",1,,frame_index_fps_fallback
-3g5yACwYnA_3,10.7,321,1,0,"[484.0, 154.14, 740.28, 449.43]",1,,frame_index_fps_fallback
-3g5yACwYnA_3,10.8,324,1,0,"[485.75, 152.49, 739.3, 448.86]",1,,frame_index_fps_fallback
-3g5yACwYnA_3,10.9,327,1,0,"[485.1, 152.79, 737.77, 448.91]",1,,frame_index_fps_fallback
-3g5yACwYnA_3,11.0,330,1,0,"[481.61, 154.95, 739.36, 448.93]",1,,frame_index_fps_fallback
-3g5yACwYnA_3,11.1,333,1,0,"[479.83, 157.3, 733.85, 448.5]",1,,frame_index_fps_fallback
-3g5yACwYnA_3,11.2,336,1,0,"[480.1, 157.89, 731.86, 447.12]",1,,frame_index_fps_fallback
-3g5yACwYnA_3,11.3,339,1,0,"[476.64, 148.69, 729.4, 442.39]",1,,frame_index_fps_fallback
-3g5yACwYnA_3,11.4,342,1,0,"[476.44, 147.74, 729.32, 442.73]",1,,frame_index_fps_fallback
-3g5yACwYnA_3,11.5,345,1,0,"[475.0, 148.0, 729.6, 443.61]",1,,frame_index_fps_fallback
-3g5yACwYnA_3,11.6,348,1,0,"[476.1, 149.53, 729.66, 442.02]",1,,frame_index_fps_fallback
-3g5yACwYnA_3,11.7,351,1,0,"[476.87, 155.81, 728.47, 442.91]",1,,frame_index_fps_fallback
-3g5yACwYnA_3,11.8,354,1,0,"[474.09, 149.86, 728.18, 438.92]",1,,frame_index_fps_fallback
-3g5yACwYnA_3,11.9,357,1,0,"[475.12, 149.64, 727.51, 438.53]",1,,frame_index_fps_fallback
-3g5yACwYnA_3,12.0,360,1,0,"[475.2, 150.64, 728.93, 440.79]",1,,frame_index_fps_fallback
-3g5yACwYnA_3,12.1,363,1,0,"[473.71, 151.71, 726.59, 439.51]",1,,frame_index_fps_fallback
-3g5yACwYnA_3,12.2,366,1,0,"[473.65, 149.72, 723.46, 440.2]",1,,frame_index_fps_fallback
-3g5yACwYnA_3,12.3,369,1,0,"[471.0, 149.01, 724.41, 441.17]",1,,frame_index_fps_fallback
-3g5yACwYnA_3,12.4,372,1,0,"[472.56, 149.29, 723.94, 443.05]",1,,frame_index_fps_fallback
-3g5yACwYnA_3,12.5,375,1,0,"[472.36, 151.1, 723.91, 446.89]",1,,frame_index_fps_fallback
-3g5yACwYnA_3,12.6,378,1,0,"[472.16, 151.6, 724.94, 446.01]",1,,frame_index_fps_fallback
-3g5yACwYnA_3,12.7,381,1,0,"[471.99, 151.51, 724.08, 445.7]",1,,frame_index_fps_fallback
-3g5yACwYnA_3,12.8,384,1,0,"[476.81, 154.61, 727.39, 444.89]",1,,frame_index_fps_fallback
-3g5yACwYnA_3,12.9,387,1,0,"[475.86, 156.0, 729.41, 447.77]",1,,frame_index_fps_fallback
-3g5yACwYnA_3,13.0,390,1,0,"[475.72, 154.6, 730.44, 450.59]",1,,frame_index_fps_fallback
-3g5yACwYnA_3,13.1,393,1,0,"[475.47, 151.07, 731.16, 450.13]",1,,frame_index_fps_fallback
-3g5yACwYnA_3,13.2,396,1,0,"[475.05, 149.3, 732.18, 450.78]",1,,frame_index_fps_fallback
-3g5yACwYnA_3,13.299999999999999,399,1,0,"[478.82, 151.21, 732.66, 449.33]",1,,frame_index_fps_fallback
-3g5yACwYnA_3,13.4,402,1,0,"[480.0, 148.14, 734.63, 445.62]",1,,frame_index_fps_fallback
-3g5yACwYnA_3,13.5,405,1,0,"[484.88, 146.31, 739.9, 446.33]",1,,frame_index_fps_fallback
-3g5yACwYnA_3,13.6,408,1,0,"[486.88, 147.77, 740.29, 445.68]",1,,frame_index_fps_fallback
-3g5yACwYnA_3,13.7,411,1,0,"[485.31, 149.72, 740.31, 444.81]",1,,frame_index_fps_fallback
-3g5yACwYnA_3,13.799999999999999,414,1,0,"[487.74, 150.47, 741.24, 447.03]",1,,frame_index_fps_fallback
-3g5yACwYnA_3,13.9,417,1,0,"[484.74, 146.84, 739.6, 446.22]",1,,frame_index_fps_fallback
-3g5yACwYnA_3,14.0,420,1,0,"[481.82, 143.73, 734.95, 436.81]",1,,frame_index_fps_fallback
-3g5yACwYnA_3,14.1,423,1,0,"[480.07, 142.49, 733.53, 438.83]",1,,frame_index_fps_fallback
-3g5yACwYnA_3,14.2,426,1,0,"[479.73, 143.49, 734.02, 439.13]",1,,frame_index_fps_fallback
-3g5yACwYnA_3,14.299999999999999,429,1,0,"[480.04, 147.24, 733.8, 440.52]",1,,frame_index_fps_fallback
-3g5yACwYnA_2,0.0,0,1,0,"[487.74, 137.88, 740.43, 432.85]",1,,frame_index_fps_fallback
-3g5yACwYnA_2,0.1,3,1,0,"[488.46, 138.22, 740.61, 430.76]",1,,frame_index_fps_fallback
-3g5yACwYnA_2,0.2,6,1,0,"[489.24, 138.79, 740.73, 428.81]",1,,frame_index_fps_fallback
-3g5yACwYnA_2,0.3,9,1,0,"[488.76, 138.24, 741.18, 428.09]",1,,frame_index_fps_fallback
-3g5yACwYnA_2,0.4,12,1,0,"[488.35, 137.59, 739.71, 427.39]",1,,frame_index_fps_fallback
-3g5yACwYnA_2,0.5,15,1,0,"[489.36, 135.8, 739.0, 426.72]",1,,frame_index_fps_fallback
-3g5yACwYnA_2,0.6,18,1,0,"[487.6, 136.47, 737.54, 426.16]",1,,frame_index_fps_fallback
-3g5yACwYnA_2,0.7,21,1,0,"[485.12, 136.82, 734.9, 427.01]",1,,frame_index_fps_fallback
-3g5yACwYnA_2,0.8,24,1,0,"[464.05, 147.31, 716.65, 445.0]",1,,frame_index_fps_fallback
-3g5yACwYnA_2,0.9,27,1,0,"[466.14, 148.54, 716.7, 444.14]",1,,frame_index_fps_fallback
-3g5yACwYnA_2,1.0,30,1,0,"[467.0, 148.17, 717.46, 441.1]",1,,frame_index_fps_fallback
-3g5yACwYnA_2,1.1,33,1,0,"[466.23, 146.17, 717.7, 438.87]",1,,frame_index_fps_fallback
-3g5yACwYnA_2,1.2,36,1,0,"[467.48, 147.56, 718.28, 439.67]",1,,frame_index_fps_fallback
-3g5yACwYnA_2,1.3,39,1,0,"[467.37, 150.12, 720.15, 441.5]",1,,frame_index_fps_fallback
-3g5yACwYnA_2,1.4,42,1,0,"[468.72, 148.82, 718.93, 440.88]",1,,frame_index_fps_fallback
-3g5yACwYnA_2,1.5,45,1,0,"[468.16, 148.95, 718.73, 438.41]",1,,frame_index_fps_fallback
-3g5yACwYnA_2,1.6,48,1,0,"[470.92, 150.18, 721.99, 441.81]",1,,frame_index_fps_fallback
-3g5yACwYnA_2,1.7,51,1,0,"[475.96, 148.93, 727.29, 440.91]",1,,frame_index_fps_fallback
-3g5yACwYnA_2,1.8,54,1,0,"[479.4, 148.42, 728.06, 441.57]",1,,frame_index_fps_fallback
-3g5yACwYnA_2,1.9,57,1,0,"[479.53, 148.86, 731.45, 443.56]",1,,frame_index_fps_fallback
-3g5yACwYnA_2,2.0,60,1,0,"[480.62, 145.86, 730.91, 441.17]",1,,frame_index_fps_fallback
-3g5yACwYnA_2,2.1,63,1,0,"[478.27, 147.7, 732.12, 441.25]",1,,frame_index_fps_fallback
-3g5yACwYnA_2,2.2,66,1,0,"[477.33, 146.69, 727.98, 436.91]",1,,frame_index_fps_fallback
-3g5yACwYnA_2,2.3,69,1,0,"[478.24, 147.21, 728.14, 438.72]",1,,frame_index_fps_fallback
-3g5yACwYnA_2,2.4,72,1,0,"[477.63, 144.83, 727.34, 436.88]",1,,frame_index_fps_fallback
-3g5yACwYnA_2,2.5,75,1,0,"[482.54, 142.48, 728.94, 429.95]",1,,frame_index_fps_fallback
-3g5yACwYnA_2,2.6,78,1,0,"[482.2, 140.12, 730.06, 427.84]",1,,frame_index_fps_fallback
-3g5yACwYnA_2,2.7,81,1,0,"[480.62, 139.46, 728.17, 426.35]",1,,frame_index_fps_fallback
-3g5yACwYnA_2,2.8,84,1,0,"[476.4, 142.34, 725.41, 428.74]",1,,frame_index_fps_fallback
-3g5yACwYnA_2,2.9,87,1,0,"[475.25, 142.09, 725.42, 434.38]",1,,frame_index_fps_fallback
-3g5yACwYnA_2,3.0,90,1,0,"[466.08, 149.42, 720.27, 439.93]",1,,frame_index_fps_fallback
-3g5yACwYnA_2,3.1,93,1,0,"[463.32, 149.55, 718.16, 441.62]",1,,frame_index_fps_fallback
-3g5yACwYnA_2,3.2,96,1,0,"[460.44, 147.2, 713.96, 435.3]",1,,frame_index_fps_fallback
-3g5yACwYnA_2,3.3,99,1,0,"[461.09, 146.47, 711.09, 434.06]",1,,frame_index_fps_fallback
-3g5yACwYnA_2,3.4,102,1,0,"[459.73, 145.11, 711.82, 435.92]",1,,frame_index_fps_fallback
-3g5yACwYnA_2,3.5,105,1,0,"[458.03, 146.14, 710.16, 428.25]",1,,frame_index_fps_fallback
-3g5yACwYnA_2,3.6,108,1,0,"[460.45, 147.9, 714.28, 429.4]",1,,frame_index_fps_fallback
-3g5yACwYnA_2,3.6999999999999997,111,1,0,"[470.18, 144.39, 719.01, 435.65]",1,,frame_index_fps_fallback
-3g5yACwYnA_2,3.8,114,1,0,"[470.83, 143.48, 722.15, 433.19]",1,,frame_index_fps_fallback
-3g5yACwYnA_2,3.9,117,1,0,"[471.37, 140.97, 724.44, 433.81]",1,,frame_index_fps_fallback
-3g5yACwYnA_2,4.0,120,1,0,"[474.85, 141.98, 727.64, 433.89]",1,,frame_index_fps_fallback
-3g5yACwYnA_2,4.1,123,1,0,"[473.64, 139.24, 727.22, 432.91]",1,,frame_index_fps_fallback
-3g5yACwYnA_2,4.2,126,1,0,"[477.27, 143.28, 730.81, 439.01]",1,,frame_index_fps_fallback
-3g5yACwYnA_2,4.3,129,1,0,"[479.02, 143.11, 732.85, 440.04]",1,,frame_index_fps_fallback
-3g5yACwYnA_2,4.4,132,1,0,"[481.44, 142.83, 733.85, 436.23]",1,,frame_index_fps_fallback
-3g5yACwYnA_2,4.5,135,1,0,"[483.82, 147.44, 737.87, 442.42]",1,,frame_index_fps_fallback
-3g5yACwYnA_2,4.6,138,1,0,"[484.52, 149.19, 737.45, 440.56]",1,,frame_index_fps_fallback
-3g5yACwYnA_2,4.7,141,1,0,"[482.09, 146.58, 734.52, 440.33]",1,,frame_index_fps_fallback
-3g5yACwYnA_2,4.8,144,1,0,"[478.74, 146.92, 732.72, 439.65]",1,,frame_index_fps_fallback
-3g5yACwYnA_2,4.9,147,1,0,"[477.55, 147.09, 729.06, 439.0]",1,,frame_index_fps_fallback
-3g5yACwYnA_2,5.0,150,1,0,"[474.88, 146.77, 724.16, 435.95]",1,,frame_index_fps_fallback
-3g5yACwYnA_2,5.1,153,1,0,"[473.24, 147.99, 724.94, 437.0]",1,,frame_index_fps_fallback
-3g5yACwYnA_2,5.2,156,1,0,"[470.46, 144.72, 722.07, 439.57]",1,,frame_index_fps_fallback
-3g5yACwYnA_2,5.3,159,1,0,"[467.33, 146.36, 721.14, 440.14]",1,,frame_index_fps_fallback
-3g5yACwYnA_2,5.4,162,1,0,"[465.11, 146.92, 720.78, 441.9]",1,,frame_index_fps_fallback
-3g5yACwYnA_2,5.5,165,1,0,"[465.14, 146.32, 717.97, 440.53]",1,,frame_index_fps_fallback
-3g5yACwYnA_2,5.6,168,1,0,"[464.7, 146.25, 718.44, 439.84]",1,,frame_index_fps_fallback
-3g5yACwYnA_2,5.7,171,1,0,"[465.43, 147.95, 719.16, 440.76]",1,,frame_index_fps_fallback
-3g5yACwYnA_2,5.8,174,1,0,"[466.74, 148.13, 720.28, 439.8]",1,,frame_index_fps_fallback
-3g5yACwYnA_2,5.9,177,1,0,"[465.8, 144.61, 718.79, 440.95]",1,,frame_index_fps_fallback
-3g5yACwYnA_2,6.0,180,1,0,"[469.21, 143.89, 719.16, 438.52]",1,,frame_index_fps_fallback
-3g5yACwYnA_2,6.1,183,1,0,"[469.4, 145.36, 720.43, 438.16]",1,,frame_index_fps_fallback
-3g5yACwYnA_2,6.2,186,1,0,"[470.32, 149.87, 722.54, 439.27]",1,,frame_index_fps_fallback
-3g5yACwYnA_2,6.3,189,1,0,"[468.45, 149.93, 720.49, 438.91]",1,,frame_index_fps_fallback
-3g5yACwYnA_2,6.4,192,1,0,"[466.89, 152.37, 720.19, 439.5]",1,,frame_index_fps_fallback
-3g5yACwYnA_2,6.5,195,1,0,"[463.29, 152.79, 717.59, 444.52]",1,,frame_index_fps_fallback
-3g5yACwYnA_2,6.6,198,1,0,"[462.86, 150.28, 715.07, 439.46]",1,,frame_index_fps_fallback
-3g5yACwYnA_2,6.7,201,1,0,"[463.83, 148.62, 714.75, 438.17]",1,,frame_index_fps_fallback
-3g5yACwYnA_2,6.8,204,1,0,"[463.57, 146.81, 716.0, 436.14]",1,,frame_index_fps_fallback
-3g5yACwYnA_2,6.8999999999999995,207,1,0,"[463.68, 145.63, 714.72, 436.04]",1,,frame_index_fps_fallback
-3g5yACwYnA_2,7.0,210,1,0,"[463.45, 149.31, 716.52, 440.17]",1,,frame_index_fps_fallback
-3g5yACwYnA_2,7.1,213,1,0,"[466.88, 148.86, 715.34, 434.32]",1,,frame_index_fps_fallback
-3g5yACwYnA_2,7.2,216,1,0,"[466.03, 146.46, 717.46, 435.8]",1,,frame_index_fps_fallback
-3g5yACwYnA_2,7.3,219,1,0,"[467.78, 144.81, 719.13, 435.7]",1,,frame_index_fps_fallback
-3g5yACwYnA_2,7.3999999999999995,222,1,0,"[471.72, 146.0, 721.48, 435.11]",1,,frame_index_fps_fallback
-3g5yACwYnA_2,7.5,225,1,0,"[474.33, 147.38, 724.25, 436.92]",1,,frame_index_fps_fallback
-3g5yACwYnA_2,7.6,228,1,0,"[473.53, 145.97, 725.58, 440.38]",1,,frame_index_fps_fallback
-3g5yACwYnA_2,7.7,231,1,0,"[476.42, 146.16, 727.93, 441.24]",1,,frame_index_fps_fallback
-3g5yACwYnA_2,7.8,234,1,0,"[477.48, 148.12, 730.92, 443.34]",1,,frame_index_fps_fallback
-3g5yACwYnA_2,7.8999999999999995,237,1,0,"[474.66, 147.31, 730.76, 445.71]",1,,frame_index_fps_fallback
-3g5yACwYnA_2,8.0,240,1,0,"[475.32, 145.89, 729.91, 447.19]",1,,frame_index_fps_fallback
-3g5yACwYnA_2,8.1,243,1,0,"[476.67, 147.35, 731.19, 448.6]",1,,frame_index_fps_fallback
-3g5yACwYnA_2,8.2,246,1,0,"[476.62, 147.36, 731.12, 448.6]",1,,frame_index_fps_fallback
-3g5yACwYnA_2,8.3,249,1,0,"[476.21, 147.6, 730.21, 447.81]",1,,frame_index_fps_fallback
-3g5yACwYnA_2,8.4,252,1,0,"[476.29, 146.64, 729.1, 445.87]",1,,frame_index_fps_fallback
-3g5yACwYnA_2,8.5,255,1,0,"[476.13, 146.85, 730.25, 444.17]",1,,frame_index_fps_fallback
-3g5yACwYnA_2,8.6,258,1,0,"[474.21, 146.48, 729.34, 442.6]",1,,frame_index_fps_fallback
-3g5yACwYnA_2,8.7,261,1,0,"[474.77, 149.3, 727.56, 440.11]",1,,frame_index_fps_fallback
-3g5yACwYnA_2,8.8,264,1,0,"[473.3, 151.86, 727.99, 441.3]",1,,frame_index_fps_fallback
-3g5yACwYnA_2,8.9,267,1,0,"[473.25, 151.25, 727.96, 439.63]",1,,frame_index_fps_fallback
-3g5yACwYnA_2,9.0,270,1,0,"[471.79, 149.74, 725.26, 442.86]",1,,frame_index_fps_fallback
-3g5yACwYnA_2,9.1,273,1,0,"[470.71, 149.3, 723.53, 443.6]",1,,frame_index_fps_fallback
-3g5yACwYnA_2,9.2,276,1,0,"[470.1, 149.33, 721.46, 441.5]",1,,frame_index_fps_fallback
-3g5yACwYnA_2,9.333333333333334,277,1,0,"[466.79, 149.8, 720.72, 440.02]",1,,frame_index_fps_fallback
-3g5yACwYnA_9,0.0,0,1,0,"[480.15, 156.15, 735.29, 454.68]",1,,frame_index_fps_fallback
-3g5yACwYnA_9,0.1,3,1,0,"[479.92, 155.64, 734.45, 451.51]",1,,frame_index_fps_fallback
-3g5yACwYnA_9,0.2,6,1,0,"[479.85, 157.24, 734.86, 451.6]",1,,frame_index_fps_fallback
-3g5yACwYnA_9,0.3,9,1,0,"[480.07, 156.14, 732.03, 452.84]",1,,frame_index_fps_fallback
-3g5yACwYnA_9,0.4,12,1,0,"[479.0, 154.84, 732.23, 450.57]",1,,frame_index_fps_fallback
-3g5yACwYnA_9,0.5,15,1,0,"[481.14, 158.1, 732.68, 448.64]",1,,frame_index_fps_fallback
-3g5yACwYnA_9,0.6,18,1,0,"[481.24, 158.87, 732.67, 446.85]",1,,frame_index_fps_fallback
-3g5yACwYnA_9,0.7,21,1,0,"[480.23, 160.09, 729.78, 446.25]",1,,frame_index_fps_fallback
-3g5yACwYnA_9,0.8,24,1,0,"[478.61, 156.33, 731.06, 450.62]",1,,frame_index_fps_fallback
-3g5yACwYnA_9,0.9,27,1,0,"[479.44, 155.02, 732.97, 450.55]",1,,frame_index_fps_fallback
-3g5yACwYnA_9,1.0,30,1,0,"[479.53, 154.02, 732.22, 443.75]",1,,frame_index_fps_fallback
-3g5yACwYnA_9,1.1,33,1,0,"[480.86, 156.52, 731.85, 449.34]",1,,frame_index_fps_fallback
-3g5yACwYnA_9,1.2,36,1,0,"[480.51, 158.31, 730.79, 446.92]",1,,frame_index_fps_fallback
-3g5yACwYnA_9,1.3,39,1,0,"[478.31, 154.69, 729.58, 447.97]",1,,frame_index_fps_fallback
-3g5yACwYnA_9,1.4,42,1,0,"[480.49, 158.05, 729.59, 448.17]",1,,frame_index_fps_fallback
-3g5yACwYnA_9,1.5,45,1,0,"[480.29, 158.67, 730.1, 449.21]",1,,frame_index_fps_fallback
-3g5yACwYnA_9,1.6,48,1,0,"[477.9, 160.21, 730.67, 448.08]",1,,frame_index_fps_fallback
-3g5yACwYnA_9,1.7,51,1,0,"[475.43, 149.07, 727.51, 443.0]",1,,frame_index_fps_fallback
-3g5yACwYnA_9,1.8,54,1,0,"[471.47, 144.15, 726.23, 438.89]",1,,frame_index_fps_fallback
-3g5yACwYnA_9,1.9,57,1,0,"[472.34, 145.62, 724.93, 438.62]",1,,frame_index_fps_fallback
-3g5yACwYnA_9,2.0,60,1,0,"[472.24, 148.21, 724.05, 441.78]",1,,frame_index_fps_fallback
-3g5yACwYnA_9,2.1,63,1,0,"[473.28, 149.38, 725.66, 441.84]",1,,frame_index_fps_fallback
-3g5yACwYnA_9,2.2,66,1,0,"[472.09, 145.34, 724.77, 444.23]",1,,frame_index_fps_fallback
-3g5yACwYnA_9,2.3,69,1,0,"[476.75, 148.41, 729.77, 446.99]",1,,frame_index_fps_fallback
-3g5yACwYnA_9,2.4,72,1,0,"[480.52, 152.21, 732.62, 447.2]",1,,frame_index_fps_fallback
-3g5yACwYnA_9,2.5,75,1,0,"[481.3, 154.18, 733.31, 448.49]",1,,frame_index_fps_fallback
-3g5yACwYnA_9,2.6,78,1,0,"[481.52, 154.36, 733.92, 448.5]",1,,frame_index_fps_fallback
-3g5yACwYnA_9,2.7,81,1,0,"[480.69, 152.29, 732.94, 447.82]",1,,frame_index_fps_fallback
-3g5yACwYnA_9,2.8,84,1,0,"[478.61, 152.61, 730.33, 446.59]",1,,frame_index_fps_fallback
-3g5yACwYnA_9,2.9,87,1,0,"[476.74, 150.42, 727.85, 443.24]",1,,frame_index_fps_fallback
-3g5yACwYnA_9,3.0,90,1,0,"[474.79, 149.96, 727.54, 445.23]",1,,frame_index_fps_fallback
-3g5yACwYnA_9,3.1,93,1,0,"[475.15, 149.77, 726.94, 445.3]",1,,frame_index_fps_fallback
-3g5yACwYnA_9,3.2,96,1,0,"[475.57, 150.55, 728.74, 446.13]",1,,frame_index_fps_fallback
-3g5yACwYnA_9,3.3,99,1,0,"[476.9, 149.72, 730.49, 445.01]",1,,frame_index_fps_fallback
-3g5yACwYnA_9,3.4,102,1,0,"[482.48, 152.8, 734.88, 449.47]",1,,frame_index_fps_fallback
-3g5yACwYnA_9,3.5,105,1,0,"[482.54, 152.36, 736.5, 450.44]",1,,frame_index_fps_fallback
-3g5yACwYnA_9,3.6,108,1,0,"[480.4, 155.68, 735.63, 446.8]",1,,frame_index_fps_fallback
-3g5yACwYnA_9,3.6999999999999997,111,1,0,"[480.55, 154.33, 735.95, 448.43]",1,,frame_index_fps_fallback
-3g5yACwYnA_9,3.8,114,1,0,"[483.39, 155.18, 737.77, 447.87]",1,,frame_index_fps_fallback
-3g5yACwYnA_9,3.9,117,1,0,"[482.69, 155.64, 737.08, 447.55]",1,,frame_index_fps_fallback
-3g5yACwYnA_9,4.0,120,1,0,"[482.83, 154.48, 735.58, 450.35]",1,,frame_index_fps_fallback
-3g5yACwYnA_9,4.1,123,1,0,"[481.46, 158.22, 735.49, 451.64]",1,,frame_index_fps_fallback
-3g5yACwYnA_9,4.2,126,1,0,"[481.78, 162.16, 730.77, 448.48]",1,,frame_index_fps_fallback
-3g5yACwYnA_9,4.3,129,1,0,"[479.63, 154.2, 729.1, 442.36]",1,,frame_index_fps_fallback
-3g5yACwYnA_9,4.4,132,1,0,"[478.88, 152.97, 728.7, 442.58]",1,,frame_index_fps_fallback
-3g5yACwYnA_9,4.5,135,1,0,"[479.04, 152.11, 729.09, 443.16]",1,,frame_index_fps_fallback
-3g5yACwYnA_9,4.6,138,1,0,"[477.86, 153.36, 727.71, 443.34]",1,,frame_index_fps_fallback
-3g5yACwYnA_9,4.7,141,1,0,"[477.51, 152.46, 727.34, 441.39]",1,,frame_index_fps_fallback
-3g5yACwYnA_9,4.8,144,1,0,"[477.7, 152.81, 727.24, 443.34]",1,,frame_index_fps_fallback
-3g5yACwYnA_9,4.9,147,1,0,"[477.39, 152.6, 725.6, 442.84]",1,,frame_index_fps_fallback
-3g5yACwYnA_9,5.0,150,1,0,"[476.75, 154.58, 726.95, 444.4]",1,,frame_index_fps_fallback
-3g5yACwYnA_9,5.1,153,1,0,"[472.21, 153.69, 724.14, 448.55]",1,,frame_index_fps_fallback
-3g5yACwYnA_9,5.2,156,1,0,"[474.97, 157.15, 725.51, 448.18]",1,,frame_index_fps_fallback
-3g5yACwYnA_9,5.3,159,1,0,"[473.03, 161.06, 725.89, 447.54]",1,,frame_index_fps_fallback
-3g5yACwYnA_9,5.4,162,1,0,"[476.02, 162.61, 726.91, 450.4]",1,,frame_index_fps_fallback
-3g5yACwYnA_9,5.5,165,1,0,"[473.87, 161.06, 727.86, 450.29]",1,,frame_index_fps_fallback
-3g5yACwYnA_9,5.6,168,1,0,"[473.73, 158.35, 725.03, 448.47]",1,,frame_index_fps_fallback
-3g5yACwYnA_9,5.7,171,1,0,"[471.11, 157.31, 724.06, 450.21]",1,,frame_index_fps_fallback
-3g5yACwYnA_9,5.8,174,1,0,"[471.0, 160.12, 723.27, 443.73]",1,,frame_index_fps_fallback
-3g5yACwYnA_9,5.9,177,1,0,"[471.73, 158.39, 723.26, 446.09]",1,,frame_index_fps_fallback
-3g5yACwYnA_9,6.0,180,1,0,"[472.66, 156.85, 724.62, 447.38]",1,,frame_index_fps_fallback
-3g5yACwYnA_9,6.1,183,1,0,"[472.73, 154.68, 723.92, 446.33]",1,,frame_index_fps_fallback
-3g5yACwYnA_9,6.2,186,1,0,"[472.28, 153.29, 723.51, 446.34]",1,,frame_index_fps_fallback
-3g5yACwYnA_9,6.3,189,1,0,"[467.21, 150.45, 721.59, 446.2]",1,,frame_index_fps_fallback
-3g5yACwYnA_9,6.4,192,1,0,"[466.48, 151.0, 720.06, 445.84]",1,,frame_index_fps_fallback
-3g5yACwYnA_9,6.5,195,1,0,"[467.53, 151.37, 720.69, 446.58]",1,,frame_index_fps_fallback
-3g5yACwYnA_9,6.6,198,1,0,"[466.42, 151.25, 721.42, 452.94]",1,,frame_index_fps_fallback
-3g5yACwYnA_9,6.7,201,1,0,"[468.26, 151.04, 723.42, 453.05]",1,,frame_index_fps_fallback
-3g5yACwYnA_9,6.8,204,1,0,"[471.01, 149.09, 723.5, 443.93]",1,,frame_index_fps_fallback
-3g5yACwYnA_9,6.8999999999999995,207,1,0,"[470.57, 146.77, 725.2, 443.66]",1,,frame_index_fps_fallback
-3g5yACwYnA_9,7.0,210,1,0,"[474.45, 148.22, 725.87, 442.53]",1,,frame_index_fps_fallback
-3g5yACwYnA_9,7.1,213,1,0,"[474.7, 152.04, 728.13, 448.37]",1,,frame_index_fps_fallback
-3g5yACwYnA_9,7.2,216,1,0,"[475.86, 151.9, 727.58, 446.26]",1,,frame_index_fps_fallback
-3g5yACwYnA_9,7.3,219,1,0,"[474.22, 150.05, 725.69, 445.15]",1,,frame_index_fps_fallback
-3g5yACwYnA_9,7.3999999999999995,222,1,0,"[473.36, 152.26, 725.17, 449.54]",1,,frame_index_fps_fallback
-3g5yACwYnA_9,7.5,225,1,0,"[472.4, 151.6, 723.43, 446.17]",1,,frame_index_fps_fallback
-3g5yACwYnA_9,7.6,228,1,0,"[470.52, 153.89, 724.43, 449.3]",1,,frame_index_fps_fallback
-3g5yACwYnA_9,7.7,231,1,0,"[468.77, 153.9, 722.99, 452.21]",1,,frame_index_fps_fallback
-3g5yACwYnA_9,7.8,234,1,0,"[467.93, 154.65, 722.22, 450.5]",1,,frame_index_fps_fallback
-3g5yACwYnA_9,7.8999999999999995,237,1,0,"[467.65, 154.97, 721.2, 449.09]",1,,frame_index_fps_fallback
-3g5yACwYnA_9,8.0,240,1,0,"[467.93, 157.64, 720.06, 446.78]",1,,frame_index_fps_fallback
-3g5yACwYnA_9,8.1,243,1,0,"[466.01, 160.2, 718.0, 448.56]",1,,frame_index_fps_fallback
-3g5yACwYnA_9,8.2,246,1,0,"[464.74, 158.1, 716.73, 449.05]",1,,frame_index_fps_fallback
-3g5yACwYnA_9,8.3,249,1,0,"[458.77, 153.65, 714.11, 449.08]",1,,frame_index_fps_fallback
-3g5yACwYnA_9,8.4,252,1,0,"[459.91, 153.58, 713.96, 448.29]",1,,frame_index_fps_fallback
-3g5yACwYnA_9,8.5,255,1,0,"[460.11, 153.02, 715.88, 448.59]",1,,frame_index_fps_fallback
-3g5yACwYnA_9,8.6,258,1,0,"[465.3, 157.31, 716.82, 449.91]",1,,frame_index_fps_fallback
-3g5yACwYnA_9,8.7,261,1,0,"[466.88, 157.43, 717.71, 448.26]",1,,frame_index_fps_fallback
-3nNcZdcdvU_5,0.0,0,1,0,"[176.73, 59.18, 231.88, 119.96]",1,,frame_index_fps_fallback
-3nNcZdcdvU_5,0.1,3,1,0,"[176.84, 59.07, 231.76, 120.46]",1,,frame_index_fps_fallback
-3nNcZdcdvU_5,0.2,6,1,0,"[177.2, 58.25, 232.02, 120.34]",1,,frame_index_fps_fallback
-3nNcZdcdvU_5,0.3,9,1,0,"[177.33, 57.48, 231.55, 119.76]",1,,frame_index_fps_fallback
-3nNcZdcdvU_5,0.4,12,1,0,"[177.31, 58.15, 231.07, 119.3]",1,,frame_index_fps_fallback
-3nNcZdcdvU_5,0.5,15,1,0,"[177.55, 56.29, 231.92, 118.04]",1,,frame_index_fps_fallback
-3nNcZdcdvU_5,0.6,18,1,0,"[177.79, 56.7, 231.64, 118.0]",1,,frame_index_fps_fallback
-3nNcZdcdvU_5,0.7,21,1,0,"[178.19, 55.98, 232.24, 119.71]",1,,frame_index_fps_fallback
-3nNcZdcdvU_5,0.8,24,1,0,"[177.55, 55.56, 232.28, 119.19]",1,,frame_index_fps_fallback
-3nNcZdcdvU_5,0.9,27,1,0,"[177.36, 55.69, 232.73, 119.39]",1,,frame_index_fps_fallback
-3nNcZdcdvU_5,1.0,30,1,0,"[176.9, 57.38, 231.79, 118.41]",1,,frame_index_fps_fallback
-3nNcZdcdvU_5,1.1,33,1,0,"[176.38, 58.82, 231.79, 118.95]",1,,frame_index_fps_fallback
-3nNcZdcdvU_5,1.2,36,1,0,"[176.41, 58.76, 232.01, 120.32]",1,,frame_index_fps_fallback
-3nNcZdcdvU_5,1.3,39,1,0,"[176.9, 58.34, 231.88, 121.43]",1,,frame_index_fps_fallback
-3nNcZdcdvU_5,1.4,42,1,0,"[176.31, 58.9, 231.88, 121.1]",1,,frame_index_fps_fallback
-3nNcZdcdvU_5,1.5,45,1,0,"[176.54, 58.83, 231.4, 120.53]",1,,frame_index_fps_fallback
-3nNcZdcdvU_5,1.6,48,1,0,"[176.35, 59.3, 231.39, 120.46]",1,,frame_index_fps_fallback
-3nNcZdcdvU_5,1.7,51,1,0,"[176.32, 59.55, 231.5, 121.71]",1,,frame_index_fps_fallback
-3nNcZdcdvU_5,1.8,54,1,0,"[175.94, 59.31, 231.18, 121.31]",1,,frame_index_fps_fallback
-3nNcZdcdvU_5,1.9,57,1,0,"[176.04, 59.99, 230.77, 119.77]",1,,frame_index_fps_fallback
-3nNcZdcdvU_5,2.0,60,1,0,"[176.45, 59.4, 230.74, 119.77]",1,,frame_index_fps_fallback
-3nNcZdcdvU_5,2.1,63,1,0,"[176.38, 60.17, 230.59, 120.78]",1,,frame_index_fps_fallback
-3nNcZdcdvU_5,2.2,66,1,0,"[176.37, 60.25, 230.75, 120.53]",1,,frame_index_fps_fallback
-3nNcZdcdvU_5,2.3,69,1,0,"[177.16, 60.04, 231.08, 120.99]",1,,frame_index_fps_fallback
-3nNcZdcdvU_5,2.4,72,1,0,"[176.84, 60.63, 231.28, 121.26]",1,,frame_index_fps_fallback
-3nNcZdcdvU_5,2.5,75,1,0,"[176.78, 60.8, 231.44, 120.99]",1,,frame_index_fps_fallback
-3nNcZdcdvU_5,2.6,78,1,0,"[176.49, 60.48, 231.28, 121.65]",1,,frame_index_fps_fallback
-3nNcZdcdvU_5,2.7,81,1,0,"[176.95, 60.91, 230.73, 120.89]",1,,frame_index_fps_fallback
-3nNcZdcdvU_5,2.8,84,1,0,"[176.66, 60.86, 230.9, 120.85]",1,,frame_index_fps_fallback
-3nNcZdcdvU_5,2.9,87,1,0,"[176.56, 60.04, 231.1, 121.0]",1,,frame_index_fps_fallback
-3nNcZdcdvU_5,3.0,90,1,0,"[176.28, 60.07, 231.16, 119.77]",1,,frame_index_fps_fallback
-3nNcZdcdvU_5,3.1,93,1,0,"[176.4, 60.51, 230.63, 119.97]",1,,frame_index_fps_fallback
-3nNcZdcdvU_5,3.2,96,1,0,"[176.33, 60.15, 230.58, 121.33]",1,,frame_index_fps_fallback
-3nNcZdcdvU_5,3.3,99,1,0,"[176.25, 60.42, 230.83, 120.91]",1,,frame_index_fps_fallback
-3nNcZdcdvU_5,3.4,102,1,0,"[176.78, 60.11, 231.76, 119.41]",1,,frame_index_fps_fallback
-3nNcZdcdvU_5,3.5,105,1,0,"[176.8, 60.43, 232.12, 120.99]",1,,frame_index_fps_fallback
-3nNcZdcdvU_5,3.6,108,1,0,"[177.08, 60.23, 232.34, 120.83]",1,,frame_index_fps_fallback
-3nNcZdcdvU_5,3.6999999999999997,111,1,0,"[177.46, 60.42, 232.25, 121.2]",1,,frame_index_fps_fallback
-3nNcZdcdvU_5,3.8,114,1,0,"[177.51, 60.4, 232.28, 121.5]",1,,frame_index_fps_fallback
-3nNcZdcdvU_5,3.9,117,1,0,"[177.65, 60.56, 232.45, 121.07]",1,,frame_index_fps_fallback
-3nNcZdcdvU_5,4.0,120,1,0,"[177.89, 60.37, 232.45, 121.43]",1,,frame_index_fps_fallback
-3nNcZdcdvU_5,4.1,123,1,0,"[177.7, 60.28, 232.15, 121.11]",1,,frame_index_fps_fallback
-3nNcZdcdvU_5,4.2,126,1,0,"[177.49, 59.72, 232.33, 120.97]",1,,frame_index_fps_fallback
-3nNcZdcdvU_5,4.3,129,1,0,"[176.98, 59.95, 232.31, 120.61]",1,,frame_index_fps_fallback
-3nNcZdcdvU_5,4.4,132,1,0,"[176.96, 59.79, 232.25, 120.52]",1,,frame_index_fps_fallback
-3nNcZdcdvU_5,4.5,135,1,0,"[177.31, 59.41, 232.54, 120.79]",1,,frame_index_fps_fallback
-3nNcZdcdvU_5,4.6,138,1,0,"[177.65, 59.38, 233.13, 119.91]",1,,frame_index_fps_fallback
-3nNcZdcdvU_5,4.7,141,1,0,"[177.63, 57.89, 233.1, 120.21]",1,,frame_index_fps_fallback
-3nNcZdcdvU_5,4.8,144,1,0,"[177.99, 58.98, 232.46, 120.43]",1,,frame_index_fps_fallback
-3nNcZdcdvU_5,4.9,147,1,0,"[177.37, 58.1, 232.47, 121.12]",1,,frame_index_fps_fallback
-3nNcZdcdvU_5,5.0,150,1,0,"[177.11, 58.51, 231.91, 120.76]",1,,frame_index_fps_fallback
-3nNcZdcdvU_5,5.1,153,1,0,"[176.08, 57.26, 231.39, 120.13]",1,,frame_index_fps_fallback
-3nNcZdcdvU_5,5.2,156,1,0,"[176.46, 57.69, 230.6, 119.1]",1,,frame_index_fps_fallback
-3nNcZdcdvU_5,5.3,159,1,0,"[175.73, 57.62, 230.71, 118.99]",1,,frame_index_fps_fallback
-3nNcZdcdvU_5,5.4,162,1,0,"[175.69, 57.96, 230.76, 119.02]",1,,frame_index_fps_fallback
-3nNcZdcdvU_5,5.5,165,1,0,"[175.92, 57.72, 230.45, 118.55]",1,,frame_index_fps_fallback
-3nNcZdcdvU_5,5.6,168,1,0,"[175.86, 58.04, 230.35, 118.74]",1,,frame_index_fps_fallback
-3nNcZdcdvU_5,5.7,171,1,0,"[175.67, 59.48, 229.78, 119.17]",1,,frame_index_fps_fallback
-3nNcZdcdvU_5,5.8,174,1,0,"[176.18, 58.46, 230.3, 119.26]",1,,frame_index_fps_fallback
-3nNcZdcdvU_5,5.9,177,1,0,"[177.22, 57.45, 231.49, 120.32]",1,,frame_index_fps_fallback
-3nNcZdcdvU_5,6.0,180,1,0,"[177.52, 57.67, 231.97, 119.67]",1,,frame_index_fps_fallback
-3nNcZdcdvU_5,6.1,183,1,0,"[177.81, 57.49, 232.39, 120.15]",1,,frame_index_fps_fallback
-3nNcZdcdvU_5,6.2,186,1,0,"[177.91, 58.23, 232.83, 119.66]",1,,frame_index_fps_fallback
-3nNcZdcdvU_5,6.3,189,1,0,"[177.36, 57.11, 231.99, 120.33]",1,,frame_index_fps_fallback
-3nNcZdcdvU_5,6.4,192,1,0,"[177.41, 57.13, 231.77, 119.96]",1,,frame_index_fps_fallback
-3nNcZdcdvU_5,6.5,195,1,0,"[176.97, 59.55, 231.73, 119.95]",1,,frame_index_fps_fallback
-3nNcZdcdvU_5,6.6,198,1,0,"[176.77, 59.37, 231.92, 120.3]",1,,frame_index_fps_fallback
-3nNcZdcdvU_5,6.7,201,1,0,"[177.05, 59.33, 231.87, 120.86]",1,,frame_index_fps_fallback
-3nNcZdcdvU_5,6.8,204,1,0,"[176.79, 59.88, 231.58, 120.06]",1,,frame_index_fps_fallback
-3nNcZdcdvU_5,6.8999999999999995,207,1,0,"[176.53, 59.64, 231.48, 120.53]",1,,frame_index_fps_fallback
-3nNcZdcdvU_5,7.0,210,1,0,"[176.74, 59.23, 231.26, 120.38]",1,,frame_index_fps_fallback
-3nNcZdcdvU_5,7.1,213,1,0,"[176.65, 59.47, 231.42, 120.64]",1,,frame_index_fps_fallback
-3nNcZdcdvU_5,7.2,216,1,0,"[176.55, 59.56, 231.14, 120.7]",1,,frame_index_fps_fallback
-3nNcZdcdvU_5,7.3,219,1,0,"[176.78, 58.66, 230.57, 120.43]",1,,frame_index_fps_fallback
-3nNcZdcdvU_5,7.3999999999999995,222,1,0,"[176.93, 58.72, 230.12, 119.96]",1,,frame_index_fps_fallback
-3nNcZdcdvU_5,7.5,225,1,0,"[177.34, 59.09, 230.53, 119.26]",1,,frame_index_fps_fallback
-3nNcZdcdvU_5,7.6,228,1,0,"[177.27, 59.47, 229.57, 118.96]",1,,frame_index_fps_fallback
-3nNcZdcdvU_5,7.7,231,1,0,"[177.91, 62.94, 228.36, 117.57]",1,,frame_index_fps_fallback
-3nNcZdcdvU_5,7.8,234,0,,,0,no_face_detected,frame_index_fps_fallback
-HwX2H8Z4hY_2,0.0,0,0,,,0,no_face_detected,frame_index_fps_fallback
-HwX2H8Z4hY_2,0.1,3,0,,,0,no_face_detected,frame_index_fps_fallback
-HwX2H8Z4hY_2,0.2,6,0,,,0,no_face_detected,frame_index_fps_fallback
-HwX2H8Z4hY_2,0.3,9,0,,,0,no_face_detected,frame_index_fps_fallback
-HwX2H8Z4hY_2,0.4,12,0,,,0,no_face_detected,frame_index_fps_fallback
-HwX2H8Z4hY_2,0.5,15,0,,,0,no_face_detected,frame_index_fps_fallback
-HwX2H8Z4hY_2,0.6,18,0,,,0,no_face_detected,frame_index_fps_fallback
-HwX2H8Z4hY_2,0.7,21,0,,,0,no_face_detected,frame_index_fps_fallback
-HwX2H8Z4hY_2,0.8,24,0,,,0,no_face_detected,frame_index_fps_fallback
-HwX2H8Z4hY_2,0.9,27,0,,,0,no_face_detected,frame_index_fps_fallback
-HwX2H8Z4hY_2,1.0,30,0,,,0,no_face_detected,frame_index_fps_fallback
-HwX2H8Z4hY_2,1.1,33,0,,,0,no_face_detected,frame_index_fps_fallback
-HwX2H8Z4hY_2,1.2,36,0,,,0,no_face_detected,frame_index_fps_fallback
-HwX2H8Z4hY_2,1.3,39,0,,,0,no_face_detected,frame_index_fps_fallback
-HwX2H8Z4hY_2,1.4,42,0,,,0,no_face_detected,frame_index_fps_fallback
-HwX2H8Z4hY_2,1.5,45,0,,,0,no_face_detected,frame_index_fps_fallback
-HwX2H8Z4hY_2,1.6,48,0,,,0,no_face_detected,frame_index_fps_fallback
-HwX2H8Z4hY_2,1.7,51,0,,,0,no_face_detected,frame_index_fps_fallback
-HwX2H8Z4hY_2,1.8,54,0,,,0,no_face_detected,frame_index_fps_fallback
-HwX2H8Z4hY_2,1.9,57,0,,,0,no_face_detected,frame_index_fps_fallback
-HwX2H8Z4hY_2,2.0,60,0,,,0,no_face_detected,frame_index_fps_fallback
-HwX2H8Z4hY_2,2.1,63,0,,,0,no_face_detected,frame_index_fps_fallback
-HwX2H8Z4hY_2,2.2,66,0,,,0,no_face_detected,frame_index_fps_fallback
-HwX2H8Z4hY_2,2.3,69,0,,,0,no_face_detected,frame_index_fps_fallback
-HwX2H8Z4hY_2,2.4,72,0,,,0,no_face_detected,frame_index_fps_fallback
-HwX2H8Z4hY_2,2.5,75,0,,,0,no_face_detected,frame_index_fps_fallback
-HwX2H8Z4hY_2,2.6,78,0,,,0,no_face_detected,frame_index_fps_fallback
-HwX2H8Z4hY_2,2.7,81,0,,,0,no_face_detected,frame_index_fps_fallback
-HwX2H8Z4hY_2,2.8,84,0,,,0,no_face_detected,frame_index_fps_fallback
-HwX2H8Z4hY_2,2.9,87,0,,,0,no_face_detected,frame_index_fps_fallback
-HwX2H8Z4hY_2,3.0,90,0,,,0,no_face_detected,frame_index_fps_fallback
-HwX2H8Z4hY_2,3.1,93,1,0,"[515.06, 325.23, 848.08, 719.0]",1,,frame_index_fps_fallback
-HwX2H8Z4hY_2,3.2,96,1,0,"[541.37, 35.15, 880.25, 443.98]",1,,frame_index_fps_fallback
-HwX2H8Z4hY_2,3.3,99,1,0,"[547.99, 37.93, 890.85, 430.73]",1,,frame_index_fps_fallback
-HwX2H8Z4hY_2,3.4,102,1,0,"[542.34, 39.35, 885.38, 431.68]",1,,frame_index_fps_fallback
-HwX2H8Z4hY_2,3.5,105,1,0,"[536.46, 33.35, 885.66, 434.22]",1,,frame_index_fps_fallback
-HwX2H8Z4hY_2,3.6,108,1,0,"[544.98, 26.44, 889.56, 436.06]",1,,frame_index_fps_fallback
-HwX2H8Z4hY_2,3.6999999999999997,111,1,0,"[563.16, 22.39, 890.54, 439.05]",1,,frame_index_fps_fallback
-HwX2H8Z4hY_2,3.8,114,1,0,"[572.63, 16.94, 896.79, 433.74]",1,,frame_index_fps_fallback
-HwX2H8Z4hY_2,3.9,117,1,0,"[575.18, 8.2, 901.15, 414.06]",1,,frame_index_fps_fallback
-HwX2H8Z4hY_5,0.0,0,1,0,"[474.71, 185.58, 852.6, 604.57]",1,,frame_index_fps_fallback
-HwX2H8Z4hY_5,0.1,3,1,0,"[467.01, 179.23, 847.02, 599.09]",1,,frame_index_fps_fallback
-HwX2H8Z4hY_5,0.2,6,1,0,"[473.46, 172.32, 847.32, 604.54]",1,,frame_index_fps_fallback
-HwX2H8Z4hY_5,0.3,9,1,0,"[472.89, 170.16, 848.99, 597.99]",1,,frame_index_fps_fallback
-HwX2H8Z4hY_5,0.4,12,1,0,"[473.68, 170.82, 852.88, 607.08]",1,,frame_index_fps_fallback
-HwX2H8Z4hY_5,0.5,15,1,0,"[466.34, 164.46, 848.39, 599.2]",1,,frame_index_fps_fallback
-HwX2H8Z4hY_5,0.6,18,1,0,"[470.4, 165.21, 849.84, 599.08]",1,,frame_index_fps_fallback
-HwX2H8Z4hY_5,0.7,21,1,0,"[466.24, 181.74, 841.63, 604.84]",1,,frame_index_fps_fallback
-HwX2H8Z4hY_5,0.8,24,1,0,"[467.28, 191.09, 842.72, 606.83]",1,,frame_index_fps_fallback
-HwX2H8Z4hY_5,0.9,27,1,0,"[469.69, 185.77, 838.77, 599.22]",1,,frame_index_fps_fallback
-HwX2H8Z4hY_5,1.0,30,1,0,"[471.26, 179.77, 850.72, 606.42]",1,,frame_index_fps_fallback
-HwX2H8Z4hY_5,1.1,33,1,0,"[464.29, 176.23, 856.28, 606.94]",1,,frame_index_fps_fallback
-HwX2H8Z4hY_5,1.2,36,1,0,"[459.36, 178.95, 856.22, 605.94]",1,,frame_index_fps_fallback
-HwX2H8Z4hY_5,1.3,39,1,0,"[462.49, 175.43, 847.33, 604.39]",1,,frame_index_fps_fallback
-HwX2H8Z4hY_5,1.4,42,1,0,"[462.08, 177.91, 838.47, 608.95]",1,,frame_index_fps_fallback
-HwX2H8Z4hY_5,1.5,45,1,0,"[456.84, 172.71, 843.0, 608.73]",1,,frame_index_fps_fallback
-HwX2H8Z4hY_5,1.6,48,0,,,0,no_face_detected,frame_index_fps_fallback
-HwX2H8Z4hY_5,1.7,51,0,,,0,no_face_detected,frame_index_fps_fallback
-HwX2H8Z4hY_5,1.8,54,0,,,0,no_face_detected,frame_index_fps_fallback
-HwX2H8Z4hY_5,1.9,57,0,,,0,no_face_detected,frame_index_fps_fallback
-HwX2H8Z4hY_5,2.0,60,0,,,0,no_face_detected,frame_index_fps_fallback
-HwX2H8Z4hY_5,2.1,63,0,,,0,no_face_detected,frame_index_fps_fallback
-HwX2H8Z4hY_5,2.2,66,0,,,0,no_face_detected,frame_index_fps_fallback
-HwX2H8Z4hY_5,2.3,69,0,,,0,no_face_detected,frame_index_fps_fallback
-HwX2H8Z4hY_5,2.4,72,0,,,0,no_face_detected,frame_index_fps_fallback
-HwX2H8Z4hY_5,2.5,75,0,,,0,no_face_detected,frame_index_fps_fallback
-HwX2H8Z4hY_5,2.6,78,0,,,0,no_face_detected,frame_index_fps_fallback
-HwX2H8Z4hY_5,2.7,81,0,,,0,no_face_detected,frame_index_fps_fallback
-HwX2H8Z4hY_5,2.8,84,0,,,0,no_face_detected,frame_index_fps_fallback
-HwX2H8Z4hY_5,2.9,87,0,,,0,no_face_detected,frame_index_fps_fallback
-HwX2H8Z4hY_5,3.0,90,0,,,0,no_face_detected,frame_index_fps_fallback
-HwX2H8Z4hY_5,3.1,93,0,,,0,no_face_detected,frame_index_fps_fallback
-HwX2H8Z4hY_5,3.2,96,0,,,0,no_face_detected,frame_index_fps_fallback
-HwX2H8Z4hY_5,3.3,99,0,,,0,no_face_detected,frame_index_fps_fallback
-HwX2H8Z4hY_5,3.4,102,0,,,0,no_face_detected,frame_index_fps_fallback
-HwX2H8Z4hY_5,3.5,105,0,,,0,no_face_detected,frame_index_fps_fallback
-HwX2H8Z4hY_5,3.6,108,0,,,0,no_face_detected,frame_index_fps_fallback
-HwX2H8Z4hY_5,3.6999999999999997,111,0,,,0,no_face_detected,frame_index_fps_fallback
-HwX2H8Z4hY_5,3.8,114,0,,,0,no_face_detected,frame_index_fps_fallback
-HwX2H8Z4hY_5,3.9,117,0,,,0,no_face_detected,frame_index_fps_fallback
-HwX2H8Z4hY_5,4.0,120,0,,,0,no_face_detected,frame_index_fps_fallback
-HwX2H8Z4hY_5,4.1,123,0,,,0,no_face_detected,frame_index_fps_fallback
-HwX2H8Z4hY_5,4.2,126,0,,,0,no_face_detected,frame_index_fps_fallback
-HwX2H8Z4hY_5,4.3,129,0,,,0,no_face_detected,frame_index_fps_fallback
-HwX2H8Z4hY_5,4.4,132,0,,,0,no_face_detected,frame_index_fps_fallback
-HwX2H8Z4hY_5,4.5,135,0,,,0,no_face_detected,frame_index_fps_fallback
-HwX2H8Z4hY_5,4.6,138,0,,,0,no_face_detected,frame_index_fps_fallback
-HwX2H8Z4hY_5,4.7,141,0,,,0,no_face_detected,frame_index_fps_fallback
-HwX2H8Z4hY_5,4.8,144,0,,,0,no_face_detected,frame_index_fps_fallback
-HwX2H8Z4hY_5,4.9,147,0,,,0,no_face_detected,frame_index_fps_fallback
-HwX2H8Z4hY_5,5.0,150,0,,,0,no_face_detected,frame_index_fps_fallback
-HwX2H8Z4hY_5,5.1,153,0,,,0,no_face_detected,frame_index_fps_fallback
-HwX2H8Z4hY_5,5.2,156,0,,,0,no_face_detected,frame_index_fps_fallback
-HwX2H8Z4hY_5,5.3,159,1,0,"[465.49, 176.88, 842.1, 605.93]",1,,frame_index_fps_fallback
-HwX2H8Z4hY_5,5.4,162,1,0,"[470.81, 175.13, 839.52, 606.38]",1,,frame_index_fps_fallback
-HwX2H8Z4hY_5,5.5,165,1,0,"[464.65, 178.11, 845.54, 613.6]",1,,frame_index_fps_fallback
-HwX2H8Z4hY_5,5.6,167,1,0,"[471.33, 175.56, 842.82, 606.31]",1,,frame_index_fps_fallback
-HwX2H8Z4hY_6,0.0,0,0,,,0,no_face_detected,frame_index_fps_fallback
-HwX2H8Z4hY_6,0.1,3,0,,,0,no_face_detected,frame_index_fps_fallback
-HwX2H8Z4hY_6,0.2,6,1,0,"[463.29, 184.78, 845.61, 606.31]",1,,frame_index_fps_fallback
-HwX2H8Z4hY_6,0.3,9,1,0,"[470.69, 175.79, 840.41, 603.38]",1,,frame_index_fps_fallback
-HwX2H8Z4hY_6,0.4,12,1,0,"[467.8, 176.03, 840.78, 609.62]",1,,frame_index_fps_fallback
-HwX2H8Z4hY_6,0.5,15,1,0,"[464.75, 178.44, 844.37, 613.81]",1,,frame_index_fps_fallback
-HwX2H8Z4hY_6,0.6,18,1,0,"[474.45, 175.09, 844.7, 603.81]",1,,frame_index_fps_fallback
-HwX2H8Z4hY_6,0.7,21,1,0,"[472.06, 168.36, 849.49, 590.86]",1,,frame_index_fps_fallback
-HwX2H8Z4hY_6,0.8,24,1,0,"[484.66, 163.34, 842.65, 579.68]",1,,frame_index_fps_fallback
-HwX2H8Z4hY_6,0.9,27,1,0,"[482.3, 162.8, 845.27, 579.26]",1,,frame_index_fps_fallback
-HwX2H8Z4hY_6,1.0,30,1,0,"[474.44, 170.02, 853.88, 596.42]",1,,frame_index_fps_fallback
-HwX2H8Z4hY_6,1.1,33,1,0,"[472.7, 180.15, 855.54, 608.1]",1,,frame_index_fps_fallback
-HwX2H8Z4hY_6,1.2,36,1,0,"[477.08, 178.67, 851.19, 604.97]",1,,frame_index_fps_fallback
-HwX2H8Z4hY_6,1.3,39,1,0,"[476.42, 179.36, 848.1, 601.97]",1,,frame_index_fps_fallback
-HwX2H8Z4hY_6,1.4,42,1,0,"[480.21, 179.9, 844.99, 600.46]",1,,frame_index_fps_fallback
-HwX2H8Z4hY_6,1.5,45,1,0,"[475.53, 172.79, 850.6, 593.84]",1,,frame_index_fps_fallback
-HwX2H8Z4hY_6,1.6,48,1,0,"[469.18, 174.65, 844.86, 595.72]",1,,frame_index_fps_fallback
-HwX2H8Z4hY_6,1.7,51,1,0,"[467.24, 185.15, 841.32, 607.5]",1,,frame_index_fps_fallback
-HwX2H8Z4hY_6,1.8,54,1,0,"[470.74, 189.0, 843.65, 607.0]",1,,frame_index_fps_fallback
-HwX2H8Z4hY_6,1.9,57,1,0,"[469.0, 189.17, 839.16, 604.33]",1,,frame_index_fps_fallback
-HwX2H8Z4hY_6,2.0,60,1,0,"[473.06, 185.51, 846.16, 606.51]",1,,frame_index_fps_fallback
-HwX2H8Z4hY_6,2.1,63,0,,,0,no_face_detected,frame_index_fps_fallback
-HwX2H8Z4hY_6,2.2,66,0,,,0,no_face_detected,frame_index_fps_fallback
-HwX2H8Z4hY_6,2.3,69,0,,,0,no_face_detected,frame_index_fps_fallback
-HwX2H8Z4hY_6,2.4,72,0,,,0,no_face_detected,frame_index_fps_fallback
-HwX2H8Z4hY_6,2.5,75,0,,,0,no_face_detected,frame_index_fps_fallback
-HwX2H8Z4hY_6,2.6,78,0,,,0,no_face_detected,frame_index_fps_fallback
-HwX2H8Z4hY_6,2.7,81,0,,,0,no_face_detected,frame_index_fps_fallback
-HwX2H8Z4hY_6,2.8,84,0,,,0,no_face_detected,frame_index_fps_fallback
-HwX2H8Z4hY_6,2.9,87,0,,,0,no_face_detected,frame_index_fps_fallback
-HwX2H8Z4hY_6,3.0,90,0,,,0,no_face_detected,frame_index_fps_fallback
-HwX2H8Z4hY_6,3.1,93,0,,,0,no_face_detected,frame_index_fps_fallback
-HwX2H8Z4hY_6,3.2,96,1,0,"[565.96, 243.44, 762.47, 467.48]",1,,frame_index_fps_fallback
-HwX2H8Z4hY_6,3.3,98,1,0,"[568.41, 245.51, 764.62, 473.22]",1,,frame_index_fps_fallback
-HwX2H8Z4hY_9,0.0,0,0,,,0,no_face_detected,frame_index_fps_fallback
-HwX2H8Z4hY_9,0.1,3,0,,,0,no_face_detected,frame_index_fps_fallback
-HwX2H8Z4hY_9,0.2,6,0,,,0,no_face_detected,frame_index_fps_fallback
-HwX2H8Z4hY_9,0.3,9,0,,,0,no_face_detected,frame_index_fps_fallback
-HwX2H8Z4hY_9,0.4,12,0,,,0,no_face_detected,frame_index_fps_fallback
-HwX2H8Z4hY_9,0.5,15,0,,,0,no_face_detected,frame_index_fps_fallback
-HwX2H8Z4hY_9,0.6,18,0,,,0,no_face_detected,frame_index_fps_fallback
-HwX2H8Z4hY_9,0.7,21,0,,,0,no_face_detected,frame_index_fps_fallback
-HwX2H8Z4hY_9,0.8,24,0,,,0,no_face_detected,frame_index_fps_fallback
-HwX2H8Z4hY_9,0.9,27,0,,,0,no_face_detected,frame_index_fps_fallback
-HwX2H8Z4hY_9,1.0,30,0,,,0,no_face_detected,frame_index_fps_fallback
-HwX2H8Z4hY_9,1.1,33,0,,,0,no_face_detected,frame_index_fps_fallback
-HwX2H8Z4hY_9,1.2,36,0,,,0,no_face_detected,frame_index_fps_fallback
-HwX2H8Z4hY_9,1.3,39,0,,,0,no_face_detected,frame_index_fps_fallback
-HwX2H8Z4hY_9,1.4,42,0,,,0,no_face_detected,frame_index_fps_fallback
-HwX2H8Z4hY_9,1.5,45,0,,,0,no_face_detected,frame_index_fps_fallback
-HwX2H8Z4hY_9,1.6,48,0,,,0,no_face_detected,frame_index_fps_fallback
-HwX2H8Z4hY_9,1.7,51,0,,,0,no_face_detected,frame_index_fps_fallback
-HwX2H8Z4hY_9,1.8,54,0,,,0,no_face_detected,frame_index_fps_fallback
-HwX2H8Z4hY_9,1.9,57,0,,,0,no_face_detected,frame_index_fps_fallback
-HwX2H8Z4hY_9,2.0,60,0,,,0,no_face_detected,frame_index_fps_fallback
-HwX2H8Z4hY_9,2.1,63,0,,,0,no_face_detected,frame_index_fps_fallback
-HwX2H8Z4hY_9,2.2,66,0,,,0,no_face_detected,frame_index_fps_fallback
-HwX2H8Z4hY_9,2.3,69,0,,,0,no_face_detected,frame_index_fps_fallback
-HwX2H8Z4hY_9,2.4,72,0,,,0,no_face_detected,frame_index_fps_fallback
-HwX2H8Z4hY_9,2.5,75,0,,,0,no_face_detected,frame_index_fps_fallback
-HwX2H8Z4hY_9,2.6,78,0,,,0,no_face_detected,frame_index_fps_fallback
-HwX2H8Z4hY_9,2.7,81,0,,,0,no_face_detected,frame_index_fps_fallback
-HwX2H8Z4hY_9,2.8,84,0,,,0,no_face_detected,frame_index_fps_fallback
-HwX2H8Z4hY_9,2.9,87,0,,,0,no_face_detected,frame_index_fps_fallback
-HwX2H8Z4hY_9,3.0,90,0,,,0,no_face_detected,frame_index_fps_fallback
-HwX2H8Z4hY_9,3.1,93,0,,,0,no_face_detected,frame_index_fps_fallback
-HwX2H8Z4hY_9,3.2,96,0,,,0,no_face_detected,frame_index_fps_fallback
-HwX2H8Z4hY_9,3.3,99,0,,,0,no_face_detected,frame_index_fps_fallback
-HwX2H8Z4hY_9,3.4,102,0,,,0,no_face_detected,frame_index_fps_fallback
-HwX2H8Z4hY_9,3.5,105,0,,,0,no_face_detected,frame_index_fps_fallback
-HwX2H8Z4hY_9,3.6,108,0,,,0,no_face_detected,frame_index_fps_fallback
-HwX2H8Z4hY_9,3.6999999999999997,111,0,,,0,no_face_detected,frame_index_fps_fallback
-HwX2H8Z4hY_9,3.8,114,0,,,0,no_face_detected,frame_index_fps_fallback
-HwX2H8Z4hY_9,3.9,117,0,,,0,no_face_detected,frame_index_fps_fallback
-HwX2H8Z4hY_9,4.0,120,0,,,0,no_face_detected,frame_index_fps_fallback
-HwX2H8Z4hY_9,4.1,123,0,,,0,no_face_detected,frame_index_fps_fallback
-HwX2H8Z4hY_9,4.2,126,0,,,0,no_face_detected,frame_index_fps_fallback
-HwX2H8Z4hY_9,4.3,129,0,,,0,no_face_detected,frame_index_fps_fallback
-HwX2H8Z4hY_9,4.4,132,0,,,0,no_face_detected,frame_index_fps_fallback
-HwX2H8Z4hY_9,4.5,135,0,,,0,no_face_detected,frame_index_fps_fallback
-HwX2H8Z4hY_9,4.6,138,0,,,0,no_face_detected,frame_index_fps_fallback
-HwX2H8Z4hY_9,4.7,141,0,,,0,no_face_detected,frame_index_fps_fallback
-HwX2H8Z4hY_9,4.8,144,0,,,0,no_face_detected,frame_index_fps_fallback
-HwX2H8Z4hY_9,4.9,147,0,,,0,no_face_detected,frame_index_fps_fallback
-HwX2H8Z4hY_9,5.0,150,0,,,0,no_face_detected,frame_index_fps_fallback
-HwX2H8Z4hY_9,5.1,153,0,,,0,no_face_detected,frame_index_fps_fallback
-HwX2H8Z4hY_9,5.2,156,0,,,0,no_face_detected,frame_index_fps_fallback
-HwX2H8Z4hY_9,5.3,159,0,,,0,no_face_detected,frame_index_fps_fallback
-HwX2H8Z4hY_9,5.4,162,0,,,0,no_face_detected,frame_index_fps_fallback
-HwX2H8Z4hY_9,5.5,165,0,,,0,no_face_detected,frame_index_fps_fallback
-HwX2H8Z4hY_9,5.6,168,0,,,0,no_face_detected,frame_index_fps_fallback
-HwX2H8Z4hY_9,5.7,171,0,,,0,no_face_detected,frame_index_fps_fallback
-HwX2H8Z4hY_9,5.8,174,0,,,0,no_face_detected,frame_index_fps_fallback
-HwX2H8Z4hY_9,5.9,177,0,,,0,no_face_detected,frame_index_fps_fallback
-HwX2H8Z4hY_9,6.0,180,0,,,0,no_face_detected,frame_index_fps_fallback
-HwX2H8Z4hY_9,6.1,183,0,,,0,no_face_detected,frame_index_fps_fallback
-HwX2H8Z4hY_9,6.2,186,0,,,0,no_face_detected,frame_index_fps_fallback
-HwX2H8Z4hY_9,6.3,189,0,,,0,no_face_detected,frame_index_fps_fallback
-HwX2H8Z4hY_9,6.4,192,0,,,0,no_face_detected,frame_index_fps_fallback
-HwX2H8Z4hY_9,6.5,195,0,,,0,no_face_detected,frame_index_fps_fallback
-HwX2H8Z4hY_9,6.6,198,0,,,0,no_face_detected,frame_index_fps_fallback
-HwX2H8Z4hY_9,6.7,201,0,,,0,no_face_detected,frame_index_fps_fallback
-HwX2H8Z4hY_9,6.8,204,0,,,0,no_face_detected,frame_index_fps_fallback
-HwX2H8Z4hY_9,6.8999999999999995,207,0,,,0,no_face_detected,frame_index_fps_fallback
-HwX2H8Z4hY_9,7.0,210,0,,,0,no_face_detected,frame_index_fps_fallback
-HwX2H8Z4hY_9,7.1,213,0,,,0,no_face_detected,frame_index_fps_fallback
-HwX2H8Z4hY_9,7.2,216,0,,,0,no_face_detected,frame_index_fps_fallback
-HwX2H8Z4hY_9,7.3,219,0,,,0,no_face_detected,frame_index_fps_fallback
-HwX2H8Z4hY_9,7.3999999999999995,222,0,,,0,no_face_detected,frame_index_fps_fallback
-HwX2H8Z4hY_9,7.5,225,0,,,0,no_face_detected,frame_index_fps_fallback
-HwX2H8Z4hY_9,7.6,228,0,,,0,no_face_detected,frame_index_fps_fallback
-HwX2H8Z4hY_9,7.7,231,0,,,0,no_face_detected,frame_index_fps_fallback
-NFrJFQijFE_1,0.0,0,0,,,0,no_face_detected,frame_index_fps_fallback
-NFrJFQijFE_1,0.12000000000000001,3,0,,,0,no_face_detected,frame_index_fps_fallback
-NFrJFQijFE_1,0.2,5,0,,,0,no_face_detected,frame_index_fps_fallback
-NFrJFQijFE_1,0.32,8,0,,,0,no_face_detected,frame_index_fps_fallback
-NFrJFQijFE_1,0.4,10,0,,,0,no_face_detected,frame_index_fps_fallback
-NFrJFQijFE_1,0.52,13,0,,,0,no_face_detected,frame_index_fps_fallback
-NFrJFQijFE_1,0.6,15,0,,,0,no_face_detected,frame_index_fps_fallback
-NFrJFQijFE_1,0.7200000000000001,18,0,,,0,no_face_detected,frame_index_fps_fallback
-NFrJFQijFE_1,0.8,20,0,,,0,no_face_detected,frame_index_fps_fallback
-NFrJFQijFE_1,0.92,23,0,,,0,no_face_detected,frame_index_fps_fallback
-NFrJFQijFE_1,1.0,25,0,,,0,no_face_detected,frame_index_fps_fallback
-NFrJFQijFE_1,1.12,28,0,,,0,no_face_detected,frame_index_fps_fallback
-NFrJFQijFE_1,1.2,30,0,,,0,no_face_detected,frame_index_fps_fallback
-NFrJFQijFE_1,1.32,33,0,,,0,no_face_detected,frame_index_fps_fallback
-NFrJFQijFE_1,1.4000000000000001,35,0,,,0,no_face_detected,frame_index_fps_fallback
-NFrJFQijFE_1,1.52,38,0,,,0,no_face_detected,frame_index_fps_fallback
-NFrJFQijFE_1,1.6,40,0,,,0,no_face_detected,frame_index_fps_fallback
-NFrJFQijFE_1,1.72,43,0,,,0,no_face_detected,frame_index_fps_fallback
-NFrJFQijFE_1,1.8,45,0,,,0,no_face_detected,frame_index_fps_fallback
-NFrJFQijFE_1,1.9200000000000002,48,0,,,0,no_face_detected,frame_index_fps_fallback
-NFrJFQijFE_1,2.0,50,0,,,0,no_face_detected,frame_index_fps_fallback
-NFrJFQijFE_1,2.12,53,0,,,0,no_face_detected,frame_index_fps_fallback
-NFrJFQijFE_1,2.2,55,0,,,0,no_face_detected,frame_index_fps_fallback
-NFrJFQijFE_1,2.3200000000000003,58,0,,,0,no_face_detected,frame_index_fps_fallback
-NFrJFQijFE_1,2.4,60,0,,,0,no_face_detected,frame_index_fps_fallback
-NFrJFQijFE_1,2.52,63,0,,,0,no_face_detected,frame_index_fps_fallback
-NFrJFQijFE_1,2.6,65,0,,,0,no_face_detected,frame_index_fps_fallback
-NFrJFQijFE_1,2.72,68,0,,,0,no_face_detected,frame_index_fps_fallback
-NFrJFQijFE_1,2.8000000000000003,70,0,,,0,no_face_detected,frame_index_fps_fallback
-NFrJFQijFE_1,2.92,73,0,,,0,no_face_detected,frame_index_fps_fallback
-NFrJFQijFE_1,3.0,75,0,,,0,no_face_detected,frame_index_fps_fallback
-NFrJFQijFE_1,3.12,78,0,,,0,no_face_detected,frame_index_fps_fallback
-NFrJFQijFE_1,3.2,80,0,,,0,no_face_detected,frame_index_fps_fallback
-NFrJFQijFE_1,3.3200000000000003,83,0,,,0,no_face_detected,frame_index_fps_fallback
-NFrJFQijFE_1,3.4000000000000004,85,0,,,0,no_face_detected,frame_index_fps_fallback
-NFrJFQijFE_1,3.52,88,0,,,0,no_face_detected,frame_index_fps_fallback
-NFrJFQijFE_1,3.6,90,0,,,0,no_face_detected,frame_index_fps_fallback
-NFrJFQijFE_1,3.72,93,0,,,0,no_face_detected,frame_index_fps_fallback
-NFrJFQijFE_1,3.8000000000000003,95,0,,,0,no_face_detected,frame_index_fps_fallback
-NFrJFQijFE_1,3.9200000000000004,98,0,,,0,no_face_detected,frame_index_fps_fallback
-NFrJFQijFE_1,4.0,100,0,,,0,no_face_detected,frame_index_fps_fallback
-NFrJFQijFE_1,4.12,103,0,,,0,no_face_detected,frame_index_fps_fallback
-NFrJFQijFE_1,4.2,105,0,,,0,no_face_detected,frame_index_fps_fallback
-NFrJFQijFE_1,4.32,108,0,,,0,no_face_detected,frame_index_fps_fallback
-NFrJFQijFE_1,4.4,110,0,,,0,no_face_detected,frame_index_fps_fallback
-NFrJFQijFE_1,4.520000000000001,113,0,,,0,no_face_detected,frame_index_fps_fallback
-NFrJFQijFE_1,4.6000000000000005,115,0,,,0,no_face_detected,frame_index_fps_fallback
-NFrJFQijFE_1,4.720000000000001,118,0,,,0,no_face_detected,frame_index_fps_fallback
-NFrJFQijFE_1,4.8,120,0,,,0,no_face_detected,frame_index_fps_fallback
-NFrJFQijFE_1,4.92,123,0,,,0,no_face_detected,frame_index_fps_fallback
-NFrJFQijFE_1,5.0,125,0,,,0,no_face_detected,frame_index_fps_fallback
-NFrJFQijFE_1,5.12,128,0,,,0,no_face_detected,frame_index_fps_fallback
-NFrJFQijFE_1,5.2,130,0,,,0,no_face_detected,frame_index_fps_fallback
-NFrJFQijFE_1,5.32,133,0,,,0,no_face_detected,frame_index_fps_fallback
-NFrJFQijFE_1,5.4,135,0,,,0,no_face_detected,frame_index_fps_fallback
-NFrJFQijFE_1,5.520000000000001,138,0,,,0,no_face_detected,frame_index_fps_fallback
-NFrJFQijFE_1,5.6000000000000005,140,0,,,0,no_face_detected,frame_index_fps_fallback
-NFrJFQijFE_2,0.0,0,0,,,0,no_face_detected,frame_index_fps_fallback
-NFrJFQijFE_2,0.12000000000000001,3,0,,,0,no_face_detected,frame_index_fps_fallback
-NFrJFQijFE_2,0.2,5,0,,,0,no_face_detected,frame_index_fps_fallback
-NFrJFQijFE_2,0.32,8,0,,,0,no_face_detected,frame_index_fps_fallback
-NFrJFQijFE_2,0.4,10,0,,,0,no_face_detected,frame_index_fps_fallback
-NFrJFQijFE_2,0.52,13,0,,,0,no_face_detected,frame_index_fps_fallback
-NFrJFQijFE_2,0.6,15,0,,,0,no_face_detected,frame_index_fps_fallback
-NFrJFQijFE_2,0.7200000000000001,18,0,,,0,no_face_detected,frame_index_fps_fallback
-NFrJFQijFE_2,0.8,20,0,,,0,no_face_detected,frame_index_fps_fallback
-NFrJFQijFE_2,0.92,23,0,,,0,no_face_detected,frame_index_fps_fallback
-NFrJFQijFE_2,1.0,25,0,,,0,no_face_detected,frame_index_fps_fallback
-NFrJFQijFE_2,1.12,28,0,,,0,no_face_detected,frame_index_fps_fallback
-NFrJFQijFE_2,1.2,30,0,,,0,no_face_detected,frame_index_fps_fallback
-NFrJFQijFE_2,1.32,33,0,,,0,no_face_detected,frame_index_fps_fallback
-NFrJFQijFE_2,1.4000000000000001,35,0,,,0,no_face_detected,frame_index_fps_fallback
-NFrJFQijFE_2,1.52,38,0,,,0,no_face_detected,frame_index_fps_fallback
-NFrJFQijFE_2,1.6,40,0,,,0,no_face_detected,frame_index_fps_fallback
-NFrJFQijFE_2,1.72,43,0,,,0,no_face_detected,frame_index_fps_fallback
-NFrJFQijFE_2,1.8,45,0,,,0,no_face_detected,frame_index_fps_fallback
-NFrJFQijFE_2,1.9200000000000002,48,0,,,0,no_face_detected,frame_index_fps_fallback
-NFrJFQijFE_2,2.0,50,0,,,0,no_face_detected,frame_index_fps_fallback
-NFrJFQijFE_2,2.12,53,0,,,0,no_face_detected,frame_index_fps_fallback
-NFrJFQijFE_2,2.2,55,0,,,0,no_face_detected,frame_index_fps_fallback
-NFrJFQijFE_2,2.3200000000000003,58,0,,,0,no_face_detected,frame_index_fps_fallback
-NFrJFQijFE_2,2.4,60,0,,,0,no_face_detected,frame_index_fps_fallback
-NFrJFQijFE_2,2.52,63,0,,,0,no_face_detected,frame_index_fps_fallback
-NFrJFQijFE_2,2.6,65,0,,,0,no_face_detected,frame_index_fps_fallback
-NFrJFQijFE_2,2.72,68,0,,,0,no_face_detected,frame_index_fps_fallback
-NFrJFQijFE_2,2.8000000000000003,70,0,,,0,no_face_detected,frame_index_fps_fallback
-NFrJFQijFE_2,2.92,73,0,,,0,no_face_detected,frame_index_fps_fallback
-NFrJFQijFE_2,3.0,75,0,,,0,no_face_detected,frame_index_fps_fallback
-NFrJFQijFE_2,3.12,78,0,,,0,no_face_detected,frame_index_fps_fallback
-NFrJFQijFE_2,3.2,80,0,,,0,no_face_detected,frame_index_fps_fallback
-NFrJFQijFE_2,3.3200000000000003,83,0,,,0,no_face_detected,frame_index_fps_fallback
-NFrJFQijFE_2,3.4000000000000004,85,0,,,0,no_face_detected,frame_index_fps_fallback
-NFrJFQijFE_2,3.52,88,0,,,0,no_face_detected,frame_index_fps_fallback
-NFrJFQijFE_2,3.6,90,0,,,0,no_face_detected,frame_index_fps_fallback
-NFrJFQijFE_2,3.72,93,0,,,0,no_face_detected,frame_index_fps_fallback
-NFrJFQijFE_2,3.8000000000000003,95,0,,,0,no_face_detected,frame_index_fps_fallback
-NFrJFQijFE_2,3.9200000000000004,98,0,,,0,no_face_detected,frame_index_fps_fallback
-NFrJFQijFE_2,4.0,100,0,,,0,no_face_detected,frame_index_fps_fallback
-NFrJFQijFE_2,4.12,103,0,,,0,no_face_detected,frame_index_fps_fallback
-NFrJFQijFE_2,4.2,105,0,,,0,no_face_detected,frame_index_fps_fallback
-NFrJFQijFE_2,4.32,108,0,,,0,no_face_detected,frame_index_fps_fallback
-NFrJFQijFE_2,4.4,110,0,,,0,no_face_detected,frame_index_fps_fallback
-NFrJFQijFE_2,4.520000000000001,113,0,,,0,no_face_detected,frame_index_fps_fallback
-NFrJFQijFE_2,4.6000000000000005,115,0,,,0,no_face_detected,frame_index_fps_fallback
-NFrJFQijFE_2,4.720000000000001,118,0,,,0,no_face_detected,frame_index_fps_fallback
-NFrJFQijFE_2,4.8,120,0,,,0,no_face_detected,frame_index_fps_fallback
-NFrJFQijFE_2,4.92,123,0,,,0,no_face_detected,frame_index_fps_fallback
-NFrJFQijFE_2,5.0,125,0,,,0,no_face_detected,frame_index_fps_fallback
-NFrJFQijFE_2,5.12,128,0,,,0,no_face_detected,frame_index_fps_fallback
-NFrJFQijFE_2,5.2,130,0,,,0,no_face_detected,frame_index_fps_fallback
-NFrJFQijFE_2,5.32,133,0,,,0,no_face_detected,frame_index_fps_fallback
-NFrJFQijFE_2,5.4,135,0,,,0,no_face_detected,frame_index_fps_fallback
-NFrJFQijFE_2,5.520000000000001,138,0,,,0,no_face_detected,frame_index_fps_fallback
-NFrJFQijFE_2,5.6000000000000005,140,0,,,0,no_face_detected,frame_index_fps_fallback
-NFrJFQijFE_2,5.720000000000001,143,0,,,0,no_face_detected,frame_index_fps_fallback
-NFrJFQijFE_2,5.800000000000001,145,0,,,0,no_face_detected,frame_index_fps_fallback
-NFrJFQijFE_2,5.92,148,0,,,0,no_face_detected,frame_index_fps_fallback
-NFrJFQijFE_2,6.0,150,0,,,0,no_face_detected,frame_index_fps_fallback
-NFrJFQijFE_2,6.12,153,0,,,0,no_face_detected,frame_index_fps_fallback
-NFrJFQijFE_2,6.2,155,0,,,0,no_face_detected,frame_index_fps_fallback
-NFrJFQijFE_2,6.32,158,0,,,0,no_face_detected,frame_index_fps_fallback
-NFrJFQijFE_2,6.4,160,0,,,0,no_face_detected,frame_index_fps_fallback
-NFrJFQijFE_2,6.520000000000001,163,0,,,0,no_face_detected,frame_index_fps_fallback
-NFrJFQijFE_2,6.6000000000000005,165,0,,,0,no_face_detected,frame_index_fps_fallback
-NFrJFQijFE_2,6.800000000000001,168,0,,,0,no_face_detected,frame_index_fps_fallback
-THoVjtIkeU_12,0.0,0,1,0,"[194.46, 87.88, 346.31, 253.12]",1,,frame_index_fps_fallback
-THoVjtIkeU_12,0.1,3,1,0,"[196.56, 87.65, 346.5, 251.6]",1,,frame_index_fps_fallback
-THoVjtIkeU_12,0.2,6,1,0,"[196.95, 88.7, 346.25, 253.37]",1,,frame_index_fps_fallback
-THoVjtIkeU_12,0.3,9,1,0,"[197.45, 88.82, 347.25, 255.27]",1,,frame_index_fps_fallback
-THoVjtIkeU_12,0.4,12,1,0,"[197.39, 89.84, 349.79, 257.07]",1,,frame_index_fps_fallback
-THoVjtIkeU_12,0.5,15,1,0,"[198.57, 89.45, 351.09, 257.52]",1,,frame_index_fps_fallback
-THoVjtIkeU_12,0.6,18,1,0,"[201.45, 91.1, 351.62, 255.85]",1,,frame_index_fps_fallback
-THoVjtIkeU_12,0.7,21,1,0,"[203.38, 93.39, 350.21, 251.16]",1,,frame_index_fps_fallback
-THoVjtIkeU_12,0.8,24,1,0,"[203.21, 92.45, 351.51, 252.86]",1,,frame_index_fps_fallback
-THoVjtIkeU_12,0.9,27,1,0,"[200.92, 91.93, 351.36, 257.54]",1,,frame_index_fps_fallback
-THoVjtIkeU_12,1.0,30,1,0,"[205.1, 91.83, 353.38, 260.22]",1,,frame_index_fps_fallback
-THoVjtIkeU_12,1.1,33,1,0,"[206.7, 91.41, 353.3, 258.95]",1,,frame_index_fps_fallback
-THoVjtIkeU_12,1.2,36,1,0,"[204.81, 89.5, 354.44, 256.35]",1,,frame_index_fps_fallback
-THoVjtIkeU_12,1.3,39,1,0,"[205.05, 89.25, 354.03, 262.59]",1,,frame_index_fps_fallback
-THoVjtIkeU_12,1.4,42,1,0,"[212.59, 98.94, 353.65, 251.59]",1,,frame_index_fps_fallback
-THoVjtIkeU_12,1.5,45,1,0,"[212.71, 95.56, 353.68, 248.44]",1,,frame_index_fps_fallback
-THoVjtIkeU_12,1.6,48,1,0,"[214.37, 96.39, 355.46, 250.27]",1,,frame_index_fps_fallback
-THoVjtIkeU_12,1.7,51,1,0,"[214.62, 95.26, 356.95, 249.4]",1,,frame_index_fps_fallback
-THoVjtIkeU_12,1.8,54,1,0,"[213.46, 89.79, 356.71, 247.75]",1,,frame_index_fps_fallback
-THoVjtIkeU_12,1.9,57,1,0,"[210.83, 88.34, 355.64, 248.63]",1,,frame_index_fps_fallback
-THoVjtIkeU_12,2.0,60,1,0,"[209.95, 92.09, 357.69, 256.58]",1,,frame_index_fps_fallback
-THoVjtIkeU_12,2.1,63,1,0,"[213.54, 101.45, 354.97, 255.7]",1,,frame_index_fps_fallback
-THoVjtIkeU_12,2.2,66,1,0,"[209.94, 98.72, 353.03, 258.16]",1,,frame_index_fps_fallback
-THoVjtIkeU_12,2.3,69,1,0,"[210.73, 96.38, 354.55, 255.29]",1,,frame_index_fps_fallback
-THoVjtIkeU_12,2.4,72,1,0,"[208.95, 92.52, 354.67, 259.75]",1,,frame_index_fps_fallback
-THoVjtIkeU_12,2.5,75,1,0,"[211.49, 94.56, 355.84, 256.77]",1,,frame_index_fps_fallback
-THoVjtIkeU_12,2.6,78,1,0,"[211.47, 94.67, 356.54, 256.84]",1,,frame_index_fps_fallback
-THoVjtIkeU_12,2.7,81,1,0,"[212.12, 95.12, 357.45, 255.11]",1,,frame_index_fps_fallback
-THoVjtIkeU_12,2.8,84,1,0,"[214.68, 94.26, 359.21, 253.61]",1,,frame_index_fps_fallback
-THoVjtIkeU_12,2.9,87,1,0,"[216.74, 94.33, 360.4, 253.83]",1,,frame_index_fps_fallback
-THoVjtIkeU_12,3.0,90,1,0,"[215.57, 94.08, 359.85, 252.68]",1,,frame_index_fps_fallback
-THoVjtIkeU_12,3.1,93,1,0,"[215.76, 93.78, 359.64, 254.55]",1,,frame_index_fps_fallback
-THoVjtIkeU_12,3.2,96,1,0,"[213.62, 98.86, 356.45, 254.72]",1,,frame_index_fps_fallback
-THoVjtIkeU_12,3.3,99,1,0,"[213.48, 93.15, 356.41, 258.13]",1,,frame_index_fps_fallback
-THoVjtIkeU_12,3.4,102,1,0,"[215.35, 95.16, 358.5, 255.75]",1,,frame_index_fps_fallback
-THoVjtIkeU_12,3.5,105,1,0,"[218.08, 94.58, 359.09, 255.05]",1,,frame_index_fps_fallback
-THoVjtIkeU_12,3.6,108,1,0,"[219.73, 94.45, 357.99, 252.63]",1,,frame_index_fps_fallback
-THoVjtIkeU_12,3.6999999999999997,111,1,0,"[218.34, 94.67, 357.86, 255.01]",1,,frame_index_fps_fallback
-THoVjtIkeU_12,3.8,114,1,0,"[217.89, 93.72, 357.81, 251.78]",1,,frame_index_fps_fallback
-THoVjtIkeU_12,3.9,117,1,0,"[216.37, 90.07, 358.16, 252.03]",1,,frame_index_fps_fallback
-THoVjtIkeU_12,4.0,120,1,0,"[215.94, 89.4, 358.7, 253.33]",1,,frame_index_fps_fallback
-THoVjtIkeU_12,4.1,123,1,0,"[213.06, 91.49, 356.79, 257.22]",1,,frame_index_fps_fallback
-THoVjtIkeU_12,4.2,126,1,0,"[212.14, 88.35, 354.83, 249.89]",1,,frame_index_fps_fallback
-THoVjtIkeU_12,4.3,129,1,0,"[211.26, 89.34, 354.3, 247.89]",1,,frame_index_fps_fallback
-THoVjtIkeU_12,4.4,132,1,0,"[210.12, 91.18, 351.95, 247.77]",1,,frame_index_fps_fallback
-THoVjtIkeU_12,4.5,135,1,0,"[205.4, 89.51, 350.04, 250.51]",1,,frame_index_fps_fallback
-THoVjtIkeU_12,4.6,138,1,0,"[206.21, 91.98, 348.99, 250.09]",1,,frame_index_fps_fallback
-THoVjtIkeU_12,4.7,141,1,0,"[204.56, 92.17, 349.76, 249.55]",1,,frame_index_fps_fallback
-THoVjtIkeU_12,4.8,144,1,0,"[206.11, 88.72, 352.08, 249.25]",1,,frame_index_fps_fallback
-THoVjtIkeU_12,4.9,147,1,0,"[208.12, 91.8, 351.49, 251.33]",1,,frame_index_fps_fallback
-THoVjtIkeU_12,5.0,150,1,0,"[205.19, 89.84, 351.86, 250.84]",1,,frame_index_fps_fallback
-THoVjtIkeU_12,5.1,153,1,0,"[200.61, 89.27, 351.08, 252.56]",1,,frame_index_fps_fallback
-THoVjtIkeU_12,5.2,156,1,0,"[196.86, 95.35, 346.61, 257.26]",1,,frame_index_fps_fallback
-THoVjtIkeU_12,5.3,159,1,0,"[192.65, 98.04, 345.02, 262.73]",1,,frame_index_fps_fallback
-THoVjtIkeU_12,5.4,162,1,0,"[191.85, 96.44, 343.94, 261.83]",1,,frame_index_fps_fallback
-THoVjtIkeU_12,5.5,165,1,0,"[191.68, 96.25, 344.27, 263.87]",1,,frame_index_fps_fallback
-THoVjtIkeU_12,5.6,168,1,0,"[192.25, 97.47, 342.45, 268.74]",1,,frame_index_fps_fallback
-THoVjtIkeU_12,5.7,171,1,0,"[188.72, 97.32, 339.16, 278.15]",1,,frame_index_fps_fallback
-THoVjtIkeU_12,5.8,174,1,0,"[188.11, 102.65, 338.9, 277.37]",1,,frame_index_fps_fallback
-THoVjtIkeU_12,5.9,177,1,0,"[190.15, 101.58, 340.82, 276.91]",1,,frame_index_fps_fallback
-THoVjtIkeU_12,6.0,180,1,0,"[190.59, 102.73, 340.69, 274.24]",1,,frame_index_fps_fallback
-THoVjtIkeU_12,6.1,183,1,0,"[187.98, 99.75, 339.24, 270.07]",1,,frame_index_fps_fallback
-THoVjtIkeU_12,6.2,186,1,0,"[187.43, 92.6, 335.6, 260.75]",1,,frame_index_fps_fallback
-THoVjtIkeU_12,6.3,189,1,0,"[185.29, 91.47, 334.78, 259.02]",1,,frame_index_fps_fallback
-THoVjtIkeU_12,6.4,192,1,0,"[184.47, 92.24, 332.37, 258.19]",1,,frame_index_fps_fallback
-THoVjtIkeU_12,6.5,195,1,0,"[183.54, 90.8, 333.16, 254.68]",1,,frame_index_fps_fallback
-THoVjtIkeU_12,6.6,198,1,0,"[182.87, 92.25, 330.33, 254.24]",1,,frame_index_fps_fallback
-THoVjtIkeU_12,6.7,201,1,0,"[183.87, 89.92, 333.18, 250.49]",1,,frame_index_fps_fallback
-THoVjtIkeU_12,6.8,204,1,0,"[192.18, 87.65, 337.34, 252.22]",1,,frame_index_fps_fallback
-THoVjtIkeU_12,6.8999999999999995,207,1,0,"[195.6, 92.05, 340.45, 254.46]",1,,frame_index_fps_fallback
-THoVjtIkeU_12,7.0,210,1,0,"[198.74, 89.89, 346.73, 251.81]",1,,frame_index_fps_fallback
-THoVjtIkeU_12,7.1,213,1,0,"[203.62, 90.3, 348.16, 249.52]",1,,frame_index_fps_fallback
-THoVjtIkeU_12,7.2,216,1,0,"[207.58, 94.33, 349.61, 251.3]",1,,frame_index_fps_fallback
-THoVjtIkeU_12,7.3,219,1,0,"[211.44, 98.62, 350.44, 249.01]",1,,frame_index_fps_fallback
-THoVjtIkeU_12,7.3999999999999995,222,1,0,"[212.92, 101.37, 352.76, 251.92]",1,,frame_index_fps_fallback
-THoVjtIkeU_12,7.5,225,1,0,"[211.09, 104.05, 354.55, 258.42]",1,,frame_index_fps_fallback
-THoVjtIkeU_12,7.6,228,1,0,"[212.08, 105.39, 356.05, 261.11]",1,,frame_index_fps_fallback
-THoVjtIkeU_12,7.7,231,1,0,"[210.07, 103.78, 357.27, 265.11]",1,,frame_index_fps_fallback
-THoVjtIkeU_12,7.8,234,1,0,"[210.44, 102.81, 357.62, 262.27]",1,,frame_index_fps_fallback
-THoVjtIkeU_12,7.8999999999999995,237,1,0,"[211.06, 101.44, 356.28, 260.59]",1,,frame_index_fps_fallback
-THoVjtIkeU_12,8.0,240,1,0,"[210.5, 100.71, 355.19, 258.14]",1,,frame_index_fps_fallback
-THoVjtIkeU_12,8.1,243,1,0,"[210.12, 102.95, 352.25, 255.73]",1,,frame_index_fps_fallback
-THoVjtIkeU_12,8.2,246,1,0,"[207.16, 94.2, 352.65, 257.39]",1,,frame_index_fps_fallback
-THoVjtIkeU_12,8.3,249,1,0,"[203.71, 93.29, 352.0, 258.75]",1,,frame_index_fps_fallback
-THoVjtIkeU_12,8.4,252,1,0,"[202.59, 90.92, 349.26, 256.25]",1,,frame_index_fps_fallback
-THoVjtIkeU_12,8.5,255,1,0,"[199.9, 90.68, 348.22, 256.39]",1,,frame_index_fps_fallback
-THoVjtIkeU_12,8.6,258,1,0,"[201.72, 92.25, 347.71, 255.63]",1,,frame_index_fps_fallback
-THoVjtIkeU_12,8.7,261,1,0,"[197.25, 93.0, 345.78, 253.91]",1,,frame_index_fps_fallback
-THoVjtIkeU_12,8.8,264,1,0,"[199.1, 90.99, 344.13, 255.05]",1,,frame_index_fps_fallback
-THoVjtIkeU_12,8.9,267,1,0,"[195.27, 92.39, 342.98, 255.64]",1,,frame_index_fps_fallback
-THoVjtIkeU_12,9.0,270,1,0,"[194.04, 92.05, 342.38, 254.34]",1,,frame_index_fps_fallback
-THoVjtIkeU_12,9.1,273,1,0,"[195.11, 89.92, 342.75, 251.78]",1,,frame_index_fps_fallback
-THoVjtIkeU_12,9.2,276,1,0,"[193.4, 88.92, 342.44, 253.17]",1,,frame_index_fps_fallback
-THoVjtIkeU_12,9.3,279,1,0,"[194.22, 88.66, 342.42, 254.52]",1,,frame_index_fps_fallback
-THoVjtIkeU_12,9.4,282,1,0,"[196.42, 88.4, 342.71, 251.85]",1,,frame_index_fps_fallback
-THoVjtIkeU_12,9.5,285,1,0,"[201.95, 95.03, 344.68, 251.34]",1,,frame_index_fps_fallback
-THoVjtIkeU_12,9.6,288,1,0,"[205.23, 100.3, 347.05, 257.93]",1,,frame_index_fps_fallback
-THoVjtIkeU_12,9.7,291,1,0,"[206.98, 99.37, 350.6, 263.28]",1,,frame_index_fps_fallback
-THoVjtIkeU_12,9.8,294,1,0,"[208.83, 98.92, 351.7, 260.2]",1,,frame_index_fps_fallback
-THoVjtIkeU_12,9.9,297,1,0,"[207.22, 98.43, 351.1, 260.26]",1,,frame_index_fps_fallback
-THoVjtIkeU_12,10.0,300,1,0,"[207.97, 93.51, 352.22, 259.92]",1,,frame_index_fps_fallback
-THoVjtIkeU_12,10.1,303,1,0,"[210.62, 90.14, 355.44, 258.89]",1,,frame_index_fps_fallback
-THoVjtIkeU_12,10.2,306,1,0,"[211.08, 93.5, 354.87, 254.64]",1,,frame_index_fps_fallback
-THoVjtIkeU_12,10.3,309,1,0,"[208.63, 93.5, 353.77, 257.07]",1,,frame_index_fps_fallback
-THoVjtIkeU_12,10.4,312,1,0,"[205.96, 91.81, 353.49, 265.23]",1,,frame_index_fps_fallback
-THoVjtIkeU_12,10.5,315,1,0,"[205.09, 91.58, 354.05, 265.29]",1,,frame_index_fps_fallback
-THoVjtIkeU_12,10.6,318,1,0,"[203.75, 91.72, 354.05, 267.31]",1,,frame_index_fps_fallback
-THoVjtIkeU_12,10.7,321,1,0,"[205.46, 92.41, 355.78, 272.54]",1,,frame_index_fps_fallback
-THoVjtIkeU_12,10.8,324,1,0,"[206.82, 93.95, 355.74, 267.21]",1,,frame_index_fps_fallback
-THoVjtIkeU_12,10.9,327,1,0,"[210.28, 95.81, 357.24, 267.21]",1,,frame_index_fps_fallback
-THoVjtIkeU_12,11.0,330,1,0,"[211.63, 93.72, 355.9, 257.77]",1,,frame_index_fps_fallback
-THoVjtIkeU_12,11.1,333,1,0,"[211.75, 94.8, 358.89, 263.39]",1,,frame_index_fps_fallback
-THoVjtIkeU_12,11.2,336,1,0,"[209.5, 87.13, 359.94, 257.9]",1,,frame_index_fps_fallback
-THoVjtIkeU_12,11.3,339,1,0,"[211.22, 87.3, 358.74, 254.53]",1,,frame_index_fps_fallback
-THoVjtIkeU_12,11.4,342,1,0,"[209.18, 95.46, 360.95, 261.51]",1,,frame_index_fps_fallback
-THoVjtIkeU_12,11.5,345,1,0,"[214.15, 107.9, 359.87, 272.52]",1,,frame_index_fps_fallback
-THoVjtIkeU_12,11.6,348,1,0,"[215.78, 106.69, 362.16, 268.36]",1,,frame_index_fps_fallback
-THoVjtIkeU_12,11.7,351,1,0,"[213.4, 101.4, 360.33, 265.74]",1,,frame_index_fps_fallback
-THoVjtIkeU_12,11.8,354,1,0,"[209.0, 103.04, 358.17, 270.61]",1,,frame_index_fps_fallback
-THoVjtIkeU_12,11.9,357,1,0,"[210.25, 95.49, 359.15, 258.1]",1,,frame_index_fps_fallback
-THoVjtIkeU_12,12.0,360,1,0,"[203.08, 85.62, 354.5, 246.84]",1,,frame_index_fps_fallback
-THoVjtIkeU_12,12.1,363,1,0,"[202.4, 80.5, 352.06, 241.24]",1,,frame_index_fps_fallback
-THoVjtIkeU_12,12.2,366,1,0,"[199.6, 78.81, 349.54, 241.41]",1,,frame_index_fps_fallback
-THoVjtIkeU_12,12.3,369,1,0,"[193.71, 82.72, 345.75, 244.68]",1,,frame_index_fps_fallback
-THoVjtIkeU_12,12.4,372,1,0,"[194.64, 80.18, 347.17, 241.64]",1,,frame_index_fps_fallback
-THoVjtIkeU_12,12.5,375,1,0,"[195.97, 80.15, 344.27, 242.77]",1,,frame_index_fps_fallback
-THoVjtIkeU_12,12.6,378,1,0,"[194.03, 82.73, 344.02, 247.38]",1,,frame_index_fps_fallback
-THoVjtIkeU_12,12.7,381,1,0,"[194.3, 80.85, 342.67, 247.95]",1,,frame_index_fps_fallback
-THoVjtIkeU_12,12.8,384,1,0,"[193.51, 80.68, 343.84, 248.81]",1,,frame_index_fps_fallback
-THoVjtIkeU_12,12.9,387,1,0,"[191.92, 79.44, 344.34, 246.36]",1,,frame_index_fps_fallback
-THoVjtIkeU_12,13.0,390,1,0,"[197.2, 87.29, 344.86, 254.76]",1,,frame_index_fps_fallback
-THoVjtIkeU_12,13.1,393,1,0,"[202.96, 91.34, 347.92, 253.84]",1,,frame_index_fps_fallback
-THoVjtIkeU_12,13.2,396,1,0,"[207.46, 91.88, 353.63, 250.81]",1,,frame_index_fps_fallback
-THoVjtIkeU_12,13.299999999999999,399,1,0,"[205.97, 93.52, 353.02, 257.15]",1,,frame_index_fps_fallback
-THoVjtIkeU_12,13.4,402,1,0,"[203.51, 88.98, 351.96, 253.95]",1,,frame_index_fps_fallback
-THoVjtIkeU_12,13.5,405,1,0,"[202.84, 91.89, 348.1, 257.11]",1,,frame_index_fps_fallback
-THoVjtIkeU_12,13.6,408,1,0,"[199.65, 90.66, 345.31, 254.51]",1,,frame_index_fps_fallback
-THoVjtIkeU_12,13.7,411,1,0,"[200.94, 91.44, 345.32, 254.62]",1,,frame_index_fps_fallback
-THoVjtIkeU_12,13.799999999999999,414,1,0,"[199.35, 89.96, 344.76, 254.69]",1,,frame_index_fps_fallback
-THoVjtIkeU_12,13.9,417,1,0,"[199.37, 90.04, 345.88, 253.13]",1,,frame_index_fps_fallback
-THoVjtIkeU_12,14.0,420,1,0,"[196.27, 90.13, 342.79, 254.79]",1,,frame_index_fps_fallback
-THoVjtIkeU_12,14.1,423,1,0,"[196.16, 90.41, 342.29, 256.78]",1,,frame_index_fps_fallback
-THoVjtIkeU_12,14.2,426,1,0,"[195.25, 90.93, 342.53, 254.0]",1,,frame_index_fps_fallback
-THoVjtIkeU_12,14.299999999999999,429,1,0,"[197.58, 92.34, 343.76, 254.72]",1,,frame_index_fps_fallback
-THoVjtIkeU_12,14.4,432,1,0,"[198.74, 92.9, 345.35, 254.43]",1,,frame_index_fps_fallback
-THoVjtIkeU_12,14.5,435,1,0,"[196.99, 93.1, 345.75, 254.43]",1,,frame_index_fps_fallback
-THoVjtIkeU_12,14.6,438,1,0,"[200.06, 92.45, 347.81, 252.93]",1,,frame_index_fps_fallback
-THoVjtIkeU_12,14.7,441,1,0,"[203.42, 92.54, 350.07, 253.03]",1,,frame_index_fps_fallback
-THoVjtIkeU_12,14.833333333333334,444,1,0,"[204.56, 94.47, 351.56, 252.18]",1,,frame_index_fps_fallback
-THoVjtIkeU_2,0.0,0,1,0,"[218.59, 111.96, 369.05, 280.76]",1,,frame_index_fps_fallback
-THoVjtIkeU_2,0.1,3,1,0,"[218.32, 111.8, 368.79, 281.91]",1,,frame_index_fps_fallback
-THoVjtIkeU_2,0.2,6,1,0,"[218.23, 112.15, 369.25, 281.61]",1,,frame_index_fps_fallback
-THoVjtIkeU_2,0.3,9,1,0,"[218.92, 112.11, 370.09, 283.84]",1,,frame_index_fps_fallback
-THoVjtIkeU_2,0.4,12,1,0,"[220.36, 118.1, 368.18, 283.53]",1,,frame_index_fps_fallback
-THoVjtIkeU_2,0.5,15,1,0,"[219.29, 113.36, 369.28, 282.95]",1,,frame_index_fps_fallback
-THoVjtIkeU_2,0.6,18,1,0,"[217.87, 112.06, 370.04, 283.93]",1,,frame_index_fps_fallback
-THoVjtIkeU_2,0.7,21,1,0,"[217.86, 112.3, 370.92, 285.41]",1,,frame_index_fps_fallback
-THoVjtIkeU_2,0.8,24,1,0,"[218.16, 112.81, 370.87, 285.22]",1,,frame_index_fps_fallback
-THoVjtIkeU_2,0.9,27,1,0,"[219.25, 113.49, 371.51, 283.09]",1,,frame_index_fps_fallback
-THoVjtIkeU_2,1.0,30,1,0,"[217.34, 114.37, 371.06, 282.38]",1,,frame_index_fps_fallback
-THoVjtIkeU_2,1.1,33,1,0,"[217.26, 112.7, 368.6, 279.47]",1,,frame_index_fps_fallback
-THoVjtIkeU_2,1.2,36,1,0,"[220.72, 113.36, 369.34, 277.45]",1,,frame_index_fps_fallback
-THoVjtIkeU_2,1.3,39,1,0,"[218.84, 102.1, 370.63, 271.94]",1,,frame_index_fps_fallback
-THoVjtIkeU_2,1.4,42,1,0,"[218.69, 98.36, 368.13, 277.46]",1,,frame_index_fps_fallback
-THoVjtIkeU_2,1.5,45,1,0,"[216.74, 99.84, 366.89, 273.05]",1,,frame_index_fps_fallback
-THoVjtIkeU_2,1.6,48,1,0,"[213.13, 98.63, 363.78, 272.0]",1,,frame_index_fps_fallback
-THoVjtIkeU_2,1.7,51,1,0,"[212.22, 97.98, 363.52, 273.19]",1,,frame_index_fps_fallback
-THoVjtIkeU_2,1.8,54,1,0,"[211.5, 100.04, 361.25, 269.97]",1,,frame_index_fps_fallback
-THoVjtIkeU_2,1.9,57,1,0,"[216.27, 102.77, 360.53, 260.45]",1,,frame_index_fps_fallback
-THoVjtIkeU_2,2.0,60,1,0,"[214.59, 97.67, 360.33, 255.12]",1,,frame_index_fps_fallback
-THoVjtIkeU_2,2.1,63,1,0,"[214.72, 94.25, 361.28, 250.43]",1,,frame_index_fps_fallback
-THoVjtIkeU_2,2.2,66,1,0,"[213.73, 93.01, 361.55, 256.03]",1,,frame_index_fps_fallback
-THoVjtIkeU_2,2.3,69,1,0,"[210.14, 96.21, 357.62, 261.06]",1,,frame_index_fps_fallback
-THoVjtIkeU_2,2.4,72,1,0,"[210.86, 94.29, 360.33, 260.86]",1,,frame_index_fps_fallback
-THoVjtIkeU_2,2.5,75,1,0,"[214.59, 101.16, 361.14, 266.81]",1,,frame_index_fps_fallback
-THoVjtIkeU_2,2.6,78,1,0,"[212.49, 97.54, 361.44, 272.82]",1,,frame_index_fps_fallback
-THoVjtIkeU_2,2.7,81,1,0,"[214.06, 98.36, 362.69, 265.77]",1,,frame_index_fps_fallback
-THoVjtIkeU_2,2.8,84,1,0,"[213.86, 96.68, 362.03, 267.43]",1,,frame_index_fps_fallback
-THoVjtIkeU_2,2.9,87,1,0,"[212.32, 103.2, 360.95, 276.1]",1,,frame_index_fps_fallback
-THoVjtIkeU_2,3.0,90,1,0,"[211.21, 97.55, 360.87, 273.1]",1,,frame_index_fps_fallback
-THoVjtIkeU_2,3.1,93,1,0,"[213.31, 102.99, 360.81, 268.75]",1,,frame_index_fps_fallback
-THoVjtIkeU_2,3.2,96,1,0,"[211.84, 100.84, 359.47, 270.83]",1,,frame_index_fps_fallback
-THoVjtIkeU_2,3.3,99,1,0,"[211.58, 101.24, 359.69, 271.56]",1,,frame_index_fps_fallback
-THoVjtIkeU_2,3.4,102,1,0,"[211.74, 100.67, 361.03, 271.42]",1,,frame_index_fps_fallback
-THoVjtIkeU_2,3.5,105,1,0,"[209.75, 99.26, 358.68, 271.9]",1,,frame_index_fps_fallback
-THoVjtIkeU_2,3.6,108,1,0,"[209.45, 97.3, 359.72, 269.01]",1,,frame_index_fps_fallback
-THoVjtIkeU_2,3.6999999999999997,111,1,0,"[209.01, 96.56, 359.32, 266.5]",1,,frame_index_fps_fallback
-THoVjtIkeU_2,3.8,114,1,0,"[210.55, 91.76, 361.4, 265.29]",1,,frame_index_fps_fallback
-THoVjtIkeU_2,3.9,117,1,0,"[205.27, 89.32, 358.29, 272.2]",1,,frame_index_fps_fallback
-THoVjtIkeU_2,4.0,120,1,0,"[208.07, 88.16, 358.08, 260.91]",1,,frame_index_fps_fallback
-THoVjtIkeU_2,4.1,123,1,0,"[203.11, 86.81, 356.69, 269.73]",1,,frame_index_fps_fallback
-THoVjtIkeU_2,4.2,126,1,0,"[204.33, 87.39, 356.7, 265.32]",1,,frame_index_fps_fallback
-THoVjtIkeU_6,0.0,0,1,0,"[192.6, 98.96, 340.43, 269.15]",1,,frame_index_fps_fallback
-THoVjtIkeU_6,0.1,3,0,,,0,no_face_detected,frame_index_fps_fallback
-THoVjtIkeU_6,0.2,6,1,0,"[209.27, 97.56, 358.42, 264.8]",1,,frame_index_fps_fallback
-THoVjtIkeU_6,0.3,9,1,0,"[213.37, 97.57, 357.36, 266.74]",1,,frame_index_fps_fallback
-THoVjtIkeU_6,0.4,12,1,0,"[213.49, 99.78, 357.27, 266.11]",1,,frame_index_fps_fallback
-THoVjtIkeU_6,0.5,15,1,0,"[214.82, 99.14, 357.17, 263.43]",1,,frame_index_fps_fallback
-THoVjtIkeU_6,0.6,18,1,0,"[210.95, 96.53, 355.56, 268.2]",1,,frame_index_fps_fallback
-THoVjtIkeU_6,0.7,21,1,0,"[210.87, 100.31, 355.8, 269.69]",1,,frame_index_fps_fallback
-THoVjtIkeU_6,0.8,24,1,0,"[205.94, 98.39, 354.34, 267.04]",1,,frame_index_fps_fallback
-THoVjtIkeU_6,0.9,27,1,0,"[204.39, 97.11, 350.33, 266.32]",1,,frame_index_fps_fallback
-THoVjtIkeU_6,1.0,30,1,0,"[203.57, 98.9, 352.09, 265.38]",1,,frame_index_fps_fallback
-THoVjtIkeU_6,1.1,33,1,0,"[205.5, 102.0, 349.11, 264.42]",1,,frame_index_fps_fallback
-THoVjtIkeU_6,1.2,36,1,0,"[203.63, 102.32, 349.34, 265.7]",1,,frame_index_fps_fallback
-THoVjtIkeU_6,1.3,39,1,0,"[203.57, 99.47, 350.17, 264.56]",1,,frame_index_fps_fallback
-THoVjtIkeU_6,1.4,42,1,0,"[204.19, 101.16, 352.07, 265.99]",1,,frame_index_fps_fallback
-THoVjtIkeU_6,1.5,45,1,0,"[205.69, 109.95, 354.71, 275.29]",1,,frame_index_fps_fallback
-THoVjtIkeU_6,1.6,48,1,0,"[212.76, 113.54, 364.36, 286.43]",1,,frame_index_fps_fallback
-THoVjtIkeU_6,1.7,51,1,0,"[212.52, 116.27, 363.92, 287.02]",1,,frame_index_fps_fallback
-THoVjtIkeU_6,1.8,54,1,0,"[211.29, 116.7, 361.85, 281.11]",1,,frame_index_fps_fallback
-THoVjtIkeU_6,1.9,57,1,0,"[208.44, 109.5, 360.13, 283.16]",1,,frame_index_fps_fallback
-THoVjtIkeU_6,2.0,60,1,0,"[205.44, 107.56, 356.05, 276.95]",1,,frame_index_fps_fallback
-THoVjtIkeU_6,2.1,63,1,0,"[204.42, 107.15, 354.57, 272.64]",1,,frame_index_fps_fallback
-THoVjtIkeU_6,2.2,66,1,0,"[200.13, 104.05, 350.28, 274.07]",1,,frame_index_fps_fallback
-THoVjtIkeU_6,2.3,69,1,0,"[200.79, 102.74, 348.96, 265.97]",1,,frame_index_fps_fallback
-THoVjtIkeU_6,2.4,72,1,0,"[198.36, 98.38, 346.85, 264.81]",1,,frame_index_fps_fallback
-THoVjtIkeU_6,2.5,75,1,0,"[197.11, 99.37, 345.64, 265.95]",1,,frame_index_fps_fallback
-THoVjtIkeU_6,2.6,78,1,0,"[198.0, 102.33, 343.97, 273.71]",1,,frame_index_fps_fallback
-THoVjtIkeU_6,2.7,81,1,0,"[200.27, 103.28, 348.14, 273.26]",1,,frame_index_fps_fallback
-THoVjtIkeU_6,2.8,84,1,0,"[207.98, 111.31, 352.81, 281.84]",1,,frame_index_fps_fallback
-THoVjtIkeU_6,2.9,87,1,0,"[210.29, 115.01, 352.76, 281.25]",1,,frame_index_fps_fallback
-THoVjtIkeU_6,3.0,90,1,0,"[210.96, 116.94, 353.72, 273.75]",1,,frame_index_fps_fallback
-THoVjtIkeU_6,3.1,93,1,0,"[210.36, 116.25, 353.31, 274.09]",1,,frame_index_fps_fallback
-THoVjtIkeU_6,3.2,96,1,0,"[209.25, 117.76, 353.08, 275.56]",1,,frame_index_fps_fallback
-THoVjtIkeU_6,3.3,99,1,0,"[208.84, 117.14, 350.54, 278.17]",1,,frame_index_fps_fallback
-THoVjtIkeU_6,3.4,102,1,0,"[209.2, 118.07, 350.69, 281.82]",1,,frame_index_fps_fallback
-THoVjtIkeU_6,3.5,105,1,0,"[208.11, 118.57, 350.7, 283.33]",1,,frame_index_fps_fallback
-THoVjtIkeU_6,3.6,108,1,0,"[205.56, 120.51, 348.44, 281.86]",1,,frame_index_fps_fallback
-THoVjtIkeU_6,3.6999999999999997,111,1,0,"[203.93, 118.96, 348.09, 283.18]",1,,frame_index_fps_fallback
-THoVjtIkeU_6,3.8,114,1,0,"[202.78, 115.83, 346.95, 282.45]",1,,frame_index_fps_fallback
-THoVjtIkeU_6,3.9,117,1,0,"[204.61, 111.8, 348.18, 284.66]",1,,frame_index_fps_fallback
-THoVjtIkeU_6,4.0,120,1,0,"[204.43, 114.27, 347.15, 273.11]",1,,frame_index_fps_fallback
-THoVjtIkeU_6,4.1,123,1,0,"[204.46, 111.63, 348.72, 274.42]",1,,frame_index_fps_fallback
-THoVjtIkeU_6,4.2,126,1,0,"[205.66, 110.21, 347.83, 274.52]",1,,frame_index_fps_fallback
-THoVjtIkeU_6,4.3,129,1,0,"[203.06, 108.12, 348.54, 268.25]",1,,frame_index_fps_fallback
-THoVjtIkeU_6,4.4,132,1,0,"[205.67, 96.02, 351.21, 259.43]",1,,frame_index_fps_fallback
-THoVjtIkeU_6,4.5,135,1,0,"[204.47, 91.05, 351.71, 254.18]",1,,frame_index_fps_fallback
-THoVjtIkeU_6,4.6,138,1,0,"[216.95, 96.51, 353.75, 244.28]",1,,frame_index_fps_fallback
-THoVjtIkeU_6,4.7,141,1,0,"[223.18, 97.13, 355.95, 244.66]",1,,frame_index_fps_fallback
-THoVjtIkeU_6,4.8,144,1,0,"[229.45, 99.36, 355.29, 246.68]",1,,frame_index_fps_fallback
-THoVjtIkeU_6,4.9,147,1,0,"[225.76, 100.66, 352.01, 245.6]",1,,frame_index_fps_fallback
-THoVjtIkeU_6,5.0,150,1,0,"[216.25, 100.61, 347.77, 252.02]",1,,frame_index_fps_fallback
-THoVjtIkeU_6,5.1,153,1,0,"[206.05, 100.49, 346.96, 257.04]",1,,frame_index_fps_fallback
-THoVjtIkeU_6,5.2,156,1,0,"[195.23, 98.78, 341.37, 260.58]",1,,frame_index_fps_fallback
-THoVjtIkeU_6,5.3,159,1,0,"[190.56, 96.93, 336.3, 257.2]",1,,frame_index_fps_fallback
-THoVjtIkeU_6,5.4,162,1,0,"[179.3, 96.2, 325.58, 262.14]",1,,frame_index_fps_fallback
-THoVjtIkeU_6,5.5,165,1,0,"[173.81, 93.27, 325.17, 260.3]",1,,frame_index_fps_fallback
-THoVjtIkeU_6,5.6,168,1,0,"[175.41, 95.99, 322.03, 256.33]",1,,frame_index_fps_fallback
-THoVjtIkeU_6,5.7,171,1,0,"[174.75, 94.64, 323.07, 259.08]",1,,frame_index_fps_fallback
-THoVjtIkeU_6,5.8,174,1,0,"[175.97, 97.45, 322.72, 256.23]",1,,frame_index_fps_fallback
-THoVjtIkeU_6,5.9,177,1,0,"[175.95, 94.85, 323.01, 255.67]",1,,frame_index_fps_fallback
-THoVjtIkeU_6,6.0,180,1,0,"[178.01, 95.38, 326.6, 257.28]",1,,frame_index_fps_fallback
-THoVjtIkeU_6,6.1,183,1,0,"[179.84, 95.0, 325.78, 254.42]",1,,frame_index_fps_fallback
-THoVjtIkeU_6,6.2,186,1,0,"[182.47, 99.5, 327.72, 252.65]",1,,frame_index_fps_fallback
-THoVjtIkeU_6,6.3,189,1,0,"[183.99, 99.57, 333.3, 259.06]",1,,frame_index_fps_fallback
-THoVjtIkeU_6,6.4,192,1,0,"[190.35, 100.8, 334.1, 257.12]",1,,frame_index_fps_fallback
-THoVjtIkeU_6,6.5,195,1,0,"[194.0, 98.93, 335.61, 255.35]",1,,frame_index_fps_fallback
-THoVjtIkeU_6,6.6,198,1,0,"[197.1, 101.15, 342.48, 264.43]",1,,frame_index_fps_fallback
-THoVjtIkeU_6,6.7,201,1,0,"[200.46, 99.69, 347.12, 273.35]",1,,frame_index_fps_fallback
-THoVjtIkeU_6,6.8,204,1,0,"[205.01, 92.81, 346.59, 253.46]",1,,frame_index_fps_fallback
-THoVjtIkeU_6,6.8999999999999995,207,1,0,"[206.09, 91.7, 347.98, 249.79]",1,,frame_index_fps_fallback
-THoVjtIkeU_6,7.0,210,1,0,"[205.34, 97.7, 347.62, 255.53]",1,,frame_index_fps_fallback
-THoVjtIkeU_6,7.1,213,1,0,"[207.82, 96.14, 350.24, 259.97]",1,,frame_index_fps_fallback
-THoVjtIkeU_6,7.2,216,1,0,"[210.93, 94.99, 351.74, 254.84]",1,,frame_index_fps_fallback
-THoVjtIkeU_6,7.3,219,1,0,"[212.01, 95.93, 352.59, 255.04]",1,,frame_index_fps_fallback
-THoVjtIkeU_6,7.3999999999999995,222,1,0,"[211.13, 95.85, 353.25, 256.17]",1,,frame_index_fps_fallback
-THoVjtIkeU_6,7.5,225,1,0,"[210.44, 94.74, 353.64, 257.15]",1,,frame_index_fps_fallback
-THoVjtIkeU_6,7.6,228,1,0,"[211.06, 94.09, 355.01, 256.5]",1,,frame_index_fps_fallback
-THoVjtIkeU_6,7.7,231,1,0,"[213.43, 93.81, 352.74, 249.72]",1,,frame_index_fps_fallback
-THoVjtIkeU_6,7.8,234,1,0,"[207.15, 88.92, 349.1, 249.63]",1,,frame_index_fps_fallback
-THoVjtIkeU_6,7.8999999999999995,237,1,0,"[204.22, 89.02, 347.44, 247.48]",1,,frame_index_fps_fallback
-THoVjtIkeU_6,8.033333333333333,240,1,0,"[202.53, 88.28, 351.14, 252.12]",1,,frame_index_fps_fallback
-UuX1xuaiiE_1,0.0,0,0,,,0,no_face_detected,frame_index_fps_fallback
-UuX1xuaiiE_1,0.1,3,0,,,0,no_face_detected,frame_index_fps_fallback
-UuX1xuaiiE_1,0.2,6,0,,,0,no_face_detected,frame_index_fps_fallback
-UuX1xuaiiE_1,0.3,9,0,,,0,no_face_detected,frame_index_fps_fallback
-UuX1xuaiiE_1,0.4,12,0,,,0,no_face_detected,frame_index_fps_fallback
-UuX1xuaiiE_1,0.5,15,0,,,0,no_face_detected,frame_index_fps_fallback
-UuX1xuaiiE_1,0.6,18,0,,,0,no_face_detected,frame_index_fps_fallback
-UuX1xuaiiE_1,0.7,21,0,,,0,no_face_detected,frame_index_fps_fallback
-UuX1xuaiiE_1,0.8,24,0,,,0,no_face_detected,frame_index_fps_fallback
-UuX1xuaiiE_1,0.9,27,0,,,0,no_face_detected,frame_index_fps_fallback
-UuX1xuaiiE_1,1.0,30,0,,,0,no_face_detected,frame_index_fps_fallback
-UuX1xuaiiE_1,1.1,33,0,,,0,no_face_detected,frame_index_fps_fallback
-UuX1xuaiiE_1,1.2,36,0,,,0,no_face_detected,frame_index_fps_fallback
-UuX1xuaiiE_1,1.3,39,0,,,0,no_face_detected,frame_index_fps_fallback
-UuX1xuaiiE_1,1.4,42,0,,,0,no_face_detected,frame_index_fps_fallback
-UuX1xuaiiE_1,1.5,45,0,,,0,no_face_detected,frame_index_fps_fallback
-UuX1xuaiiE_1,1.6,48,0,,,0,no_face_detected,frame_index_fps_fallback
-UuX1xuaiiE_1,1.7,51,0,,,0,no_face_detected,frame_index_fps_fallback
-UuX1xuaiiE_1,1.8,54,0,,,0,no_face_detected,frame_index_fps_fallback
-UuX1xuaiiE_1,1.9,57,0,,,0,no_face_detected,frame_index_fps_fallback
-UuX1xuaiiE_1,2.0,60,0,,,0,no_face_detected,frame_index_fps_fallback
-UuX1xuaiiE_1,2.1,63,0,,,0,no_face_detected,frame_index_fps_fallback
-UuX1xuaiiE_1,2.2,66,0,,,0,no_face_detected,frame_index_fps_fallback
-UuX1xuaiiE_1,2.3,69,0,,,0,no_face_detected,frame_index_fps_fallback
-UuX1xuaiiE_1,2.4,72,0,,,0,no_face_detected,frame_index_fps_fallback
-UuX1xuaiiE_1,2.5,75,0,,,0,no_face_detected,frame_index_fps_fallback
-UuX1xuaiiE_1,2.6,78,0,,,0,no_face_detected,frame_index_fps_fallback
-UuX1xuaiiE_1,2.7,81,0,,,0,no_face_detected,frame_index_fps_fallback
-UuX1xuaiiE_1,2.8,84,0,,,0,no_face_detected,frame_index_fps_fallback
-UuX1xuaiiE_1,2.9,87,0,,,0,no_face_detected,frame_index_fps_fallback
-UuX1xuaiiE_1,3.0,90,0,,,0,no_face_detected,frame_index_fps_fallback
-UuX1xuaiiE_1,3.1,93,0,,,0,no_face_detected,frame_index_fps_fallback
-UuX1xuaiiE_1,3.2,96,0,,,0,no_face_detected,frame_index_fps_fallback
-UuX1xuaiiE_1,3.3,99,0,,,0,no_face_detected,frame_index_fps_fallback
-UuX1xuaiiE_1,3.4,102,0,,,0,no_face_detected,frame_index_fps_fallback
-UuX1xuaiiE_1,3.5,105,0,,,0,no_face_detected,frame_index_fps_fallback
-UuX1xuaiiE_1,3.6,108,0,,,0,no_face_detected,frame_index_fps_fallback
-UuX1xuaiiE_1,3.6999999999999997,111,0,,,0,no_face_detected,frame_index_fps_fallback
-UuX1xuaiiE_1,3.8,114,0,,,0,no_face_detected,frame_index_fps_fallback
-UuX1xuaiiE_1,3.9,117,0,,,0,no_face_detected,frame_index_fps_fallback
-UuX1xuaiiE_1,4.0,120,0,,,0,no_face_detected,frame_index_fps_fallback
-UuX1xuaiiE_1,4.1,123,0,,,0,no_face_detected,frame_index_fps_fallback
-UuX1xuaiiE_1,4.2,126,0,,,0,no_face_detected,frame_index_fps_fallback
-UuX1xuaiiE_1,4.3,129,0,,,0,no_face_detected,frame_index_fps_fallback
-UuX1xuaiiE_1,4.4,132,0,,,0,no_face_detected,frame_index_fps_fallback
-UuX1xuaiiE_1,4.5,135,0,,,0,no_face_detected,frame_index_fps_fallback
-UuX1xuaiiE_1,4.6,138,0,,,0,no_face_detected,frame_index_fps_fallback
-UuX1xuaiiE_1,4.7,141,0,,,0,no_face_detected,frame_index_fps_fallback
-UuX1xuaiiE_1,4.8,144,0,,,0,no_face_detected,frame_index_fps_fallback
-UuX1xuaiiE_1,4.9,147,0,,,0,no_face_detected,frame_index_fps_fallback
-UuX1xuaiiE_1,5.0,150,0,,,0,no_face_detected,frame_index_fps_fallback
-UuX1xuaiiE_1,5.1,153,0,,,0,no_face_detected,frame_index_fps_fallback
-UuX1xuaiiE_1,5.2,156,0,,,0,no_face_detected,frame_index_fps_fallback
-UuX1xuaiiE_1,5.3,159,0,,,0,no_face_detected,frame_index_fps_fallback
-UuX1xuaiiE_1,5.4,162,0,,,0,no_face_detected,frame_index_fps_fallback
-UuX1xuaiiE_1,5.5,165,0,,,0,no_face_detected,frame_index_fps_fallback
-UuX1xuaiiE_1,5.6,168,0,,,0,no_face_detected,frame_index_fps_fallback
-UuX1xuaiiE_1,5.7,171,0,,,0,no_face_detected,frame_index_fps_fallback
-UuX1xuaiiE_1,5.8,174,0,,,0,no_face_detected,frame_index_fps_fallback
-UuX1xuaiiE_1,5.9,177,0,,,0,no_face_detected,frame_index_fps_fallback
-UuX1xuaiiE_1,6.0,180,0,,,0,no_face_detected,frame_index_fps_fallback
-UuX1xuaiiE_1,6.1,183,0,,,0,no_face_detected,frame_index_fps_fallback
-UuX1xuaiiE_1,6.2,186,0,,,0,no_face_detected,frame_index_fps_fallback
-UuX1xuaiiE_1,6.3,189,0,,,0,no_face_detected,frame_index_fps_fallback
-UuX1xuaiiE_1,6.4,192,0,,,0,no_face_detected,frame_index_fps_fallback
-UuX1xuaiiE_1,6.5,195,0,,,0,no_face_detected,frame_index_fps_fallback
-UuX1xuaiiE_1,6.6,198,0,,,0,no_face_detected,frame_index_fps_fallback
-UuX1xuaiiE_1,6.7,201,0,,,0,no_face_detected,frame_index_fps_fallback
-UuX1xuaiiE_1,6.8,204,0,,,0,no_face_detected,frame_index_fps_fallback
-UuX1xuaiiE_1,6.8999999999999995,207,0,,,0,no_face_detected,frame_index_fps_fallback
-UuX1xuaiiE_1,7.0,210,0,,,0,no_face_detected,frame_index_fps_fallback
-UuX1xuaiiE_1,7.1,213,0,,,0,no_face_detected,frame_index_fps_fallback
-UuX1xuaiiE_1,7.2,216,0,,,0,no_face_detected,frame_index_fps_fallback
-UuX1xuaiiE_1,7.3,219,0,,,0,no_face_detected,frame_index_fps_fallback
-UuX1xuaiiE_1,7.3999999999999995,222,0,,,0,no_face_detected,frame_index_fps_fallback
-UuX1xuaiiE_1,7.5,225,0,,,0,no_face_detected,frame_index_fps_fallback
-UuX1xuaiiE_1,7.6,228,0,,,0,no_face_detected,frame_index_fps_fallback
-UuX1xuaiiE_1,7.7,231,0,,,0,no_face_detected,frame_index_fps_fallback
-UuX1xuaiiE_1,7.8,234,0,,,0,no_face_detected,frame_index_fps_fallback
-UuX1xuaiiE_1,7.8999999999999995,237,0,,,0,no_face_detected,frame_index_fps_fallback
-UuX1xuaiiE_1,8.0,240,0,,,0,no_face_detected,frame_index_fps_fallback
-UuX1xuaiiE_1,8.1,243,0,,,0,no_face_detected,frame_index_fps_fallback
-UuX1xuaiiE_1,8.2,246,0,,,0,no_face_detected,frame_index_fps_fallback
-UuX1xuaiiE_1,8.3,249,0,,,0,no_face_detected,frame_index_fps_fallback
-UuX1xuaiiE_1,8.4,252,0,,,0,no_face_detected,frame_index_fps_fallback
-UuX1xuaiiE_1,8.5,255,0,,,0,no_face_detected,frame_index_fps_fallback
-UuX1xuaiiE_1,8.6,258,0,,,0,no_face_detected,frame_index_fps_fallback
-UuX1xuaiiE_1,8.7,261,0,,,0,no_face_detected,frame_index_fps_fallback
-UuX1xuaiiE_1,8.8,264,0,,,0,no_face_detected,frame_index_fps_fallback
-UuX1xuaiiE_1,8.9,267,0,,,0,no_face_detected,frame_index_fps_fallback
-UuX1xuaiiE_1,9.0,270,0,,,0,no_face_detected,frame_index_fps_fallback
-UuX1xuaiiE_1,9.1,273,0,,,0,no_face_detected,frame_index_fps_fallback
-UuX1xuaiiE_1,9.2,276,0,,,0,no_face_detected,frame_index_fps_fallback
-UuX1xuaiiE_1,9.3,279,0,,,0,no_face_detected,frame_index_fps_fallback
-UuX1xuaiiE_1,9.4,282,0,,,0,no_face_detected,frame_index_fps_fallback
-UuX1xuaiiE_1,9.5,285,0,,,0,no_face_detected,frame_index_fps_fallback
-UuX1xuaiiE_1,9.6,288,0,,,0,no_face_detected,frame_index_fps_fallback
-UuX1xuaiiE_1,9.7,291,0,,,0,no_face_detected,frame_index_fps_fallback
-UuX1xuaiiE_1,9.8,294,0,,,0,no_face_detected,frame_index_fps_fallback
-UuX1xuaiiE_1,9.9,297,1,0,"[464.74, 77.42, 634.35, 269.69]",1,,frame_index_fps_fallback
-UuX1xuaiiE_1,10.0,300,1,0,"[464.05, 86.19, 637.91, 275.85]",1,,frame_index_fps_fallback
-UuX1xuaiiE_1,10.1,303,1,0,"[465.37, 90.63, 639.26, 280.34]",1,,frame_index_fps_fallback
-UuX1xuaiiE_1,10.2,306,1,0,"[465.81, 89.54, 638.84, 279.29]",1,,frame_index_fps_fallback
-UuX1xuaiiE_1,10.3,308,1,0,"[464.24, 85.86, 637.29, 275.55]",1,,frame_index_fps_fallback
-UuX1xuaiiE_0,0.0,0,1,0,"[691.63, 136.38, 879.21, 357.5]",1,,frame_index_fps_fallback
-UuX1xuaiiE_0,0.1,3,1,0,"[688.01, 136.27, 878.74, 362.38]",1,,frame_index_fps_fallback
-UuX1xuaiiE_0,0.2,6,1,0,"[688.38, 132.74, 877.9, 362.91]",1,,frame_index_fps_fallback
-UuX1xuaiiE_0,0.3,9,1,0,"[689.96, 132.86, 879.04, 359.86]",1,,frame_index_fps_fallback
-UuX1xuaiiE_0,0.4,12,1,0,"[691.64, 135.94, 879.42, 360.32]",1,,frame_index_fps_fallback
-UuX1xuaiiE_0,0.5,15,1,0,"[689.18, 136.43, 877.41, 354.77]",1,,frame_index_fps_fallback
-UuX1xuaiiE_0,0.6,18,1,0,"[691.09, 135.15, 878.5, 354.54]",1,,frame_index_fps_fallback
-UuX1xuaiiE_0,0.7,21,1,0,"[690.25, 134.67, 878.53, 354.24]",1,,frame_index_fps_fallback
-UuX1xuaiiE_0,0.8,24,1,0,"[691.38, 133.69, 880.65, 354.47]",1,,frame_index_fps_fallback
-UuX1xuaiiE_0,0.9,27,1,0,"[691.68, 133.59, 880.76, 355.31]",1,,frame_index_fps_fallback
-UuX1xuaiiE_0,1.0,30,1,0,"[692.8, 135.46, 882.1, 356.21]",1,,frame_index_fps_fallback
-UuX1xuaiiE_0,1.1,33,1,0,"[692.35, 136.04, 882.63, 356.09]",1,,frame_index_fps_fallback
-UuX1xuaiiE_0,1.2,36,1,0,"[695.04, 140.89, 883.7, 356.89]",1,,frame_index_fps_fallback
-UuX1xuaiiE_0,1.3,39,1,0,"[694.88, 135.35, 882.01, 352.67]",1,,frame_index_fps_fallback
-UuX1xuaiiE_0,1.4,42,1,0,"[694.32, 134.43, 882.03, 352.5]",1,,frame_index_fps_fallback
-UuX1xuaiiE_0,1.5,45,1,0,"[695.43, 138.8, 882.91, 354.72]",1,,frame_index_fps_fallback
-UuX1xuaiiE_0,1.6,48,1,0,"[693.44, 137.6, 881.67, 356.01]",1,,frame_index_fps_fallback
-UuX1xuaiiE_0,1.7,51,1,0,"[697.16, 139.8, 885.18, 360.19]",1,,frame_index_fps_fallback
-UuX1xuaiiE_0,1.8,54,0,,,0,no_face_detected,frame_index_fps_fallback
-UuX1xuaiiE_0,1.9,57,0,,,0,no_face_detected,frame_index_fps_fallback
-UuX1xuaiiE_0,2.0,60,0,,,0,no_face_detected,frame_index_fps_fallback
-UuX1xuaiiE_0,2.1,63,0,,,0,no_face_detected,frame_index_fps_fallback
-UuX1xuaiiE_0,2.2,66,0,,,0,no_face_detected,frame_index_fps_fallback
-UuX1xuaiiE_0,2.3,69,0,,,0,no_face_detected,frame_index_fps_fallback
-UuX1xuaiiE_0,2.4,72,0,,,0,no_face_detected,frame_index_fps_fallback
-UuX1xuaiiE_0,2.5,75,0,,,0,no_face_detected,frame_index_fps_fallback
-UuX1xuaiiE_0,2.6,78,0,,,0,no_face_detected,frame_index_fps_fallback
-UuX1xuaiiE_0,2.7,81,0,,,0,no_face_detected,frame_index_fps_fallback
-UuX1xuaiiE_0,2.8,84,0,,,0,no_face_detected,frame_index_fps_fallback
-UuX1xuaiiE_0,2.9,87,0,,,0,no_face_detected,frame_index_fps_fallback
-UuX1xuaiiE_0,3.0,90,0,,,0,no_face_detected,frame_index_fps_fallback
-UuX1xuaiiE_0,3.1,93,0,,,0,no_face_detected,frame_index_fps_fallback
-UuX1xuaiiE_0,3.2,96,0,,,0,no_face_detected,frame_index_fps_fallback
-UuX1xuaiiE_0,3.3,99,0,,,0,no_face_detected,frame_index_fps_fallback
-UuX1xuaiiE_0,3.4,102,0,,,0,no_face_detected,frame_index_fps_fallback
-UuX1xuaiiE_0,3.5,105,0,,,0,no_face_detected,frame_index_fps_fallback
-UuX1xuaiiE_0,3.6,107,0,,,0,no_face_detected,frame_index_fps_fallback
-UuX1xuaiiE_3,0.0,0,1,0,"[474.51, 93.35, 647.14, 283.34]",1,,frame_index_fps_fallback
-UuX1xuaiiE_3,0.1,3,1,0,"[473.03, 93.5, 648.36, 287.92]",1,,frame_index_fps_fallback
-UuX1xuaiiE_3,0.2,6,1,0,"[472.52, 95.36, 646.2, 287.27]",1,,frame_index_fps_fallback
-UuX1xuaiiE_3,0.3,9,1,0,"[472.82, 94.98, 645.76, 285.23]",1,,frame_index_fps_fallback
-UuX1xuaiiE_3,0.4,12,1,0,"[474.02, 93.1, 646.02, 284.6]",1,,frame_index_fps_fallback
-UuX1xuaiiE_3,0.5,15,1,0,"[462.36, 125.99, 685.65, 381.61]",1,,frame_index_fps_fallback
-UuX1xuaiiE_3,0.6,18,1,0,"[457.1, 128.59, 684.08, 375.4]",1,,frame_index_fps_fallback
-UuX1xuaiiE_3,0.7,21,1,0,"[454.52, 127.78, 681.45, 373.6]",1,,frame_index_fps_fallback
-UuX1xuaiiE_3,0.8,24,1,0,"[450.01, 130.37, 678.92, 374.7]",1,,frame_index_fps_fallback
-UuX1xuaiiE_3,0.9,27,1,0,"[448.48, 128.44, 675.11, 376.25]",1,,frame_index_fps_fallback
-UuX1xuaiiE_3,1.0,30,1,0,"[447.86, 132.87, 675.39, 374.95]",1,,frame_index_fps_fallback
-UuX1xuaiiE_3,1.1,33,1,0,"[449.81, 134.27, 675.78, 372.97]",1,,frame_index_fps_fallback
-UuX1xuaiiE_3,1.2,36,1,0,"[450.28, 135.91, 676.1, 370.1]",1,,frame_index_fps_fallback
-UuX1xuaiiE_3,1.3,39,1,0,"[451.69, 134.92, 676.07, 369.74]",1,,frame_index_fps_fallback
-UuX1xuaiiE_3,1.4,42,1,0,"[451.83, 128.17, 678.9, 370.64]",1,,frame_index_fps_fallback
-UuX1xuaiiE_3,1.5,45,1,0,"[450.88, 127.78, 677.66, 372.14]",1,,frame_index_fps_fallback
-UuX1xuaiiE_3,1.6,48,1,0,"[451.02, 124.02, 678.58, 377.79]",1,,frame_index_fps_fallback
-UuX1xuaiiE_3,1.7,51,1,0,"[449.24, 122.58, 677.74, 383.84]",1,,frame_index_fps_fallback
-UuX1xuaiiE_3,1.8,54,1,0,"[448.96, 124.69, 677.72, 386.47]",1,,frame_index_fps_fallback
-UuX1xuaiiE_3,1.9,57,1,0,"[449.37, 123.2, 674.47, 380.35]",1,,frame_index_fps_fallback
-UuX1xuaiiE_3,2.0,60,1,0,"[448.0, 123.68, 673.94, 380.77]",1,,frame_index_fps_fallback
-UuX1xuaiiE_3,2.1,63,1,0,"[448.57, 124.33, 673.67, 383.68]",1,,frame_index_fps_fallback
-UuX1xuaiiE_3,2.2,66,1,0,"[449.34, 125.3, 674.64, 383.52]",1,,frame_index_fps_fallback
-UuX1xuaiiE_3,2.3,69,1,0,"[450.41, 125.19, 676.05, 383.48]",1,,frame_index_fps_fallback
-UuX1xuaiiE_3,2.4,72,1,0,"[451.61, 126.59, 677.26, 382.94]",1,,frame_index_fps_fallback
-UuX1xuaiiE_3,2.5,75,1,0,"[453.23, 126.18, 680.2, 380.75]",1,,frame_index_fps_fallback
-UuX1xuaiiE_3,2.6,78,1,0,"[453.99, 126.65, 683.1, 380.17]",1,,frame_index_fps_fallback
-UuX1xuaiiE_3,2.7,81,1,0,"[454.53, 123.73, 681.8, 374.18]",1,,frame_index_fps_fallback
-UuX1xuaiiE_3,2.8,84,1,0,"[453.38, 122.96, 680.1, 373.57]",1,,frame_index_fps_fallback
-UuX1xuaiiE_3,2.9,87,1,0,"[449.99, 123.65, 680.4, 380.61]",1,,frame_index_fps_fallback
-UuX1xuaiiE_3,3.0,90,1,0,"[448.76, 136.63, 674.59, 371.24]",1,,frame_index_fps_fallback
-UuX1xuaiiE_3,3.1,93,1,0,"[448.75, 130.9, 673.01, 365.75]",1,,frame_index_fps_fallback
-UuX1xuaiiE_3,3.2,96,1,0,"[444.56, 131.25, 668.56, 368.44]",1,,frame_index_fps_fallback
-UuX1xuaiiE_3,3.3,99,1,0,"[443.98, 123.42, 667.6, 368.76]",1,,frame_index_fps_fallback
-UuX1xuaiiE_3,3.4,102,1,0,"[441.9, 123.17, 665.76, 366.05]",1,,frame_index_fps_fallback
-UuX1xuaiiE_3,3.5,105,1,0,"[442.48, 120.51, 664.1, 361.36]",1,,frame_index_fps_fallback
-UuX1xuaiiE_3,3.6,108,1,0,"[441.63, 119.31, 662.84, 357.12]",1,,frame_index_fps_fallback
-UuX1xuaiiE_3,3.6999999999999997,111,1,0,"[383.96, 110.52, 529.15, 284.28]",1,,frame_index_fps_fallback
-UuX1xuaiiE_3,3.8,114,1,0,"[386.84, 109.86, 532.93, 283.41]",1,,frame_index_fps_fallback
-UuX1xuaiiE_3,3.9,117,1,0,"[391.33, 108.26, 538.7, 284.11]",1,,frame_index_fps_fallback
-UuX1xuaiiE_3,4.0,120,1,0,"[396.65, 103.34, 542.73, 278.83]",1,,frame_index_fps_fallback
-UuX1xuaiiE_6,0.0,0,1,0,"[406.39, 100.37, 556.16, 277.31]",1,,frame_index_fps_fallback
-UuX1xuaiiE_6,0.1,3,1,0,"[407.59, 100.19, 554.55, 278.19]",1,,frame_index_fps_fallback
-UuX1xuaiiE_6,0.2,6,1,0,"[404.05, 186.04, 668.65, 495.23]",1,,frame_index_fps_fallback
-UuX1xuaiiE_6,0.3,9,1,0,"[406.31, 186.54, 670.08, 494.66]",1,,frame_index_fps_fallback
-UuX1xuaiiE_6,0.4,12,1,0,"[404.62, 187.98, 667.3, 503.67]",1,,frame_index_fps_fallback
-UuX1xuaiiE_6,0.5,15,1,0,"[406.29, 188.11, 667.42, 502.66]",1,,frame_index_fps_fallback
-UuX1xuaiiE_6,0.6,18,1,0,"[405.73, 185.94, 667.32, 496.77]",1,,frame_index_fps_fallback
-UuX1xuaiiE_6,0.7,21,1,0,"[405.31, 186.39, 669.07, 493.45]",1,,frame_index_fps_fallback
-UuX1xuaiiE_6,0.8,24,1,0,"[405.39, 187.85, 670.77, 493.5]",1,,frame_index_fps_fallback
-UuX1xuaiiE_6,0.9,27,1,0,"[406.96, 185.68, 672.97, 495.27]",1,,frame_index_fps_fallback
-UuX1xuaiiE_6,1.0,30,1,0,"[405.15, 188.2, 674.9, 495.66]",1,,frame_index_fps_fallback
-UuX1xuaiiE_6,1.1,33,1,0,"[405.75, 194.8, 674.1, 497.38]",1,,frame_index_fps_fallback
-UuX1xuaiiE_6,1.2,36,1,0,"[402.19, 194.31, 675.0, 502.52]",1,,frame_index_fps_fallback
-UuX1xuaiiE_6,1.3,39,1,0,"[404.32, 196.67, 675.16, 502.78]",1,,frame_index_fps_fallback
-UuX1xuaiiE_6,1.4,42,1,0,"[404.65, 197.21, 673.84, 498.43]",1,,frame_index_fps_fallback
-UuX1xuaiiE_6,1.5,45,1,0,"[405.73, 196.52, 672.64, 498.7]",1,,frame_index_fps_fallback
-UuX1xuaiiE_6,1.6,48,1,0,"[403.83, 196.03, 672.1, 499.61]",1,,frame_index_fps_fallback
-UuX1xuaiiE_6,1.7,51,1,0,"[403.28, 196.46, 672.31, 499.29]",1,,frame_index_fps_fallback
-UuX1xuaiiE_6,1.8,54,1,0,"[403.5, 194.42, 671.81, 503.45]",1,,frame_index_fps_fallback
-UuX1xuaiiE_6,1.9,57,1,0,"[401.21, 187.77, 668.33, 493.69]",1,,frame_index_fps_fallback
-UuX1xuaiiE_6,2.0,60,1,0,"[399.09, 183.15, 662.22, 491.92]",1,,frame_index_fps_fallback
-UuX1xuaiiE_6,2.1,63,1,0,"[394.56, 183.01, 655.33, 482.28]",1,,frame_index_fps_fallback
-UuX1xuaiiE_6,2.2,66,1,0,"[389.93, 177.11, 653.45, 482.69]",1,,frame_index_fps_fallback
-UuX1xuaiiE_6,2.3,69,1,0,"[392.54, 178.97, 650.73, 471.26]",1,,frame_index_fps_fallback
-UuX1xuaiiE_6,2.4,72,1,0,"[396.46, 179.89, 652.74, 475.0]",1,,frame_index_fps_fallback
-UuX1xuaiiE_6,2.5,75,1,0,"[394.04, 176.46, 656.71, 483.45]",1,,frame_index_fps_fallback
-UuX1xuaiiE_6,2.6,78,1,0,"[391.94, 179.11, 656.1, 493.79]",1,,frame_index_fps_fallback
-UuX1xuaiiE_6,2.7,81,1,0,"[392.2, 183.86, 655.72, 495.86]",1,,frame_index_fps_fallback
-UuX1xuaiiE_6,2.8,84,1,0,"[395.92, 186.36, 655.66, 485.22]",1,,frame_index_fps_fallback
-UuX1xuaiiE_6,2.9,87,1,0,"[393.37, 184.48, 656.03, 488.78]",1,,frame_index_fps_fallback
-UuX1xuaiiE_6,3.0,90,1,0,"[398.45, 183.16, 659.0, 485.72]",1,,frame_index_fps_fallback
-UuX1xuaiiE_6,3.1,93,1,0,"[403.03, 188.38, 663.01, 492.17]",1,,frame_index_fps_fallback
-UuX1xuaiiE_6,3.2,96,1,0,"[413.12, 187.1, 672.96, 490.5]",1,,frame_index_fps_fallback
-UuX1xuaiiE_6,3.3,99,1,0,"[418.37, 186.98, 673.4, 489.44]",1,,frame_index_fps_fallback
-UuX1xuaiiE_6,3.4,102,1,0,"[411.75, 186.8, 675.07, 497.26]",1,,frame_index_fps_fallback
-UuX1xuaiiE_6,3.5,105,1,0,"[410.49, 185.54, 669.9, 494.23]",1,,frame_index_fps_fallback
-UuX1xuaiiE_6,3.6,108,1,0,"[407.79, 188.03, 669.68, 492.59]",1,,frame_index_fps_fallback
-UuX1xuaiiE_6,3.6999999999999997,111,1,0,"[408.54, 189.37, 670.17, 496.8]",1,,frame_index_fps_fallback
-UuX1xuaiiE_6,3.8,114,1,0,"[412.01, 185.69, 668.75, 490.79]",1,,frame_index_fps_fallback
-UuX1xuaiiE_6,3.9,117,1,0,"[409.92, 187.58, 666.91, 491.63]",1,,frame_index_fps_fallback
-UuX1xuaiiE_6,4.0,120,1,0,"[409.26, 189.3, 667.41, 493.69]",1,,frame_index_fps_fallback
-UuX1xuaiiE_6,4.1,123,1,0,"[409.51, 186.7, 669.08, 493.5]",1,,frame_index_fps_fallback
-UuX1xuaiiE_6,4.2,126,1,0,"[409.61, 186.22, 668.82, 493.15]",1,,frame_index_fps_fallback
-UuX1xuaiiE_6,4.3,129,1,0,"[409.96, 185.44, 669.86, 492.41]",1,,frame_index_fps_fallback
-UuX1xuaiiE_6,4.4,132,1,0,"[411.8, 185.38, 671.19, 494.64]",1,,frame_index_fps_fallback
-UuX1xuaiiE_6,4.5,135,1,0,"[408.12, 185.69, 671.19, 498.08]",1,,frame_index_fps_fallback
-UuX1xuaiiE_6,4.6,138,1,0,"[408.59, 183.65, 671.39, 494.54]",1,,frame_index_fps_fallback
-UuX1xuaiiE_6,4.7,141,1,0,"[411.08, 183.12, 670.76, 484.75]",1,,frame_index_fps_fallback
-UuX1xuaiiE_6,4.8,144,1,0,"[411.87, 183.12, 669.83, 481.9]",1,,frame_index_fps_fallback
-UuX1xuaiiE_6,4.9,147,1,0,"[408.6, 181.61, 671.62, 486.03]",1,,frame_index_fps_fallback
-UuX1xuaiiE_6,5.0,150,1,0,"[404.11, 185.18, 671.7, 502.38]",1,,frame_index_fps_fallback
-UuX1xuaiiE_6,5.1,153,1,0,"[411.37, 191.84, 674.29, 496.2]",1,,frame_index_fps_fallback
-UuX1xuaiiE_6,5.2,156,1,0,"[411.61, 198.43, 676.87, 504.59]",1,,frame_index_fps_fallback
-UuX1xuaiiE_6,5.3,159,1,0,"[408.99, 202.05, 676.29, 520.77]",1,,frame_index_fps_fallback
-UuX1xuaiiE_6,5.4,162,1,0,"[413.38, 201.4, 676.16, 508.51]",1,,frame_index_fps_fallback
-UuX1xuaiiE_6,5.5,165,1,0,"[409.56, 198.82, 676.37, 507.64]",1,,frame_index_fps_fallback
-UuX1xuaiiE_6,5.6,168,1,0,"[410.7, 196.13, 671.64, 508.05]",1,,frame_index_fps_fallback
-UuX1xuaiiE_6,5.7,171,1,0,"[406.0, 196.45, 671.7, 498.9]",1,,frame_index_fps_fallback
-UuX1xuaiiE_6,5.8,174,1,0,"[405.99, 194.38, 668.67, 496.1]",1,,frame_index_fps_fallback
-UuX1xuaiiE_6,5.9,177,1,0,"[406.19, 199.0, 677.62, 506.18]",1,,frame_index_fps_fallback
-UuX1xuaiiE_6,6.0,180,1,0,"[410.71, 200.19, 681.08, 503.48]",1,,frame_index_fps_fallback
-UuX1xuaiiE_6,6.1,183,1,0,"[412.51, 195.49, 680.19, 509.76]",1,,frame_index_fps_fallback
-UuX1xuaiiE_6,6.2,186,1,0,"[411.55, 193.09, 679.15, 498.86]",1,,frame_index_fps_fallback
-UuX1xuaiiE_6,6.3,189,1,0,"[411.55, 192.03, 675.5, 497.44]",1,,frame_index_fps_fallback
-UuX1xuaiiE_6,6.4,192,1,0,"[405.65, 187.41, 671.66, 493.75]",1,,frame_index_fps_fallback
-UuX1xuaiiE_6,6.5,195,1,0,"[402.6, 193.54, 670.87, 497.56]",1,,frame_index_fps_fallback
-UuX1xuaiiE_6,6.6,198,1,0,"[404.1, 196.53, 671.09, 501.57]",1,,frame_index_fps_fallback
-UuX1xuaiiE_6,6.7,201,1,0,"[410.72, 197.36, 673.84, 508.06]",1,,frame_index_fps_fallback
-UuX1xuaiiE_6,6.8,204,1,0,"[410.06, 202.2, 675.63, 510.53]",1,,frame_index_fps_fallback
-UuX1xuaiiE_6,6.8999999999999995,207,1,0,"[408.59, 203.42, 676.92, 512.95]",1,,frame_index_fps_fallback
-UuX1xuaiiE_6,7.0,210,1,0,"[409.18, 202.59, 677.11, 513.1]",1,,frame_index_fps_fallback
-UuX1xuaiiE_6,7.1,213,1,0,"[408.94, 201.63, 677.2, 511.58]",1,,frame_index_fps_fallback
-UuX1xuaiiE_6,7.2,216,1,0,"[409.47, 201.24, 677.32, 509.15]",1,,frame_index_fps_fallback
-UuX1xuaiiE_6,7.3,219,1,0,"[411.22, 200.11, 676.48, 507.61]",1,,frame_index_fps_fallback
-UuX1xuaiiE_6,7.3999999999999995,222,1,0,"[409.32, 196.42, 676.78, 508.46]",1,,frame_index_fps_fallback
-UuX1xuaiiE_6,7.5,225,1,0,"[409.38, 193.26, 676.72, 506.37]",1,,frame_index_fps_fallback
-UuX1xuaiiE_6,7.6,228,1,0,"[409.92, 192.12, 675.16, 502.54]",1,,frame_index_fps_fallback
-UuX1xuaiiE_6,7.7,231,1,0,"[408.14, 188.93, 671.63, 498.08]",1,,frame_index_fps_fallback
-UuX1xuaiiE_6,7.8,234,1,0,"[405.0, 184.54, 665.47, 491.66]",1,,frame_index_fps_fallback
-UuX1xuaiiE_6,7.8999999999999995,237,1,0,"[392.54, 181.08, 655.82, 492.28]",1,,frame_index_fps_fallback
-UuX1xuaiiE_6,8.066666666666666,239,1,0,"[374.55, 177.5, 639.39, 498.39]",1,,frame_index_fps_fallback
-a55Q6RWvTA_3,0.0,0,1,0,"[189.32, 33.23, 244.26, 95.67]",1,,frame_index_fps_fallback
-a55Q6RWvTA_3,0.1,3,1,0,"[188.73, 33.35, 244.58, 95.57]",1,,frame_index_fps_fallback
-a55Q6RWvTA_3,0.2,6,1,0,"[188.6, 33.37, 244.35, 95.9]",1,,frame_index_fps_fallback
-a55Q6RWvTA_3,0.3,9,1,0,"[189.09, 32.87, 244.61, 95.74]",1,,frame_index_fps_fallback
-a55Q6RWvTA_3,0.4,12,1,0,"[189.15, 32.79, 244.26, 95.52]",1,,frame_index_fps_fallback
-a55Q6RWvTA_3,0.5,15,0,,,0,no_face_detected,frame_index_fps_fallback
-a55Q6RWvTA_3,0.6,18,0,,,0,no_face_detected,frame_index_fps_fallback
-a55Q6RWvTA_3,0.7,21,0,,,0,no_face_detected,frame_index_fps_fallback
-a55Q6RWvTA_3,0.8,24,0,,,0,no_face_detected,frame_index_fps_fallback
-a55Q6RWvTA_3,0.9,27,0,,,0,no_face_detected,frame_index_fps_fallback
-a55Q6RWvTA_3,1.0,30,0,,,0,no_face_detected,frame_index_fps_fallback
-a55Q6RWvTA_3,1.1,33,0,,,0,no_face_detected,frame_index_fps_fallback
-a55Q6RWvTA_3,1.2,36,0,,,0,no_face_detected,frame_index_fps_fallback
-a55Q6RWvTA_3,1.3,39,0,,,0,no_face_detected,frame_index_fps_fallback
-a55Q6RWvTA_3,1.4,42,0,,,0,no_face_detected,frame_index_fps_fallback
-a55Q6RWvTA_3,1.5,45,0,,,0,no_face_detected,frame_index_fps_fallback
-a55Q6RWvTA_3,1.6,48,1,0,"[189.56, 36.31, 244.91, 98.53]",1,,frame_index_fps_fallback
-a55Q6RWvTA_3,1.7,51,1,0,"[189.71, 36.52, 245.07, 98.67]",1,,frame_index_fps_fallback
-a55Q6RWvTA_3,1.8,54,1,0,"[189.59, 35.54, 245.6, 97.47]",1,,frame_index_fps_fallback
-a55Q6RWvTA_3,1.9,57,1,0,"[189.56, 35.72, 244.19, 96.59]",1,,frame_index_fps_fallback
-a55Q6RWvTA_3,2.0,60,1,0,"[189.87, 35.97, 244.73, 96.92]",1,,frame_index_fps_fallback
-a55Q6RWvTA_3,2.1,63,1,0,"[190.16, 35.54, 245.3, 97.83]",1,,frame_index_fps_fallback
-a55Q6RWvTA_3,2.2,66,1,0,"[190.18, 35.75, 245.15, 97.91]",1,,frame_index_fps_fallback
-a55Q6RWvTA_3,2.3,69,1,0,"[189.93, 35.59, 244.9, 98.14]",1,,frame_index_fps_fallback
-a55Q6RWvTA_3,2.4,72,1,0,"[190.31, 35.78, 245.06, 97.23]",1,,frame_index_fps_fallback
-a55Q6RWvTA_3,2.5,75,1,0,"[189.94, 35.22, 245.0, 96.42]",1,,frame_index_fps_fallback
-a55Q6RWvTA_3,2.6,78,1,0,"[189.06, 34.97, 244.89, 95.88]",1,,frame_index_fps_fallback
-a55Q6RWvTA_3,2.7,81,1,0,"[189.43, 34.02, 244.93, 94.84]",1,,frame_index_fps_fallback
-a55Q6RWvTA_3,2.8,84,1,0,"[190.11, 31.74, 244.91, 94.36]",1,,frame_index_fps_fallback
-a55Q6RWvTA_3,2.9,87,0,,,0,no_face_detected,frame_index_fps_fallback
-a55Q6RWvTA_3,3.0,90,1,0,"[188.37, 33.43, 243.86, 95.95]",1,,frame_index_fps_fallback
-a55Q6RWvTA_3,3.1,93,1,0,"[188.79, 35.04, 243.73, 97.19]",1,,frame_index_fps_fallback
-a55Q6RWvTA_3,3.2,96,1,0,"[189.16, 34.37, 245.15, 95.52]",1,,frame_index_fps_fallback
-a55Q6RWvTA_3,3.3,99,1,0,"[189.25, 32.69, 245.2, 95.79]",1,,frame_index_fps_fallback
-a55Q6RWvTA_3,3.4,102,0,,,0,no_face_detected,frame_index_fps_fallback
-a55Q6RWvTA_3,3.5,105,1,0,"[189.41, 33.26, 244.16, 96.22]",1,,frame_index_fps_fallback
-a55Q6RWvTA_3,3.6,108,1,0,"[189.15, 33.16, 244.01, 95.56]",1,,frame_index_fps_fallback
-a55Q6RWvTA_3,3.6999999999999997,111,1,0,"[189.4, 32.39, 244.33, 93.95]",1,,frame_index_fps_fallback
-a55Q6RWvTA_3,3.8,114,1,0,"[189.57, 31.63, 244.22, 93.69]",1,,frame_index_fps_fallback
-a55Q6RWvTA_3,3.9,117,1,0,"[189.05, 31.96, 243.76, 93.57]",1,,frame_index_fps_fallback
-a55Q6RWvTA_3,4.0,120,1,0,"[188.76, 32.04, 243.19, 93.78]",1,,frame_index_fps_fallback
-a55Q6RWvTA_3,4.1,123,1,0,"[188.99, 32.61, 242.39, 93.71]",1,,frame_index_fps_fallback
-a55Q6RWvTA_3,4.2,126,1,0,"[188.71, 32.33, 242.33, 93.77]",1,,frame_index_fps_fallback
-a55Q6RWvTA_3,4.3,129,1,0,"[188.42, 32.63, 242.05, 93.34]",1,,frame_index_fps_fallback
-a55Q6RWvTA_3,4.4,132,1,0,"[188.47, 32.56, 241.81, 93.46]",1,,frame_index_fps_fallback
-a55Q6RWvTA_3,4.5,135,1,0,"[188.66, 32.33, 243.12, 92.67]",1,,frame_index_fps_fallback
-a55Q6RWvTA_3,4.6,138,1,0,"[188.4, 33.19, 242.22, 92.86]",1,,frame_index_fps_fallback
-a55Q6RWvTA_3,4.7,141,1,0,"[188.84, 32.81, 242.71, 95.13]",1,,frame_index_fps_fallback
-a55Q6RWvTA_3,4.8,144,1,0,"[188.49, 32.27, 243.09, 94.46]",1,,frame_index_fps_fallback
-a55Q6RWvTA_3,4.9,147,1,0,"[188.49, 32.44, 243.39, 93.84]",1,,frame_index_fps_fallback
-a55Q6RWvTA_3,5.0,150,1,0,"[188.66, 32.77, 243.17, 94.03]",1,,frame_index_fps_fallback
-a55Q6RWvTA_3,5.1,153,1,0,"[188.56, 32.75, 243.08, 93.82]",1,,frame_index_fps_fallback
-a55Q6RWvTA_3,5.2,156,1,0,"[188.4, 33.51, 242.49, 93.34]",1,,frame_index_fps_fallback
-a55Q6RWvTA_3,5.3,159,1,0,"[188.35, 33.35, 242.44, 93.78]",1,,frame_index_fps_fallback
-a55Q6RWvTA_3,5.4,162,1,0,"[188.75, 33.91, 242.54, 94.05]",1,,frame_index_fps_fallback
-a55Q6RWvTA_3,5.5,165,1,0,"[188.72, 33.89, 242.8, 94.1]",1,,frame_index_fps_fallback
-a55Q6RWvTA_3,5.6,168,1,0,"[188.92, 33.83, 242.84, 94.3]",1,,frame_index_fps_fallback
-a55Q6RWvTA_3,5.7,171,1,0,"[188.28, 33.51, 243.1, 95.57]",1,,frame_index_fps_fallback
-a55Q6RWvTA_3,5.8,174,1,0,"[188.17, 33.66, 242.59, 95.14]",1,,frame_index_fps_fallback
-a55Q6RWvTA_3,5.9,177,1,0,"[188.18, 33.73, 242.57, 95.36]",1,,frame_index_fps_fallback
-a55Q6RWvTA_3,6.0,180,1,0,"[188.62, 33.41, 242.97, 95.35]",1,,frame_index_fps_fallback
-a55Q6RWvTA_3,6.1,183,1,0,"[188.31, 33.28, 242.93, 94.85]",1,,frame_index_fps_fallback
-a55Q6RWvTA_3,6.2,186,1,0,"[188.47, 33.47, 243.05, 94.97]",1,,frame_index_fps_fallback
-a55Q6RWvTA_3,6.3,189,1,0,"[188.18, 33.32, 242.65, 94.43]",1,,frame_index_fps_fallback
-a55Q6RWvTA_3,6.4,192,1,0,"[188.19, 33.66, 242.66, 94.33]",1,,frame_index_fps_fallback
-a55Q6RWvTA_3,6.5,195,1,0,"[188.56, 33.18, 243.06, 95.09]",1,,frame_index_fps_fallback
-a55Q6RWvTA_3,6.6,198,1,0,"[188.77, 33.1, 243.14, 94.89]",1,,frame_index_fps_fallback
-a55Q6RWvTA_3,6.7,201,1,0,"[188.37, 32.81, 243.15, 94.85]",1,,frame_index_fps_fallback
-a55Q6RWvTA_3,6.8,204,1,0,"[188.21, 32.69, 241.7, 94.4]",1,,frame_index_fps_fallback
-a55Q6RWvTA_3,6.8999999999999995,207,1,0,"[187.65, 32.31, 241.67, 94.11]",1,,frame_index_fps_fallback
-a55Q6RWvTA_3,7.0,210,1,0,"[187.57, 32.03, 242.03, 93.1]",1,,frame_index_fps_fallback
-a55Q6RWvTA_3,7.1,213,1,0,"[187.58, 32.5, 241.69, 92.94]",1,,frame_index_fps_fallback
-a55Q6RWvTA_3,7.2,216,1,0,"[187.72, 32.25, 242.01, 93.72]",1,,frame_index_fps_fallback
-a55Q6RWvTA_3,7.3,219,1,0,"[188.31, 33.52, 242.46, 94.96]",1,,frame_index_fps_fallback
-a55Q6RWvTA_3,7.3999999999999995,222,1,0,"[188.09, 33.86, 242.06, 93.73]",1,,frame_index_fps_fallback
-a55Q6RWvTA_3,7.5,225,1,0,"[187.93, 33.44, 242.39, 93.87]",1,,frame_index_fps_fallback
-a55Q6RWvTA_3,7.6,228,1,0,"[188.01, 33.39, 242.98, 94.33]",1,,frame_index_fps_fallback
-a55Q6RWvTA_3,7.7,231,1,0,"[187.78, 33.59, 242.31, 94.5]",1,,frame_index_fps_fallback
-a55Q6RWvTA_3,7.8,234,1,0,"[188.28, 32.75, 243.42, 93.35]",1,,frame_index_fps_fallback
-a55Q6RWvTA_3,7.8999999999999995,237,1,0,"[188.7, 33.62, 242.57, 94.4]",1,,frame_index_fps_fallback
-a55Q6RWvTA_3,8.0,240,1,0,"[188.31, 33.58, 243.66, 95.11]",1,,frame_index_fps_fallback
-a55Q6RWvTA_3,8.1,243,1,0,"[188.0, 33.73, 242.55, 94.91]",1,,frame_index_fps_fallback
-a55Q6RWvTA_3,8.2,246,1,0,"[188.58, 33.03, 242.87, 94.39]",1,,frame_index_fps_fallback
-a55Q6RWvTA_3,8.3,249,1,0,"[188.75, 33.03, 242.95, 94.43]",1,,frame_index_fps_fallback
-a55Q6RWvTA_3,8.4,252,1,0,"[188.59, 33.5, 242.87, 94.88]",1,,frame_index_fps_fallback
-a55Q6RWvTA_3,8.5,255,1,0,"[188.03, 32.59, 243.54, 95.82]",1,,frame_index_fps_fallback
-a55Q6RWvTA_3,8.6,258,1,0,"[187.97, 32.38, 243.5, 95.39]",1,,frame_index_fps_fallback
-a55Q6RWvTA_3,8.7,261,1,0,"[188.17, 32.99, 243.28, 94.57]",1,,frame_index_fps_fallback
-a55Q6RWvTA_3,8.8,264,1,0,"[188.95, 32.26, 244.07, 94.35]",1,,frame_index_fps_fallback
-a55Q6RWvTA_3,8.9,267,1,0,"[188.44, 33.3, 243.06, 95.85]",1,,frame_index_fps_fallback
-a55Q6RWvTA_3,9.0,270,0,,,0,no_face_detected,frame_index_fps_fallback
-a55Q6RWvTA_3,9.1,273,0,,,0,no_face_detected,frame_index_fps_fallback
-a55Q6RWvTA_3,9.2,276,1,0,"[188.6, 31.96, 243.66, 95.69]",1,,frame_index_fps_fallback
-a55Q6RWvTA_3,9.3,279,1,0,"[188.17, 33.6, 242.37, 94.66]",1,,frame_index_fps_fallback
-a55Q6RWvTA_3,9.4,282,1,0,"[187.69, 34.16, 242.01, 94.1]",1,,frame_index_fps_fallback
-a55Q6RWvTA_3,9.5,285,1,0,"[187.33, 33.88, 242.35, 95.96]",1,,frame_index_fps_fallback
-a55Q6RWvTA_3,9.6,288,1,0,"[186.99, 30.76, 242.07, 94.18]",1,,frame_index_fps_fallback
-a55Q6RWvTA_3,9.7,291,0,,,0,no_face_detected,frame_index_fps_fallback
-a55Q6RWvTA_3,9.8,294,0,,,0,no_face_detected,frame_index_fps_fallback
-a55Q6RWvTA_3,9.9,297,1,0,"[184.28, 31.65, 239.77, 96.0]",1,,frame_index_fps_fallback
-a55Q6RWvTA_3,10.0,300,1,0,"[184.68, 31.65, 240.51, 95.49]",1,,frame_index_fps_fallback
-a55Q6RWvTA_3,10.1,303,1,0,"[184.97, 32.2, 240.3, 95.4]",1,,frame_index_fps_fallback
-a55Q6RWvTA_3,10.2,306,1,0,"[185.67, 32.27, 241.56, 95.49]",1,,frame_index_fps_fallback
-a55Q6RWvTA_3,10.3,309,1,0,"[186.52, 32.13, 242.68, 95.05]",1,,frame_index_fps_fallback
-a55Q6RWvTA_3,10.4,312,1,0,"[189.31, 33.55, 243.69, 95.45]",1,,frame_index_fps_fallback
-a55Q6RWvTA_3,10.5,315,1,0,"[189.61, 33.79, 244.32, 94.92]",1,,frame_index_fps_fallback
-a55Q6RWvTA_3,10.6,318,1,0,"[189.2, 33.72, 244.15, 94.98]",1,,frame_index_fps_fallback
-a55Q6RWvTA_3,10.7,321,1,0,"[189.22, 32.09, 244.89, 94.61]",1,,frame_index_fps_fallback
-a55Q6RWvTA_3,10.8,324,1,0,"[189.01, 31.93, 244.47, 94.82]",1,,frame_index_fps_fallback
-a55Q6RWvTA_3,10.9,327,1,0,"[188.65, 32.82, 243.75, 95.22]",1,,frame_index_fps_fallback
-a55Q6RWvTA_3,11.0,330,1,0,"[188.99, 32.59, 244.37, 95.37]",1,,frame_index_fps_fallback
-a55Q6RWvTA_3,11.1,333,1,0,"[188.55, 32.48, 243.44, 95.0]",1,,frame_index_fps_fallback
-a55Q6RWvTA_3,11.2,336,1,0,"[188.9, 32.51, 243.55, 94.43]",1,,frame_index_fps_fallback
-a55Q6RWvTA_3,11.3,339,1,0,"[188.97, 33.11, 243.08, 94.39]",1,,frame_index_fps_fallback
-a55Q6RWvTA_3,11.4,342,1,0,"[188.47, 32.97, 242.94, 93.73]",1,,frame_index_fps_fallback
-a55Q6RWvTA_3,11.5,345,1,0,"[188.79, 33.85, 243.1, 94.39]",1,,frame_index_fps_fallback
-a55Q6RWvTA_3,11.6,348,1,0,"[188.56, 33.92, 243.51, 95.12]",1,,frame_index_fps_fallback
-a55Q6RWvTA_3,11.7,351,1,0,"[189.04, 33.64, 243.6, 94.99]",1,,frame_index_fps_fallback
-a55Q6RWvTA_3,11.8,354,1,0,"[189.06, 33.79, 243.6, 95.17]",1,,frame_index_fps_fallback
-a55Q6RWvTA_3,11.9,357,1,0,"[188.57, 34.67, 243.71, 97.11]",1,,frame_index_fps_fallback
-a55Q6RWvTA_3,12.0,360,1,0,"[188.48, 34.3, 244.46, 97.44]",1,,frame_index_fps_fallback
-a55Q6RWvTA_3,12.1,363,1,0,"[187.16, 33.45, 244.12, 97.78]",1,,frame_index_fps_fallback
-a55Q6RWvTA_3,12.2,366,1,0,"[187.18, 33.18, 244.77, 96.66]",1,,frame_index_fps_fallback
-a55Q6RWvTA_3,12.3,369,1,0,"[186.61, 32.16, 243.7, 96.04]",1,,frame_index_fps_fallback
-a55Q6RWvTA_3,12.4,372,1,0,"[187.0, 32.4, 242.73, 94.8]",1,,frame_index_fps_fallback
-a55Q6RWvTA_3,12.5,375,0,,,0,no_face_detected,frame_index_fps_fallback
-a55Q6RWvTA_3,12.6,378,0,,,0,no_face_detected,frame_index_fps_fallback
-a55Q6RWvTA_3,12.7,381,0,,,0,no_face_detected,frame_index_fps_fallback
-a55Q6RWvTA_3,12.8,384,0,,,0,no_face_detected,frame_index_fps_fallback
-a55Q6RWvTA_3,12.9,387,0,,,0,no_face_detected,frame_index_fps_fallback
-a55Q6RWvTA_3,13.0,390,0,,,0,no_face_detected,frame_index_fps_fallback
-a55Q6RWvTA_3,13.1,393,1,0,"[186.98, 33.45, 242.26, 95.97]",1,,frame_index_fps_fallback
-a55Q6RWvTA_3,13.2,396,1,0,"[187.84, 34.3, 242.08, 94.88]",1,,frame_index_fps_fallback
-a55Q6RWvTA_3,13.299999999999999,399,1,0,"[187.84, 33.99, 242.35, 94.31]",1,,frame_index_fps_fallback
-a55Q6RWvTA_3,13.4,402,1,0,"[187.61, 32.95, 242.37, 93.73]",1,,frame_index_fps_fallback
-a55Q6RWvTA_3,13.5,405,1,0,"[186.53, 32.4, 241.45, 94.05]",1,,frame_index_fps_fallback
-a55Q6RWvTA_3,13.6,408,1,0,"[186.8, 32.86, 241.96, 93.35]",1,,frame_index_fps_fallback
-a55Q6RWvTA_3,13.7,411,1,0,"[187.01, 32.16, 241.33, 93.11]",1,,frame_index_fps_fallback
-a55Q6RWvTA_3,13.799999999999999,414,1,0,"[186.76, 32.68, 241.25, 93.1]",1,,frame_index_fps_fallback
-a55Q6RWvTA_3,13.9,417,1,0,"[185.52, 31.24, 241.63, 94.23]",1,,frame_index_fps_fallback
-a55Q6RWvTA_3,14.0,420,1,0,"[185.59, 31.36, 241.53, 94.27]",1,,frame_index_fps_fallback
-a55Q6RWvTA_3,14.1,423,1,0,"[185.62, 31.55, 241.4, 94.26]",1,,frame_index_fps_fallback
-a55Q6RWvTA_3,14.2,426,1,0,"[186.34, 32.0, 239.5, 93.58]",1,,frame_index_fps_fallback
-a55Q6RWvTA_3,14.299999999999999,429,0,,,0,no_face_detected,frame_index_fps_fallback
-a55Q6RWvTA_3,14.4,432,1,0,"[186.96, 32.07, 241.35, 94.16]",1,,frame_index_fps_fallback
-a55Q6RWvTA_3,14.5,435,1,0,"[186.02, 32.35, 240.87, 93.54]",1,,frame_index_fps_fallback
-a55Q6RWvTA_3,14.6,438,1,0,"[185.65, 32.82, 240.66, 94.78]",1,,frame_index_fps_fallback
-a55Q6RWvTA_3,14.7,441,1,0,"[185.44, 31.94, 241.5, 95.64]",1,,frame_index_fps_fallback
-a55Q6RWvTA_3,14.799999999999999,444,1,0,"[186.67, 33.12, 241.63, 95.18]",1,,frame_index_fps_fallback
-a55Q6RWvTA_3,14.9,447,1,0,"[186.42, 33.7, 241.94, 95.75]",1,,frame_index_fps_fallback
-a55Q6RWvTA_3,15.0,450,1,0,"[186.64, 33.78, 241.92, 94.5]",1,,frame_index_fps_fallback
-a55Q6RWvTA_3,15.1,453,1,0,"[187.39, 34.23, 242.35, 94.56]",1,,frame_index_fps_fallback
-a55Q6RWvTA_3,15.2,456,1,0,"[187.36, 34.15, 243.68, 98.59]",1,,frame_index_fps_fallback
-a55Q6RWvTA_3,15.299999999999999,459,1,0,"[187.76, 34.58, 243.35, 97.95]",1,,frame_index_fps_fallback
-a55Q6RWvTA_3,15.4,462,1,0,"[187.66, 34.53, 241.76, 95.93]",1,,frame_index_fps_fallback
-a55Q6RWvTA_3,15.5,465,1,0,"[186.77, 33.76, 242.87, 97.3]",1,,frame_index_fps_fallback
-a55Q6RWvTA_3,15.6,468,1,0,"[187.06, 33.86, 242.45, 96.6]",1,,frame_index_fps_fallback
-a55Q6RWvTA_3,15.7,471,1,0,"[186.49, 33.61, 242.0, 95.76]",1,,frame_index_fps_fallback
-a55Q6RWvTA_3,15.799999999999999,474,1,0,"[187.01, 33.42, 242.41, 96.03]",1,,frame_index_fps_fallback
-a55Q6RWvTA_3,15.9,477,1,0,"[187.52, 34.17, 242.39, 95.26]",1,,frame_index_fps_fallback
-a55Q6RWvTA_3,16.0,480,1,0,"[187.51, 34.07, 242.63, 95.69]",1,,frame_index_fps_fallback
-a55Q6RWvTA_3,16.1,483,0,,,0,no_face_detected,frame_index_fps_fallback
-a55Q6RWvTA_3,16.2,486,1,0,"[188.52, 34.7, 244.5, 98.14]",1,,frame_index_fps_fallback
-a55Q6RWvTA_3,16.3,489,1,0,"[188.04, 33.72, 243.52, 96.84]",1,,frame_index_fps_fallback
-a55Q6RWvTA_3,16.4,492,1,0,"[188.02, 34.61, 243.18, 96.55]",1,,frame_index_fps_fallback
-a55Q6RWvTA_3,16.5,495,1,0,"[187.99, 34.35, 243.04, 96.14]",1,,frame_index_fps_fallback
-a55Q6RWvTA_3,16.6,498,1,0,"[188.01, 34.15, 242.69, 95.99]",1,,frame_index_fps_fallback
-a55Q6RWvTA_3,16.7,501,1,0,"[188.17, 34.04, 242.26, 94.38]",1,,frame_index_fps_fallback
-a55Q6RWvTA_3,16.8,504,1,0,"[188.04, 34.17, 241.73, 93.92]",1,,frame_index_fps_fallback
-a55Q6RWvTA_3,16.9,507,1,0,"[188.11, 34.19, 241.69, 93.98]",1,,frame_index_fps_fallback
-a55Q6RWvTA_3,17.0,510,1,0,"[188.21, 34.11, 242.86, 95.34]",1,,frame_index_fps_fallback
-a55Q6RWvTA_3,17.1,513,1,0,"[188.15, 34.35, 242.59, 95.03]",1,,frame_index_fps_fallback
-a55Q6RWvTA_3,17.2,516,1,0,"[188.29, 34.1, 242.24, 94.02]",1,,frame_index_fps_fallback
-a55Q6RWvTA_3,17.3,519,1,0,"[187.97, 34.16, 242.33, 93.79]",1,,frame_index_fps_fallback
-a55Q6RWvTA_3,17.4,522,1,0,"[188.5, 34.07, 242.77, 93.81]",1,,frame_index_fps_fallback
-a55Q6RWvTA_3,17.5,525,1,0,"[188.4, 34.17, 242.78, 93.88]",1,,frame_index_fps_fallback
-a55Q6RWvTA_3,17.6,528,1,0,"[188.39, 34.22, 241.71, 93.42]",1,,frame_index_fps_fallback
-a55Q6RWvTA_3,17.7,531,1,0,"[188.44, 34.18, 242.38, 93.76]",1,,frame_index_fps_fallback
-a55Q6RWvTA_3,17.8,534,1,0,"[188.76, 34.14, 242.33, 93.7]",1,,frame_index_fps_fallback
-a55Q6RWvTA_3,17.9,537,1,0,"[188.66, 34.18, 243.11, 94.16]",1,,frame_index_fps_fallback
-a55Q6RWvTA_3,18.0,540,1,0,"[188.63, 34.02, 243.23, 95.59]",1,,frame_index_fps_fallback
-a55Q6RWvTA_3,18.1,543,1,0,"[188.73, 33.92, 243.06, 95.51]",1,,frame_index_fps_fallback
-a55Q6RWvTA_3,18.2,546,1,0,"[188.85, 33.75, 243.07, 95.69]",1,,frame_index_fps_fallback
-a55Q6RWvTA_3,18.3,549,1,0,"[188.7, 33.85, 243.31, 95.51]",1,,frame_index_fps_fallback
-a55Q6RWvTA_3,18.4,552,1,0,"[188.91, 33.87, 243.13, 94.52]",1,,frame_index_fps_fallback
-a55Q6RWvTA_3,18.5,555,1,0,"[188.73, 33.92, 243.36, 94.66]",1,,frame_index_fps_fallback
-a55Q6RWvTA_3,18.6,558,1,0,"[188.59, 33.8, 243.36, 94.83]",1,,frame_index_fps_fallback
-a55Q6RWvTA_3,18.7,561,1,0,"[188.75, 34.01, 243.05, 95.2]",1,,frame_index_fps_fallback
-a55Q6RWvTA_3,18.8,564,1,0,"[188.5, 33.63, 243.34, 95.72]",1,,frame_index_fps_fallback
-a55Q6RWvTA_3,18.9,567,1,0,"[188.26, 33.23, 242.59, 94.23]",1,,frame_index_fps_fallback
-a55Q6RWvTA_3,19.0,570,1,0,"[188.11, 31.94, 242.44, 93.95]",1,,frame_index_fps_fallback
-a55Q6RWvTA_3,19.1,573,1,0,"[188.16, 32.51, 242.02, 93.99]",1,,frame_index_fps_fallback
-a55Q6RWvTA_3,19.2,576,1,0,"[188.39, 33.6, 242.44, 95.26]",1,,frame_index_fps_fallback
-a55Q6RWvTA_3,19.3,579,1,0,"[188.13, 32.79, 243.1, 95.65]",1,,frame_index_fps_fallback
-a55Q6RWvTA_3,19.4,582,1,0,"[188.55, 33.88, 242.19, 93.88]",1,,frame_index_fps_fallback
-a55Q6RWvTA_3,19.5,585,1,0,"[188.8, 32.78, 243.28, 93.47]",1,,frame_index_fps_fallback
-a55Q6RWvTA_3,19.6,588,1,0,"[188.59, 33.77, 242.49, 93.48]",1,,frame_index_fps_fallback
-a55Q6RWvTA_3,19.7,591,1,0,"[187.4, 33.86, 242.55, 94.74]",1,,frame_index_fps_fallback
-a55Q6RWvTA_3,19.8,594,1,0,"[187.59, 33.75, 242.79, 94.81]",1,,frame_index_fps_fallback
-a55Q6RWvTA_3,19.9,597,1,0,"[187.75, 34.15, 242.16, 94.68]",1,,frame_index_fps_fallback
-a55Q6RWvTA_3,20.0,600,1,0,"[187.56, 33.94, 242.43, 94.73]",1,,frame_index_fps_fallback
-a55Q6RWvTA_3,20.1,603,1,0,"[188.0, 34.18, 241.91, 93.88]",1,,frame_index_fps_fallback
-a55Q6RWvTA_3,20.2,606,1,0,"[187.71, 34.06, 242.17, 94.14]",1,,frame_index_fps_fallback
-a55Q6RWvTA_3,20.3,609,1,0,"[187.83, 33.27, 243.22, 95.79]",1,,frame_index_fps_fallback
-a55Q6RWvTA_3,20.4,612,1,0,"[187.81, 33.69, 243.13, 95.87]",1,,frame_index_fps_fallback
-a55Q6RWvTA_3,20.5,615,1,0,"[187.8, 34.04, 242.87, 95.83]",1,,frame_index_fps_fallback
-a55Q6RWvTA_3,20.6,618,1,0,"[187.82, 34.09, 242.96, 95.92]",1,,frame_index_fps_fallback
-a55Q6RWvTA_3,20.7,621,1,0,"[187.94, 34.19, 242.76, 95.17]",1,,frame_index_fps_fallback
-a55Q6RWvTA_3,20.8,624,1,0,"[188.02, 34.12, 242.54, 94.76]",1,,frame_index_fps_fallback
-a55Q6RWvTA_3,20.9,627,1,0,"[188.0, 33.48, 242.92, 94.91]",1,,frame_index_fps_fallback
-a55Q6RWvTA_3,21.0,630,1,0,"[187.68, 33.84, 242.76, 94.96]",1,,frame_index_fps_fallback
-a55Q6RWvTA_3,21.1,633,1,0,"[187.6, 33.79, 243.11, 94.46]",1,,frame_index_fps_fallback
-a55Q6RWvTA_3,21.2,636,1,0,"[188.21, 34.04, 243.47, 94.32]",1,,frame_index_fps_fallback
-a55Q6RWvTA_3,21.3,639,1,0,"[187.87, 33.59, 242.96, 95.98]",1,,frame_index_fps_fallback
-a55Q6RWvTA_3,21.4,642,1,0,"[188.15, 33.75, 242.72, 96.19]",1,,frame_index_fps_fallback
-a55Q6RWvTA_3,21.5,645,1,0,"[188.49, 33.74, 243.02, 95.96]",1,,frame_index_fps_fallback
-a55Q6RWvTA_3,21.6,648,1,0,"[188.35, 33.6, 243.12, 95.12]",1,,frame_index_fps_fallback
-a55Q6RWvTA_3,21.7,651,1,0,"[188.22, 33.74, 243.31, 95.53]",1,,frame_index_fps_fallback
-a55Q6RWvTA_3,21.8,654,1,0,"[188.41, 33.68, 243.48, 95.59]",1,,frame_index_fps_fallback
-a55Q6RWvTA_3,21.9,657,1,0,"[188.19, 33.01, 243.56, 95.53]",1,,frame_index_fps_fallback
-a55Q6RWvTA_3,22.0,660,1,0,"[188.43, 33.1, 243.22, 94.92]",1,,frame_index_fps_fallback
-a55Q6RWvTA_3,22.1,663,1,0,"[188.15, 32.48, 243.45, 95.09]",1,,frame_index_fps_fallback
-aNfi7CP8vM_7,0.0,0,1,0,"[136.17, 112.01, 216.83, 210.68]",1,,frame_index_fps_fallback
-aNfi7CP8vM_7,0.1,3,1,0,"[136.29, 113.13, 216.63, 210.49]",1,,frame_index_fps_fallback
-aNfi7CP8vM_7,0.2,6,1,0,"[138.05, 113.32, 217.17, 209.14]",1,,frame_index_fps_fallback
-aNfi7CP8vM_7,0.3,9,1,0,"[138.47, 112.74, 218.37, 208.67]",1,,frame_index_fps_fallback
-aNfi7CP8vM_7,0.4,12,1,0,"[140.18, 111.4, 220.0, 206.59]",1,,frame_index_fps_fallback
-aNfi7CP8vM_7,0.5,15,1,0,"[139.93, 113.79, 219.28, 208.39]",1,,frame_index_fps_fallback
-aNfi7CP8vM_7,0.6,18,1,0,"[138.16, 110.46, 218.08, 207.58]",1,,frame_index_fps_fallback
-aNfi7CP8vM_7,0.7,21,1,0,"[138.88, 107.91, 217.63, 206.48]",1,,frame_index_fps_fallback
-aNfi7CP8vM_7,0.8,24,1,0,"[140.14, 108.34, 219.28, 206.08]",1,,frame_index_fps_fallback
-aNfi7CP8vM_7,0.9,27,1,0,"[142.53, 108.82, 220.62, 199.66]",1,,frame_index_fps_fallback
-aNfi7CP8vM_7,1.0,30,1,0,"[144.88, 110.14, 220.44, 196.56]",1,,frame_index_fps_fallback
-aNfi7CP8vM_7,1.1,33,1,0,"[142.09, 110.09, 218.18, 202.07]",1,,frame_index_fps_fallback
-aNfi7CP8vM_7,1.2,36,1,0,"[139.06, 109.0, 215.84, 199.98]",1,,frame_index_fps_fallback
-aNfi7CP8vM_7,1.3,39,1,0,"[138.23, 109.44, 215.04, 201.99]",1,,frame_index_fps_fallback
-aNfi7CP8vM_7,1.4,42,1,0,"[138.68, 108.14, 216.39, 202.7]",1,,frame_index_fps_fallback
-aNfi7CP8vM_7,1.5,45,1,0,"[139.6, 112.67, 217.57, 203.58]",1,,frame_index_fps_fallback
-aNfi7CP8vM_7,1.6,48,1,0,"[139.89, 115.34, 216.89, 206.46]",1,,frame_index_fps_fallback
-aNfi7CP8vM_7,1.7,51,1,0,"[140.31, 113.6, 216.52, 209.38]",1,,frame_index_fps_fallback
-aNfi7CP8vM_7,1.8,54,1,0,"[140.79, 111.65, 217.75, 202.71]",1,,frame_index_fps_fallback
-aNfi7CP8vM_7,1.9,57,1,0,"[140.72, 112.74, 219.06, 204.96]",1,,frame_index_fps_fallback
-aNfi7CP8vM_7,2.0,60,1,0,"[142.1, 112.98, 218.04, 204.61]",1,,frame_index_fps_fallback
-aNfi7CP8vM_7,2.1,63,1,0,"[143.44, 110.75, 220.19, 200.24]",1,,frame_index_fps_fallback
-aNfi7CP8vM_7,2.2,66,1,0,"[143.57, 113.76, 220.17, 203.32]",1,,frame_index_fps_fallback
-aNfi7CP8vM_7,2.3,69,1,0,"[143.31, 114.37, 220.33, 205.17]",1,,frame_index_fps_fallback
-aNfi7CP8vM_7,2.4,72,1,0,"[143.39, 115.67, 221.42, 208.85]",1,,frame_index_fps_fallback
-aNfi7CP8vM_7,2.5,75,1,0,"[142.44, 119.35, 221.05, 209.34]",1,,frame_index_fps_fallback
-aNfi7CP8vM_7,2.6,78,1,0,"[140.89, 119.02, 219.5, 210.92]",1,,frame_index_fps_fallback
-aNfi7CP8vM_7,2.7,81,1,0,"[139.79, 117.83, 218.83, 215.23]",1,,frame_index_fps_fallback
-aNfi7CP8vM_7,2.8,84,1,0,"[139.56, 116.78, 218.67, 215.52]",1,,frame_index_fps_fallback
-aNfi7CP8vM_7,2.9,87,1,0,"[139.54, 116.35, 218.8, 215.32]",1,,frame_index_fps_fallback
-aNfi7CP8vM_7,3.0,90,1,0,"[138.95, 115.28, 218.79, 212.26]",1,,frame_index_fps_fallback
-aNfi7CP8vM_7,3.1,93,1,0,"[140.67, 118.24, 217.96, 212.22]",1,,frame_index_fps_fallback
-aNfi7CP8vM_7,3.2,96,1,0,"[140.16, 118.03, 218.78, 213.19]",1,,frame_index_fps_fallback
-aNfi7CP8vM_7,3.3,99,1,0,"[140.25, 119.53, 219.05, 215.58]",1,,frame_index_fps_fallback
-aNfi7CP8vM_7,3.4,102,1,0,"[141.27, 119.55, 219.11, 215.4]",1,,frame_index_fps_fallback
-aNfi7CP8vM_7,3.5,105,1,0,"[141.61, 119.4, 217.69, 212.26]",1,,frame_index_fps_fallback
-aNfi7CP8vM_7,3.6,108,1,0,"[140.98, 115.68, 218.24, 210.06]",1,,frame_index_fps_fallback
-aNfi7CP8vM_7,3.6999999999999997,111,1,0,"[140.35, 112.57, 218.26, 206.36]",1,,frame_index_fps_fallback
-aNfi7CP8vM_7,3.8,114,1,0,"[138.47, 108.16, 216.03, 202.54]",1,,frame_index_fps_fallback
-aNfi7CP8vM_7,3.9,117,1,0,"[138.06, 107.86, 214.79, 201.07]",1,,frame_index_fps_fallback
-aNfi7CP8vM_7,4.0,120,1,0,"[139.49, 106.95, 215.8, 200.28]",1,,frame_index_fps_fallback
-aNfi7CP8vM_7,4.1,123,1,0,"[141.17, 108.17, 216.61, 197.79]",1,,frame_index_fps_fallback
-aNfi7CP8vM_7,4.2,126,1,0,"[143.84, 108.88, 220.27, 198.08]",1,,frame_index_fps_fallback
-aNfi7CP8vM_7,4.3,129,1,0,"[144.76, 111.06, 222.15, 199.81]",1,,frame_index_fps_fallback
-aNfi7CP8vM_7,4.4,132,1,0,"[146.85, 111.8, 224.2, 206.31]",1,,frame_index_fps_fallback
-aNfi7CP8vM_7,4.5,135,1,0,"[146.34, 115.07, 223.77, 207.86]",1,,frame_index_fps_fallback
-aNfi7CP8vM_7,4.6,138,1,0,"[145.02, 116.34, 223.1, 209.31]",1,,frame_index_fps_fallback
-aNfi7CP8vM_7,4.7,141,1,0,"[142.07, 121.42, 218.68, 210.89]",1,,frame_index_fps_fallback
-aNfi7CP8vM_7,4.8,144,1,0,"[140.58, 119.64, 219.48, 213.78]",1,,frame_index_fps_fallback
-aNfi7CP8vM_7,4.9,147,1,0,"[140.05, 118.67, 219.47, 217.2]",1,,frame_index_fps_fallback
-aNfi7CP8vM_7,5.0,150,1,0,"[139.23, 121.9, 219.05, 219.21]",1,,frame_index_fps_fallback
-aNfi7CP8vM_7,5.1,153,1,0,"[138.61, 121.82, 218.76, 219.25]",1,,frame_index_fps_fallback
-aNfi7CP8vM_7,5.2,156,1,0,"[138.84, 120.82, 219.12, 218.88]",1,,frame_index_fps_fallback
-aNfi7CP8vM_7,5.3,159,1,0,"[139.36, 122.36, 218.79, 219.87]",1,,frame_index_fps_fallback
-aNfi7CP8vM_7,5.4,162,1,0,"[142.16, 124.41, 220.84, 218.32]",1,,frame_index_fps_fallback
-aNfi7CP8vM_7,5.5,165,1,0,"[144.32, 122.47, 220.51, 214.52]",1,,frame_index_fps_fallback
-aNfi7CP8vM_7,5.6,168,1,0,"[144.62, 122.02, 221.04, 211.31]",1,,frame_index_fps_fallback
-aNfi7CP8vM_7,5.7,171,1,0,"[143.69, 120.3, 219.45, 209.75]",1,,frame_index_fps_fallback
-aNfi7CP8vM_7,5.8,174,1,0,"[143.38, 115.76, 219.72, 206.63]",1,,frame_index_fps_fallback
-aNfi7CP8vM_7,5.9,177,1,0,"[142.65, 113.19, 217.4, 204.13]",1,,frame_index_fps_fallback
-aNfi7CP8vM_7,6.0,180,1,0,"[141.06, 110.52, 217.77, 204.37]",1,,frame_index_fps_fallback
-aNfi7CP8vM_7,6.1,183,1,0,"[139.55, 107.86, 217.04, 202.29]",1,,frame_index_fps_fallback
-aNfi7CP8vM_7,6.2,186,1,0,"[139.39, 108.51, 216.15, 202.37]",1,,frame_index_fps_fallback
-aNfi7CP8vM_7,6.3,189,1,0,"[138.64, 110.28, 216.7, 203.98]",1,,frame_index_fps_fallback
-aNfi7CP8vM_7,6.4,192,1,0,"[136.65, 112.08, 214.66, 205.01]",1,,frame_index_fps_fallback
-aNfi7CP8vM_7,6.5,195,1,0,"[134.09, 117.71, 212.36, 210.56]",1,,frame_index_fps_fallback
-aNfi7CP8vM_7,6.6,198,1,0,"[131.27, 117.81, 212.51, 219.43]",1,,frame_index_fps_fallback
-aNfi7CP8vM_7,6.7,201,1,0,"[130.46, 122.69, 210.59, 221.36]",1,,frame_index_fps_fallback
-aNfi7CP8vM_7,6.8,204,1,0,"[129.19, 125.23, 209.58, 224.58]",1,,frame_index_fps_fallback
-aNfi7CP8vM_7,6.8999999999999995,207,1,0,"[128.67, 127.17, 209.71, 228.7]",1,,frame_index_fps_fallback
-aNfi7CP8vM_7,7.0,210,1,0,"[128.94, 127.87, 209.87, 228.44]",1,,frame_index_fps_fallback
-aNfi7CP8vM_7,7.1,213,1,0,"[129.07, 125.71, 209.92, 228.61]",1,,frame_index_fps_fallback
-aNfi7CP8vM_7,7.2,216,1,0,"[129.72, 125.24, 210.23, 229.13]",1,,frame_index_fps_fallback
-aNfi7CP8vM_7,7.3,219,1,0,"[130.06, 124.67, 210.43, 226.66]",1,,frame_index_fps_fallback
-aNfi7CP8vM_7,7.3999999999999995,222,1,0,"[130.16, 122.52, 210.8, 224.57]",1,,frame_index_fps_fallback
-aNfi7CP8vM_7,7.5,225,1,0,"[130.88, 120.96, 211.62, 225.85]",1,,frame_index_fps_fallback
-aNfi7CP8vM_7,7.6,228,1,0,"[130.83, 119.11, 211.94, 223.24]",1,,frame_index_fps_fallback
-aNfi7CP8vM_7,7.7,231,1,0,"[132.06, 120.6, 212.71, 222.16]",1,,frame_index_fps_fallback
-aNfi7CP8vM_7,7.8,234,1,0,"[132.67, 120.85, 213.44, 221.63]",1,,frame_index_fps_fallback
-aNfi7CP8vM_7,7.8999999999999995,237,1,0,"[133.38, 119.77, 214.05, 220.67]",1,,frame_index_fps_fallback
-aNfi7CP8vM_7,8.0,240,1,0,"[134.13, 118.28, 214.38, 218.6]",1,,frame_index_fps_fallback
-aNfi7CP8vM_7,8.1,243,1,0,"[135.31, 116.53, 215.27, 215.37]",1,,frame_index_fps_fallback
-aNfi7CP8vM_7,8.2,246,1,0,"[135.17, 117.91, 213.91, 211.1]",1,,frame_index_fps_fallback
-aNfi7CP8vM_7,8.3,249,1,0,"[133.66, 111.29, 214.35, 207.78]",1,,frame_index_fps_fallback
-aNfi7CP8vM_7,8.4,252,1,0,"[133.0, 108.42, 212.6, 207.38]",1,,frame_index_fps_fallback
-aNfi7CP8vM_7,8.5,255,1,0,"[132.47, 109.64, 211.37, 208.42]",1,,frame_index_fps_fallback
-aNfi7CP8vM_7,8.633333333333333,256,1,0,"[134.03, 108.0, 213.2, 204.03]",1,,frame_index_fps_fallback
-aqamKhZ1Ec_0,0.0,0,1,0,"[391.78, 168.48, 641.05, 457.97]",1,,frame_index_fps_fallback
-aqamKhZ1Ec_0,0.1,3,1,0,"[386.9, 165.42, 639.34, 454.17]",1,,frame_index_fps_fallback
-aqamKhZ1Ec_0,0.2,6,1,0,"[395.44, 167.95, 644.65, 450.04]",1,,frame_index_fps_fallback
-aqamKhZ1Ec_0,0.3,9,1,0,"[396.39, 166.1, 646.58, 448.22]",1,,frame_index_fps_fallback
-aqamKhZ1Ec_0,0.4,12,1,0,"[394.12, 161.68, 643.1, 451.51]",1,,frame_index_fps_fallback
-aqamKhZ1Ec_0,0.5,15,1,0,"[393.67, 163.41, 644.25, 448.17]",1,,frame_index_fps_fallback
-aqamKhZ1Ec_0,0.6,18,1,0,"[394.5, 164.74, 642.78, 448.72]",1,,frame_index_fps_fallback
-aqamKhZ1Ec_0,0.7,21,1,0,"[393.79, 169.14, 645.77, 454.75]",1,,frame_index_fps_fallback
-aqamKhZ1Ec_0,0.8,24,1,0,"[391.59, 168.46, 642.05, 458.09]",1,,frame_index_fps_fallback
-aqamKhZ1Ec_0,0.9,27,1,0,"[390.85, 171.54, 641.24, 462.44]",1,,frame_index_fps_fallback
-aqamKhZ1Ec_0,1.0,30,1,0,"[393.89, 169.35, 643.74, 467.85]",1,,frame_index_fps_fallback
-aqamKhZ1Ec_0,1.1,33,1,0,"[393.19, 170.96, 645.35, 468.65]",1,,frame_index_fps_fallback
-aqamKhZ1Ec_0,1.2,36,1,0,"[391.84, 172.49, 644.43, 467.44]",1,,frame_index_fps_fallback
-aqamKhZ1Ec_0,1.3,39,1,0,"[394.2, 172.45, 646.38, 467.14]",1,,frame_index_fps_fallback
-aqamKhZ1Ec_0,1.4,42,1,0,"[396.48, 171.06, 645.95, 464.46]",1,,frame_index_fps_fallback
-aqamKhZ1Ec_0,1.5,45,1,0,"[396.23, 173.05, 644.27, 467.04]",1,,frame_index_fps_fallback
-aqamKhZ1Ec_0,1.6,48,1,0,"[394.55, 170.91, 643.51, 467.12]",1,,frame_index_fps_fallback
-aqamKhZ1Ec_0,1.7,51,1,0,"[396.52, 169.5, 646.42, 467.34]",1,,frame_index_fps_fallback
-aqamKhZ1Ec_0,1.8,54,1,0,"[398.65, 170.72, 646.27, 467.5]",1,,frame_index_fps_fallback
-aqamKhZ1Ec_0,1.9,57,1,0,"[394.69, 169.48, 644.06, 464.04]",1,,frame_index_fps_fallback
-aqamKhZ1Ec_0,2.0,60,1,0,"[393.13, 170.45, 642.65, 462.24]",1,,frame_index_fps_fallback
-aqamKhZ1Ec_0,2.1,63,1,0,"[397.97, 171.3, 644.34, 458.61]",1,,frame_index_fps_fallback
-aqamKhZ1Ec_0,2.2,66,1,0,"[400.4, 172.09, 644.44, 463.12]",1,,frame_index_fps_fallback
-aqamKhZ1Ec_0,2.3,69,1,0,"[401.92, 174.09, 647.65, 470.38]",1,,frame_index_fps_fallback
-aqamKhZ1Ec_0,2.4,72,1,0,"[403.76, 171.92, 651.01, 469.58]",1,,frame_index_fps_fallback
-aqamKhZ1Ec_0,2.5,75,1,0,"[399.5, 170.7, 646.05, 462.47]",1,,frame_index_fps_fallback
-aqamKhZ1Ec_0,2.6,78,1,0,"[400.83, 173.22, 647.35, 463.44]",1,,frame_index_fps_fallback
-aqamKhZ1Ec_0,2.7,81,1,0,"[407.06, 177.03, 649.23, 461.52]",1,,frame_index_fps_fallback
-aqamKhZ1Ec_0,2.8,84,1,0,"[421.47, 180.07, 656.34, 458.12]",1,,frame_index_fps_fallback
-aqamKhZ1Ec_0,2.9,87,1,0,"[426.03, 178.12, 662.4, 451.22]",1,,frame_index_fps_fallback
-aqamKhZ1Ec_0,3.0,90,1,0,"[425.56, 174.17, 661.86, 448.48]",1,,frame_index_fps_fallback
-aqamKhZ1Ec_0,3.1,93,1,0,"[417.77, 170.78, 656.2, 452.33]",1,,frame_index_fps_fallback
-aqamKhZ1Ec_0,3.2,96,1,0,"[407.4, 170.91, 651.19, 450.02]",1,,frame_index_fps_fallback
-aqamKhZ1Ec_0,3.3,99,1,0,"[398.86, 174.4, 641.89, 455.58]",1,,frame_index_fps_fallback
-aqamKhZ1Ec_0,3.4,102,1,0,"[395.06, 183.45, 641.56, 465.87]",1,,frame_index_fps_fallback
-aqamKhZ1Ec_0,3.5,105,1,0,"[394.36, 188.42, 642.11, 472.54]",1,,frame_index_fps_fallback
-aqamKhZ1Ec_0,3.6,108,1,0,"[395.82, 193.1, 641.7, 475.18]",1,,frame_index_fps_fallback
-aqamKhZ1Ec_0,3.6999999999999997,111,1,0,"[396.43, 194.61, 641.89, 477.76]",1,,frame_index_fps_fallback
-aqamKhZ1Ec_0,3.8,114,1,0,"[397.03, 195.32, 640.72, 475.06]",1,,frame_index_fps_fallback
-aqamKhZ1Ec_0,3.9,117,1,0,"[398.53, 193.69, 641.6, 470.55]",1,,frame_index_fps_fallback
-aqamKhZ1Ec_0,4.0,120,1,0,"[404.98, 193.52, 643.73, 473.39]",1,,frame_index_fps_fallback
-aqamKhZ1Ec_0,4.1,123,1,0,"[409.55, 195.09, 645.62, 478.17]",1,,frame_index_fps_fallback
-aqamKhZ1Ec_0,4.2,126,1,0,"[407.64, 193.39, 648.68, 474.89]",1,,frame_index_fps_fallback
-aqamKhZ1Ec_0,4.3,129,1,0,"[405.7, 194.23, 646.74, 478.02]",1,,frame_index_fps_fallback
-aqamKhZ1Ec_0,4.4,132,1,0,"[403.12, 192.82, 644.62, 474.98]",1,,frame_index_fps_fallback
-aqamKhZ1Ec_0,4.5,135,1,0,"[405.23, 192.79, 645.9, 479.37]",1,,frame_index_fps_fallback
-aqamKhZ1Ec_0,4.6,138,1,0,"[405.09, 195.72, 648.75, 483.89]",1,,frame_index_fps_fallback
-aqamKhZ1Ec_0,4.7,141,1,0,"[401.86, 200.69, 647.49, 483.08]",1,,frame_index_fps_fallback
-aqamKhZ1Ec_0,4.8,144,1,0,"[397.86, 198.32, 643.36, 482.5]",1,,frame_index_fps_fallback
-aqamKhZ1Ec_0,4.9,147,1,0,"[394.85, 201.84, 642.48, 487.31]",1,,frame_index_fps_fallback
-aqamKhZ1Ec_0,5.0,150,1,0,"[392.33, 206.39, 639.15, 490.85]",1,,frame_index_fps_fallback
-aqamKhZ1Ec_0,5.1,153,1,0,"[391.18, 209.06, 637.39, 492.9]",1,,frame_index_fps_fallback
-aqamKhZ1Ec_0,5.2,156,1,0,"[394.42, 213.85, 637.15, 495.48]",1,,frame_index_fps_fallback
-aqamKhZ1Ec_0,5.3,159,1,0,"[394.86, 213.86, 636.43, 491.83]",1,,frame_index_fps_fallback
-aqamKhZ1Ec_0,5.4,162,1,0,"[394.15, 210.06, 635.58, 488.71]",1,,frame_index_fps_fallback
-aqamKhZ1Ec_0,5.5,165,1,0,"[397.77, 210.15, 639.16, 488.77]",1,,frame_index_fps_fallback
-aqamKhZ1Ec_0,5.6,168,1,0,"[403.94, 211.54, 640.93, 484.87]",1,,frame_index_fps_fallback
-aqamKhZ1Ec_0,5.7,171,1,0,"[406.28, 213.14, 641.63, 489.37]",1,,frame_index_fps_fallback
-aqamKhZ1Ec_0,5.8,174,1,0,"[408.13, 202.58, 647.72, 492.53]",1,,frame_index_fps_fallback
-aqamKhZ1Ec_0,5.9,177,1,0,"[407.71, 190.35, 647.53, 477.31]",1,,frame_index_fps_fallback
-aqamKhZ1Ec_0,6.0,180,1,0,"[414.79, 197.13, 651.79, 475.65]",1,,frame_index_fps_fallback
-aqamKhZ1Ec_0,6.1,183,1,0,"[415.23, 187.99, 655.43, 474.45]",1,,frame_index_fps_fallback
-aqamKhZ1Ec_0,6.2,186,1,0,"[414.24, 188.4, 654.62, 475.83]",1,,frame_index_fps_fallback
-aqamKhZ1Ec_0,6.3,189,1,0,"[417.46, 186.8, 657.25, 479.95]",1,,frame_index_fps_fallback
-aqamKhZ1Ec_0,6.4,192,1,0,"[420.33, 183.8, 660.25, 479.94]",1,,frame_index_fps_fallback
-aqamKhZ1Ec_0,6.5,195,1,0,"[423.89, 177.22, 668.07, 478.84]",1,,frame_index_fps_fallback
-aqamKhZ1Ec_0,6.6,198,1,0,"[429.17, 174.44, 671.55, 475.64]",1,,frame_index_fps_fallback
-aqamKhZ1Ec_0,6.7,201,1,0,"[436.39, 168.76, 678.34, 473.55]",1,,frame_index_fps_fallback
-aqamKhZ1Ec_0,6.8,204,1,0,"[435.3, 165.06, 676.42, 462.03]",1,,frame_index_fps_fallback
-aqamKhZ1Ec_0,6.8999999999999995,207,1,0,"[439.13, 171.55, 676.98, 461.08]",1,,frame_index_fps_fallback
-aqamKhZ1Ec_0,7.0,210,1,0,"[443.75, 173.48, 681.15, 459.9]",1,,frame_index_fps_fallback
-aqamKhZ1Ec_0,7.1,213,1,0,"[447.35, 166.77, 685.7, 461.38]",1,,frame_index_fps_fallback
-aqamKhZ1Ec_0,7.2,216,1,0,"[455.04, 165.92, 693.18, 460.21]",1,,frame_index_fps_fallback
-aqamKhZ1Ec_0,7.3,219,1,0,"[462.67, 179.25, 698.29, 460.03]",1,,frame_index_fps_fallback
-aqamKhZ1Ec_0,7.3999999999999995,222,1,0,"[466.82, 187.32, 701.33, 467.14]",1,,frame_index_fps_fallback
-aqamKhZ1Ec_0,7.5,225,1,0,"[471.94, 183.7, 706.98, 466.85]",1,,frame_index_fps_fallback
-aqamKhZ1Ec_0,7.6,228,1,0,"[473.91, 183.82, 710.73, 470.83]",1,,frame_index_fps_fallback
-aqamKhZ1Ec_0,7.7,231,1,0,"[475.37, 189.49, 713.62, 480.21]",1,,frame_index_fps_fallback
-aqamKhZ1Ec_0,7.8,234,1,0,"[479.2, 189.3, 717.84, 472.29]",1,,frame_index_fps_fallback
-aqamKhZ1Ec_0,7.8999999999999995,237,1,0,"[482.55, 191.0, 719.93, 474.54]",1,,frame_index_fps_fallback
-aqamKhZ1Ec_0,8.0,240,1,0,"[474.56, 201.04, 711.58, 480.38]",1,,frame_index_fps_fallback
-aqamKhZ1Ec_0,8.1,243,1,0,"[470.73, 197.84, 709.21, 480.83]",1,,frame_index_fps_fallback
-aqamKhZ1Ec_0,8.2,246,1,0,"[471.64, 200.64, 713.15, 496.65]",1,,frame_index_fps_fallback
-aqamKhZ1Ec_0,8.3,249,1,0,"[477.42, 197.69, 714.25, 483.13]",1,,frame_index_fps_fallback
-aqamKhZ1Ec_0,8.4,252,1,0,"[484.85, 198.18, 722.96, 474.55]",1,,frame_index_fps_fallback
-aqamKhZ1Ec_0,8.5,255,1,0,"[489.73, 209.11, 729.63, 483.56]",1,,frame_index_fps_fallback
-aqamKhZ1Ec_0,8.6,258,1,0,"[492.43, 217.61, 732.15, 489.12]",1,,frame_index_fps_fallback
-aqamKhZ1Ec_0,8.7,261,1,0,"[488.59, 211.62, 727.56, 481.8]",1,,frame_index_fps_fallback
-aqamKhZ1Ec_0,8.8,264,1,0,"[485.53, 206.41, 722.75, 481.28]",1,,frame_index_fps_fallback
-aqamKhZ1Ec_0,8.9,267,1,0,"[483.32, 209.96, 720.23, 484.92]",1,,frame_index_fps_fallback
-aqamKhZ1Ec_0,9.0,270,1,0,"[471.21, 203.09, 709.31, 485.0]",1,,frame_index_fps_fallback
-aqamKhZ1Ec_0,9.1,273,1,0,"[462.14, 190.14, 696.96, 471.42]",1,,frame_index_fps_fallback
-aqamKhZ1Ec_0,9.2,276,1,0,"[457.28, 179.08, 691.89, 456.52]",1,,frame_index_fps_fallback
-aqamKhZ1Ec_0,9.3,279,1,0,"[456.09, 180.5, 692.27, 460.7]",1,,frame_index_fps_fallback
-aqamKhZ1Ec_0,9.4,282,1,0,"[461.3, 179.64, 697.76, 456.41]",1,,frame_index_fps_fallback
-aqamKhZ1Ec_0,9.5,285,1,0,"[467.06, 181.14, 705.99, 461.59]",1,,frame_index_fps_fallback
-aqamKhZ1Ec_0,9.6,288,1,0,"[470.66, 182.07, 709.44, 462.44]",1,,frame_index_fps_fallback
-aqamKhZ1Ec_0,9.7,291,1,0,"[472.81, 180.85, 710.04, 467.43]",1,,frame_index_fps_fallback
-aqamKhZ1Ec_0,9.8,294,1,0,"[473.7, 184.33, 710.45, 469.92]",1,,frame_index_fps_fallback
-aqamKhZ1Ec_0,9.9,297,1,0,"[477.68, 191.07, 713.09, 475.36]",1,,frame_index_fps_fallback
-aqamKhZ1Ec_0,10.0,300,1,0,"[482.15, 194.42, 718.96, 472.89]",1,,frame_index_fps_fallback
-aqamKhZ1Ec_0,10.1,303,1,0,"[484.18, 199.45, 720.26, 475.88]",1,,frame_index_fps_fallback
-aqamKhZ1Ec_0,10.2,306,1,0,"[483.9, 199.6, 720.36, 475.77]",1,,frame_index_fps_fallback
-aqamKhZ1Ec_0,10.3,309,1,0,"[485.24, 196.18, 721.95, 479.51]",1,,frame_index_fps_fallback
-aqamKhZ1Ec_0,10.4,312,1,0,"[484.62, 193.1, 720.2, 472.62]",1,,frame_index_fps_fallback
-aqamKhZ1Ec_0,10.5,315,1,0,"[485.18, 192.96, 720.81, 472.17]",1,,frame_index_fps_fallback
-aqamKhZ1Ec_0,10.6,318,1,0,"[483.58, 191.78, 719.07, 465.16]",1,,frame_index_fps_fallback
-aqamKhZ1Ec_0,10.7,321,1,0,"[486.42, 193.66, 721.54, 474.16]",1,,frame_index_fps_fallback
-aqamKhZ1Ec_0,10.8,324,1,0,"[483.94, 192.85, 720.23, 472.46]",1,,frame_index_fps_fallback
-aqamKhZ1Ec_0,10.9,327,1,0,"[483.72, 189.03, 722.67, 465.65]",1,,frame_index_fps_fallback
-dxfTGcXJoc_1,0.0,0,1,0,"[133.21, 43.12, 186.47, 107.25]",1,,frame_index_fps_fallback
-dxfTGcXJoc_1,0.1,3,1,0,"[132.82, 43.58, 185.25, 105.17]",1,,frame_index_fps_fallback
-dxfTGcXJoc_1,0.2,6,1,0,"[134.13, 42.95, 185.95, 103.14]",1,,frame_index_fps_fallback
-dxfTGcXJoc_1,0.3,9,1,0,"[134.42, 41.49, 186.23, 100.91]",1,,frame_index_fps_fallback
-dxfTGcXJoc_1,0.4,12,1,0,"[135.16, 40.2, 188.95, 102.03]",1,,frame_index_fps_fallback
-dxfTGcXJoc_1,0.5,15,1,0,"[137.75, 43.03, 190.88, 103.61]",1,,frame_index_fps_fallback
-dxfTGcXJoc_1,0.6,18,1,0,"[139.35, 44.56, 191.5, 104.38]",1,,frame_index_fps_fallback
-dxfTGcXJoc_1,0.7,21,1,0,"[136.83, 43.51, 191.37, 107.77]",1,,frame_index_fps_fallback
-dxfTGcXJoc_1,0.8,24,1,0,"[139.71, 43.86, 191.07, 103.35]",1,,frame_index_fps_fallback
-dxfTGcXJoc_1,0.9,27,1,0,"[138.34, 41.43, 191.21, 102.99]",1,,frame_index_fps_fallback
-dxfTGcXJoc_1,1.0,30,1,0,"[140.31, 42.68, 192.03, 103.33]",1,,frame_index_fps_fallback
-dxfTGcXJoc_1,1.1,33,1,0,"[139.75, 42.76, 191.82, 104.52]",1,,frame_index_fps_fallback
-dxfTGcXJoc_1,1.2,36,1,0,"[138.64, 42.26, 191.6, 104.63]",1,,frame_index_fps_fallback
-dxfTGcXJoc_1,1.3,39,1,0,"[137.47, 43.05, 190.44, 106.43]",1,,frame_index_fps_fallback
-dxfTGcXJoc_1,1.4,42,1,0,"[137.5, 43.3, 190.66, 107.43]",1,,frame_index_fps_fallback
-dxfTGcXJoc_1,1.5,45,1,0,"[136.78, 43.52, 190.36, 106.31]",1,,frame_index_fps_fallback
-dxfTGcXJoc_1,1.6,48,1,0,"[136.47, 43.24, 189.74, 105.66]",1,,frame_index_fps_fallback
-dxfTGcXJoc_1,1.7,51,1,0,"[137.11, 43.39, 189.92, 105.62]",1,,frame_index_fps_fallback
-dxfTGcXJoc_1,1.8,54,1,0,"[136.55, 43.24, 189.72, 105.61]",1,,frame_index_fps_fallback
-dxfTGcXJoc_1,1.9,57,1,0,"[136.61, 42.84, 190.22, 105.83]",1,,frame_index_fps_fallback
-dxfTGcXJoc_1,2.0,60,1,0,"[137.73, 42.96, 189.6, 104.62]",1,,frame_index_fps_fallback
-dxfTGcXJoc_1,2.1,63,1,0,"[137.19, 42.12, 190.09, 103.5]",1,,frame_index_fps_fallback
-dxfTGcXJoc_1,2.2,66,1,0,"[137.16, 41.29, 190.82, 102.7]",1,,frame_index_fps_fallback
-dxfTGcXJoc_1,2.3,69,1,0,"[135.74, 39.28, 189.54, 101.15]",1,,frame_index_fps_fallback
-dxfTGcXJoc_1,2.4,72,1,0,"[136.65, 38.55, 188.51, 97.75]",1,,frame_index_fps_fallback
-dxfTGcXJoc_1,2.5,75,1,0,"[135.47, 38.74, 188.6, 98.04]",1,,frame_index_fps_fallback
-dxfTGcXJoc_1,2.6,78,1,0,"[135.24, 39.07, 188.45, 99.66]",1,,frame_index_fps_fallback
-dxfTGcXJoc_1,2.7,81,1,0,"[136.12, 39.11, 188.36, 99.99]",1,,frame_index_fps_fallback
-dxfTGcXJoc_1,2.8,84,1,0,"[136.31, 39.28, 189.59, 101.71]",1,,frame_index_fps_fallback
-dxfTGcXJoc_1,2.9,87,1,0,"[135.45, 39.83, 188.61, 101.9]",1,,frame_index_fps_fallback
-dxfTGcXJoc_1,3.0,90,1,0,"[136.28, 40.5, 188.52, 102.62]",1,,frame_index_fps_fallback
-dxfTGcXJoc_1,3.1,93,1,0,"[136.41, 42.19, 188.56, 103.17]",1,,frame_index_fps_fallback
-dxfTGcXJoc_1,3.2,96,1,0,"[135.35, 42.73, 188.36, 104.68]",1,,frame_index_fps_fallback
-dxfTGcXJoc_1,3.3,99,1,0,"[135.34, 43.34, 187.88, 106.63]",1,,frame_index_fps_fallback
-dxfTGcXJoc_1,3.4,102,1,0,"[134.91, 42.38, 187.7, 105.73]",1,,frame_index_fps_fallback
-dxfTGcXJoc_1,3.5,105,1,0,"[133.47, 40.68, 187.51, 101.62]",1,,frame_index_fps_fallback
-dxfTGcXJoc_1,3.6,108,1,0,"[134.12, 40.48, 187.34, 101.56]",1,,frame_index_fps_fallback
-dxfTGcXJoc_1,3.6999999999999997,111,1,0,"[134.36, 41.23, 186.65, 103.28]",1,,frame_index_fps_fallback
-dxfTGcXJoc_1,3.8,114,1,0,"[134.32, 43.51, 186.91, 103.96]",1,,frame_index_fps_fallback
-dxfTGcXJoc_1,3.9,117,1,0,"[135.1, 42.15, 187.78, 104.07]",1,,frame_index_fps_fallback
-dxfTGcXJoc_1,4.0,120,1,0,"[134.36, 41.13, 187.92, 103.94]",1,,frame_index_fps_fallback
-dxfTGcXJoc_1,4.1,123,1,0,"[133.95, 41.07, 188.09, 103.43]",1,,frame_index_fps_fallback
-dxfTGcXJoc_1,4.2,126,1,0,"[133.65, 42.93, 187.38, 106.05]",1,,frame_index_fps_fallback
-dxfTGcXJoc_1,4.3,129,1,0,"[133.96, 42.21, 186.83, 105.39]",1,,frame_index_fps_fallback
-dxfTGcXJoc_1,4.4,132,1,0,"[134.07, 40.19, 186.86, 101.0]",1,,frame_index_fps_fallback
-dxfTGcXJoc_1,4.5,135,1,0,"[132.81, 40.66, 185.65, 103.87]",1,,frame_index_fps_fallback
-dxfTGcXJoc_1,4.6,138,1,0,"[132.38, 39.53, 185.72, 102.49]",1,,frame_index_fps_fallback
-dxfTGcXJoc_1,4.7,141,1,0,"[132.78, 39.29, 184.37, 100.54]",1,,frame_index_fps_fallback
-dxfTGcXJoc_1,4.8,144,1,0,"[131.86, 39.52, 184.19, 100.7]",1,,frame_index_fps_fallback
-dxfTGcXJoc_1,4.9,147,1,0,"[131.79, 40.12, 184.77, 104.59]",1,,frame_index_fps_fallback
-dxfTGcXJoc_1,5.0,150,1,0,"[132.41, 39.24, 184.61, 102.18]",1,,frame_index_fps_fallback
-dxfTGcXJoc_1,5.1,153,1,0,"[131.68, 39.7, 184.75, 101.58]",1,,frame_index_fps_fallback
-dxfTGcXJoc_1,5.2,156,1,0,"[131.86, 39.82, 185.05, 102.45]",1,,frame_index_fps_fallback
-dxfTGcXJoc_1,5.3,159,1,0,"[132.31, 39.93, 185.58, 103.32]",1,,frame_index_fps_fallback
-dxfTGcXJoc_1,5.4,162,1,0,"[132.79, 40.29, 186.25, 102.93]",1,,frame_index_fps_fallback
-dxfTGcXJoc_1,5.5,165,1,0,"[133.19, 40.07, 186.51, 104.64]",1,,frame_index_fps_fallback
-dxfTGcXJoc_1,5.6,168,1,0,"[133.81, 39.66, 187.04, 102.14]",1,,frame_index_fps_fallback
-dxfTGcXJoc_1,5.7,171,1,0,"[134.02, 40.53, 186.35, 102.97]",1,,frame_index_fps_fallback
-dxfTGcXJoc_1,5.8,174,1,0,"[134.44, 41.04, 187.37, 102.55]",1,,frame_index_fps_fallback
-dxfTGcXJoc_1,5.9,177,1,0,"[133.65, 41.39, 186.98, 104.58]",1,,frame_index_fps_fallback
-dxfTGcXJoc_1,6.0,180,1,0,"[133.45, 41.66, 187.11, 104.08]",1,,frame_index_fps_fallback
-dxfTGcXJoc_1,6.1,183,1,0,"[134.18, 43.15, 186.79, 107.15]",1,,frame_index_fps_fallback
-dxfTGcXJoc_1,6.2,186,1,0,"[135.38, 43.75, 188.16, 106.52]",1,,frame_index_fps_fallback
-dxfTGcXJoc_1,6.3,189,1,0,"[134.95, 42.37, 187.98, 106.28]",1,,frame_index_fps_fallback
-dxfTGcXJoc_1,6.4,192,1,0,"[134.91, 42.27, 187.98, 106.55]",1,,frame_index_fps_fallback
-dxfTGcXJoc_1,6.5,195,1,0,"[134.93, 42.05, 187.96, 106.06]",1,,frame_index_fps_fallback
-dxfTGcXJoc_1,6.6,198,1,0,"[134.64, 42.25, 188.04, 105.6]",1,,frame_index_fps_fallback
-dxfTGcXJoc_1,6.7,201,1,0,"[133.88, 42.14, 188.1, 105.46]",1,,frame_index_fps_fallback
-dxfTGcXJoc_1,6.8,204,1,0,"[133.74, 40.73, 187.67, 104.26]",1,,frame_index_fps_fallback
-dxfTGcXJoc_1,6.8999999999999995,207,1,0,"[134.25, 41.37, 187.28, 104.43]",1,,frame_index_fps_fallback
-dxfTGcXJoc_1,7.0,210,1,0,"[135.06, 41.87, 187.98, 103.28]",1,,frame_index_fps_fallback
-dxfTGcXJoc_1,7.1,213,1,0,"[136.34, 39.52, 189.88, 101.92]",1,,frame_index_fps_fallback
-dxfTGcXJoc_1,7.2,216,1,0,"[137.29, 41.88, 190.72, 104.16]",1,,frame_index_fps_fallback
-dxfTGcXJoc_1,7.3,219,1,0,"[138.76, 40.44, 192.7, 103.92]",1,,frame_index_fps_fallback
-dxfTGcXJoc_1,7.3999999999999995,222,1,0,"[141.0, 41.09, 194.69, 103.29]",1,,frame_index_fps_fallback
-dxfTGcXJoc_1,7.5,225,1,0,"[140.82, 41.39, 194.24, 103.36]",1,,frame_index_fps_fallback
-dxfTGcXJoc_1,7.6,228,1,0,"[140.72, 41.35, 194.16, 102.94]",1,,frame_index_fps_fallback
-dxfTGcXJoc_1,7.7,231,1,0,"[140.49, 42.16, 193.42, 103.77]",1,,frame_index_fps_fallback
-dxfTGcXJoc_1,7.8,234,1,0,"[139.31, 40.35, 192.56, 103.36]",1,,frame_index_fps_fallback
-dxfTGcXJoc_1,7.8999999999999995,237,1,0,"[140.11, 41.51, 192.85, 102.52]",1,,frame_index_fps_fallback
-dxfTGcXJoc_1,8.0,240,1,0,"[140.51, 44.39, 191.57, 105.05]",1,,frame_index_fps_fallback
-dxfTGcXJoc_1,8.1,243,1,0,"[138.89, 42.95, 192.23, 105.4]",1,,frame_index_fps_fallback
-dxfTGcXJoc_1,8.2,246,1,0,"[138.05, 43.12, 191.08, 104.78]",1,,frame_index_fps_fallback
-dxfTGcXJoc_1,8.3,249,1,0,"[138.14, 43.25, 191.03, 103.47]",1,,frame_index_fps_fallback
-dxfTGcXJoc_1,8.4,252,1,0,"[138.35, 44.14, 190.22, 105.42]",1,,frame_index_fps_fallback
-dxfTGcXJoc_1,8.5,255,1,0,"[139.09, 43.48, 190.48, 103.7]",1,,frame_index_fps_fallback
-dxfTGcXJoc_1,8.6,258,1,0,"[137.94, 40.29, 190.18, 101.3]",1,,frame_index_fps_fallback
-dxfTGcXJoc_1,8.7,261,1,0,"[137.32, 40.7, 189.13, 102.12]",1,,frame_index_fps_fallback
-dxfTGcXJoc_1,8.8,264,1,0,"[135.77, 41.05, 189.02, 105.4]",1,,frame_index_fps_fallback
-dxfTGcXJoc_1,8.9,267,1,0,"[134.49, 39.97, 188.91, 106.54]",1,,frame_index_fps_fallback
-dxfTGcXJoc_1,9.0,270,1,0,"[134.36, 39.63, 186.82, 102.45]",1,,frame_index_fps_fallback
-dxfTGcXJoc_1,9.1,273,1,0,"[134.35, 39.72, 186.87, 102.2]",1,,frame_index_fps_fallback
-dxfTGcXJoc_1,9.2,276,1,0,"[134.06, 39.36, 186.4, 102.13]",1,,frame_index_fps_fallback
-dxfTGcXJoc_1,9.3,279,1,0,"[135.12, 39.64, 186.72, 100.56]",1,,frame_index_fps_fallback
-dxfTGcXJoc_1,9.4,282,1,0,"[135.11, 40.01, 187.87, 101.86]",1,,frame_index_fps_fallback
-dxfTGcXJoc_1,9.5,285,1,0,"[135.71, 42.04, 187.6, 104.45]",1,,frame_index_fps_fallback
-dxfTGcXJoc_1,9.6,288,1,0,"[134.71, 41.09, 188.11, 106.37]",1,,frame_index_fps_fallback
-dxfTGcXJoc_1,9.7,291,1,0,"[134.75, 40.38, 187.33, 103.71]",1,,frame_index_fps_fallback
-dxfTGcXJoc_1,9.8,294,1,0,"[134.65, 39.47, 187.49, 103.62]",1,,frame_index_fps_fallback
-dxfTGcXJoc_1,9.9,297,1,0,"[134.46, 39.27, 187.13, 102.36]",1,,frame_index_fps_fallback
-dxfTGcXJoc_1,10.0,300,1,0,"[134.68, 39.58, 187.3, 102.46]",1,,frame_index_fps_fallback
-dxfTGcXJoc_1,10.1,303,1,0,"[135.13, 41.56, 188.74, 105.93]",1,,frame_index_fps_fallback
-dxfTGcXJoc_1,10.2,306,1,0,"[134.3, 39.28, 188.13, 102.03]",1,,frame_index_fps_fallback
-dxfTGcXJoc_1,10.3,309,1,0,"[134.08, 41.64, 188.09, 106.46]",1,,frame_index_fps_fallback
-dxfTGcXJoc_1,10.4,312,1,0,"[135.33, 41.42, 188.0, 105.25]",1,,frame_index_fps_fallback
-dxfTGcXJoc_1,10.5,315,1,0,"[134.81, 41.85, 188.19, 104.12]",1,,frame_index_fps_fallback
-dxfTGcXJoc_1,10.6,318,1,0,"[135.6, 42.73, 188.44, 104.24]",1,,frame_index_fps_fallback
-dxfTGcXJoc_1,10.7,321,1,0,"[135.53, 43.53, 188.46, 106.07]",1,,frame_index_fps_fallback
-dxfTGcXJoc_1,10.8,324,1,0,"[136.51, 44.26, 189.76, 106.16]",1,,frame_index_fps_fallback
-dxfTGcXJoc_1,10.9,327,1,0,"[136.78, 43.48, 189.8, 105.78]",1,,frame_index_fps_fallback
-dxfTGcXJoc_1,11.0,330,1,0,"[136.39, 42.98, 189.45, 104.79]",1,,frame_index_fps_fallback
-dxfTGcXJoc_1,11.1,333,1,0,"[136.74, 43.13, 189.42, 104.89]",1,,frame_index_fps_fallback
-dxfTGcXJoc_1,11.2,336,1,0,"[136.73, 42.98, 189.81, 104.58]",1,,frame_index_fps_fallback
-dxfTGcXJoc_1,11.3,339,1,0,"[136.2, 42.16, 189.66, 104.37]",1,,frame_index_fps_fallback
-dxfTGcXJoc_1,11.4,342,1,0,"[135.83, 41.28, 189.56, 104.31]",1,,frame_index_fps_fallback
-dxfTGcXJoc_1,11.5,345,1,0,"[136.91, 40.86, 189.88, 103.82]",1,,frame_index_fps_fallback
-dxfTGcXJoc_1,11.6,348,1,0,"[136.33, 40.43, 189.97, 101.03]",1,,frame_index_fps_fallback
-dxfTGcXJoc_1,11.7,351,1,0,"[138.41, 41.61, 190.87, 104.42]",1,,frame_index_fps_fallback
-dxfTGcXJoc_1,11.8,354,1,0,"[139.87, 43.54, 190.72, 105.47]",1,,frame_index_fps_fallback
-dxfTGcXJoc_1,11.9,357,1,0,"[140.54, 43.72, 193.03, 106.88]",1,,frame_index_fps_fallback
-dxfTGcXJoc_1,12.0,360,1,0,"[140.71, 44.37, 193.42, 109.46]",1,,frame_index_fps_fallback
-dxfTGcXJoc_1,12.1,363,1,0,"[139.67, 44.14, 193.98, 108.4]",1,,frame_index_fps_fallback
-dxfTGcXJoc_1,12.2,366,1,0,"[139.7, 44.01, 192.7, 107.09]",1,,frame_index_fps_fallback
-dxfTGcXJoc_1,12.3,369,1,0,"[139.28, 44.51, 192.01, 107.02]",1,,frame_index_fps_fallback
-dxfTGcXJoc_1,12.4,372,1,0,"[139.04, 43.97, 191.56, 107.73]",1,,frame_index_fps_fallback
-dxfTGcXJoc_1,12.5,375,1,0,"[138.38, 42.91, 191.74, 106.41]",1,,frame_index_fps_fallback
-dxfTGcXJoc_1,12.6,378,1,0,"[138.19, 40.62, 191.84, 105.01]",1,,frame_index_fps_fallback
-dxfTGcXJoc_1,12.7,381,1,0,"[137.99, 40.47, 190.93, 103.96]",1,,frame_index_fps_fallback
-dxfTGcXJoc_1,12.8,384,1,0,"[138.13, 42.08, 190.42, 104.51]",1,,frame_index_fps_fallback
-dxfTGcXJoc_1,12.9,387,1,0,"[137.29, 42.71, 189.69, 105.63]",1,,frame_index_fps_fallback
-dxfTGcXJoc_1,13.0,390,1,0,"[136.13, 42.61, 189.36, 106.59]",1,,frame_index_fps_fallback
-dxfTGcXJoc_1,13.1,393,1,0,"[136.58, 42.49, 188.88, 104.56]",1,,frame_index_fps_fallback
-dxfTGcXJoc_1,13.2,396,1,0,"[134.82, 42.49, 187.61, 104.97]",1,,frame_index_fps_fallback
-dxfTGcXJoc_1,13.299999999999999,399,1,0,"[135.14, 42.32, 187.91, 105.48]",1,,frame_index_fps_fallback
-dxfTGcXJoc_1,13.4,402,1,0,"[134.89, 42.33, 187.55, 104.88]",1,,frame_index_fps_fallback
-dxfTGcXJoc_1,13.5,405,1,0,"[135.03, 42.15, 187.87, 104.2]",1,,frame_index_fps_fallback
-dxfTGcXJoc_1,13.6,408,1,0,"[135.25, 41.99, 188.08, 105.83]",1,,frame_index_fps_fallback
-dxfTGcXJoc_1,13.7,411,1,0,"[134.94, 41.5, 187.94, 106.34]",1,,frame_index_fps_fallback
-dxfTGcXJoc_1,13.799999999999999,414,1,0,"[134.71, 41.75, 187.53, 107.01]",1,,frame_index_fps_fallback
-dxfTGcXJoc_1,13.9,417,1,0,"[135.04, 40.9, 188.07, 105.23]",1,,frame_index_fps_fallback
-dxfTGcXJoc_1,14.0,420,1,0,"[134.5, 40.89, 187.14, 105.1]",1,,frame_index_fps_fallback
-dxfTGcXJoc_1,14.1,423,1,0,"[134.52, 40.72, 187.77, 105.26]",1,,frame_index_fps_fallback
-dxfTGcXJoc_1,14.2,426,1,0,"[133.44, 40.0, 187.16, 103.05]",1,,frame_index_fps_fallback
-dxfTGcXJoc_1,14.299999999999999,429,1,0,"[133.32, 39.11, 187.15, 103.75]",1,,frame_index_fps_fallback
-dxfTGcXJoc_1,14.4,432,1,0,"[134.33, 40.53, 187.58, 102.36]",1,,frame_index_fps_fallback
-dxfTGcXJoc_1,14.5,435,1,0,"[134.31, 38.23, 187.48, 101.03]",1,,frame_index_fps_fallback
-dxfTGcXJoc_1,14.6,438,1,0,"[134.09, 38.01, 186.57, 99.72]",1,,frame_index_fps_fallback
-dxfTGcXJoc_1,14.7,441,1,0,"[134.56, 39.47, 187.83, 102.11]",1,,frame_index_fps_fallback
-dxfTGcXJoc_1,14.799999999999999,444,1,0,"[135.27, 40.09, 187.81, 103.45]",1,,frame_index_fps_fallback
-dxfTGcXJoc_1,14.9,447,1,0,"[134.97, 42.71, 187.96, 108.38]",1,,frame_index_fps_fallback
-dxfTGcXJoc_1,15.0,450,1,0,"[134.39, 42.79, 188.4, 110.07]",1,,frame_index_fps_fallback
-dxfTGcXJoc_1,15.1,453,1,0,"[134.45, 42.29, 187.91, 110.35]",1,,frame_index_fps_fallback
-dxfTGcXJoc_1,15.2,456,1,0,"[134.62, 42.89, 188.78, 108.53]",1,,frame_index_fps_fallback
-dxfTGcXJoc_1,15.299999999999999,459,1,0,"[135.01, 42.5, 188.15, 106.45]",1,,frame_index_fps_fallback
-dxfTGcXJoc_1,15.4,462,1,0,"[134.31, 42.28, 187.63, 104.95]",1,,frame_index_fps_fallback
-dxfTGcXJoc_1,15.5,465,1,0,"[134.97, 42.82, 187.67, 104.79]",1,,frame_index_fps_fallback
-dxfTGcXJoc_1,15.6,468,1,0,"[134.54, 42.67, 187.6, 105.12]",1,,frame_index_fps_fallback
-dxfTGcXJoc_1,15.7,471,1,0,"[134.69, 42.77, 187.35, 105.08]",1,,frame_index_fps_fallback
-dxfTGcXJoc_1,15.799999999999999,474,1,0,"[134.92, 42.87, 187.44, 105.12]",1,,frame_index_fps_fallback
-dxfTGcXJoc_1,15.9,477,1,0,"[135.27, 42.78, 187.47, 105.28]",1,,frame_index_fps_fallback
-dxfTGcXJoc_1,16.03333333333333,480,1,0,"[128.52, 46.23, 201.78, 135.11]",1,,frame_index_fps_fallback
-dxfTGcXJoc_1,16.1,481,1,0,"[128.51, 46.47, 201.72, 135.08]",1,,frame_index_fps_fallback
-dxfTGcXJoc_0,0.0,0,0,,,0,no_face_detected,frame_index_fps_fallback
-dxfTGcXJoc_0,0.1,3,0,,,0,no_face_detected,frame_index_fps_fallback
-dxfTGcXJoc_0,0.2,6,0,,,0,no_face_detected,frame_index_fps_fallback
-dxfTGcXJoc_0,0.3,9,0,,,0,no_face_detected,frame_index_fps_fallback
-dxfTGcXJoc_0,0.4,12,0,,,0,no_face_detected,frame_index_fps_fallback
-dxfTGcXJoc_0,0.5,15,0,,,0,no_face_detected,frame_index_fps_fallback
-dxfTGcXJoc_0,0.6,18,0,,,0,no_face_detected,frame_index_fps_fallback
-dxfTGcXJoc_0,0.7,21,0,,,0,no_face_detected,frame_index_fps_fallback
-dxfTGcXJoc_0,0.8,24,0,,,0,no_face_detected,frame_index_fps_fallback
-dxfTGcXJoc_0,0.9,27,0,,,0,no_face_detected,frame_index_fps_fallback
-dxfTGcXJoc_0,1.0,30,0,,,0,no_face_detected,frame_index_fps_fallback
-dxfTGcXJoc_0,1.1,33,0,,,0,no_face_detected,frame_index_fps_fallback
-dxfTGcXJoc_0,1.2,36,0,,,0,no_face_detected,frame_index_fps_fallback
-dxfTGcXJoc_0,1.3,39,0,,,0,no_face_detected,frame_index_fps_fallback
-dxfTGcXJoc_0,1.4,42,0,,,0,no_face_detected,frame_index_fps_fallback
-dxfTGcXJoc_0,1.5,45,0,,,0,no_face_detected,frame_index_fps_fallback
-dxfTGcXJoc_0,1.6,48,0,,,0,no_face_detected,frame_index_fps_fallback
-dxfTGcXJoc_0,1.7,51,0,,,0,no_face_detected,frame_index_fps_fallback
-dxfTGcXJoc_0,1.8,54,0,,,0,no_face_detected,frame_index_fps_fallback
-dxfTGcXJoc_0,1.9,57,0,,,0,no_face_detected,frame_index_fps_fallback
-dxfTGcXJoc_0,2.0,60,0,,,0,no_face_detected,frame_index_fps_fallback
-dxfTGcXJoc_0,2.1,63,0,,,0,no_face_detected,frame_index_fps_fallback
-dxfTGcXJoc_0,2.2,66,0,,,0,no_face_detected,frame_index_fps_fallback
-dxfTGcXJoc_0,2.3,69,0,,,0,no_face_detected,frame_index_fps_fallback
-dxfTGcXJoc_0,2.4,72,0,,,0,no_face_detected,frame_index_fps_fallback
-dxfTGcXJoc_0,2.5,75,0,,,0,no_face_detected,frame_index_fps_fallback
-dxfTGcXJoc_0,2.6,78,0,,,0,no_face_detected,frame_index_fps_fallback
-dxfTGcXJoc_0,2.7,81,0,,,0,no_face_detected,frame_index_fps_fallback
-dxfTGcXJoc_0,2.8,84,0,,,0,no_face_detected,frame_index_fps_fallback
-dxfTGcXJoc_0,2.9,87,0,,,0,no_face_detected,frame_index_fps_fallback
-dxfTGcXJoc_0,3.0,90,0,,,0,no_face_detected,frame_index_fps_fallback
-dxfTGcXJoc_0,3.1,93,0,,,0,no_face_detected,frame_index_fps_fallback
-dxfTGcXJoc_0,3.2,96,0,,,0,no_face_detected,frame_index_fps_fallback
-dxfTGcXJoc_0,3.3,99,0,,,0,no_face_detected,frame_index_fps_fallback
-dxfTGcXJoc_0,3.4,102,0,,,0,no_face_detected,frame_index_fps_fallback
-dxfTGcXJoc_0,3.5,105,0,,,0,no_face_detected,frame_index_fps_fallback
-dxfTGcXJoc_0,3.6,108,0,,,0,no_face_detected,frame_index_fps_fallback
-dxfTGcXJoc_0,3.6999999999999997,111,0,,,0,no_face_detected,frame_index_fps_fallback
-dxfTGcXJoc_0,3.8,114,0,,,0,no_face_detected,frame_index_fps_fallback
-dxfTGcXJoc_0,3.9,117,0,,,0,no_face_detected,frame_index_fps_fallback
-dxfTGcXJoc_0,4.0,120,0,,,0,no_face_detected,frame_index_fps_fallback
-dxfTGcXJoc_0,4.1,123,0,,,0,no_face_detected,frame_index_fps_fallback
-dxfTGcXJoc_0,4.2,126,0,,,0,no_face_detected,frame_index_fps_fallback
-dxfTGcXJoc_0,4.3,129,0,,,0,no_face_detected,frame_index_fps_fallback
-dxfTGcXJoc_0,4.4,132,0,,,0,no_face_detected,frame_index_fps_fallback
-dxfTGcXJoc_0,4.5,135,1,0,"[136.73, 41.01, 190.52, 101.82]",1,,frame_index_fps_fallback
-dxfTGcXJoc_0,4.6,138,1,0,"[136.41, 39.81, 194.87, 100.57]",1,,frame_index_fps_fallback
-dxfTGcXJoc_0,4.7,141,1,0,"[138.65, 39.33, 193.43, 100.28]",1,,frame_index_fps_fallback
-dxfTGcXJoc_0,4.8,144,1,0,"[138.0, 39.01, 193.27, 100.73]",1,,frame_index_fps_fallback
-dxfTGcXJoc_0,4.9,147,1,0,"[139.46, 38.68, 193.41, 100.19]",1,,frame_index_fps_fallback
-dxfTGcXJoc_0,5.0,150,1,0,"[138.84, 37.68, 191.73, 100.85]",1,,frame_index_fps_fallback
-dxfTGcXJoc_0,5.1,153,1,0,"[137.55, 38.73, 189.71, 99.63]",1,,frame_index_fps_fallback
-dxfTGcXJoc_0,5.2,156,1,0,"[137.03, 37.59, 190.53, 98.51]",1,,frame_index_fps_fallback
-dxfTGcXJoc_0,5.3,159,1,0,"[137.95, 37.92, 190.63, 96.58]",1,,frame_index_fps_fallback
-dxfTGcXJoc_0,5.4,162,1,0,"[138.58, 36.83, 192.62, 97.63]",1,,frame_index_fps_fallback
-dxfTGcXJoc_0,5.5,165,1,0,"[139.4, 37.29, 191.93, 97.15]",1,,frame_index_fps_fallback
-dxfTGcXJoc_0,5.6,168,1,0,"[139.74, 36.8, 193.1, 98.95]",1,,frame_index_fps_fallback
-dxfTGcXJoc_0,5.7,171,1,0,"[139.21, 37.35, 192.83, 98.64]",1,,frame_index_fps_fallback
-dxfTGcXJoc_0,5.8,174,1,0,"[138.66, 38.2, 191.96, 99.93]",1,,frame_index_fps_fallback
-dxfTGcXJoc_0,5.9,177,1,0,"[138.06, 38.63, 191.29, 99.54]",1,,frame_index_fps_fallback
-dxfTGcXJoc_0,6.0,180,1,0,"[139.31, 39.43, 190.05, 96.3]",1,,frame_index_fps_fallback
-dxfTGcXJoc_0,6.1,183,1,0,"[138.28, 38.47, 190.57, 97.87]",1,,frame_index_fps_fallback
-dxfTGcXJoc_0,6.2,186,1,0,"[136.8, 38.96, 189.08, 100.34]",1,,frame_index_fps_fallback
-dxfTGcXJoc_0,6.3,189,1,0,"[136.88, 39.52, 188.91, 99.77]",1,,frame_index_fps_fallback
-dxfTGcXJoc_0,6.4,192,1,0,"[136.84, 40.39, 189.23, 101.93]",1,,frame_index_fps_fallback
-dxfTGcXJoc_0,6.5,195,1,0,"[135.48, 38.25, 187.4, 99.67]",1,,frame_index_fps_fallback
-dxfTGcXJoc_0,6.6,198,1,0,"[135.92, 37.01, 188.88, 100.47]",1,,frame_index_fps_fallback
-dxfTGcXJoc_0,6.7,201,1,0,"[136.52, 36.75, 189.7, 101.47]",1,,frame_index_fps_fallback
-dxfTGcXJoc_0,6.8,204,1,0,"[137.14, 36.83, 190.34, 99.4]",1,,frame_index_fps_fallback
-dxfTGcXJoc_0,6.8999999999999995,207,1,0,"[137.98, 37.55, 190.63, 98.73]",1,,frame_index_fps_fallback
-dxfTGcXJoc_0,7.0,210,1,0,"[138.7, 37.74, 191.34, 99.52]",1,,frame_index_fps_fallback
-dxfTGcXJoc_0,7.1,213,1,0,"[141.37, 37.97, 193.0, 98.18]",1,,frame_index_fps_fallback
-dxfTGcXJoc_0,7.2,216,1,0,"[140.58, 38.69, 193.44, 103.05]",1,,frame_index_fps_fallback
-dxfTGcXJoc_0,7.3,219,1,0,"[139.98, 38.89, 192.79, 103.1]",1,,frame_index_fps_fallback
-dxfTGcXJoc_0,7.3999999999999995,222,1,0,"[141.52, 39.59, 193.27, 102.48]",1,,frame_index_fps_fallback
-dxfTGcXJoc_0,7.5,225,1,0,"[141.4, 42.23, 193.36, 104.03]",1,,frame_index_fps_fallback
-dxfTGcXJoc_0,7.6,228,1,0,"[140.91, 42.2, 193.35, 105.12]",1,,frame_index_fps_fallback
-dxfTGcXJoc_0,7.7,231,1,0,"[141.49, 42.33, 194.01, 106.83]",1,,frame_index_fps_fallback
-dxfTGcXJoc_0,7.8,234,1,0,"[140.9, 42.41, 193.48, 105.98]",1,,frame_index_fps_fallback
-dxfTGcXJoc_0,7.8999999999999995,237,1,0,"[140.9, 42.15, 193.51, 104.78]",1,,frame_index_fps_fallback
-dxfTGcXJoc_0,8.0,240,1,0,"[140.85, 42.14, 193.28, 104.74]",1,,frame_index_fps_fallback
-dxfTGcXJoc_0,8.1,243,1,0,"[140.62, 41.86, 193.3, 106.12]",1,,frame_index_fps_fallback
-dxfTGcXJoc_0,8.2,246,1,0,"[140.13, 41.44, 192.26, 105.19]",1,,frame_index_fps_fallback
-dxfTGcXJoc_0,8.3,249,1,0,"[139.85, 40.64, 192.56, 106.05]",1,,frame_index_fps_fallback
-dxfTGcXJoc_0,8.4,252,1,0,"[140.73, 41.16, 193.03, 108.63]",1,,frame_index_fps_fallback
-dxfTGcXJoc_0,8.5,255,1,0,"[140.74, 39.96, 193.34, 102.27]",1,,frame_index_fps_fallback
-dxfTGcXJoc_0,8.6,258,1,0,"[139.75, 41.6, 192.91, 103.3]",1,,frame_index_fps_fallback
-dxfTGcXJoc_0,8.7,261,1,0,"[140.23, 41.41, 192.83, 105.9]",1,,frame_index_fps_fallback
-dxfTGcXJoc_0,8.8,264,1,0,"[140.53, 41.25, 192.43, 105.19]",1,,frame_index_fps_fallback
-dxfTGcXJoc_0,8.9,267,1,0,"[139.65, 41.05, 192.67, 103.27]",1,,frame_index_fps_fallback
-dxfTGcXJoc_0,9.0,270,1,0,"[139.58, 41.18, 192.31, 104.45]",1,,frame_index_fps_fallback
-dxfTGcXJoc_0,9.1,273,1,0,"[139.56, 41.1, 192.0, 102.87]",1,,frame_index_fps_fallback
-dxfTGcXJoc_0,9.2,276,1,0,"[139.49, 41.52, 192.17, 104.46]",1,,frame_index_fps_fallback
-dxfTGcXJoc_0,9.3,279,1,0,"[138.92, 41.32, 192.25, 104.31]",1,,frame_index_fps_fallback
-dxfTGcXJoc_0,9.4,282,1,0,"[139.4, 40.45, 192.9, 102.77]",1,,frame_index_fps_fallback
-dxfTGcXJoc_0,9.5,285,1,0,"[139.73, 40.47, 192.43, 104.45]",1,,frame_index_fps_fallback
-dxfTGcXJoc_0,9.6,288,1,0,"[139.55, 40.85, 192.57, 104.84]",1,,frame_index_fps_fallback
-dxfTGcXJoc_0,9.7,291,1,0,"[139.42, 39.33, 192.91, 104.82]",1,,frame_index_fps_fallback
-dxfTGcXJoc_0,9.8,294,1,0,"[139.17, 40.0, 193.82, 105.01]",1,,frame_index_fps_fallback
-dxfTGcXJoc_0,9.9,297,1,0,"[141.39, 40.6, 194.08, 105.65]",1,,frame_index_fps_fallback
-dxfTGcXJoc_0,10.0,300,1,0,"[140.91, 37.91, 193.36, 100.11]",1,,frame_index_fps_fallback
-dxfTGcXJoc_0,10.1,303,1,0,"[141.24, 38.24, 193.12, 99.23]",1,,frame_index_fps_fallback
-dxfTGcXJoc_0,10.2,306,1,0,"[140.73, 37.84, 193.46, 100.74]",1,,frame_index_fps_fallback
-dxfTGcXJoc_0,10.3,309,1,0,"[140.28, 38.15, 193.44, 99.99]",1,,frame_index_fps_fallback
-dxfTGcXJoc_0,10.4,312,1,0,"[140.86, 40.17, 193.58, 101.93]",1,,frame_index_fps_fallback
-dxfTGcXJoc_0,10.5,315,1,0,"[140.6, 41.04, 194.01, 103.8]",1,,frame_index_fps_fallback
-dxfTGcXJoc_0,10.6,318,1,0,"[141.1, 41.58, 194.42, 106.1]",1,,frame_index_fps_fallback
-dxfTGcXJoc_0,10.7,321,1,0,"[142.41, 41.09, 194.72, 103.82]",1,,frame_index_fps_fallback
-dxfTGcXJoc_0,10.8,324,1,0,"[142.19, 40.06, 194.6, 102.72]",1,,frame_index_fps_fallback
-dxfTGcXJoc_0,10.9,327,1,0,"[142.28, 40.69, 194.49, 103.64]",1,,frame_index_fps_fallback
-dxfTGcXJoc_0,11.0,330,1,0,"[142.02, 42.0, 193.72, 107.13]",1,,frame_index_fps_fallback
-dxfTGcXJoc_0,11.1,333,1,0,"[141.06, 41.97, 193.79, 105.97]",1,,frame_index_fps_fallback
-dxfTGcXJoc_0,11.2,336,1,0,"[142.53, 42.58, 194.2, 104.11]",1,,frame_index_fps_fallback
-dxfTGcXJoc_0,11.3,339,1,0,"[143.05, 44.15, 193.96, 104.61]",1,,frame_index_fps_fallback
-dxfTGcXJoc_0,11.4,342,1,0,"[141.82, 42.73, 193.6, 102.99]",1,,frame_index_fps_fallback
-dxfTGcXJoc_0,11.5,345,1,0,"[141.28, 42.66, 194.11, 104.91]",1,,frame_index_fps_fallback
-dxfTGcXJoc_0,11.6,348,1,0,"[141.21, 41.37, 193.22, 103.4]",1,,frame_index_fps_fallback
-dxfTGcXJoc_0,11.7,351,1,0,"[141.45, 41.12, 193.78, 103.99]",1,,frame_index_fps_fallback
-dxfTGcXJoc_0,11.8,354,1,0,"[141.82, 40.86, 193.79, 103.25]",1,,frame_index_fps_fallback
-dxfTGcXJoc_0,11.9,357,1,0,"[142.02, 40.84, 193.93, 103.48]",1,,frame_index_fps_fallback
-dxfTGcXJoc_0,12.0,360,1,0,"[140.73, 39.4, 193.99, 103.53]",1,,frame_index_fps_fallback
-dxfTGcXJoc_0,12.1,363,1,0,"[139.18, 40.98, 191.55, 103.69]",1,,frame_index_fps_fallback
-dxfTGcXJoc_0,12.2,366,1,0,"[137.17, 38.62, 189.93, 105.65]",1,,frame_index_fps_fallback
-dxfTGcXJoc_0,12.3,369,1,0,"[136.41, 39.37, 188.34, 103.09]",1,,frame_index_fps_fallback
-dxfTGcXJoc_0,12.4,372,1,0,"[136.11, 39.98, 188.2, 103.14]",1,,frame_index_fps_fallback
-dxfTGcXJoc_0,12.5,375,1,0,"[135.98, 39.48, 188.47, 104.34]",1,,frame_index_fps_fallback
-dxfTGcXJoc_0,12.6,378,1,0,"[136.16, 40.17, 188.14, 103.01]",1,,frame_index_fps_fallback
-dxfTGcXJoc_0,12.7,381,1,0,"[135.31, 40.32, 188.24, 102.67]",1,,frame_index_fps_fallback
-dxfTGcXJoc_0,12.8,384,1,0,"[136.26, 40.94, 188.35, 105.49]",1,,frame_index_fps_fallback
-dxfTGcXJoc_0,12.9,387,1,0,"[136.54, 41.32, 188.81, 104.68]",1,,frame_index_fps_fallback
-dxfTGcXJoc_0,13.0,390,1,0,"[136.66, 41.31, 189.54, 103.84]",1,,frame_index_fps_fallback
-dxfTGcXJoc_0,13.1,393,1,0,"[137.52, 41.46, 189.65, 103.72]",1,,frame_index_fps_fallback
-dxfTGcXJoc_0,13.2,396,1,0,"[137.26, 41.66, 189.88, 103.93]",1,,frame_index_fps_fallback
-dxfTGcXJoc_0,13.299999999999999,399,1,0,"[137.59, 41.56, 190.24, 104.37]",1,,frame_index_fps_fallback
-dxfTGcXJoc_0,13.4,402,1,0,"[137.73, 41.85, 190.25, 104.58]",1,,frame_index_fps_fallback
-dxfTGcXJoc_0,13.5,405,1,0,"[136.95, 41.2, 190.48, 105.52]",1,,frame_index_fps_fallback
-dxfTGcXJoc_0,13.6,408,1,0,"[137.0, 40.9, 190.68, 105.67]",1,,frame_index_fps_fallback
-dxfTGcXJoc_0,13.7,411,1,0,"[137.13, 42.32, 190.1, 105.17]",1,,frame_index_fps_fallback
-dxfTGcXJoc_0,13.799999999999999,414,1,0,"[136.93, 40.98, 192.0, 104.25]",1,,frame_index_fps_fallback
-dxfTGcXJoc_0,13.9,417,1,0,"[140.2, 41.2, 194.17, 104.72]",1,,frame_index_fps_fallback
-dxfTGcXJoc_0,14.0,420,1,0,"[140.59, 41.08, 194.59, 104.83]",1,,frame_index_fps_fallback
-dxfTGcXJoc_0,14.1,423,1,0,"[141.55, 42.39, 194.3, 103.22]",1,,frame_index_fps_fallback
-dxfTGcXJoc_0,14.2,426,1,0,"[140.21, 42.08, 193.67, 103.76]",1,,frame_index_fps_fallback
-dxfTGcXJoc_0,14.299999999999999,429,1,0,"[140.65, 41.94, 193.57, 103.64]",1,,frame_index_fps_fallback
-dxfTGcXJoc_0,14.4,432,1,0,"[140.79, 41.78, 193.5, 102.76]",1,,frame_index_fps_fallback
-dxfTGcXJoc_0,14.5,435,1,0,"[141.32, 41.76, 192.68, 101.77]",1,,frame_index_fps_fallback
-dxfTGcXJoc_0,14.6,438,1,0,"[140.52, 43.34, 192.02, 103.38]",1,,frame_index_fps_fallback
-dxfTGcXJoc_0,14.7,441,1,0,"[140.43, 43.09, 192.15, 102.88]",1,,frame_index_fps_fallback
-dxfTGcXJoc_0,14.799999999999999,444,1,0,"[140.24, 43.5, 191.32, 102.58]",1,,frame_index_fps_fallback
-dxfTGcXJoc_0,14.9,447,1,0,"[138.62, 43.43, 191.84, 104.56]",1,,frame_index_fps_fallback
-dxfTGcXJoc_0,15.0,450,1,0,"[138.76, 43.18, 190.66, 103.25]",1,,frame_index_fps_fallback
-dxfTGcXJoc_0,15.1,453,1,0,"[135.65, 40.98, 189.12, 104.22]",1,,frame_index_fps_fallback
-dxfTGcXJoc_0,15.2,456,1,0,"[134.3, 41.14, 187.38, 102.63]",1,,frame_index_fps_fallback
-dxfTGcXJoc_0,15.299999999999999,459,1,0,"[132.32, 41.94, 185.58, 104.73]",1,,frame_index_fps_fallback
-dxfTGcXJoc_0,15.4,462,1,0,"[131.89, 42.66, 185.38, 105.3]",1,,frame_index_fps_fallback
-dxfTGcXJoc_0,15.5,465,1,0,"[131.1, 41.2, 184.87, 104.94]",1,,frame_index_fps_fallback
-dxfTGcXJoc_0,15.6,468,1,0,"[131.07, 39.08, 184.8, 103.02]",1,,frame_index_fps_fallback
-dxfTGcXJoc_0,15.7,471,1,0,"[130.81, 38.38, 184.18, 100.17]",1,,frame_index_fps_fallback
-dxfTGcXJoc_0,15.799999999999999,474,1,0,"[130.22, 37.61, 183.76, 100.6]",1,,frame_index_fps_fallback
-dxfTGcXJoc_0,15.9,477,1,0,"[130.13, 38.01, 183.19, 98.96]",1,,frame_index_fps_fallback
-dxfTGcXJoc_0,16.0,480,1,0,"[130.69, 38.58, 183.32, 100.32]",1,,frame_index_fps_fallback
-dxfTGcXJoc_0,16.1,483,1,0,"[130.7, 39.88, 184.0, 103.3]",1,,frame_index_fps_fallback
-dxfTGcXJoc_0,16.2,486,1,0,"[131.0, 40.17, 183.57, 101.86]",1,,frame_index_fps_fallback
-dxfTGcXJoc_0,16.3,489,1,0,"[131.01, 41.04, 183.9, 102.37]",1,,frame_index_fps_fallback
-dxfTGcXJoc_0,16.4,492,1,0,"[132.08, 42.65, 185.64, 108.67]",1,,frame_index_fps_fallback
-dxfTGcXJoc_0,16.5,495,1,0,"[131.85, 43.7, 185.41, 108.15]",1,,frame_index_fps_fallback
-dxfTGcXJoc_0,16.6,498,1,0,"[131.29, 43.94, 185.13, 107.64]",1,,frame_index_fps_fallback
-dxfTGcXJoc_0,16.7,501,1,0,"[131.25, 41.58, 186.25, 106.33]",1,,frame_index_fps_fallback
-dxfTGcXJoc_0,16.8,504,1,0,"[131.6, 40.76, 185.41, 104.05]",1,,frame_index_fps_fallback
-dxfTGcXJoc_0,16.9,507,1,0,"[131.86, 40.67, 185.46, 104.03]",1,,frame_index_fps_fallback
-dxfTGcXJoc_0,17.0,510,1,0,"[132.92, 41.06, 185.65, 103.29]",1,,frame_index_fps_fallback
-dxfTGcXJoc_0,17.1,513,1,0,"[133.19, 40.75, 186.71, 103.06]",1,,frame_index_fps_fallback
-dxfTGcXJoc_0,17.2,516,1,0,"[134.29, 41.03, 187.16, 102.96]",1,,frame_index_fps_fallback
-dxfTGcXJoc_0,17.3,519,1,0,"[134.23, 40.79, 187.28, 103.15]",1,,frame_index_fps_fallback
-dxfTGcXJoc_0,17.4,522,1,0,"[134.04, 40.11, 187.61, 103.24]",1,,frame_index_fps_fallback
-dxfTGcXJoc_0,17.5,525,1,0,"[134.91, 39.46, 188.48, 102.61]",1,,frame_index_fps_fallback
-dxfTGcXJoc_0,17.6,528,1,0,"[137.35, 39.82, 191.0, 103.29]",1,,frame_index_fps_fallback
-dxfTGcXJoc_0,17.7,531,1,0,"[139.38, 40.01, 194.01, 104.94]",1,,frame_index_fps_fallback
-dxfTGcXJoc_0,17.8,534,1,0,"[140.45, 38.6, 194.61, 104.08]",1,,frame_index_fps_fallback
-dxfTGcXJoc_0,17.9,537,1,0,"[141.14, 38.95, 194.99, 102.9]",1,,frame_index_fps_fallback
-dxfTGcXJoc_0,18.0,540,1,0,"[141.98, 40.91, 194.6, 102.56]",1,,frame_index_fps_fallback
-dxfTGcXJoc_0,18.1,543,1,0,"[140.28, 40.58, 193.87, 104.04]",1,,frame_index_fps_fallback
-dxfTGcXJoc_0,18.2,546,1,0,"[139.61, 41.67, 192.83, 102.69]",1,,frame_index_fps_fallback
-dxfTGcXJoc_0,18.3,549,1,0,"[137.86, 42.19, 191.19, 103.86]",1,,frame_index_fps_fallback
-dxfTGcXJoc_0,18.4,552,1,0,"[137.49, 41.93, 190.69, 103.11]",1,,frame_index_fps_fallback
-dxfTGcXJoc_0,18.5,555,1,0,"[137.46, 39.21, 190.49, 102.26]",1,,frame_index_fps_fallback
-dxfTGcXJoc_0,18.6,558,1,0,"[136.99, 39.32, 190.57, 102.07]",1,,frame_index_fps_fallback
-dxfTGcXJoc_0,18.7,561,1,0,"[136.59, 37.98, 189.44, 100.2]",1,,frame_index_fps_fallback
-dxfTGcXJoc_0,18.8,564,1,0,"[136.41, 38.45, 186.48, 95.73]",1,,frame_index_fps_fallback
-dxfTGcXJoc_0,18.9,567,1,0,"[134.02, 37.35, 184.52, 98.13]",1,,frame_index_fps_fallback
-dxfTGcXJoc_0,19.0,570,1,0,"[132.54, 38.47, 183.75, 100.37]",1,,frame_index_fps_fallback
-dxfTGcXJoc_0,19.1,573,1,0,"[132.28, 40.3, 184.86, 103.72]",1,,frame_index_fps_fallback
-dxfTGcXJoc_0,19.2,576,1,0,"[132.38, 42.51, 184.85, 104.27]",1,,frame_index_fps_fallback
-dxfTGcXJoc_0,19.3,579,1,0,"[133.14, 42.92, 185.21, 107.5]",1,,frame_index_fps_fallback
-dxfTGcXJoc_0,19.4,582,1,0,"[134.24, 43.71, 186.7, 107.36]",1,,frame_index_fps_fallback
-dxfTGcXJoc_0,19.5,585,1,0,"[133.63, 43.71, 186.91, 106.36]",1,,frame_index_fps_fallback
-dxfTGcXJoc_0,19.6,588,1,0,"[133.96, 43.81, 187.11, 106.19]",1,,frame_index_fps_fallback
-dxfTGcXJoc_0,19.7,591,1,0,"[133.88, 43.8, 187.11, 106.02]",1,,frame_index_fps_fallback
-dxfTGcXJoc_0,19.8,594,1,0,"[132.98, 43.65, 186.8, 106.42]",1,,frame_index_fps_fallback
-dxfTGcXJoc_0,19.9,597,1,0,"[132.7, 43.38, 186.66, 106.77]",1,,frame_index_fps_fallback
-dxfTGcXJoc_0,20.0,600,1,0,"[133.25, 43.34, 186.72, 106.84]",1,,frame_index_fps_fallback
-dxfTGcXJoc_0,20.1,603,1,0,"[133.69, 43.07, 186.62, 107.1]",1,,frame_index_fps_fallback
-dxfTGcXJoc_0,20.2,606,1,0,"[133.19, 43.16, 186.56, 107.07]",1,,frame_index_fps_fallback
-dxfTGcXJoc_0,20.3,609,1,0,"[132.63, 43.25, 185.87, 106.02]",1,,frame_index_fps_fallback
-dxfTGcXJoc_0,20.4,612,1,0,"[133.76, 43.23, 185.55, 104.13]",1,,frame_index_fps_fallback
-dxfTGcXJoc_2,0.0,0,1,0,"[128.33, 46.28, 201.75, 135.06]",1,,frame_index_fps_fallback
-dxfTGcXJoc_2,0.1,3,1,0,"[128.6, 46.14, 202.03, 135.33]",1,,frame_index_fps_fallback
-dxfTGcXJoc_2,0.2,6,1,0,"[128.41, 46.2, 201.95, 134.92]",1,,frame_index_fps_fallback
-dxfTGcXJoc_2,0.3,9,1,0,"[128.59, 46.53, 202.73, 136.1]",1,,frame_index_fps_fallback
-dxfTGcXJoc_2,0.4,12,1,0,"[127.11, 44.68, 200.56, 134.55]",1,,frame_index_fps_fallback
-dxfTGcXJoc_2,0.5,15,1,0,"[125.39, 42.22, 200.3, 133.22]",1,,frame_index_fps_fallback
-dxfTGcXJoc_2,0.6,18,1,0,"[125.77, 41.64, 198.95, 129.75]",1,,frame_index_fps_fallback
-dxfTGcXJoc_2,0.7,21,1,0,"[124.53, 42.78, 198.73, 129.08]",1,,frame_index_fps_fallback
-dxfTGcXJoc_2,0.8,24,1,0,"[125.37, 42.53, 198.21, 126.62]",1,,frame_index_fps_fallback
-dxfTGcXJoc_2,0.9,27,1,0,"[122.13, 41.85, 197.35, 130.58]",1,,frame_index_fps_fallback
-dxfTGcXJoc_2,1.0,30,1,0,"[124.73, 43.02, 198.39, 130.23]",1,,frame_index_fps_fallback
-dxfTGcXJoc_2,1.1,33,1,0,"[124.89, 42.99, 199.23, 129.36]",1,,frame_index_fps_fallback
-dxfTGcXJoc_2,1.2,36,1,0,"[126.34, 43.76, 200.09, 128.27]",1,,frame_index_fps_fallback
-dxfTGcXJoc_2,1.3,39,1,0,"[126.87, 44.74, 200.14, 134.19]",1,,frame_index_fps_fallback
-dxfTGcXJoc_2,1.4,42,1,0,"[126.77, 42.21, 200.94, 131.02]",1,,frame_index_fps_fallback
-dxfTGcXJoc_2,1.5,45,1,0,"[128.22, 43.57, 200.63, 130.66]",1,,frame_index_fps_fallback
-dxfTGcXJoc_2,1.6,48,1,0,"[129.28, 46.12, 201.75, 134.8]",1,,frame_index_fps_fallback
-dxfTGcXJoc_2,1.7,51,1,0,"[129.1, 44.46, 202.41, 134.29]",1,,frame_index_fps_fallback
-dxfTGcXJoc_2,1.8,54,1,0,"[129.24, 45.65, 202.18, 132.47]",1,,frame_index_fps_fallback
-dxfTGcXJoc_2,1.9,57,1,0,"[129.2, 44.35, 202.4, 131.14]",1,,frame_index_fps_fallback
-dxfTGcXJoc_2,2.0,60,1,0,"[128.44, 44.14, 202.38, 132.32]",1,,frame_index_fps_fallback
-dxfTGcXJoc_2,2.1,63,1,0,"[129.32, 43.46, 201.23, 130.87]",1,,frame_index_fps_fallback
-dxfTGcXJoc_2,2.2,66,1,0,"[129.17, 45.38, 201.68, 135.33]",1,,frame_index_fps_fallback
-dxfTGcXJoc_2,2.3,69,1,0,"[126.68, 44.04, 201.56, 139.64]",1,,frame_index_fps_fallback
-dxfTGcXJoc_2,2.4,72,1,0,"[128.71, 45.16, 202.06, 135.62]",1,,frame_index_fps_fallback
-dxfTGcXJoc_2,2.5,75,1,0,"[126.57, 46.49, 200.88, 133.19]",1,,frame_index_fps_fallback
-dxfTGcXJoc_2,2.6,78,1,0,"[125.19, 46.41, 198.95, 134.75]",1,,frame_index_fps_fallback
-dxfTGcXJoc_2,2.7,81,1,0,"[123.82, 45.91, 197.26, 133.36]",1,,frame_index_fps_fallback
-dxfTGcXJoc_2,2.8,84,1,0,"[124.27, 45.99, 197.54, 132.05]",1,,frame_index_fps_fallback
-dxfTGcXJoc_2,2.9,87,1,0,"[123.41, 46.59, 196.59, 133.3]",1,,frame_index_fps_fallback
-dxfTGcXJoc_2,3.0,90,1,0,"[122.91, 44.58, 196.98, 136.27]",1,,frame_index_fps_fallback
-dxfTGcXJoc_2,3.1,93,1,0,"[122.93, 44.67, 195.63, 132.7]",1,,frame_index_fps_fallback
-dxfTGcXJoc_2,3.2,96,1,0,"[122.25, 44.63, 195.58, 130.77]",1,,frame_index_fps_fallback
-dxfTGcXJoc_2,3.3,99,1,0,"[121.51, 43.98, 194.99, 130.13]",1,,frame_index_fps_fallback
-dxfTGcXJoc_2,3.4,102,1,0,"[121.75, 44.44, 195.23, 130.4]",1,,frame_index_fps_fallback
-dxfTGcXJoc_2,3.5,105,1,0,"[122.58, 45.5, 195.28, 130.03]",1,,frame_index_fps_fallback
-dxfTGcXJoc_2,3.6,108,1,0,"[122.33, 45.48, 195.22, 131.49]",1,,frame_index_fps_fallback
-dxfTGcXJoc_2,3.6999999999999997,111,1,0,"[124.0, 45.21, 197.39, 132.92]",1,,frame_index_fps_fallback
-dxfTGcXJoc_2,3.8,114,1,0,"[128.36, 48.74, 202.1, 136.23]",1,,frame_index_fps_fallback
-dxfTGcXJoc_2,3.9,117,1,0,"[130.4, 50.21, 203.52, 138.5]",1,,frame_index_fps_fallback
-dxfTGcXJoc_2,4.0,120,1,0,"[129.61, 47.37, 204.6, 138.08]",1,,frame_index_fps_fallback
-dxfTGcXJoc_2,4.1,123,1,0,"[129.97, 46.87, 204.4, 135.48]",1,,frame_index_fps_fallback
-dxfTGcXJoc_2,4.2,126,1,0,"[130.3, 46.58, 203.82, 135.08]",1,,frame_index_fps_fallback
-dxfTGcXJoc_2,4.3,129,1,0,"[129.97, 46.57, 202.89, 132.4]",1,,frame_index_fps_fallback
-dxfTGcXJoc_2,4.4,132,1,0,"[130.09, 46.65, 202.42, 132.78]",1,,frame_index_fps_fallback
-dxfTGcXJoc_2,4.5,135,1,0,"[128.51, 45.92, 202.67, 137.08]",1,,frame_index_fps_fallback
-dxfTGcXJoc_2,4.6,138,1,0,"[129.12, 46.69, 202.54, 136.35]",1,,frame_index_fps_fallback
-dxfTGcXJoc_2,4.7,141,1,0,"[129.08, 46.91, 202.56, 135.49]",1,,frame_index_fps_fallback
-dxfTGcXJoc_2,4.8,144,1,0,"[129.24, 47.11, 204.41, 138.21]",1,,frame_index_fps_fallback
-dxfTGcXJoc_2,4.9,147,1,0,"[130.86, 47.64, 204.78, 136.03]",1,,frame_index_fps_fallback
-dxfTGcXJoc_2,5.0,150,1,0,"[130.77, 46.76, 204.9, 134.39]",1,,frame_index_fps_fallback
-dxfTGcXJoc_2,5.1,153,1,0,"[130.52, 47.22, 204.45, 133.6]",1,,frame_index_fps_fallback
-dxfTGcXJoc_2,5.2,156,1,0,"[129.26, 47.24, 204.08, 135.43]",1,,frame_index_fps_fallback
-dxfTGcXJoc_2,5.3,159,1,0,"[128.4, 46.35, 203.68, 137.25]",1,,frame_index_fps_fallback
-dxfTGcXJoc_2,5.4,162,1,0,"[126.37, 46.55, 202.54, 134.62]",1,,frame_index_fps_fallback
-dxfTGcXJoc_2,5.5,165,1,0,"[128.38, 47.13, 202.19, 132.49]",1,,frame_index_fps_fallback
-dxfTGcXJoc_2,5.6,168,1,0,"[124.9, 45.69, 200.61, 134.15]",1,,frame_index_fps_fallback
-dxfTGcXJoc_2,5.7,171,1,0,"[125.1, 46.73, 199.29, 134.32]",1,,frame_index_fps_fallback
-dxfTGcXJoc_2,5.8,174,1,0,"[126.52, 47.57, 199.51, 133.15]",1,,frame_index_fps_fallback
-dxfTGcXJoc_2,5.9,177,1,0,"[126.45, 47.22, 199.39, 133.3]",1,,frame_index_fps_fallback
-dxfTGcXJoc_2,6.0,180,1,0,"[126.39, 46.32, 199.68, 133.67]",1,,frame_index_fps_fallback
-dxfTGcXJoc_2,6.1,183,1,0,"[125.14, 44.77, 199.28, 134.38]",1,,frame_index_fps_fallback
-dxfTGcXJoc_2,6.2,186,1,0,"[126.26, 43.82, 199.54, 129.82]",1,,frame_index_fps_fallback
-dxfTGcXJoc_2,6.3,189,1,0,"[125.59, 41.83, 199.57, 127.3]",1,,frame_index_fps_fallback
-dxfTGcXJoc_2,6.4,192,1,0,"[125.21, 38.06, 197.9, 119.81]",1,,frame_index_fps_fallback
-dxfTGcXJoc_2,6.5,195,1,0,"[122.7, 36.54, 197.69, 123.1]",1,,frame_index_fps_fallback
-dxfTGcXJoc_2,6.6,198,1,0,"[122.8, 36.81, 196.83, 120.65]",1,,frame_index_fps_fallback
-dxfTGcXJoc_2,6.7,201,1,0,"[122.47, 37.54, 196.05, 121.91]",1,,frame_index_fps_fallback
-dxfTGcXJoc_2,6.8,204,1,0,"[123.06, 38.91, 195.46, 120.25]",1,,frame_index_fps_fallback
-dxfTGcXJoc_2,6.8999999999999995,207,1,0,"[123.42, 41.05, 195.55, 124.81]",1,,frame_index_fps_fallback
-dxfTGcXJoc_2,7.0,210,1,0,"[123.0, 39.49, 195.12, 122.31]",1,,frame_index_fps_fallback
-dxfTGcXJoc_2,7.1,213,1,0,"[123.14, 40.28, 196.5, 126.62]",1,,frame_index_fps_fallback
-dxfTGcXJoc_2,7.2,216,1,0,"[122.61, 41.31, 195.34, 130.87]",1,,frame_index_fps_fallback
-dxfTGcXJoc_2,7.3,219,1,0,"[123.7, 43.57, 196.5, 132.19]",1,,frame_index_fps_fallback
-dxfTGcXJoc_2,7.3999999999999995,222,1,0,"[124.44, 44.5, 196.02, 130.52]",1,,frame_index_fps_fallback
-dxfTGcXJoc_2,7.5,225,1,0,"[123.72, 45.37, 195.91, 131.57]",1,,frame_index_fps_fallback
-dxfTGcXJoc_2,7.6,228,1,0,"[123.48, 45.04, 196.42, 130.85]",1,,frame_index_fps_fallback
-dxfTGcXJoc_2,7.7,231,1,0,"[123.31, 45.16, 195.61, 132.13]",1,,frame_index_fps_fallback
-dxfTGcXJoc_2,7.8,234,1,0,"[123.1, 44.1, 195.83, 133.08]",1,,frame_index_fps_fallback
-dxfTGcXJoc_2,7.8999999999999995,237,1,0,"[123.24, 43.53, 195.58, 131.79]",1,,frame_index_fps_fallback
-dxfTGcXJoc_2,8.0,240,1,0,"[127.15, 42.54, 201.98, 131.8]",1,,frame_index_fps_fallback
-dxfTGcXJoc_2,8.1,243,1,0,"[131.18, 44.73, 206.57, 136.96]",1,,frame_index_fps_fallback
-dxfTGcXJoc_2,8.2,246,1,0,"[133.66, 47.53, 209.88, 141.36]",1,,frame_index_fps_fallback
-dxfTGcXJoc_2,8.3,249,1,0,"[134.87, 47.07, 210.17, 135.28]",1,,frame_index_fps_fallback
-dxfTGcXJoc_2,8.4,252,1,0,"[134.16, 46.34, 208.06, 134.21]",1,,frame_index_fps_fallback
-dxfTGcXJoc_2,8.5,255,1,0,"[134.15, 46.21, 208.25, 133.16]",1,,frame_index_fps_fallback
-dxfTGcXJoc_2,8.6,258,1,0,"[133.59, 45.86, 208.45, 139.44]",1,,frame_index_fps_fallback
-dxfTGcXJoc_2,8.7,261,1,0,"[133.67, 45.36, 207.25, 136.23]",1,,frame_index_fps_fallback
-dxfTGcXJoc_2,8.8,264,1,0,"[134.0, 45.8, 208.64, 133.97]",1,,frame_index_fps_fallback
-dxfTGcXJoc_2,8.9,267,1,0,"[132.96, 44.01, 207.6, 135.27]",1,,frame_index_fps_fallback
-dxfTGcXJoc_2,9.0,270,1,0,"[133.3, 44.48, 206.82, 135.77]",1,,frame_index_fps_fallback
-dxfTGcXJoc_2,9.1,273,1,0,"[132.46, 43.97, 207.5, 129.79]",1,,frame_index_fps_fallback
-dxfTGcXJoc_2,9.2,276,1,0,"[132.74, 44.2, 207.62, 130.1]",1,,frame_index_fps_fallback
-dxfTGcXJoc_2,9.3,279,1,0,"[133.77, 44.06, 207.92, 130.62]",1,,frame_index_fps_fallback
-dxfTGcXJoc_2,9.4,282,1,0,"[134.04, 43.13, 207.51, 129.66]",1,,frame_index_fps_fallback
-dxfTGcXJoc_2,9.5,285,1,0,"[133.57, 44.23, 207.14, 132.32]",1,,frame_index_fps_fallback
-dxfTGcXJoc_2,9.6,288,1,0,"[133.47, 44.71, 207.02, 133.99]",1,,frame_index_fps_fallback
-dxfTGcXJoc_2,9.7,291,1,0,"[133.01, 45.58, 207.64, 134.93]",1,,frame_index_fps_fallback
-dxfTGcXJoc_2,9.8,294,1,0,"[133.47, 45.34, 208.43, 133.34]",1,,frame_index_fps_fallback
-dxfTGcXJoc_2,9.9,297,1,0,"[133.77, 45.55, 208.72, 133.01]",1,,frame_index_fps_fallback
-dxfTGcXJoc_2,10.0,300,1,0,"[134.43, 45.21, 208.0, 133.77]",1,,frame_index_fps_fallback
-dxfTGcXJoc_2,10.1,303,1,0,"[132.56, 44.0, 207.5, 133.15]",1,,frame_index_fps_fallback
-dxfTGcXJoc_2,10.2,306,1,0,"[133.8, 44.91, 207.59, 133.5]",1,,frame_index_fps_fallback
-dxfTGcXJoc_2,10.3,309,1,0,"[133.48, 44.76, 207.66, 133.05]",1,,frame_index_fps_fallback
-dxfTGcXJoc_2,10.4,312,1,0,"[133.94, 45.16, 207.59, 135.38]",1,,frame_index_fps_fallback
-dxfTGcXJoc_2,10.5,315,1,0,"[133.88, 45.8, 208.05, 136.86]",1,,frame_index_fps_fallback
-dxfTGcXJoc_2,10.6,318,1,0,"[134.76, 45.49, 207.78, 134.52]",1,,frame_index_fps_fallback
-dxfTGcXJoc_2,10.7,321,1,0,"[135.38, 45.87, 208.35, 132.54]",1,,frame_index_fps_fallback
-dxfTGcXJoc_2,10.8,324,1,0,"[135.02, 46.12, 207.97, 132.59]",1,,frame_index_fps_fallback
-dxfTGcXJoc_2,10.9,327,1,0,"[131.67, 44.03, 206.56, 138.08]",1,,frame_index_fps_fallback
-dxfTGcXJoc_2,11.0,330,1,0,"[130.4, 43.34, 205.03, 133.52]",1,,frame_index_fps_fallback
-dxfTGcXJoc_2,11.1,333,1,0,"[127.98, 44.86, 202.96, 133.04]",1,,frame_index_fps_fallback
-dxfTGcXJoc_2,11.2,336,1,0,"[126.7, 45.37, 200.1, 130.07]",1,,frame_index_fps_fallback
-dxfTGcXJoc_2,11.3,339,1,0,"[125.13, 45.48, 199.18, 133.51]",1,,frame_index_fps_fallback
-dxfTGcXJoc_2,11.4,342,1,0,"[123.99, 46.97, 198.73, 133.95]",1,,frame_index_fps_fallback
-dxfTGcXJoc_2,11.5,345,1,0,"[123.24, 48.43, 197.25, 137.24]",1,,frame_index_fps_fallback
-dxfTGcXJoc_2,11.6,348,1,0,"[122.63, 48.97, 197.08, 139.77]",1,,frame_index_fps_fallback
-dxfTGcXJoc_2,11.7,351,1,0,"[123.54, 49.28, 197.06, 136.92]",1,,frame_index_fps_fallback
-dxfTGcXJoc_2,11.8,354,1,0,"[123.01, 49.27, 197.11, 138.51]",1,,frame_index_fps_fallback
-dxfTGcXJoc_2,11.9,357,1,0,"[123.53, 48.97, 197.48, 137.06]",1,,frame_index_fps_fallback
-dxfTGcXJoc_2,12.0,360,1,0,"[123.98, 49.16, 197.3, 137.11]",1,,frame_index_fps_fallback
-dxfTGcXJoc_2,12.1,363,1,0,"[124.29, 48.65, 198.03, 138.76]",1,,frame_index_fps_fallback
-dxfTGcXJoc_2,12.2,366,1,0,"[124.14, 48.26, 198.21, 138.92]",1,,frame_index_fps_fallback
-dxfTGcXJoc_2,12.3,369,1,0,"[123.55, 47.35, 197.43, 139.32]",1,,frame_index_fps_fallback
-dxfTGcXJoc_2,12.4,372,1,0,"[123.87, 45.57, 199.27, 141.53]",1,,frame_index_fps_fallback
-dxfTGcXJoc_2,12.5,375,1,0,"[126.1, 46.89, 201.73, 137.62]",1,,frame_index_fps_fallback
-dxfTGcXJoc_2,12.6,378,1,0,"[126.51, 50.56, 202.16, 142.17]",1,,frame_index_fps_fallback
-dxfTGcXJoc_2,12.7,381,1,0,"[127.76, 53.82, 202.43, 143.12]",1,,frame_index_fps_fallback
-dxfTGcXJoc_2,12.8,384,1,0,"[126.78, 53.94, 202.06, 143.4]",1,,frame_index_fps_fallback
-dxfTGcXJoc_2,12.9,387,1,0,"[126.97, 49.28, 201.63, 140.21]",1,,frame_index_fps_fallback
-dxfTGcXJoc_2,13.0,390,1,0,"[124.79, 46.35, 200.98, 137.79]",1,,frame_index_fps_fallback
-dxfTGcXJoc_2,13.1,393,1,0,"[123.92, 48.02, 199.52, 137.36]",1,,frame_index_fps_fallback
-dxfTGcXJoc_2,13.2,396,1,0,"[122.12, 46.07, 196.61, 135.82]",1,,frame_index_fps_fallback
-dxfTGcXJoc_2,13.299999999999999,399,1,0,"[120.59, 44.26, 195.92, 137.13]",1,,frame_index_fps_fallback
-dxfTGcXJoc_2,13.4,402,1,0,"[120.91, 44.32, 194.24, 132.47]",1,,frame_index_fps_fallback
-dxfTGcXJoc_2,13.5,405,1,0,"[120.38, 42.71, 195.27, 132.23]",1,,frame_index_fps_fallback
-dxfTGcXJoc_2,13.6,408,1,0,"[119.56, 42.42, 193.82, 131.71]",1,,frame_index_fps_fallback
-dxfTGcXJoc_2,13.7,411,1,0,"[119.34, 42.84, 193.51, 129.84]",1,,frame_index_fps_fallback
-dxfTGcXJoc_2,13.799999999999999,414,1,0,"[119.8, 43.08, 194.05, 129.72]",1,,frame_index_fps_fallback
-dxfTGcXJoc_2,13.9,417,1,0,"[120.32, 43.82, 194.34, 131.0]",1,,frame_index_fps_fallback
-dxfTGcXJoc_2,14.0,420,1,0,"[120.9, 44.09, 195.1, 133.51]",1,,frame_index_fps_fallback
-dxfTGcXJoc_2,14.1,423,1,0,"[122.81, 41.83, 195.28, 129.25]",1,,frame_index_fps_fallback
-dxfTGcXJoc_2,14.2,426,1,0,"[122.92, 41.25, 196.83, 125.72]",1,,frame_index_fps_fallback
-dxfTGcXJoc_2,14.299999999999999,429,1,0,"[123.25, 40.73, 197.2, 130.19]",1,,frame_index_fps_fallback
-dxfTGcXJoc_2,14.4,432,1,0,"[124.17, 40.02, 197.49, 125.47]",1,,frame_index_fps_fallback
-dxfTGcXJoc_2,14.5,435,1,0,"[123.7, 40.65, 197.04, 127.08]",1,,frame_index_fps_fallback
-dxfTGcXJoc_2,14.6,438,1,0,"[125.0, 40.79, 198.23, 127.21]",1,,frame_index_fps_fallback
-dxfTGcXJoc_2,14.7,441,1,0,"[124.85, 44.13, 196.94, 131.0]",1,,frame_index_fps_fallback
-dxfTGcXJoc_2,14.799999999999999,444,1,0,"[124.49, 45.06, 197.87, 133.5]",1,,frame_index_fps_fallback
-dxfTGcXJoc_2,14.9,447,1,0,"[125.57, 44.24, 199.05, 133.33]",1,,frame_index_fps_fallback
-dxfTGcXJoc_2,15.0,450,1,0,"[125.54, 45.38, 198.74, 133.37]",1,,frame_index_fps_fallback
-dxfTGcXJoc_2,15.1,453,1,0,"[126.21, 46.39, 198.79, 134.71]",1,,frame_index_fps_fallback
-dxfTGcXJoc_2,15.2,456,1,0,"[125.65, 46.87, 199.71, 138.34]",1,,frame_index_fps_fallback
-dxfTGcXJoc_2,15.299999999999999,459,1,0,"[125.84, 47.03, 199.92, 135.28]",1,,frame_index_fps_fallback
-dxfTGcXJoc_2,15.4,462,1,0,"[127.68, 49.03, 202.17, 137.46]",1,,frame_index_fps_fallback
-dxfTGcXJoc_2,15.5,465,1,0,"[127.98, 50.36, 202.46, 139.82]",1,,frame_index_fps_fallback
-dxfTGcXJoc_2,15.6,468,1,0,"[128.74, 51.61, 203.18, 141.08]",1,,frame_index_fps_fallback
-dxfTGcXJoc_2,15.7,471,1,0,"[129.57, 50.41, 203.73, 138.88]",1,,frame_index_fps_fallback
-dxfTGcXJoc_2,15.799999999999999,474,1,0,"[129.17, 49.8, 204.27, 136.8]",1,,frame_index_fps_fallback
-dxfTGcXJoc_2,15.9,477,1,0,"[129.95, 49.32, 204.74, 137.23]",1,,frame_index_fps_fallback
-dxfTGcXJoc_2,16.0,480,1,0,"[130.6, 48.92, 204.4, 137.18]",1,,frame_index_fps_fallback
-dxfTGcXJoc_2,16.1,483,1,0,"[129.27, 48.95, 203.67, 138.53]",1,,frame_index_fps_fallback
-dxfTGcXJoc_2,16.2,486,1,0,"[128.41, 49.11, 203.35, 138.51]",1,,frame_index_fps_fallback
-dxfTGcXJoc_2,16.3,489,1,0,"[128.32, 48.71, 202.74, 138.95]",1,,frame_index_fps_fallback
-dxfTGcXJoc_2,16.4,492,1,0,"[128.62, 48.02, 202.99, 138.37]",1,,frame_index_fps_fallback
-dxfTGcXJoc_2,16.5,495,1,0,"[129.8, 47.3, 202.94, 138.31]",1,,frame_index_fps_fallback
-dxfTGcXJoc_2,16.6,498,1,0,"[130.86, 47.35, 204.15, 137.22]",1,,frame_index_fps_fallback
-dxfTGcXJoc_6,0.0,0,1,0,"[130.57, 41.53, 186.65, 108.22]",1,,frame_index_fps_fallback
-dxfTGcXJoc_6,0.1,3,1,0,"[130.41, 41.86, 187.19, 108.3]",1,,frame_index_fps_fallback
-dxfTGcXJoc_6,0.2,6,1,0,"[130.21, 41.73, 187.11, 108.2]",1,,frame_index_fps_fallback
-dxfTGcXJoc_6,0.3,9,1,0,"[129.61, 42.49, 186.65, 109.58]",1,,frame_index_fps_fallback
-dxfTGcXJoc_6,0.4,12,1,0,"[129.41, 44.25, 187.13, 110.81]",1,,frame_index_fps_fallback
-dxfTGcXJoc_6,0.5,15,1,0,"[128.96, 44.84, 187.34, 113.19]",1,,frame_index_fps_fallback
-dxfTGcXJoc_6,0.6,18,1,0,"[129.38, 43.96, 186.65, 111.35]",1,,frame_index_fps_fallback
-dxfTGcXJoc_6,0.7,21,1,0,"[129.48, 43.63, 187.1, 110.59]",1,,frame_index_fps_fallback
-dxfTGcXJoc_6,0.8,24,1,0,"[130.0, 42.71, 186.79, 109.67]",1,,frame_index_fps_fallback
-dxfTGcXJoc_6,0.9,27,1,0,"[129.69, 42.79, 186.58, 109.85]",1,,frame_index_fps_fallback
-dxfTGcXJoc_6,1.0,30,1,0,"[129.67, 42.7, 188.05, 109.68]",1,,frame_index_fps_fallback
-dxfTGcXJoc_6,1.1,33,1,0,"[131.0, 42.36, 188.58, 109.64]",1,,frame_index_fps_fallback
-dxfTGcXJoc_6,1.2,36,1,0,"[131.27, 42.55, 188.41, 109.65]",1,,frame_index_fps_fallback
-dxfTGcXJoc_6,1.3,39,1,0,"[131.52, 42.0, 187.39, 109.35]",1,,frame_index_fps_fallback
-dxfTGcXJoc_6,1.4,42,1,0,"[130.15, 41.42, 187.39, 109.99]",1,,frame_index_fps_fallback
-dxfTGcXJoc_6,1.5,45,1,0,"[130.65, 41.5, 187.99, 108.44]",1,,frame_index_fps_fallback
-dxfTGcXJoc_6,1.6,48,1,0,"[130.54, 41.12, 188.36, 109.49]",1,,frame_index_fps_fallback
-dxfTGcXJoc_6,1.7,51,1,0,"[131.09, 40.29, 187.79, 109.47]",1,,frame_index_fps_fallback
-dxfTGcXJoc_6,1.8,54,1,0,"[130.67, 40.09, 187.32, 108.87]",1,,frame_index_fps_fallback
-dxfTGcXJoc_6,1.9,57,1,0,"[131.88, 41.0, 187.52, 108.25]",1,,frame_index_fps_fallback
-dxfTGcXJoc_6,2.0,60,1,0,"[133.36, 41.43, 189.83, 108.5]",1,,frame_index_fps_fallback
-dxfTGcXJoc_6,2.1,63,1,0,"[133.14, 42.02, 190.43, 111.93]",1,,frame_index_fps_fallback
-dxfTGcXJoc_6,2.2,66,1,0,"[134.25, 40.73, 192.1, 112.22]",1,,frame_index_fps_fallback
-dxfTGcXJoc_6,2.3,69,1,0,"[135.96, 41.25, 192.71, 108.7]",1,,frame_index_fps_fallback
-dxfTGcXJoc_6,2.4,72,1,0,"[135.85, 40.73, 193.09, 108.6]",1,,frame_index_fps_fallback
-dxfTGcXJoc_6,2.5,75,1,0,"[135.08, 40.57, 192.67, 109.0]",1,,frame_index_fps_fallback
-dxfTGcXJoc_6,2.6,78,1,0,"[135.97, 40.91, 193.4, 108.56]",1,,frame_index_fps_fallback
-dxfTGcXJoc_6,2.7,81,1,0,"[135.33, 40.82, 193.21, 110.52]",1,,frame_index_fps_fallback
-dxfTGcXJoc_6,2.8,84,1,0,"[135.47, 41.29, 192.35, 109.17]",1,,frame_index_fps_fallback
-dxfTGcXJoc_6,2.9,87,1,0,"[135.96, 40.34, 192.76, 107.47]",1,,frame_index_fps_fallback
-dxfTGcXJoc_6,3.0,90,1,0,"[136.17, 40.93, 192.55, 107.18]",1,,frame_index_fps_fallback
-dxfTGcXJoc_6,3.1,93,1,0,"[136.02, 40.64, 192.41, 106.79]",1,,frame_index_fps_fallback
-dxfTGcXJoc_6,3.2,96,1,0,"[135.21, 40.53, 192.07, 107.75]",1,,frame_index_fps_fallback
-dxfTGcXJoc_6,3.3,99,1,0,"[134.76, 41.8, 191.93, 109.83]",1,,frame_index_fps_fallback
-dxfTGcXJoc_6,3.4,102,1,0,"[135.92, 41.56, 192.01, 106.6]",1,,frame_index_fps_fallback
-dxfTGcXJoc_6,3.5,105,1,0,"[135.8, 41.86, 191.79, 105.71]",1,,frame_index_fps_fallback
-dxfTGcXJoc_6,3.6,108,1,0,"[135.97, 42.22, 190.85, 105.43]",1,,frame_index_fps_fallback
-dxfTGcXJoc_6,3.6999999999999997,111,1,0,"[134.56, 42.02, 191.16, 106.83]",1,,frame_index_fps_fallback
-dxfTGcXJoc_6,3.8,114,1,0,"[133.9, 41.12, 190.5, 106.37]",1,,frame_index_fps_fallback
-dxfTGcXJoc_6,3.9,117,1,0,"[132.37, 42.83, 189.35, 109.93]",1,,frame_index_fps_fallback
-dxfTGcXJoc_6,4.0,120,1,0,"[131.26, 42.55, 187.67, 108.79]",1,,frame_index_fps_fallback
-dxfTGcXJoc_6,4.1,123,1,0,"[130.22, 41.59, 187.63, 110.14]",1,,frame_index_fps_fallback
-dxfTGcXJoc_6,4.2,126,1,0,"[129.76, 41.47, 185.49, 108.17]",1,,frame_index_fps_fallback
-dxfTGcXJoc_6,4.3,129,1,0,"[129.62, 39.91, 186.23, 109.44]",1,,frame_index_fps_fallback
-dxfTGcXJoc_6,4.4,132,1,0,"[129.56, 39.56, 186.56, 109.27]",1,,frame_index_fps_fallback
-dxfTGcXJoc_6,4.5,135,1,0,"[129.9, 39.23, 187.43, 108.73]",1,,frame_index_fps_fallback
-dxfTGcXJoc_6,4.6,138,1,0,"[130.09, 39.61, 187.57, 108.62]",1,,frame_index_fps_fallback
-dxfTGcXJoc_6,4.7,141,1,0,"[131.58, 40.21, 187.88, 106.57]",1,,frame_index_fps_fallback
-dxfTGcXJoc_6,4.8,144,1,0,"[133.12, 42.43, 189.59, 105.86]",1,,frame_index_fps_fallback
-dxfTGcXJoc_6,4.9,147,1,0,"[134.7, 42.38, 191.66, 107.7]",1,,frame_index_fps_fallback
-dxfTGcXJoc_6,5.0,150,1,0,"[135.03, 41.78, 193.77, 108.11]",1,,frame_index_fps_fallback
-dxfTGcXJoc_6,5.1,153,1,0,"[134.75, 42.47, 194.0, 110.74]",1,,frame_index_fps_fallback
-dxfTGcXJoc_6,5.2,156,1,0,"[134.28, 41.5, 193.26, 112.97]",1,,frame_index_fps_fallback
-dxfTGcXJoc_6,5.3,159,1,0,"[134.68, 41.75, 192.31, 106.7]",1,,frame_index_fps_fallback
-dxfTGcXJoc_6,5.4,162,1,0,"[133.86, 41.02, 192.19, 108.87]",1,,frame_index_fps_fallback
-dxfTGcXJoc_6,5.5,165,1,0,"[134.42, 41.7, 192.17, 108.88]",1,,frame_index_fps_fallback
-dxfTGcXJoc_6,5.6,168,1,0,"[133.84, 41.8, 191.29, 107.2]",1,,frame_index_fps_fallback
-dxfTGcXJoc_6,5.7,171,1,0,"[134.45, 41.92, 191.58, 109.62]",1,,frame_index_fps_fallback
-dxfTGcXJoc_6,5.8,174,1,0,"[134.09, 41.87, 191.03, 110.01]",1,,frame_index_fps_fallback
-dxfTGcXJoc_6,5.9,177,1,0,"[133.71, 42.15, 190.39, 110.07]",1,,frame_index_fps_fallback
-dxfTGcXJoc_6,6.0,180,1,0,"[134.63, 42.24, 190.72, 109.02]",1,,frame_index_fps_fallback
-dxfTGcXJoc_6,6.1,183,1,0,"[133.58, 41.84, 190.46, 108.13]",1,,frame_index_fps_fallback
-dxfTGcXJoc_6,6.2,186,1,0,"[133.38, 42.02, 189.92, 111.88]",1,,frame_index_fps_fallback
-dxfTGcXJoc_6,6.3,189,1,0,"[134.19, 41.39, 190.1, 108.61]",1,,frame_index_fps_fallback
-dxfTGcXJoc_6,6.4,192,1,0,"[133.02, 41.12, 189.91, 109.57]",1,,frame_index_fps_fallback
-dxfTGcXJoc_6,6.5,195,1,0,"[133.75, 41.4, 190.0, 108.09]",1,,frame_index_fps_fallback
-dxfTGcXJoc_6,6.6,198,1,0,"[133.16, 41.75, 189.46, 109.0]",1,,frame_index_fps_fallback
-dxfTGcXJoc_6,6.7,201,1,0,"[132.35, 42.28, 188.64, 111.56]",1,,frame_index_fps_fallback
-dxfTGcXJoc_6,6.8,204,1,0,"[131.15, 42.53, 188.59, 111.75]",1,,frame_index_fps_fallback
-dxfTGcXJoc_6,6.8999999999999995,207,1,0,"[130.47, 42.31, 187.44, 108.18]",1,,frame_index_fps_fallback
-dxfTGcXJoc_6,7.0,210,1,0,"[130.55, 41.35, 185.97, 109.16]",1,,frame_index_fps_fallback
-dxfTGcXJoc_6,7.1,213,1,0,"[129.12, 42.02, 186.35, 113.35]",1,,frame_index_fps_fallback
-dxfTGcXJoc_6,7.2,216,1,0,"[128.52, 42.87, 185.73, 113.57]",1,,frame_index_fps_fallback
-dxfTGcXJoc_6,7.3,219,1,0,"[127.16, 43.27, 185.29, 112.27]",1,,frame_index_fps_fallback
-dxfTGcXJoc_6,7.3999999999999995,222,1,0,"[127.65, 43.44, 184.53, 112.0]",1,,frame_index_fps_fallback
-dxfTGcXJoc_6,7.5,225,1,0,"[127.76, 43.74, 184.68, 112.81]",1,,frame_index_fps_fallback
-dxfTGcXJoc_6,7.6,228,1,0,"[127.17, 43.03, 184.91, 112.37]",1,,frame_index_fps_fallback
-dxfTGcXJoc_6,7.7,231,1,0,"[127.83, 43.27, 185.19, 112.59]",1,,frame_index_fps_fallback
-dxfTGcXJoc_6,7.8,234,1,0,"[128.81, 43.54, 184.32, 109.64]",1,,frame_index_fps_fallback
-dxfTGcXJoc_6,7.8999999999999995,237,1,0,"[128.14, 43.45, 183.86, 111.32]",1,,frame_index_fps_fallback
-dxfTGcXJoc_6,8.0,240,1,0,"[128.39, 42.77, 184.92, 110.23]",1,,frame_index_fps_fallback
-dxfTGcXJoc_6,8.1,243,1,0,"[128.86, 43.14, 185.18, 110.16]",1,,frame_index_fps_fallback
-dxfTGcXJoc_6,8.2,246,1,0,"[128.39, 42.58, 185.52, 111.5]",1,,frame_index_fps_fallback
-dxfTGcXJoc_6,8.3,249,1,0,"[129.22, 43.53, 185.79, 111.59]",1,,frame_index_fps_fallback
-dxfTGcXJoc_6,8.4,252,1,0,"[129.85, 42.87, 185.85, 110.05]",1,,frame_index_fps_fallback
-dxfTGcXJoc_6,8.5,255,1,0,"[130.39, 42.67, 186.32, 110.22]",1,,frame_index_fps_fallback
-dxfTGcXJoc_6,8.6,258,1,0,"[129.8, 42.53, 185.56, 109.72]",1,,frame_index_fps_fallback
-dxfTGcXJoc_6,8.7,261,1,0,"[130.06, 42.29, 185.67, 109.47]",1,,frame_index_fps_fallback
-dxfTGcXJoc_6,8.8,264,1,0,"[129.65, 42.23, 184.8, 108.98]",1,,frame_index_fps_fallback
-dxfTGcXJoc_6,8.9,267,1,0,"[129.48, 42.61, 184.62, 108.87]",1,,frame_index_fps_fallback
-dxfTGcXJoc_6,9.0,270,1,0,"[129.32, 41.24, 184.57, 106.99]",1,,frame_index_fps_fallback
-dxfTGcXJoc_6,9.1,273,1,0,"[129.18, 41.09, 185.14, 107.56]",1,,frame_index_fps_fallback
-dxfTGcXJoc_6,9.2,276,1,0,"[128.41, 40.05, 185.02, 108.52]",1,,frame_index_fps_fallback
-dxfTGcXJoc_6,9.3,279,1,0,"[129.55, 41.29, 184.51, 110.29]",1,,frame_index_fps_fallback
-dxfTGcXJoc_6,9.4,282,1,0,"[129.15, 44.28, 184.74, 110.96]",1,,frame_index_fps_fallback
-dxfTGcXJoc_6,9.5,285,1,0,"[128.8, 44.47, 185.31, 112.28]",1,,frame_index_fps_fallback
-dxfTGcXJoc_6,9.6,288,1,0,"[128.99, 40.34, 184.68, 107.52]",1,,frame_index_fps_fallback
-dxfTGcXJoc_6,9.7,291,1,0,"[128.56, 38.94, 184.3, 104.78]",1,,frame_index_fps_fallback
-dxfTGcXJoc_6,9.8,294,1,0,"[128.0, 39.68, 184.04, 109.37]",1,,frame_index_fps_fallback
-dxfTGcXJoc_6,9.9,297,1,0,"[128.87, 39.32, 185.27, 109.15]",1,,frame_index_fps_fallback
-dxfTGcXJoc_6,10.0,300,1,0,"[128.34, 39.44, 183.51, 105.41]",1,,frame_index_fps_fallback
-dxfTGcXJoc_6,10.1,303,1,0,"[128.13, 39.47, 183.76, 105.49]",1,,frame_index_fps_fallback
-dxfTGcXJoc_6,10.2,306,1,0,"[128.84, 40.1, 183.9, 105.66]",1,,frame_index_fps_fallback
-dxfTGcXJoc_6,10.3,309,1,0,"[128.89, 40.39, 184.07, 107.67]",1,,frame_index_fps_fallback
-dxfTGcXJoc_6,10.4,312,1,0,"[128.5, 40.27, 185.07, 111.12]",1,,frame_index_fps_fallback
-dxfTGcXJoc_6,10.5,315,1,0,"[129.31, 42.44, 186.14, 112.71]",1,,frame_index_fps_fallback
-dxfTGcXJoc_6,10.6,318,1,0,"[129.85, 41.02, 184.82, 108.29]",1,,frame_index_fps_fallback
-dxfTGcXJoc_6,10.7,321,1,0,"[129.89, 40.59, 185.03, 107.96]",1,,frame_index_fps_fallback
-dxfTGcXJoc_6,10.8,324,1,0,"[129.1, 41.82, 183.89, 107.32]",1,,frame_index_fps_fallback
-dxfTGcXJoc_6,10.9,327,1,0,"[128.25, 40.96, 184.85, 107.46]",1,,frame_index_fps_fallback
-dxfTGcXJoc_6,11.0,330,1,0,"[128.06, 40.06, 185.16, 109.62]",1,,frame_index_fps_fallback
-dxfTGcXJoc_6,11.1,333,1,0,"[127.33, 41.08, 183.59, 106.95]",1,,frame_index_fps_fallback
-dxfTGcXJoc_6,11.2,336,1,0,"[127.9, 41.17, 183.6, 107.05]",1,,frame_index_fps_fallback
-dxfTGcXJoc_6,11.3,339,1,0,"[127.14, 40.58, 182.96, 104.61]",1,,frame_index_fps_fallback
-dxfTGcXJoc_6,11.4,342,1,0,"[127.57, 39.93, 183.38, 106.49]",1,,frame_index_fps_fallback
-dxfTGcXJoc_6,11.5,345,1,0,"[127.17, 38.41, 182.72, 103.79]",1,,frame_index_fps_fallback
-dxfTGcXJoc_6,11.6,348,1,0,"[126.55, 39.43, 182.45, 105.16]",1,,frame_index_fps_fallback
-dxfTGcXJoc_6,11.7,351,1,0,"[126.95, 41.28, 183.89, 108.93]",1,,frame_index_fps_fallback
-dxfTGcXJoc_6,11.8,354,1,0,"[127.77, 41.43, 184.0, 107.9]",1,,frame_index_fps_fallback
-dxfTGcXJoc_6,11.9,357,1,0,"[128.2, 40.99, 184.4, 107.97]",1,,frame_index_fps_fallback
-dxfTGcXJoc_6,12.0,360,1,0,"[128.65, 41.03, 184.31, 107.66]",1,,frame_index_fps_fallback
-dxfTGcXJoc_6,12.1,363,1,0,"[128.92, 40.97, 184.71, 107.48]",1,,frame_index_fps_fallback
-dxfTGcXJoc_6,12.2,366,1,0,"[129.03, 40.92, 184.67, 107.4]",1,,frame_index_fps_fallback
-dxfTGcXJoc_6,12.3,369,1,0,"[129.07, 40.92, 184.79, 107.58]",1,,frame_index_fps_fallback
-dxfTGcXJoc_6,12.4,372,1,0,"[128.94, 40.8, 184.37, 107.8]",1,,frame_index_fps_fallback
-dxfTGcXJoc_6,12.5,375,1,0,"[123.65, 54.09, 198.33, 144.31]",1,,frame_index_fps_fallback
-dxfTGcXJoc_6,12.6,378,1,0,"[123.58, 54.19, 198.52, 144.36]",1,,frame_index_fps_fallback
-dxfTGcXJoc_6,12.7,380,1,0,"[123.14, 54.39, 198.17, 144.26]",1,,frame_index_fps_fallback
-egA8-b7-3M_26,0.0,0,1,0,"[353.37, 86.31, 452.43, 203.08]",1,,frame_index_fps_fallback
-egA8-b7-3M_26,0.1,3,1,0,"[354.28, 85.72, 453.43, 203.88]",1,,frame_index_fps_fallback
-egA8-b7-3M_26,0.2,6,1,0,"[350.93, 84.0, 452.38, 202.38]",1,,frame_index_fps_fallback
-egA8-b7-3M_26,0.3,9,1,0,"[349.17, 84.56, 449.14, 201.67]",1,,frame_index_fps_fallback
-egA8-b7-3M_26,0.4,12,1,0,"[345.97, 85.3, 444.24, 200.19]",1,,frame_index_fps_fallback
-egA8-b7-3M_26,0.5,15,1,0,"[343.48, 85.23, 437.77, 199.4]",1,,frame_index_fps_fallback
-egA8-b7-3M_26,0.6,18,1,0,"[339.13, 84.52, 440.01, 200.75]",1,,frame_index_fps_fallback
-egA8-b7-3M_26,0.7,21,1,0,"[338.93, 84.28, 438.86, 203.14]",1,,frame_index_fps_fallback
-egA8-b7-3M_26,0.8,24,1,0,"[339.94, 84.59, 439.38, 201.88]",1,,frame_index_fps_fallback
-egA8-b7-3M_26,0.9,27,1,0,"[339.54, 83.44, 441.99, 200.34]",1,,frame_index_fps_fallback
-egA8-b7-3M_26,1.0,30,1,0,"[339.71, 84.47, 441.49, 198.61]",1,,frame_index_fps_fallback
-egA8-b7-3M_26,1.1,33,1,0,"[341.44, 84.24, 439.57, 199.3]",1,,frame_index_fps_fallback
-egA8-b7-3M_26,1.2,36,1,0,"[341.28, 84.42, 439.91, 200.91]",1,,frame_index_fps_fallback
-egA8-b7-3M_26,1.3,39,1,0,"[341.88, 83.84, 441.42, 201.66]",1,,frame_index_fps_fallback
-egA8-b7-3M_26,1.4,42,1,0,"[340.97, 84.12, 441.86, 200.88]",1,,frame_index_fps_fallback
-egA8-b7-3M_26,1.5,45,1,0,"[340.83, 85.03, 440.55, 202.02]",1,,frame_index_fps_fallback
-egA8-b7-3M_26,1.6,48,1,0,"[340.65, 85.94, 439.9, 203.17]",1,,frame_index_fps_fallback
-egA8-b7-3M_26,1.7,51,1,0,"[340.63, 86.12, 439.18, 201.01]",1,,frame_index_fps_fallback
-egA8-b7-3M_26,1.8,54,1,0,"[342.03, 86.37, 439.37, 203.09]",1,,frame_index_fps_fallback
-egA8-b7-3M_26,1.9,57,1,0,"[344.32, 87.16, 439.94, 200.67]",1,,frame_index_fps_fallback
-egA8-b7-3M_26,2.0,60,1,0,"[344.78, 86.99, 440.38, 202.74]",1,,frame_index_fps_fallback
-egA8-b7-3M_26,2.1,63,1,0,"[343.94, 89.05, 441.89, 204.69]",1,,frame_index_fps_fallback
-egA8-b7-3M_26,2.2,66,1,0,"[344.61, 86.08, 442.49, 204.08]",1,,frame_index_fps_fallback
-egA8-b7-3M_26,2.3,69,1,0,"[344.01, 85.44, 444.2, 203.35]",1,,frame_index_fps_fallback
-egA8-b7-3M_26,2.4,72,1,0,"[342.9, 89.76, 443.72, 204.01]",1,,frame_index_fps_fallback
-egA8-b7-3M_26,2.5,75,1,0,"[342.89, 88.99, 444.98, 203.44]",1,,frame_index_fps_fallback
-egA8-b7-3M_26,2.6,78,1,0,"[342.65, 86.68, 444.86, 202.1]",1,,frame_index_fps_fallback
-egA8-b7-3M_26,2.7,81,1,0,"[342.8, 90.3, 442.51, 200.13]",1,,frame_index_fps_fallback
-egA8-b7-3M_26,2.8,84,1,0,"[344.41, 90.2, 442.51, 199.0]",1,,frame_index_fps_fallback
-egA8-b7-3M_26,2.9,87,1,0,"[346.64, 85.67, 445.79, 198.87]",1,,frame_index_fps_fallback
-egA8-b7-3M_26,3.0,90,1,0,"[347.6, 80.72, 446.59, 197.16]",1,,frame_index_fps_fallback
-egA8-b7-3M_26,3.1,93,1,0,"[345.68, 80.41, 445.53, 196.24]",1,,frame_index_fps_fallback
-egA8-b7-3M_26,3.2,96,1,0,"[349.47, 80.79, 448.7, 198.57]",1,,frame_index_fps_fallback
-egA8-b7-3M_26,3.3,99,1,0,"[350.14, 82.53, 449.61, 200.22]",1,,frame_index_fps_fallback
-egA8-b7-3M_26,3.4,102,1,0,"[350.56, 81.96, 449.69, 199.3]",1,,frame_index_fps_fallback
-egA8-b7-3M_26,3.5,105,1,0,"[348.28, 84.98, 449.24, 201.17]",1,,frame_index_fps_fallback
-egA8-b7-3M_26,3.6,108,1,0,"[348.67, 85.87, 448.66, 206.74]",1,,frame_index_fps_fallback
-egA8-b7-3M_26,3.6999999999999997,111,1,0,"[348.29, 85.42, 449.21, 208.04]",1,,frame_index_fps_fallback
-egA8-b7-3M_26,3.8,114,1,0,"[350.44, 87.46, 449.14, 205.11]",1,,frame_index_fps_fallback
-egA8-b7-3M_26,3.9,117,1,0,"[348.95, 87.94, 447.81, 204.47]",1,,frame_index_fps_fallback
-egA8-b7-3M_26,4.0,120,1,0,"[349.33, 88.92, 449.34, 207.28]",1,,frame_index_fps_fallback
-egA8-b7-3M_26,4.1,123,1,0,"[349.49, 89.38, 448.22, 207.08]",1,,frame_index_fps_fallback
-egA8-b7-3M_26,4.2,126,1,0,"[347.03, 92.07, 446.37, 210.25]",1,,frame_index_fps_fallback
-egA8-b7-3M_26,4.3,129,1,0,"[346.23, 93.22, 443.02, 210.43]",1,,frame_index_fps_fallback
-egA8-b7-3M_26,4.4,132,1,0,"[342.36, 93.73, 440.85, 211.15]",1,,frame_index_fps_fallback
-egA8-b7-3M_26,4.5,135,1,0,"[338.16, 93.72, 436.2, 209.98]",1,,frame_index_fps_fallback
-egA8-b7-3M_26,4.6,138,1,0,"[337.29, 92.16, 434.6, 207.77]",1,,frame_index_fps_fallback
-egA8-b7-3M_26,4.7,141,1,0,"[335.79, 92.58, 434.05, 210.15]",1,,frame_index_fps_fallback
-egA8-b7-3M_26,4.8,144,1,0,"[335.9, 92.46, 434.26, 210.28]",1,,frame_index_fps_fallback
-egA8-b7-3M_26,4.9,147,1,0,"[336.03, 93.34, 435.88, 209.41]",1,,frame_index_fps_fallback
-egA8-b7-3M_26,5.0,150,1,0,"[337.67, 92.76, 436.02, 209.37]",1,,frame_index_fps_fallback
-egA8-b7-3M_26,5.1,153,1,0,"[339.99, 91.32, 439.08, 208.89]",1,,frame_index_fps_fallback
-egA8-b7-3M_26,5.2,156,1,0,"[342.19, 92.82, 442.99, 210.0]",1,,frame_index_fps_fallback
-egA8-b7-3M_26,5.3,159,1,0,"[346.54, 91.97, 445.64, 206.98]",1,,frame_index_fps_fallback
-egA8-b7-3M_26,5.4,162,1,0,"[347.57, 91.14, 448.7, 204.66]",1,,frame_index_fps_fallback
-egA8-b7-3M_26,5.5,165,1,0,"[349.06, 92.3, 449.99, 206.62]",1,,frame_index_fps_fallback
-egA8-b7-3M_26,5.6,168,1,0,"[348.91, 92.75, 450.55, 206.44]",1,,frame_index_fps_fallback
-egA8-b7-3M_26,5.7,171,1,0,"[348.75, 92.7, 450.83, 206.37]",1,,frame_index_fps_fallback
-egA8-b7-3M_26,5.8,174,1,0,"[348.99, 91.37, 449.18, 204.77]",1,,frame_index_fps_fallback
-egA8-b7-3M_26,5.9,177,1,0,"[348.37, 91.14, 449.56, 204.36]",1,,frame_index_fps_fallback
-egA8-b7-3M_17,0.0,0,1,0,"[342.54, 87.22, 443.59, 207.45]",1,,frame_index_fps_fallback
-egA8-b7-3M_17,0.1,3,1,0,"[342.29, 86.94, 444.18, 207.05]",1,,frame_index_fps_fallback
-egA8-b7-3M_17,0.2,6,1,0,"[341.39, 88.03, 442.66, 202.97]",1,,frame_index_fps_fallback
-egA8-b7-3M_17,0.3,9,1,0,"[345.67, 87.41, 445.17, 203.64]",1,,frame_index_fps_fallback
-egA8-b7-3M_17,0.4,12,1,0,"[344.98, 87.67, 445.94, 206.76]",1,,frame_index_fps_fallback
-egA8-b7-3M_17,0.5,15,1,0,"[346.49, 87.97, 447.08, 204.43]",1,,frame_index_fps_fallback
-egA8-b7-3M_17,0.6,18,1,0,"[346.5, 87.95, 449.61, 205.5]",1,,frame_index_fps_fallback
-egA8-b7-3M_17,0.7,21,1,0,"[347.11, 87.42, 448.77, 202.77]",1,,frame_index_fps_fallback
-egA8-b7-3M_17,0.8,24,1,0,"[348.42, 89.14, 446.96, 197.67]",1,,frame_index_fps_fallback
-egA8-b7-3M_17,0.9,27,1,0,"[348.61, 87.63, 448.39, 198.01]",1,,frame_index_fps_fallback
-egA8-b7-3M_17,1.0,30,1,0,"[348.46, 85.28, 448.87, 197.0]",1,,frame_index_fps_fallback
-egA8-b7-3M_17,1.1,33,1,0,"[349.63, 84.47, 450.82, 201.34]",1,,frame_index_fps_fallback
-egA8-b7-3M_17,1.2,36,1,0,"[349.57, 86.72, 449.73, 203.03]",1,,frame_index_fps_fallback
-egA8-b7-3M_17,1.3,39,1,0,"[350.64, 88.07, 450.49, 205.26]",1,,frame_index_fps_fallback
-egA8-b7-3M_17,1.4,42,1,0,"[351.95, 90.86, 451.4, 207.22]",1,,frame_index_fps_fallback
-egA8-b7-3M_17,1.5,45,1,0,"[351.13, 91.85, 450.31, 206.22]",1,,frame_index_fps_fallback
-egA8-b7-3M_17,1.6,48,1,0,"[351.15, 88.16, 451.54, 206.31]",1,,frame_index_fps_fallback
-egA8-b7-3M_17,1.7,51,1,0,"[350.82, 87.52, 451.04, 205.04]",1,,frame_index_fps_fallback
-egA8-b7-3M_17,1.8,54,1,0,"[351.33, 85.4, 452.04, 203.72]",1,,frame_index_fps_fallback
-egA8-b7-3M_17,1.9,57,1,0,"[352.74, 86.26, 452.31, 202.46]",1,,frame_index_fps_fallback
-egA8-b7-3M_17,2.0,60,1,0,"[353.28, 86.84, 452.84, 202.19]",1,,frame_index_fps_fallback
-egA8-b7-3M_17,2.1,63,1,0,"[353.59, 88.07, 452.47, 202.26]",1,,frame_index_fps_fallback
-egA8-b7-3M_17,2.2,66,1,0,"[353.23, 89.41, 452.81, 202.9]",1,,frame_index_fps_fallback
-egA8-b7-3M_17,2.3,69,1,0,"[354.21, 86.09, 453.36, 201.75]",1,,frame_index_fps_fallback
-egA8-b7-3M_17,2.4,72,1,0,"[354.44, 82.31, 454.99, 199.38]",1,,frame_index_fps_fallback
-egA8-b7-3M_17,2.5,75,1,0,"[354.72, 80.65, 455.22, 198.09]",1,,frame_index_fps_fallback
-egA8-b7-3M_17,2.6,78,1,0,"[354.49, 81.66, 454.02, 196.66]",1,,frame_index_fps_fallback
-egA8-b7-3M_17,2.7,81,1,0,"[354.01, 78.65, 454.15, 194.55]",1,,frame_index_fps_fallback
-egA8-b7-3M_17,2.8,84,1,0,"[353.12, 78.91, 454.81, 197.23]",1,,frame_index_fps_fallback
-egA8-b7-3M_17,2.9,87,1,0,"[353.25, 81.7, 454.46, 199.45]",1,,frame_index_fps_fallback
-egA8-b7-3M_17,3.0,90,1,0,"[352.64, 85.56, 453.03, 202.66]",1,,frame_index_fps_fallback
-egA8-b7-3M_17,3.1,93,1,0,"[352.56, 89.92, 450.68, 203.37]",1,,frame_index_fps_fallback
-egA8-b7-3M_17,3.2,96,1,0,"[351.91, 90.12, 450.89, 206.61]",1,,frame_index_fps_fallback
-egA8-b7-3M_17,3.3,99,1,0,"[349.83, 90.12, 451.43, 209.11]",1,,frame_index_fps_fallback
-egA8-b7-3M_17,3.4,102,1,0,"[349.5, 91.63, 451.04, 211.37]",1,,frame_index_fps_fallback
-egA8-b7-3M_17,3.5,105,1,0,"[348.47, 94.25, 449.77, 211.39]",1,,frame_index_fps_fallback
-egA8-b7-3M_17,3.6,108,1,0,"[347.56, 97.84, 448.63, 214.89]",1,,frame_index_fps_fallback
-egA8-b7-3M_17,3.6999999999999997,111,1,0,"[347.06, 98.41, 447.26, 217.48]",1,,frame_index_fps_fallback
-egA8-b7-3M_17,3.8,114,1,0,"[347.17, 98.25, 449.55, 219.28]",1,,frame_index_fps_fallback
-egA8-b7-3M_17,3.9,117,1,0,"[347.04, 96.86, 450.89, 218.21]",1,,frame_index_fps_fallback
-egA8-b7-3M_17,4.0,120,1,0,"[347.88, 98.63, 450.1, 218.61]",1,,frame_index_fps_fallback
-egA8-b7-3M_17,4.1,123,1,0,"[348.12, 98.35, 451.66, 220.9]",1,,frame_index_fps_fallback
-egA8-b7-3M_17,4.2,126,1,0,"[347.66, 99.04, 452.21, 223.52]",1,,frame_index_fps_fallback
-egA8-b7-3M_17,4.3,129,1,0,"[347.94, 97.0, 451.32, 221.43]",1,,frame_index_fps_fallback
-egA8-b7-3M_17,4.4,132,1,0,"[350.07, 97.57, 452.36, 217.97]",1,,frame_index_fps_fallback
-egA8-b7-3M_17,4.5,135,1,0,"[351.04, 96.65, 453.17, 216.29]",1,,frame_index_fps_fallback
-egA8-b7-3M_17,4.6,138,1,0,"[351.71, 93.03, 453.86, 214.14]",1,,frame_index_fps_fallback
-egA8-b7-3M_17,4.7,141,1,0,"[352.38, 92.79, 453.86, 212.59]",1,,frame_index_fps_fallback
-egA8-b7-3M_17,4.8,144,1,0,"[353.66, 93.13, 453.96, 210.28]",1,,frame_index_fps_fallback
-egA8-b7-3M_17,4.9,147,1,0,"[353.94, 91.64, 454.18, 204.79]",1,,frame_index_fps_fallback
-egA8-b7-3M_17,5.0,150,1,0,"[357.22, 88.97, 457.42, 201.48]",1,,frame_index_fps_fallback
-egA8-b7-3M_17,5.1,153,1,0,"[359.62, 85.5, 459.83, 199.86]",1,,frame_index_fps_fallback
-egA8-b7-3M_17,5.2,156,1,0,"[362.46, 81.24, 462.33, 197.38]",1,,frame_index_fps_fallback
-egA8-b7-3M_17,5.3,159,1,0,"[365.14, 81.71, 464.61, 198.45]",1,,frame_index_fps_fallback
-egA8-b7-3M_17,5.4,162,1,0,"[367.26, 80.02, 468.54, 197.83]",1,,frame_index_fps_fallback
-egA8-b7-3M_17,5.5,165,1,0,"[369.42, 80.38, 468.96, 198.22]",1,,frame_index_fps_fallback
-egA8-b7-3M_17,5.6,168,1,0,"[370.12, 79.54, 472.26, 199.49]",1,,frame_index_fps_fallback
-egA8-b7-3M_17,5.7,171,1,0,"[371.66, 81.25, 473.18, 195.98]",1,,frame_index_fps_fallback
-egA8-b7-3M_17,5.8,174,1,0,"[373.23, 83.23, 474.29, 198.22]",1,,frame_index_fps_fallback
-egA8-b7-3M_17,5.9,177,1,0,"[373.76, 82.87, 475.16, 201.3]",1,,frame_index_fps_fallback
-egA8-b7-3M_17,6.0,180,1,0,"[373.97, 89.88, 476.15, 206.19]",1,,frame_index_fps_fallback
-egA8-b7-3M_17,6.1,183,1,0,"[372.29, 91.23, 473.39, 206.64]",1,,frame_index_fps_fallback
-egA8-b7-3M_17,6.2,186,1,0,"[372.4, 92.78, 472.88, 210.69]",1,,frame_index_fps_fallback
-egA8-b7-3M_17,6.3,189,1,0,"[371.43, 91.97, 472.24, 210.34]",1,,frame_index_fps_fallback
-egA8-b7-3M_17,6.4,192,1,0,"[370.97, 91.67, 472.64, 211.75]",1,,frame_index_fps_fallback
-egA8-b7-3M_17,6.5,195,1,0,"[369.93, 90.81, 472.8, 210.58]",1,,frame_index_fps_fallback
-egA8-b7-3M_17,6.6,198,1,0,"[369.76, 91.15, 472.27, 210.75]",1,,frame_index_fps_fallback
-egA8-b7-3M_17,6.7,201,1,0,"[369.54, 91.24, 472.14, 210.65]",1,,frame_index_fps_fallback
-egA8-b7-3M_17,6.8,204,1,0,"[370.33, 92.19, 472.0, 210.24]",1,,frame_index_fps_fallback
-egA8-b7-3M_17,6.8999999999999995,207,1,0,"[369.98, 91.33, 471.52, 209.64]",1,,frame_index_fps_fallback
-egA8-b7-3M_17,7.0,210,1,0,"[369.13, 86.92, 471.17, 208.0]",1,,frame_index_fps_fallback
-egA8-b7-3M_17,7.1,213,1,0,"[369.41, 85.55, 469.7, 203.79]",1,,frame_index_fps_fallback
-egA8-b7-3M_17,7.233333333333333,214,1,0,"[367.45, 83.32, 469.43, 202.34]",1,,frame_index_fps_fallback
-egA8-b7-3M_18,0.0,0,1,0,"[369.76, 91.15, 472.27, 210.75]",1,,frame_index_fps_fallback
-egA8-b7-3M_18,0.1,3,1,0,"[369.54, 91.24, 472.14, 210.65]",1,,frame_index_fps_fallback
-egA8-b7-3M_18,0.2,6,1,0,"[370.33, 92.19, 472.0, 210.24]",1,,frame_index_fps_fallback
-egA8-b7-3M_18,0.3,9,1,0,"[369.98, 91.33, 471.52, 209.64]",1,,frame_index_fps_fallback
-egA8-b7-3M_18,0.4,12,1,0,"[369.13, 86.92, 471.17, 208.0]",1,,frame_index_fps_fallback
-egA8-b7-3M_18,0.5,15,1,0,"[369.41, 85.55, 469.7, 203.79]",1,,frame_index_fps_fallback
-egA8-b7-3M_18,0.6,18,1,0,"[368.14, 83.54, 469.64, 202.61]",1,,frame_index_fps_fallback
-egA8-b7-3M_18,0.7,21,1,0,"[365.85, 82.14, 468.7, 201.88]",1,,frame_index_fps_fallback
-egA8-b7-3M_18,0.8,24,1,0,"[365.81, 81.31, 467.89, 200.89]",1,,frame_index_fps_fallback
-egA8-b7-3M_18,0.9,27,1,0,"[365.47, 80.08, 467.14, 199.15]",1,,frame_index_fps_fallback
-egA8-b7-3M_18,1.0,30,1,0,"[362.95, 80.39, 465.6, 199.82]",1,,frame_index_fps_fallback
-egA8-b7-3M_18,1.1,33,1,0,"[363.15, 82.56, 465.33, 203.24]",1,,frame_index_fps_fallback
-egA8-b7-3M_18,1.2,36,1,0,"[364.54, 84.38, 466.41, 206.55]",1,,frame_index_fps_fallback
-egA8-b7-3M_18,1.3,39,1,0,"[363.78, 86.96, 464.51, 206.84]",1,,frame_index_fps_fallback
-egA8-b7-3M_18,1.4,42,1,0,"[363.3, 86.15, 463.86, 206.11]",1,,frame_index_fps_fallback
-egA8-b7-3M_18,1.5,45,1,0,"[362.79, 85.68, 461.4, 203.2]",1,,frame_index_fps_fallback
-egA8-b7-3M_18,1.6,48,1,0,"[361.37, 85.52, 460.13, 201.65]",1,,frame_index_fps_fallback
-egA8-b7-3M_18,1.7,51,1,0,"[360.65, 83.9, 460.22, 198.71]",1,,frame_index_fps_fallback
-egA8-b7-3M_18,1.8,54,1,0,"[359.67, 82.33, 456.74, 201.3]",1,,frame_index_fps_fallback
-egA8-b7-3M_18,1.9,57,1,0,"[359.03, 81.65, 457.95, 200.74]",1,,frame_index_fps_fallback
-egA8-b7-3M_18,2.0,60,1,0,"[356.66, 82.99, 455.33, 201.49]",1,,frame_index_fps_fallback
-egA8-b7-3M_18,2.1,63,1,0,"[357.57, 88.8, 455.45, 203.3]",1,,frame_index_fps_fallback
-egA8-b7-3M_18,2.2,66,1,0,"[360.69, 87.84, 459.73, 205.46]",1,,frame_index_fps_fallback
-egA8-b7-3M_18,2.3,69,1,0,"[361.76, 88.39, 461.29, 208.25]",1,,frame_index_fps_fallback
-egA8-b7-3M_18,2.4,72,1,0,"[363.6, 88.58, 463.35, 208.83]",1,,frame_index_fps_fallback
-egA8-b7-3M_18,2.5,75,1,0,"[364.32, 86.41, 465.51, 207.11]",1,,frame_index_fps_fallback
-egA8-b7-3M_18,2.6,78,1,0,"[364.4, 88.32, 465.21, 210.12]",1,,frame_index_fps_fallback
-egA8-b7-3M_18,2.7,81,1,0,"[363.35, 92.63, 463.06, 211.66]",1,,frame_index_fps_fallback
-egA8-b7-3M_18,2.8,84,1,0,"[363.29, 92.92, 463.15, 211.67]",1,,frame_index_fps_fallback
-egA8-b7-3M_18,2.9,87,1,0,"[362.83, 92.85, 462.65, 210.86]",1,,frame_index_fps_fallback
-egA8-b7-3M_18,3.0,90,1,0,"[362.28, 88.55, 463.0, 207.45]",1,,frame_index_fps_fallback
-egA8-b7-3M_18,3.1,93,1,0,"[360.88, 92.29, 460.4, 209.32]",1,,frame_index_fps_fallback
-egA8-b7-3M_18,3.2,96,1,0,"[361.0, 91.37, 460.95, 209.64]",1,,frame_index_fps_fallback
-egA8-b7-3M_18,3.3,99,1,0,"[360.93, 91.22, 461.87, 210.18]",1,,frame_index_fps_fallback
-egA8-b7-3M_18,3.4,102,1,0,"[361.28, 91.51, 461.57, 210.67]",1,,frame_index_fps_fallback
-egA8-b7-3M_18,3.5,105,1,0,"[362.11, 91.02, 462.48, 210.7]",1,,frame_index_fps_fallback
-egA8-b7-3M_18,3.6,108,1,0,"[362.78, 89.33, 463.01, 210.29]",1,,frame_index_fps_fallback
-egA8-b7-3M_18,3.6999999999999997,111,1,0,"[362.44, 89.63, 461.99, 211.22]",1,,frame_index_fps_fallback
-egA8-b7-3M_18,3.8,114,1,0,"[361.78, 87.78, 462.99, 207.23]",1,,frame_index_fps_fallback
-egA8-b7-3M_18,3.9,117,1,0,"[360.94, 89.14, 459.98, 206.43]",1,,frame_index_fps_fallback
-egA8-b7-3M_18,4.0,120,1,0,"[359.31, 93.14, 456.74, 207.78]",1,,frame_index_fps_fallback
-egA8-b7-3M_18,4.1,123,1,0,"[359.13, 88.21, 459.88, 207.04]",1,,frame_index_fps_fallback
-egA8-b7-3M_18,4.2,126,1,0,"[357.59, 87.88, 459.14, 205.31]",1,,frame_index_fps_fallback
-egA8-b7-3M_18,4.3,129,1,0,"[356.62, 90.08, 457.04, 205.19]",1,,frame_index_fps_fallback
-egA8-b7-3M_18,4.4,132,1,0,"[352.29, 87.1, 453.82, 203.2]",1,,frame_index_fps_fallback
-egA8-b7-3M_18,4.5,135,1,0,"[350.1, 86.42, 449.6, 199.6]",1,,frame_index_fps_fallback
-egA8-b7-3M_18,4.6,138,1,0,"[348.24, 84.6, 448.27, 200.85]",1,,frame_index_fps_fallback
-egA8-b7-3M_18,4.7,141,1,0,"[348.41, 89.26, 447.89, 202.19]",1,,frame_index_fps_fallback
-egA8-b7-3M_18,4.8,144,1,0,"[348.61, 84.77, 450.46, 200.88]",1,,frame_index_fps_fallback
-egA8-b7-3M_18,4.9,147,1,0,"[350.2, 82.54, 450.56, 199.68]",1,,frame_index_fps_fallback
-egA8-b7-3M_18,5.0,150,1,0,"[350.31, 80.05, 452.33, 197.14]",1,,frame_index_fps_fallback
-egA8-b7-3M_18,5.1,153,1,0,"[349.9, 80.64, 451.36, 194.31]",1,,frame_index_fps_fallback
-egA8-b7-3M_18,5.2,156,1,0,"[350.39, 81.07, 451.56, 190.61]",1,,frame_index_fps_fallback
-egA8-b7-3M_18,5.3,159,1,0,"[351.79, 80.27, 451.84, 188.35]",1,,frame_index_fps_fallback
-egA8-b7-3M_18,5.4,162,1,0,"[351.59, 81.63, 451.37, 190.62]",1,,frame_index_fps_fallback
-egA8-b7-3M_18,5.5,165,1,0,"[350.56, 82.45, 450.79, 194.74]",1,,frame_index_fps_fallback
-egA8-b7-3M_18,5.6,168,1,0,"[350.71, 82.87, 448.8, 200.89]",1,,frame_index_fps_fallback
-egA8-b7-3M_18,5.7,171,1,0,"[349.97, 84.15, 451.27, 202.19]",1,,frame_index_fps_fallback
-egA8-b7-3M_18,5.8,174,1,0,"[349.07, 86.74, 450.33, 202.39]",1,,frame_index_fps_fallback
-egA8-b7-3M_18,5.9,177,1,0,"[350.25, 88.0, 450.78, 204.95]",1,,frame_index_fps_fallback
-egA8-b7-3M_18,6.0,180,1,0,"[350.68, 87.9, 450.12, 205.55]",1,,frame_index_fps_fallback
-egA8-b7-3M_18,6.1,183,1,0,"[350.79, 87.24, 449.1, 204.3]",1,,frame_index_fps_fallback
-egA8-b7-3M_18,6.2,186,1,0,"[350.46, 86.23, 449.83, 201.42]",1,,frame_index_fps_fallback
-egA8-b7-3M_18,6.3,189,1,0,"[349.42, 82.2, 449.53, 195.04]",1,,frame_index_fps_fallback
-egA8-b7-3M_18,6.4,192,1,0,"[348.73, 86.57, 447.46, 193.82]",1,,frame_index_fps_fallback
-egA8-b7-3M_18,6.5,195,1,0,"[348.12, 84.25, 447.46, 193.76]",1,,frame_index_fps_fallback
-egA8-b7-3M_18,6.6,198,1,0,"[346.59, 83.26, 447.62, 194.33]",1,,frame_index_fps_fallback
-egA8-b7-3M_18,6.7,201,1,0,"[346.29, 82.12, 447.32, 193.98]",1,,frame_index_fps_fallback
-egA8-b7-3M_18,6.8,204,1,0,"[346.39, 80.21, 448.88, 193.36]",1,,frame_index_fps_fallback
-egA8-b7-3M_18,6.8999999999999995,207,1,0,"[346.78, 81.1, 448.74, 194.38]",1,,frame_index_fps_fallback
-egA8-b7-3M_18,7.0,210,1,0,"[346.37, 84.65, 447.75, 197.73]",1,,frame_index_fps_fallback
-egA8-b7-3M_18,7.1,213,1,0,"[348.24, 86.77, 446.92, 199.15]",1,,frame_index_fps_fallback
-egA8-b7-3M_18,7.2,216,1,0,"[347.54, 87.21, 446.35, 204.3]",1,,frame_index_fps_fallback
-egA8-b7-3M_18,7.3,219,1,0,"[347.19, 89.8, 445.81, 206.75]",1,,frame_index_fps_fallback
-egA8-b7-3M_18,7.3999999999999995,222,1,0,"[348.14, 90.24, 447.58, 209.76]",1,,frame_index_fps_fallback
-egA8-b7-3M_18,7.5,225,1,0,"[349.26, 88.24, 448.83, 209.15]",1,,frame_index_fps_fallback
-egA8-b7-3M_18,7.6,228,1,0,"[349.36, 90.09, 449.08, 209.51]",1,,frame_index_fps_fallback
-egA8-b7-3M_18,7.7,231,1,0,"[349.0, 94.42, 448.3, 209.8]",1,,frame_index_fps_fallback
-egA8-b7-3M_18,7.8,234,1,0,"[349.09, 93.89, 447.55, 209.55]",1,,frame_index_fps_fallback
-egA8-b7-3M_18,7.8999999999999995,237,1,0,"[349.0, 92.13, 448.08, 209.07]",1,,frame_index_fps_fallback
-egA8-b7-3M_18,8.0,240,1,0,"[350.1, 93.69, 448.41, 208.6]",1,,frame_index_fps_fallback
-egA8-b7-3M_18,8.1,243,1,0,"[350.22, 93.27, 449.25, 208.81]",1,,frame_index_fps_fallback
-egA8-b7-3M_18,8.2,246,1,0,"[351.33, 92.55, 450.31, 210.33]",1,,frame_index_fps_fallback
-egA8-b7-3M_18,8.333333333333334,249,1,0,"[353.22, 91.26, 452.94, 211.47]",1,,frame_index_fps_fallback
-egA8-b7-3M_16,0.0,0,1,0,"[365.26, 87.22, 466.28, 206.14]",1,,frame_index_fps_fallback
-egA8-b7-3M_16,0.1,3,1,0,"[363.31, 84.0, 464.81, 203.21]",1,,frame_index_fps_fallback
-egA8-b7-3M_16,0.2,6,1,0,"[362.16, 83.97, 463.49, 201.22]",1,,frame_index_fps_fallback
-egA8-b7-3M_16,0.3,9,1,0,"[360.18, 85.71, 460.41, 201.29]",1,,frame_index_fps_fallback
-egA8-b7-3M_16,0.4,12,1,0,"[357.07, 91.05, 455.41, 203.46]",1,,frame_index_fps_fallback
-egA8-b7-3M_16,0.5,15,1,0,"[355.94, 89.34, 455.98, 204.46]",1,,frame_index_fps_fallback
-egA8-b7-3M_16,0.6,18,1,0,"[355.16, 88.68, 453.74, 203.53]",1,,frame_index_fps_fallback
-egA8-b7-3M_16,0.7,21,1,0,"[355.39, 88.79, 453.99, 204.01]",1,,frame_index_fps_fallback
-egA8-b7-3M_16,0.8,24,1,0,"[355.07, 90.57, 454.74, 206.13]",1,,frame_index_fps_fallback
-egA8-b7-3M_16,0.9,27,1,0,"[356.6, 94.38, 454.6, 207.48]",1,,frame_index_fps_fallback
-egA8-b7-3M_16,1.0,30,1,0,"[357.25, 92.43, 455.86, 207.38]",1,,frame_index_fps_fallback
-egA8-b7-3M_16,1.1,33,1,0,"[355.59, 92.14, 453.45, 203.36]",1,,frame_index_fps_fallback
-egA8-b7-3M_16,1.2,36,1,0,"[354.97, 89.36, 452.42, 202.14]",1,,frame_index_fps_fallback
-egA8-b7-3M_16,1.3,39,1,0,"[351.81, 84.89, 452.98, 205.08]",1,,frame_index_fps_fallback
-egA8-b7-3M_16,1.4,42,1,0,"[347.97, 87.62, 448.46, 204.53]",1,,frame_index_fps_fallback
-egA8-b7-3M_16,1.5,45,1,0,"[346.67, 88.23, 446.97, 204.95]",1,,frame_index_fps_fallback
-egA8-b7-3M_16,1.6,48,1,0,"[346.95, 89.61, 445.27, 201.54]",1,,frame_index_fps_fallback
-egA8-b7-3M_16,1.7,51,1,0,"[345.37, 88.33, 445.32, 200.9]",1,,frame_index_fps_fallback
-egA8-b7-3M_16,1.8,54,1,0,"[348.76, 89.95, 445.42, 202.88]",1,,frame_index_fps_fallback
-egA8-b7-3M_16,1.9,57,1,0,"[346.44, 88.82, 446.86, 201.68]",1,,frame_index_fps_fallback
-egA8-b7-3M_16,2.0,60,1,0,"[345.37, 87.74, 444.94, 202.06]",1,,frame_index_fps_fallback
-egA8-b7-3M_16,2.1,63,1,0,"[344.16, 88.13, 441.95, 207.31]",1,,frame_index_fps_fallback
-egA8-b7-3M_16,2.2,66,1,0,"[339.97, 87.17, 441.85, 205.01]",1,,frame_index_fps_fallback
-egA8-b7-3M_16,2.3,69,1,0,"[337.93, 87.48, 439.4, 204.6]",1,,frame_index_fps_fallback
-egA8-b7-3M_16,2.4,72,1,0,"[337.63, 87.25, 439.77, 206.4]",1,,frame_index_fps_fallback
-egA8-b7-3M_16,2.5,75,1,0,"[337.35, 87.51, 440.14, 206.4]",1,,frame_index_fps_fallback
-egA8-b7-3M_16,2.6,78,1,0,"[339.52, 85.61, 440.76, 205.21]",1,,frame_index_fps_fallback
-egA8-b7-3M_16,2.7,81,1,0,"[339.14, 85.2, 439.42, 203.03]",1,,frame_index_fps_fallback
-egA8-b7-3M_16,2.8,84,1,0,"[339.54, 83.71, 439.27, 204.9]",1,,frame_index_fps_fallback
-egA8-b7-3M_16,2.9,87,1,0,"[339.4, 85.22, 438.4, 204.09]",1,,frame_index_fps_fallback
-egA8-b7-3M_16,3.0,90,1,0,"[338.71, 85.85, 438.03, 204.42]",1,,frame_index_fps_fallback
-egA8-b7-3M_16,3.1,93,1,0,"[338.78, 87.99, 438.0, 205.86]",1,,frame_index_fps_fallback
-egA8-b7-3M_16,3.2,96,1,0,"[338.91, 87.32, 439.2, 206.36]",1,,frame_index_fps_fallback
-egA8-b7-3M_16,3.3,99,1,0,"[339.13, 87.32, 439.36, 205.45]",1,,frame_index_fps_fallback
-egA8-b7-3M_16,3.4,102,1,0,"[338.75, 85.88, 439.16, 203.46]",1,,frame_index_fps_fallback
-egA8-b7-3M_16,3.5,105,1,0,"[339.94, 86.45, 439.7, 203.26]",1,,frame_index_fps_fallback
-egA8-b7-3M_16,3.6,108,1,0,"[338.29, 87.59, 438.79, 203.67]",1,,frame_index_fps_fallback
-egA8-b7-3M_16,3.6999999999999997,111,1,0,"[338.03, 85.99, 438.06, 202.33]",1,,frame_index_fps_fallback
-egA8-b7-3M_16,3.8,114,1,0,"[339.25, 86.87, 437.17, 202.31]",1,,frame_index_fps_fallback
-egA8-b7-3M_16,3.9,117,1,0,"[338.71, 82.02, 437.64, 200.02]",1,,frame_index_fps_fallback
-egA8-b7-3M_16,4.0,120,1,0,"[338.92, 83.75, 438.71, 201.48]",1,,frame_index_fps_fallback
-egA8-b7-3M_16,4.1,123,1,0,"[341.09, 83.79, 440.94, 203.52]",1,,frame_index_fps_fallback
-egA8-b7-3M_16,4.2,126,1,0,"[342.78, 85.88, 440.01, 203.13]",1,,frame_index_fps_fallback
-egA8-b7-3M_16,4.3,129,1,0,"[343.03, 83.38, 443.32, 205.42]",1,,frame_index_fps_fallback
-egA8-b7-3M_16,4.4,132,1,0,"[343.85, 84.66, 443.55, 208.5]",1,,frame_index_fps_fallback
-egA8-b7-3M_16,4.5,135,1,0,"[344.05, 86.67, 444.2, 207.84]",1,,frame_index_fps_fallback
-egA8-b7-3M_16,4.6,138,1,0,"[344.8, 89.25, 443.17, 208.43]",1,,frame_index_fps_fallback
-egA8-b7-3M_16,4.7,141,1,0,"[344.3, 89.37, 443.12, 208.49]",1,,frame_index_fps_fallback
-egA8-b7-3M_16,4.8,144,1,0,"[344.46, 89.29, 442.66, 208.19]",1,,frame_index_fps_fallback
-egA8-b7-3M_16,4.9,147,1,0,"[344.23, 89.15, 442.78, 208.2]",1,,frame_index_fps_fallback
-egA8-b7-3M_16,5.0,150,1,0,"[343.85, 87.9, 443.31, 208.22]",1,,frame_index_fps_fallback
-egA8-b7-3M_16,5.1,153,1,0,"[342.83, 87.3, 443.58, 207.26]",1,,frame_index_fps_fallback
-egA8-b7-3M_16,5.2,156,1,0,"[342.1, 87.55, 444.65, 208.15]",1,,frame_index_fps_fallback
-egA8-b7-3M_16,5.3,159,1,0,"[342.85, 87.57, 444.13, 206.48]",1,,frame_index_fps_fallback
-egA8-b7-3M_16,5.4,162,1,0,"[341.33, 87.07, 443.29, 202.15]",1,,frame_index_fps_fallback
-egA8-b7-3M_16,5.5,165,1,0,"[344.12, 85.45, 446.46, 205.82]",1,,frame_index_fps_fallback
-egA8-b7-3M_13,0.0,0,1,0,"[357.88, 91.03, 456.77, 204.96]",1,,frame_index_fps_fallback
-egA8-b7-3M_13,0.1,3,1,0,"[357.24, 90.1, 456.03, 205.16]",1,,frame_index_fps_fallback
-egA8-b7-3M_13,0.2,6,1,0,"[357.16, 86.72, 457.3, 203.78]",1,,frame_index_fps_fallback
-egA8-b7-3M_13,0.3,9,1,0,"[356.55, 85.51, 456.82, 202.41]",1,,frame_index_fps_fallback
-egA8-b7-3M_13,0.4,12,1,0,"[355.66, 83.79, 455.24, 197.59]",1,,frame_index_fps_fallback
-egA8-b7-3M_13,0.5,15,1,0,"[355.97, 86.08, 454.43, 198.97]",1,,frame_index_fps_fallback
-egA8-b7-3M_13,0.6,18,1,0,"[357.16, 84.93, 455.72, 199.89]",1,,frame_index_fps_fallback
-egA8-b7-3M_13,0.7,21,1,0,"[358.99, 86.67, 455.35, 200.12]",1,,frame_index_fps_fallback
-egA8-b7-3M_13,0.8,24,1,0,"[361.04, 84.79, 460.9, 200.49]",1,,frame_index_fps_fallback
-egA8-b7-3M_13,0.9,27,1,0,"[361.22, 84.15, 459.98, 200.29]",1,,frame_index_fps_fallback
-egA8-b7-3M_13,1.0,30,1,0,"[361.58, 82.24, 460.91, 200.99]",1,,frame_index_fps_fallback
-egA8-b7-3M_13,1.1,33,1,0,"[362.39, 82.83, 461.27, 200.85]",1,,frame_index_fps_fallback
-egA8-b7-3M_13,1.2,36,1,0,"[361.69, 85.24, 460.6, 201.87]",1,,frame_index_fps_fallback
-egA8-b7-3M_13,1.3,39,1,0,"[361.67, 85.58, 461.13, 201.89]",1,,frame_index_fps_fallback
-egA8-b7-3M_13,1.4,42,1,0,"[360.77, 85.97, 457.5, 200.7]",1,,frame_index_fps_fallback
-egA8-b7-3M_13,1.5,45,1,0,"[359.46, 85.74, 456.79, 201.69]",1,,frame_index_fps_fallback
-egA8-b7-3M_13,1.6,48,1,0,"[357.75, 86.12, 456.4, 202.36]",1,,frame_index_fps_fallback
-egA8-b7-3M_13,1.7,51,1,0,"[357.31, 89.55, 454.92, 201.58]",1,,frame_index_fps_fallback
-egA8-b7-3M_13,1.8,54,1,0,"[356.92, 90.44, 453.79, 201.51]",1,,frame_index_fps_fallback
-egA8-b7-3M_13,1.9,57,1,0,"[357.44, 90.43, 454.43, 201.84]",1,,frame_index_fps_fallback
-egA8-b7-3M_13,2.0,60,1,0,"[356.64, 89.74, 452.95, 204.45]",1,,frame_index_fps_fallback
-egA8-b7-3M_13,2.1,63,1,0,"[357.01, 90.15, 454.74, 202.94]",1,,frame_index_fps_fallback
-egA8-b7-3M_13,2.2,66,1,0,"[358.26, 93.28, 455.72, 207.43]",1,,frame_index_fps_fallback
-egA8-b7-3M_13,2.3,69,1,0,"[356.02, 94.58, 456.51, 212.65]",1,,frame_index_fps_fallback
-egA8-b7-3M_13,2.4,72,1,0,"[355.15, 94.15, 456.75, 214.71]",1,,frame_index_fps_fallback
-egA8-b7-3M_13,2.5,75,1,0,"[354.06, 89.71, 455.34, 208.86]",1,,frame_index_fps_fallback
-egA8-b7-3M_13,2.6,78,1,0,"[353.84, 89.32, 451.79, 204.3]",1,,frame_index_fps_fallback
-egA8-b7-3M_13,2.7,81,1,0,"[351.81, 94.07, 448.42, 204.12]",1,,frame_index_fps_fallback
-egA8-b7-3M_13,2.8,84,1,0,"[351.68, 92.2, 447.85, 208.2]",1,,frame_index_fps_fallback
-egA8-b7-3M_13,2.9,87,1,0,"[349.28, 94.85, 451.32, 214.82]",1,,frame_index_fps_fallback
-egA8-b7-3M_13,3.0,90,1,0,"[349.87, 94.67, 452.31, 216.04]",1,,frame_index_fps_fallback
-egA8-b7-3M_13,3.1,93,1,0,"[349.04, 94.55, 451.79, 216.31]",1,,frame_index_fps_fallback
-egA8-b7-3M_13,3.2,96,1,0,"[349.19, 95.59, 451.76, 216.72]",1,,frame_index_fps_fallback
-egA8-b7-3M_13,3.3,99,1,0,"[349.82, 95.68, 452.34, 216.6]",1,,frame_index_fps_fallback
-egA8-b7-3M_13,3.4,102,1,0,"[349.01, 96.06, 451.4, 214.71]",1,,frame_index_fps_fallback
-egA8-b7-3M_13,3.5,105,1,0,"[348.37, 96.8, 450.88, 212.92]",1,,frame_index_fps_fallback
-egA8-b7-3M_13,3.6,108,1,0,"[348.07, 97.01, 450.56, 211.99]",1,,frame_index_fps_fallback
-egA8-b7-3M_13,3.6999999999999997,111,1,0,"[348.98, 95.62, 451.54, 212.86]",1,,frame_index_fps_fallback
-egA8-b7-3M_13,3.8,114,1,0,"[350.96, 95.4, 452.56, 211.42]",1,,frame_index_fps_fallback
-egA8-b7-3M_13,3.9,117,1,0,"[351.16, 92.68, 453.79, 211.82]",1,,frame_index_fps_fallback
-egA8-b7-3M_13,4.0,120,1,0,"[351.37, 92.24, 453.27, 209.77]",1,,frame_index_fps_fallback
-egA8-b7-3M_13,4.133333333333333,122,1,0,"[351.66, 92.01, 451.66, 209.01]",1,,frame_index_fps_fallback
-egA8-b7-3M_1,0.0,0,1,0,"[337.79, 85.86, 442.95, 204.97]",1,,frame_index_fps_fallback
-egA8-b7-3M_1,0.1,3,1,0,"[337.67, 88.26, 442.06, 205.92]",1,,frame_index_fps_fallback
-egA8-b7-3M_1,0.2,6,1,0,"[338.78, 88.44, 441.13, 206.55]",1,,frame_index_fps_fallback
-egA8-b7-3M_1,0.3,9,1,0,"[337.52, 87.57, 440.3, 205.64]",1,,frame_index_fps_fallback
-egA8-b7-3M_1,0.4,12,1,0,"[336.35, 84.2, 439.97, 204.29]",1,,frame_index_fps_fallback
-egA8-b7-3M_1,0.5,15,1,0,"[336.36, 83.63, 439.8, 204.05]",1,,frame_index_fps_fallback
-egA8-b7-3M_1,0.6,18,1,0,"[337.82, 83.74, 440.76, 203.51]",1,,frame_index_fps_fallback
-egA8-b7-3M_1,0.7,21,1,0,"[338.84, 84.84, 442.46, 203.07]",1,,frame_index_fps_fallback
-egA8-b7-3M_1,0.8,24,1,0,"[341.32, 86.26, 444.32, 201.22]",1,,frame_index_fps_fallback
-egA8-b7-3M_1,0.9,27,1,0,"[345.21, 84.13, 446.24, 199.43]",1,,frame_index_fps_fallback
-egA8-b7-3M_1,1.0,30,1,0,"[348.69, 83.47, 446.87, 197.14]",1,,frame_index_fps_fallback
-egA8-b7-3M_1,1.1,33,1,0,"[349.6, 81.9, 449.61, 199.76]",1,,frame_index_fps_fallback
-egA8-b7-3M_1,1.2,36,1,0,"[352.86, 83.63, 451.97, 201.89]",1,,frame_index_fps_fallback
-egA8-b7-3M_1,1.3,39,1,0,"[353.37, 82.64, 453.77, 201.8]",1,,frame_index_fps_fallback
-egA8-b7-3M_1,1.4,42,1,0,"[352.86, 81.7, 453.25, 200.36]",1,,frame_index_fps_fallback
-egA8-b7-3M_1,1.5,45,1,0,"[352.97, 81.93, 453.07, 196.57]",1,,frame_index_fps_fallback
-egA8-b7-3M_1,1.6,48,1,0,"[351.06, 83.1, 451.91, 195.01]",1,,frame_index_fps_fallback
-egA8-b7-3M_1,1.7,51,1,0,"[350.55, 82.96, 451.86, 193.25]",1,,frame_index_fps_fallback
-egA8-b7-3M_1,1.8,54,1,0,"[351.4, 83.07, 452.85, 193.59]",1,,frame_index_fps_fallback
-egA8-b7-3M_1,1.9,57,1,0,"[352.87, 82.02, 452.26, 194.64]",1,,frame_index_fps_fallback
-egA8-b7-3M_1,2.0,60,1,0,"[352.81, 82.44, 451.66, 192.74]",1,,frame_index_fps_fallback
-egA8-b7-3M_1,2.1,63,1,0,"[352.94, 81.33, 451.93, 191.06]",1,,frame_index_fps_fallback
-egA8-b7-3M_1,2.2,66,1,0,"[354.08, 77.65, 452.84, 189.36]",1,,frame_index_fps_fallback
-egA8-b7-3M_1,2.3,69,1,0,"[353.85, 75.64, 453.38, 189.41]",1,,frame_index_fps_fallback
-egA8-b7-3M_1,2.4,72,1,0,"[353.52, 74.66, 453.46, 189.44]",1,,frame_index_fps_fallback
-egA8-b7-3M_1,2.5,75,1,0,"[354.07, 78.11, 452.88, 190.07]",1,,frame_index_fps_fallback
-egA8-b7-3M_1,2.6,78,1,0,"[353.61, 82.71, 450.93, 190.7]",1,,frame_index_fps_fallback
-egA8-b7-3M_1,2.7,81,1,0,"[354.03, 83.65, 452.14, 192.5]",1,,frame_index_fps_fallback
-egA8-b7-3M_1,2.8,84,1,0,"[355.45, 82.54, 454.84, 193.0]",1,,frame_index_fps_fallback
-egA8-b7-3M_1,2.9,87,1,0,"[355.82, 81.02, 456.28, 194.27]",1,,frame_index_fps_fallback
-egA8-b7-3M_1,3.0,90,1,0,"[357.55, 82.53, 457.05, 196.28]",1,,frame_index_fps_fallback
-egA8-b7-3M_1,3.1,93,1,0,"[359.65, 84.78, 458.39, 197.92]",1,,frame_index_fps_fallback
-egA8-b7-3M_1,3.2,96,1,0,"[362.05, 83.66, 461.91, 200.06]",1,,frame_index_fps_fallback
-egA8-b7-3M_1,3.3,99,1,0,"[362.77, 85.6, 461.44, 202.43]",1,,frame_index_fps_fallback
-egA8-b7-3M_1,3.4,102,1,0,"[363.94, 86.88, 462.99, 201.96]",1,,frame_index_fps_fallback
-egA8-b7-3M_1,3.5,105,1,0,"[364.58, 86.62, 464.99, 206.14]",1,,frame_index_fps_fallback
-egA8-b7-3M_1,3.6,108,1,0,"[364.54, 86.29, 465.13, 205.81]",1,,frame_index_fps_fallback
-egA8-b7-3M_1,3.6999999999999997,111,1,0,"[363.8, 86.24, 464.78, 205.77]",1,,frame_index_fps_fallback
-egA8-b7-3M_1,3.8,114,1,0,"[362.94, 86.56, 464.09, 204.6]",1,,frame_index_fps_fallback
-egA8-b7-3M_1,3.9,117,1,0,"[363.06, 86.19, 462.83, 204.52]",1,,frame_index_fps_fallback
-egA8-b7-3M_1,4.0,120,1,0,"[362.02, 85.98, 462.24, 204.49]",1,,frame_index_fps_fallback
-egA8-b7-3M_1,4.1,123,1,0,"[362.52, 82.77, 462.15, 203.35]",1,,frame_index_fps_fallback
-egA8-b7-3M_1,4.2,126,1,0,"[361.21, 82.44, 462.7, 198.62]",1,,frame_index_fps_fallback
-egA8-b7-3M_1,4.3,129,1,0,"[361.65, 80.28, 463.85, 196.04]",1,,frame_index_fps_fallback
-egA8-b7-3M_1,4.4,132,1,0,"[361.84, 78.2, 465.29, 195.75]",1,,frame_index_fps_fallback
-egA8-b7-3M_1,4.5,135,1,0,"[359.34, 79.06, 463.54, 193.56]",1,,frame_index_fps_fallback
-egA8-b7-3M_1,4.6,138,1,0,"[359.89, 81.3, 463.64, 194.89]",1,,frame_index_fps_fallback
-egA8-b7-3M_1,4.7,141,1,0,"[359.09, 81.94, 461.34, 193.22]",1,,frame_index_fps_fallback
-egA8-b7-3M_1,4.8,144,1,0,"[359.86, 82.38, 462.84, 191.55]",1,,frame_index_fps_fallback
-egA8-b7-3M_1,4.9,147,1,0,"[359.93, 81.78, 464.23, 190.67]",1,,frame_index_fps_fallback
-egA8-b7-3M_1,5.0,150,1,0,"[357.93, 80.79, 463.3, 193.37]",1,,frame_index_fps_fallback
-egA8-b7-3M_1,5.1,153,1,0,"[359.01, 83.65, 459.29, 199.55]",1,,frame_index_fps_fallback
-egA8-b7-3M_1,5.2,156,1,0,"[359.34, 87.13, 458.0, 201.86]",1,,frame_index_fps_fallback
-egA8-b7-3M_1,5.3,159,1,0,"[358.43, 89.28, 459.16, 205.57]",1,,frame_index_fps_fallback
-egA8-b7-3M_1,5.4,162,1,0,"[358.03, 93.13, 457.77, 209.34]",1,,frame_index_fps_fallback
-egA8-b7-3M_1,5.5,165,1,0,"[358.13, 96.69, 456.91, 209.88]",1,,frame_index_fps_fallback
-egA8-b7-3M_1,5.6,168,1,0,"[357.9, 96.62, 456.98, 209.49]",1,,frame_index_fps_fallback
-egA8-b7-3M_1,5.7,171,1,0,"[356.34, 95.01, 455.0, 209.69]",1,,frame_index_fps_fallback
-egA8-b7-3M_1,5.8,174,1,0,"[356.34, 92.24, 456.66, 208.15]",1,,frame_index_fps_fallback
-egA8-b7-3M_1,5.9,177,1,0,"[357.23, 93.6, 456.82, 208.2]",1,,frame_index_fps_fallback
-egA8-b7-3M_1,6.0,180,1,0,"[357.37, 92.51, 457.5, 207.59]",1,,frame_index_fps_fallback
-egA8-b7-3M_1,6.1,183,1,0,"[358.28, 88.43, 460.16, 207.15]",1,,frame_index_fps_fallback
-egA8-b7-3M_1,6.2,186,1,0,"[357.05, 88.88, 459.4, 207.81]",1,,frame_index_fps_fallback
-egA8-b7-3M_1,6.3,189,1,0,"[354.71, 92.97, 455.57, 210.23]",1,,frame_index_fps_fallback
-egA8-b7-3M_1,6.4,192,1,0,"[351.17, 92.47, 454.83, 211.81]",1,,frame_index_fps_fallback
-egA8-b7-3M_1,6.5,195,1,0,"[350.82, 94.51, 454.35, 214.42]",1,,frame_index_fps_fallback
-egA8-b7-3M_1,6.6,198,1,0,"[351.54, 95.14, 453.96, 213.69]",1,,frame_index_fps_fallback
-egA8-b7-3M_1,6.7,201,1,0,"[351.27, 93.96, 454.01, 213.81]",1,,frame_index_fps_fallback
-egA8-b7-3M_1,6.8,204,1,0,"[351.65, 91.55, 454.03, 213.6]",1,,frame_index_fps_fallback
-egA8-b7-3M_1,6.8999999999999995,207,1,0,"[352.0, 91.66, 452.78, 210.22]",1,,frame_index_fps_fallback
-egA8-b7-3M_1,7.0,210,1,0,"[353.11, 86.14, 448.8, 200.84]",1,,frame_index_fps_fallback
-egA8-b7-3M_1,7.1,213,1,0,"[351.53, 84.33, 451.61, 197.47]",1,,frame_index_fps_fallback
-egA8-b7-3M_1,7.2,216,1,0,"[350.67, 83.34, 452.4, 197.74]",1,,frame_index_fps_fallback
-egA8-b7-3M_1,7.3,219,1,0,"[352.89, 82.9, 450.24, 197.67]",1,,frame_index_fps_fallback
-egA8-b7-3M_1,7.3999999999999995,222,1,0,"[349.8, 83.74, 446.84, 194.51]",1,,frame_index_fps_fallback
-egA8-b7-3M_1,7.5,225,1,0,"[347.9, 82.85, 449.74, 200.52]",1,,frame_index_fps_fallback
-egA8-b7-3M_1,7.6,228,1,0,"[345.47, 86.67, 448.0, 204.47]",1,,frame_index_fps_fallback
-egA8-b7-3M_1,7.7,231,1,0,"[344.48, 85.97, 448.5, 204.91]",1,,frame_index_fps_fallback
-egA8-b7-3M_1,7.8,234,1,0,"[343.62, 87.02, 448.29, 204.18]",1,,frame_index_fps_fallback
-egA8-b7-3M_1,7.8999999999999995,237,1,0,"[344.77, 86.19, 449.81, 205.38]",1,,frame_index_fps_fallback
-egA8-b7-3M_1,8.0,240,1,0,"[344.07, 84.61, 449.0, 205.12]",1,,frame_index_fps_fallback
-egA8-b7-3M_1,8.1,243,1,0,"[344.1, 85.29, 447.43, 202.83]",1,,frame_index_fps_fallback
-egA8-b7-3M_1,8.2,246,1,0,"[345.38, 87.73, 446.66, 205.87]",1,,frame_index_fps_fallback
-egA8-b7-3M_1,8.3,249,1,0,"[342.82, 86.94, 444.5, 204.54]",1,,frame_index_fps_fallback
-egA8-b7-3M_1,8.4,252,1,0,"[339.22, 84.04, 444.52, 205.62]",1,,frame_index_fps_fallback
-egA8-b7-3M_1,8.5,255,1,0,"[342.98, 88.65, 444.6, 208.57]",1,,frame_index_fps_fallback
-egA8-b7-3M_1,8.6,258,1,0,"[343.7, 88.95, 444.73, 209.77]",1,,frame_index_fps_fallback
-egA8-b7-3M_1,8.7,261,1,0,"[343.76, 89.53, 445.51, 208.69]",1,,frame_index_fps_fallback
-egA8-b7-3M_1,8.8,264,1,0,"[343.66, 89.34, 445.09, 208.03]",1,,frame_index_fps_fallback
-egA8-b7-3M_1,8.9,267,1,0,"[340.76, 88.64, 445.15, 211.42]",1,,frame_index_fps_fallback
-egA8-b7-3M_1,9.0,270,1,0,"[340.12, 87.96, 445.8, 211.34]",1,,frame_index_fps_fallback
-egA8-b7-3M_1,9.1,273,1,0,"[340.55, 88.29, 445.72, 211.48]",1,,frame_index_fps_fallback
-egA8-b7-3M_1,9.2,276,1,0,"[340.76, 88.94, 446.19, 212.55]",1,,frame_index_fps_fallback
-egA8-b7-3M_1,9.3,279,1,0,"[340.76, 87.31, 446.0, 212.58]",1,,frame_index_fps_fallback
-egA8-b7-3M_1,9.4,282,1,0,"[340.9, 88.45, 447.05, 212.82]",1,,frame_index_fps_fallback
-egA8-b7-3M_1,9.5,285,1,0,"[341.03, 88.03, 446.11, 212.23]",1,,frame_index_fps_fallback
-egA8-b7-3M_1,9.6,288,1,0,"[340.67, 87.57, 445.75, 212.2]",1,,frame_index_fps_fallback
-egA8-b7-3M_1,9.7,291,1,0,"[340.26, 88.57, 445.39, 211.83]",1,,frame_index_fps_fallback
-egA8-b7-3M_1,9.8,294,1,0,"[340.9, 89.75, 444.57, 211.97]",1,,frame_index_fps_fallback
-egA8-b7-3M_1,9.9,297,1,0,"[339.66, 89.35, 444.64, 211.36]",1,,frame_index_fps_fallback
-egA8-b7-3M_1,10.0,300,1,0,"[338.98, 89.31, 444.26, 211.15]",1,,frame_index_fps_fallback
-egA8-b7-3M_1,10.1,303,1,0,"[339.11, 87.21, 441.79, 210.38]",1,,frame_index_fps_fallback
-egA8-b7-3M_1,10.2,305,1,0,"[338.32, 87.5, 441.53, 210.71]",1,,frame_index_fps_fallback
-egA8-b7-3M_6,0.0,0,1,0,"[341.59, 83.8, 443.24, 201.18]",1,,frame_index_fps_fallback
-egA8-b7-3M_6,0.1,3,1,0,"[340.97, 83.71, 442.67, 200.4]",1,,frame_index_fps_fallback
-egA8-b7-3M_6,0.2,6,1,0,"[341.37, 86.94, 440.21, 202.66]",1,,frame_index_fps_fallback
-egA8-b7-3M_6,0.3,9,1,0,"[341.14, 88.17, 441.5, 205.89]",1,,frame_index_fps_fallback
-egA8-b7-3M_6,0.4,12,1,0,"[337.77, 92.48, 440.78, 212.14]",1,,frame_index_fps_fallback
-egA8-b7-3M_6,0.5,15,1,0,"[337.22, 92.98, 440.01, 214.53]",1,,frame_index_fps_fallback
-egA8-b7-3M_6,0.6,18,1,0,"[337.61, 92.97, 439.46, 214.81]",1,,frame_index_fps_fallback
-egA8-b7-3M_6,0.7,21,1,0,"[337.27, 92.21, 440.01, 213.32]",1,,frame_index_fps_fallback
-egA8-b7-3M_6,0.8,24,1,0,"[337.23, 91.54, 439.39, 212.87]",1,,frame_index_fps_fallback
-egA8-b7-3M_6,0.9,27,1,0,"[338.88, 89.08, 442.27, 208.35]",1,,frame_index_fps_fallback
-egA8-b7-3M_6,1.0,30,1,0,"[342.88, 90.58, 443.09, 205.21]",1,,frame_index_fps_fallback
-egA8-b7-3M_6,1.1,33,1,0,"[345.66, 88.84, 446.05, 202.76]",1,,frame_index_fps_fallback
-egA8-b7-3M_6,1.2,36,1,0,"[347.82, 88.71, 447.21, 200.82]",1,,frame_index_fps_fallback
-egA8-b7-3M_6,1.3,39,1,0,"[348.89, 89.95, 447.23, 202.71]",1,,frame_index_fps_fallback
-egA8-b7-3M_6,1.4,42,1,0,"[349.91, 91.58, 446.9, 201.95]",1,,frame_index_fps_fallback
-egA8-b7-3M_6,1.5,45,1,0,"[346.6, 85.69, 446.18, 200.91]",1,,frame_index_fps_fallback
-egA8-b7-3M_6,1.6,48,1,0,"[345.66, 88.36, 443.54, 200.67]",1,,frame_index_fps_fallback
-egA8-b7-3M_6,1.7,51,1,0,"[344.25, 85.26, 441.88, 196.61]",1,,frame_index_fps_fallback
-egA8-b7-3M_6,1.8,54,1,0,"[343.3, 86.65, 441.07, 197.3]",1,,frame_index_fps_fallback
-egA8-b7-3M_6,1.9,57,1,0,"[343.71, 87.91, 441.83, 199.86]",1,,frame_index_fps_fallback
-egA8-b7-3M_6,2.0,60,1,0,"[342.37, 84.95, 442.41, 199.35]",1,,frame_index_fps_fallback
-egA8-b7-3M_6,2.1,63,1,0,"[340.53, 85.54, 441.9, 199.85]",1,,frame_index_fps_fallback
-egA8-b7-3M_6,2.2,66,1,0,"[338.1, 83.09, 437.7, 201.27]",1,,frame_index_fps_fallback
-egA8-b7-3M_6,2.3,69,1,0,"[330.33, 83.63, 433.47, 201.19]",1,,frame_index_fps_fallback
-egA8-b7-3M_6,2.4,72,1,0,"[327.3, 85.11, 431.66, 202.98]",1,,frame_index_fps_fallback
-egA8-b7-3M_6,2.5,75,1,0,"[326.61, 83.95, 430.89, 202.82]",1,,frame_index_fps_fallback
-egA8-b7-3M_6,2.6,78,1,0,"[327.25, 84.32, 430.91, 204.33]",1,,frame_index_fps_fallback
-egA8-b7-3M_6,2.7,81,1,0,"[330.02, 85.17, 432.39, 204.8]",1,,frame_index_fps_fallback
-egA8-b7-3M_6,2.8,84,1,0,"[331.15, 83.73, 433.88, 205.66]",1,,frame_index_fps_fallback
-egA8-b7-3M_6,2.9,87,1,0,"[333.98, 85.55, 435.81, 204.85]",1,,frame_index_fps_fallback
-egA8-b7-3M_6,3.0,90,1,0,"[333.16, 86.16, 436.14, 205.29]",1,,frame_index_fps_fallback
-egA8-b7-3M_6,3.1,93,1,0,"[333.21, 85.77, 436.72, 207.07]",1,,frame_index_fps_fallback
-egA8-b7-3M_6,3.2,96,1,0,"[332.66, 84.11, 436.0, 205.62]",1,,frame_index_fps_fallback
-egA8-b7-3M_6,3.3,99,1,0,"[330.33, 84.84, 433.73, 204.95]",1,,frame_index_fps_fallback
-egA8-b7-3M_6,3.4,102,1,0,"[329.92, 82.71, 434.89, 208.55]",1,,frame_index_fps_fallback
-egA8-b7-3M_6,3.5,105,1,0,"[330.61, 83.09, 432.97, 203.72]",1,,frame_index_fps_fallback
-egA8-b7-3M_6,3.6,108,1,0,"[332.97, 83.7, 432.56, 202.29]",1,,frame_index_fps_fallback
-egA8-b7-3M_6,3.6999999999999997,111,1,0,"[334.2, 82.06, 435.28, 203.81]",1,,frame_index_fps_fallback
-egA8-b7-3M_6,3.8,114,1,0,"[334.72, 81.86, 435.28, 201.64]",1,,frame_index_fps_fallback
-egA8-b7-3M_6,3.9,117,1,0,"[336.64, 81.33, 438.16, 204.9]",1,,frame_index_fps_fallback
-egA8-b7-3M_6,4.0,120,1,0,"[338.13, 84.08, 438.29, 205.96]",1,,frame_index_fps_fallback
-egA8-b7-3M_6,4.1,123,1,0,"[335.5, 84.15, 437.0, 206.16]",1,,frame_index_fps_fallback
-egA8-b7-3M_6,4.2,126,1,0,"[334.81, 84.84, 436.62, 206.01]",1,,frame_index_fps_fallback
-egA8-b7-3M_6,4.3,129,1,0,"[338.12, 85.58, 436.85, 205.92]",1,,frame_index_fps_fallback
-egA8-b7-3M_6,4.4,132,1,0,"[338.05, 85.24, 438.8, 208.75]",1,,frame_index_fps_fallback
-egA8-b7-3M_6,4.5,135,1,0,"[337.55, 86.49, 439.82, 208.96]",1,,frame_index_fps_fallback
-egA8-b7-3M_6,4.6,138,1,0,"[338.34, 86.09, 440.91, 207.76]",1,,frame_index_fps_fallback
-egA8-b7-3M_6,4.7,141,1,0,"[341.01, 84.89, 442.9, 205.25]",1,,frame_index_fps_fallback
-egA8-b7-3M_6,4.8,144,1,0,"[344.04, 84.64, 444.16, 205.18]",1,,frame_index_fps_fallback
-egA8-b7-3M_6,4.9,147,1,0,"[343.38, 88.26, 446.15, 209.43]",1,,frame_index_fps_fallback
-egA8-b7-3M_6,5.0,150,1,0,"[343.73, 87.74, 446.18, 208.42]",1,,frame_index_fps_fallback
-egA8-b7-3M_6,5.1,153,1,0,"[343.77, 87.04, 445.53, 207.49]",1,,frame_index_fps_fallback
-egA8-b7-3M_6,5.2,156,1,0,"[343.42, 88.06, 445.39, 208.1]",1,,frame_index_fps_fallback
-egA8-b7-3M_6,5.3,159,1,0,"[344.13, 88.87, 444.32, 209.07]",1,,frame_index_fps_fallback
-egA8-b7-3M_6,5.4,162,1,0,"[343.99, 88.81, 445.0, 209.18]",1,,frame_index_fps_fallback
-egA8-b7-3M_6,5.5,165,1,0,"[341.83, 87.24, 445.46, 208.34]",1,,frame_index_fps_fallback
-egA8-b7-3M_6,5.6,168,1,0,"[343.2, 87.73, 446.2, 209.34]",1,,frame_index_fps_fallback
-egA8-b7-3M_6,5.7,171,1,0,"[344.06, 89.24, 445.75, 209.64]",1,,frame_index_fps_fallback
-egA8-b7-3M_6,5.8,174,1,0,"[344.17, 86.92, 445.53, 208.0]",1,,frame_index_fps_fallback
-egA8-b7-3M_6,5.9,177,1,0,"[345.03, 87.43, 443.75, 204.34]",1,,frame_index_fps_fallback
-egA8-b7-3M_6,6.0,180,1,0,"[344.33, 86.76, 442.94, 202.1]",1,,frame_index_fps_fallback
-egA8-b7-3M_6,6.1,183,1,0,"[344.36, 83.51, 444.5, 203.74]",1,,frame_index_fps_fallback
-egA8-b7-3M_6,6.2,186,1,0,"[344.75, 88.07, 443.11, 204.45]",1,,frame_index_fps_fallback
-egA8-b7-3M_9,0.0,0,1,0,"[369.61, 89.61, 471.05, 209.88]",1,,frame_index_fps_fallback
-egA8-b7-3M_9,0.1,3,1,0,"[368.31, 90.0, 469.81, 209.16]",1,,frame_index_fps_fallback
-egA8-b7-3M_9,0.2,6,1,0,"[365.96, 86.74, 468.02, 207.88]",1,,frame_index_fps_fallback
-egA8-b7-3M_9,0.3,9,1,0,"[363.28, 88.84, 465.77, 208.58]",1,,frame_index_fps_fallback
-egA8-b7-3M_9,0.4,12,1,0,"[361.22, 92.12, 462.57, 209.68]",1,,frame_index_fps_fallback
-egA8-b7-3M_9,0.5,15,1,0,"[359.16, 92.22, 459.66, 208.41]",1,,frame_index_fps_fallback
-egA8-b7-3M_9,0.6,18,1,0,"[358.32, 90.23, 458.74, 206.0]",1,,frame_index_fps_fallback
-egA8-b7-3M_9,0.7,21,1,0,"[358.29, 92.26, 459.21, 209.44]",1,,frame_index_fps_fallback
-egA8-b7-3M_9,0.8,24,1,0,"[357.62, 90.31, 459.33, 208.48]",1,,frame_index_fps_fallback
-egA8-b7-3M_9,0.9,27,1,0,"[355.53, 88.15, 457.84, 207.07]",1,,frame_index_fps_fallback
-egA8-b7-3M_9,1.0,30,1,0,"[354.08, 87.99, 455.54, 206.07]",1,,frame_index_fps_fallback
-egA8-b7-3M_9,1.1,33,1,0,"[353.1, 85.62, 454.24, 201.98]",1,,frame_index_fps_fallback
-egA8-b7-3M_9,1.2,36,1,0,"[351.03, 85.27, 452.96, 201.76]",1,,frame_index_fps_fallback
-egA8-b7-3M_9,1.3,39,1,0,"[350.15, 91.72, 449.38, 205.79]",1,,frame_index_fps_fallback
-egA8-b7-3M_9,1.4,42,1,0,"[348.46, 93.08, 447.61, 208.17]",1,,frame_index_fps_fallback
-egA8-b7-3M_9,1.5,45,1,0,"[348.64, 94.73, 448.07, 209.01]",1,,frame_index_fps_fallback
-egA8-b7-3M_9,1.6,48,1,0,"[348.52, 92.32, 450.0, 206.72]",1,,frame_index_fps_fallback
-egA8-b7-3M_9,1.7,51,1,0,"[349.43, 89.51, 449.96, 205.38]",1,,frame_index_fps_fallback
-egA8-b7-3M_9,1.8,54,1,0,"[351.78, 90.89, 451.73, 207.96]",1,,frame_index_fps_fallback
-egA8-b7-3M_9,1.9,57,1,0,"[353.86, 91.6, 453.32, 208.77]",1,,frame_index_fps_fallback
-egA8-b7-3M_9,2.0,60,1,0,"[352.88, 90.55, 452.97, 207.7]",1,,frame_index_fps_fallback
-egA8-b7-3M_9,2.1,63,1,0,"[354.18, 91.7, 453.64, 207.16]",1,,frame_index_fps_fallback
-egA8-b7-3M_9,2.2,66,1,0,"[352.89, 87.49, 453.63, 200.61]",1,,frame_index_fps_fallback
-egA8-b7-3M_9,2.3,69,1,0,"[353.01, 86.16, 454.84, 202.61]",1,,frame_index_fps_fallback
-egA8-b7-3M_9,2.4,72,1,0,"[353.07, 87.1, 453.22, 203.32]",1,,frame_index_fps_fallback
-egA8-b7-3M_9,2.5,75,1,0,"[350.57, 81.92, 451.3, 201.31]",1,,frame_index_fps_fallback
-egA8-b7-3M_9,2.6,78,1,0,"[349.02, 82.86, 449.81, 199.92]",1,,frame_index_fps_fallback
-egA8-b7-3M_9,2.7,81,1,0,"[348.93, 83.46, 448.33, 197.26]",1,,frame_index_fps_fallback
-egA8-b7-3M_9,2.8,84,1,0,"[346.43, 83.53, 445.82, 196.8]",1,,frame_index_fps_fallback
-egA8-b7-3M_9,2.9,87,1,0,"[346.89, 83.98, 446.58, 197.22]",1,,frame_index_fps_fallback
-egA8-b7-3M_9,3.0,90,1,0,"[347.63, 83.8, 446.87, 194.28]",1,,frame_index_fps_fallback
-egA8-b7-3M_9,3.1,93,1,0,"[347.47, 83.8, 448.39, 195.03]",1,,frame_index_fps_fallback
-egA8-b7-3M_9,3.2,96,1,0,"[348.23, 81.6, 448.84, 194.12]",1,,frame_index_fps_fallback
-egA8-b7-3M_9,3.3,99,1,0,"[348.87, 82.05, 449.09, 193.09]",1,,frame_index_fps_fallback
-egA8-b7-3M_9,3.4,102,1,0,"[350.2, 85.98, 448.4, 194.8]",1,,frame_index_fps_fallback
-egA8-b7-3M_9,3.5,105,1,0,"[352.97, 86.84, 450.84, 192.99]",1,,frame_index_fps_fallback
-egA8-b7-3M_9,3.6,108,1,0,"[356.71, 84.46, 454.86, 196.7]",1,,frame_index_fps_fallback
-egA8-b7-3M_9,3.6999999999999997,111,1,0,"[359.16, 82.13, 457.1, 199.53]",1,,frame_index_fps_fallback
-egA8-b7-3M_9,3.8,114,1,0,"[361.31, 85.25, 460.87, 201.02]",1,,frame_index_fps_fallback
-egA8-b7-3M_9,3.9,117,1,0,"[362.14, 84.37, 460.98, 200.45]",1,,frame_index_fps_fallback
-egA8-b7-3M_9,4.0,120,1,0,"[361.2, 85.03, 460.0, 201.51]",1,,frame_index_fps_fallback
-egA8-b7-3M_9,4.1,123,1,0,"[360.07, 84.69, 458.83, 203.4]",1,,frame_index_fps_fallback
-egA8-b7-3M_9,4.2,126,1,0,"[359.69, 85.31, 458.26, 204.49]",1,,frame_index_fps_fallback
-egA8-b7-3M_9,4.3,129,1,0,"[360.21, 85.62, 458.86, 205.17]",1,,frame_index_fps_fallback
-egA8-b7-3M_9,4.4,132,1,0,"[359.71, 86.14, 458.77, 205.1]",1,,frame_index_fps_fallback
-egA8-b7-3M_9,4.5,135,1,0,"[359.91, 87.64, 458.84, 205.49]",1,,frame_index_fps_fallback
-egA8-b7-3M_9,4.6,138,1,0,"[360.04, 86.72, 459.88, 205.65]",1,,frame_index_fps_fallback
-egA8-b7-3M_9,4.7,141,1,0,"[359.99, 86.23, 459.05, 204.45]",1,,frame_index_fps_fallback
-egA8-b7-3M_9,4.8,144,1,0,"[357.49, 86.06, 457.86, 202.88]",1,,frame_index_fps_fallback
-egA8-b7-3M_9,4.9,147,1,0,"[357.12, 84.77, 457.31, 201.81]",1,,frame_index_fps_fallback
-egA8-b7-3M_9,5.033333333333333,149,1,0,"[354.6, 82.3, 455.82, 200.0]",1,,frame_index_fps_fallback
-egA8-b7-3M_20,0.0,0,1,0,"[349.76, 93.54, 450.48, 215.09]",1,,frame_index_fps_fallback
-egA8-b7-3M_20,0.1,3,1,0,"[350.44, 95.57, 451.09, 212.5]",1,,frame_index_fps_fallback
-egA8-b7-3M_20,0.2,6,1,0,"[350.32, 94.9, 449.95, 210.06]",1,,frame_index_fps_fallback
-egA8-b7-3M_20,0.3,9,1,0,"[350.31, 89.1, 450.55, 205.47]",1,,frame_index_fps_fallback
-egA8-b7-3M_20,0.4,12,1,0,"[349.51, 87.14, 450.26, 202.18]",1,,frame_index_fps_fallback
-egA8-b7-3M_20,0.5,15,1,0,"[349.67, 84.09, 448.82, 198.64]",1,,frame_index_fps_fallback
-egA8-b7-3M_20,0.6,18,1,0,"[353.71, 88.18, 451.05, 192.79]",1,,frame_index_fps_fallback
-egA8-b7-3M_20,0.7,21,1,0,"[354.11, 81.73, 453.67, 195.46]",1,,frame_index_fps_fallback
-egA8-b7-3M_20,0.8,24,1,0,"[358.81, 80.93, 458.35, 198.02]",1,,frame_index_fps_fallback
-egA8-b7-3M_20,0.9,27,1,0,"[360.93, 83.65, 459.46, 199.5]",1,,frame_index_fps_fallback
-egA8-b7-3M_20,1.0,30,1,0,"[361.84, 87.91, 459.44, 200.79]",1,,frame_index_fps_fallback
-egA8-b7-3M_20,1.1,33,1,0,"[365.08, 84.95, 464.8, 200.63]",1,,frame_index_fps_fallback
-egA8-b7-3M_20,1.2,36,1,0,"[365.36, 85.85, 465.47, 202.67]",1,,frame_index_fps_fallback
-egA8-b7-3M_20,1.3,39,1,0,"[364.47, 86.93, 464.86, 207.51]",1,,frame_index_fps_fallback
-egA8-b7-3M_20,1.4,42,1,0,"[362.72, 86.92, 463.28, 204.45]",1,,frame_index_fps_fallback
-egA8-b7-3M_20,1.5,45,1,0,"[360.77, 82.31, 462.9, 202.11]",1,,frame_index_fps_fallback
-egA8-b7-3M_20,1.6,48,1,0,"[361.85, 81.37, 462.46, 198.33]",1,,frame_index_fps_fallback
-egA8-b7-3M_20,1.7,51,1,0,"[364.08, 83.67, 463.21, 196.56]",1,,frame_index_fps_fallback
-egA8-b7-3M_20,1.8,54,1,0,"[364.39, 83.2, 464.26, 199.14]",1,,frame_index_fps_fallback
-egA8-b7-3M_20,1.9,57,1,0,"[362.84, 82.64, 462.33, 201.21]",1,,frame_index_fps_fallback
-egA8-b7-3M_20,2.0,60,1,0,"[361.79, 83.26, 460.58, 201.39]",1,,frame_index_fps_fallback
-egA8-b7-3M_20,2.1,63,1,0,"[361.02, 84.16, 461.18, 200.05]",1,,frame_index_fps_fallback
-egA8-b7-3M_20,2.2,66,1,0,"[358.96, 81.8, 460.27, 199.11]",1,,frame_index_fps_fallback
-egA8-b7-3M_20,2.3,69,1,0,"[358.3, 83.59, 459.7, 198.54]",1,,frame_index_fps_fallback
-egA8-b7-3M_20,2.4,72,1,0,"[359.1, 81.15, 459.04, 196.43]",1,,frame_index_fps_fallback
-egA8-b7-3M_20,2.5,75,1,0,"[359.02, 85.97, 455.5, 199.78]",1,,frame_index_fps_fallback
-egA8-b7-3M_20,2.6,78,1,0,"[360.52, 86.4, 458.77, 200.03]",1,,frame_index_fps_fallback
-egA8-b7-3M_20,2.7,81,1,0,"[359.9, 87.58, 458.68, 203.77]",1,,frame_index_fps_fallback
-egA8-b7-3M_20,2.8,84,1,0,"[359.43, 91.03, 457.35, 206.84]",1,,frame_index_fps_fallback
-egA8-b7-3M_20,2.9,87,1,0,"[358.42, 92.51, 456.41, 209.49]",1,,frame_index_fps_fallback
-egA8-b7-3M_20,3.0,90,1,0,"[358.29, 92.3, 457.65, 210.62]",1,,frame_index_fps_fallback
-egA8-b7-3M_20,3.1,93,1,0,"[357.75, 92.33, 457.71, 210.09]",1,,frame_index_fps_fallback
-egA8-b7-3M_20,3.2,96,1,0,"[357.11, 92.48, 457.32, 210.27]",1,,frame_index_fps_fallback
-egA8-b7-3M_20,3.3,99,1,0,"[357.74, 93.16, 456.88, 209.63]",1,,frame_index_fps_fallback
-egA8-b7-3M_20,3.4,102,1,0,"[358.16, 91.52, 457.45, 209.65]",1,,frame_index_fps_fallback
-egA8-b7-3M_20,3.5,105,1,0,"[358.92, 88.6, 458.47, 206.51]",1,,frame_index_fps_fallback
-egA8-b7-3M_20,3.6,108,1,0,"[359.46, 86.83, 458.0, 203.29]",1,,frame_index_fps_fallback
-egA8-b7-3M_20,3.6999999999999997,111,1,0,"[360.22, 86.52, 457.35, 203.36]",1,,frame_index_fps_fallback
-egA8-b7-3M_20,3.8,114,1,0,"[358.61, 84.86, 457.32, 202.47]",1,,frame_index_fps_fallback
-egA8-b7-3M_20,3.9,117,1,0,"[359.21, 83.6, 456.98, 200.62]",1,,frame_index_fps_fallback
-egA8-b7-3M_20,4.0,120,1,0,"[356.43, 86.37, 455.78, 201.51]",1,,frame_index_fps_fallback
-egA8-b7-3M_20,4.1,123,1,0,"[357.08, 90.58, 454.95, 198.3]",1,,frame_index_fps_fallback
-egA8-b7-3M_20,4.2,126,1,0,"[356.5, 88.85, 455.58, 199.14]",1,,frame_index_fps_fallback
-egA8-b7-3M_20,4.3,129,1,0,"[356.38, 89.79, 456.82, 198.12]",1,,frame_index_fps_fallback
-egA8-b7-3M_20,4.4,132,1,0,"[356.16, 86.67, 456.54, 194.95]",1,,frame_index_fps_fallback
-egA8-b7-3M_20,4.5,135,1,0,"[357.0, 85.58, 454.99, 195.29]",1,,frame_index_fps_fallback
-egA8-b7-3M_20,4.6,138,1,0,"[359.68, 86.69, 457.51, 200.49]",1,,frame_index_fps_fallback
-egA8-b7-3M_20,4.7,141,1,0,"[359.86, 89.38, 458.48, 206.17]",1,,frame_index_fps_fallback
-egA8-b7-3M_20,4.8,144,1,0,"[361.16, 91.45, 459.42, 207.94]",1,,frame_index_fps_fallback
-egA8-b7-3M_20,4.9,147,1,0,"[361.8, 93.77, 459.12, 208.04]",1,,frame_index_fps_fallback
-egA8-b7-3M_20,5.0,150,1,0,"[363.85, 88.94, 461.85, 206.52]",1,,frame_index_fps_fallback
-egA8-b7-3M_20,5.1,153,1,0,"[364.48, 88.19, 464.19, 207.93]",1,,frame_index_fps_fallback
-egA8-b7-3M_20,5.2,156,1,0,"[364.91, 88.48, 464.88, 207.81]",1,,frame_index_fps_fallback
-egA8-b7-3M_20,5.3,159,1,0,"[363.9, 90.41, 464.19, 211.01]",1,,frame_index_fps_fallback
-egA8-b7-3M_20,5.4,162,1,0,"[362.26, 92.04, 462.2, 210.49]",1,,frame_index_fps_fallback
-egA8-b7-3M_20,5.5,165,1,0,"[362.95, 92.68, 463.32, 213.22]",1,,frame_index_fps_fallback
-egA8-b7-3M_20,5.6,168,1,0,"[362.42, 93.07, 463.75, 214.85]",1,,frame_index_fps_fallback
-egA8-b7-3M_20,5.7,171,1,0,"[362.3, 93.28, 463.8, 213.8]",1,,frame_index_fps_fallback
-egA8-b7-3M_20,5.8,174,1,0,"[361.83, 93.49, 462.41, 211.89]",1,,frame_index_fps_fallback
-egA8-b7-3M_20,5.9,177,1,0,"[361.34, 93.7, 461.08, 210.35]",1,,frame_index_fps_fallback
-egA8-b7-3M_20,6.0,180,1,0,"[360.61, 93.38, 460.44, 211.33]",1,,frame_index_fps_fallback
-egA8-b7-3M_20,6.1,183,1,0,"[361.26, 93.83, 461.11, 211.95]",1,,frame_index_fps_fallback
-egA8-b7-3M_20,6.2,186,1,0,"[361.22, 92.43, 461.37, 211.97]",1,,frame_index_fps_fallback
-egA8-b7-3M_20,6.3,189,1,0,"[359.85, 91.12, 460.73, 209.78]",1,,frame_index_fps_fallback
-egA8-b7-3M_20,6.4,192,1,0,"[361.83, 92.67, 462.54, 210.74]",1,,frame_index_fps_fallback
-egA8-b7-3M_20,6.6,195,1,0,"[358.89, 91.17, 459.76, 208.43]",1,,frame_index_fps_fallback
-iRBcNs9oI8_3,0.0,0,0,,,0,no_face_detected,frame_index_fps_fallback
-iRBcNs9oI8_3,0.10010000000000001,3,0,,,0,no_face_detected,frame_index_fps_fallback
-iRBcNs9oI8_3,0.20020000000000002,6,0,,,0,no_face_detected,frame_index_fps_fallback
-iRBcNs9oI8_3,0.3003,9,0,,,0,no_face_detected,frame_index_fps_fallback
-iRBcNs9oI8_3,0.40040000000000003,12,0,,,0,no_face_detected,frame_index_fps_fallback
-iRBcNs9oI8_3,0.5005000000000001,15,0,,,0,no_face_detected,frame_index_fps_fallback
-iRBcNs9oI8_3,0.6006,18,0,,,0,no_face_detected,frame_index_fps_fallback
-iRBcNs9oI8_3,0.7007000000000001,21,0,,,0,no_face_detected,frame_index_fps_fallback
-iRBcNs9oI8_3,0.8008000000000001,24,0,,,0,no_face_detected,frame_index_fps_fallback
-iRBcNs9oI8_3,0.9009000000000001,27,0,,,0,no_face_detected,frame_index_fps_fallback
-iRBcNs9oI8_3,1.0010000000000001,30,0,,,0,no_face_detected,frame_index_fps_fallback
-iRBcNs9oI8_3,1.1011,33,0,,,0,no_face_detected,frame_index_fps_fallback
-iRBcNs9oI8_3,1.2012,36,0,,,0,no_face_detected,frame_index_fps_fallback
-iRBcNs9oI8_3,1.3013000000000001,39,0,,,0,no_face_detected,frame_index_fps_fallback
-iRBcNs9oI8_3,1.4014000000000002,42,0,,,0,no_face_detected,frame_index_fps_fallback
-iRBcNs9oI8_3,1.5015,45,0,,,0,no_face_detected,frame_index_fps_fallback
-iRBcNs9oI8_3,1.6016000000000001,48,0,,,0,no_face_detected,frame_index_fps_fallback
-iRBcNs9oI8_3,1.7017,51,0,,,0,no_face_detected,frame_index_fps_fallback
-iRBcNs9oI8_3,1.8018000000000003,54,0,,,0,no_face_detected,frame_index_fps_fallback
-iRBcNs9oI8_3,1.9019000000000001,57,0,,,0,no_face_detected,frame_index_fps_fallback
-iRBcNs9oI8_3,2.0020000000000002,60,0,,,0,no_face_detected,frame_index_fps_fallback
-iRBcNs9oI8_3,2.1021,63,0,,,0,no_face_detected,frame_index_fps_fallback
-iRBcNs9oI8_3,2.2022,66,0,,,0,no_face_detected,frame_index_fps_fallback
-iRBcNs9oI8_3,2.3023000000000002,69,0,,,0,no_face_detected,frame_index_fps_fallback
-iRBcNs9oI8_3,2.4024,72,0,,,0,no_face_detected,frame_index_fps_fallback
-iRBcNs9oI8_3,2.5025,75,0,,,0,no_face_detected,frame_index_fps_fallback
-iRBcNs9oI8_3,2.6026000000000002,78,0,,,0,no_face_detected,frame_index_fps_fallback
-iRBcNs9oI8_3,2.7027,81,0,,,0,no_face_detected,frame_index_fps_fallback
-iRBcNs9oI8_3,2.8028000000000004,84,0,,,0,no_face_detected,frame_index_fps_fallback
-iRBcNs9oI8_3,2.9029000000000003,87,0,,,0,no_face_detected,frame_index_fps_fallback
-iRBcNs9oI8_3,3.003,90,0,,,0,no_face_detected,frame_index_fps_fallback
-iRBcNs9oI8_3,3.1031,93,0,,,0,no_face_detected,frame_index_fps_fallback
-iRBcNs9oI8_3,3.2032000000000003,96,0,,,0,no_face_detected,frame_index_fps_fallback
-iRBcNs9oI8_3,3.3033,99,0,,,0,no_face_detected,frame_index_fps_fallback
-iRBcNs9oI8_3,3.4034,102,0,,,0,no_face_detected,frame_index_fps_fallback
-iRBcNs9oI8_3,3.5035000000000003,105,0,,,0,no_face_detected,frame_index_fps_fallback
-iRBcNs9oI8_3,3.6036000000000006,108,0,,,0,no_face_detected,frame_index_fps_fallback
-iRBcNs9oI8_3,3.7037,111,0,,,0,no_face_detected,frame_index_fps_fallback
-iRBcNs9oI8_3,3.8038000000000003,114,0,,,0,no_face_detected,frame_index_fps_fallback
-iRBcNs9oI8_3,3.9039,117,0,,,0,no_face_detected,frame_index_fps_fallback
-iRBcNs9oI8_3,4.0040000000000004,120,0,,,0,no_face_detected,frame_index_fps_fallback
-iRBcNs9oI8_3,4.1041,123,0,,,0,no_face_detected,frame_index_fps_fallback
-iRBcNs9oI8_3,4.2042,126,0,,,0,no_face_detected,frame_index_fps_fallback
-iRBcNs9oI8_3,4.3043000000000005,129,0,,,0,no_face_detected,frame_index_fps_fallback
-iRBcNs9oI8_3,4.4044,132,0,,,0,no_face_detected,frame_index_fps_fallback
-iRBcNs9oI8_3,4.5045,135,0,,,0,no_face_detected,frame_index_fps_fallback
-iRBcNs9oI8_3,4.6046000000000005,138,0,,,0,no_face_detected,frame_index_fps_fallback
-iRBcNs9oI8_3,4.7047,141,0,,,0,no_face_detected,frame_index_fps_fallback
-iRBcNs9oI8_3,4.8048,144,0,,,0,no_face_detected,frame_index_fps_fallback
-iRBcNs9oI8_3,4.9049000000000005,147,0,,,0,no_face_detected,frame_index_fps_fallback
-iRBcNs9oI8_3,5.005,150,0,,,0,no_face_detected,frame_index_fps_fallback
-iRBcNs9oI8_3,5.1051,153,0,,,0,no_face_detected,frame_index_fps_fallback
-iRBcNs9oI8_3,5.2052000000000005,156,0,,,0,no_face_detected,frame_index_fps_fallback
-iRBcNs9oI8_3,5.3053,159,0,,,0,no_face_detected,frame_index_fps_fallback
-iRBcNs9oI8_3,5.4054,162,0,,,0,no_face_detected,frame_index_fps_fallback
-iRBcNs9oI8_3,5.5055000000000005,165,0,,,0,no_face_detected,frame_index_fps_fallback
-iRBcNs9oI8_7,0.0,0,0,,,0,no_face_detected,frame_index_fps_fallback
-iRBcNs9oI8_7,0.10010000000000001,3,0,,,0,no_face_detected,frame_index_fps_fallback
-iRBcNs9oI8_7,0.20020000000000002,6,0,,,0,no_face_detected,frame_index_fps_fallback
-iRBcNs9oI8_7,0.3003,9,0,,,0,no_face_detected,frame_index_fps_fallback
-iRBcNs9oI8_7,0.40040000000000003,12,0,,,0,no_face_detected,frame_index_fps_fallback
-iRBcNs9oI8_7,0.5005000000000001,15,0,,,0,no_face_detected,frame_index_fps_fallback
-iRBcNs9oI8_7,0.6006,18,0,,,0,no_face_detected,frame_index_fps_fallback
-iRBcNs9oI8_7,0.7007000000000001,21,0,,,0,no_face_detected,frame_index_fps_fallback
-iRBcNs9oI8_7,0.8008000000000001,24,0,,,0,no_face_detected,frame_index_fps_fallback
-iRBcNs9oI8_7,0.9009000000000001,27,0,,,0,no_face_detected,frame_index_fps_fallback
-iRBcNs9oI8_7,1.0010000000000001,30,0,,,0,no_face_detected,frame_index_fps_fallback
-iRBcNs9oI8_7,1.1011,33,0,,,0,no_face_detected,frame_index_fps_fallback
-iRBcNs9oI8_7,1.2012,36,0,,,0,no_face_detected,frame_index_fps_fallback
-iRBcNs9oI8_7,1.3013000000000001,39,0,,,0,no_face_detected,frame_index_fps_fallback
-iRBcNs9oI8_7,1.4014000000000002,42,0,,,0,no_face_detected,frame_index_fps_fallback
-iRBcNs9oI8_7,1.5015,45,0,,,0,no_face_detected,frame_index_fps_fallback
-iRBcNs9oI8_7,1.6016000000000001,48,0,,,0,no_face_detected,frame_index_fps_fallback
-iRBcNs9oI8_7,1.7017,51,0,,,0,no_face_detected,frame_index_fps_fallback
-iRBcNs9oI8_7,1.8018000000000003,54,0,,,0,no_face_detected,frame_index_fps_fallback
-iRBcNs9oI8_7,1.9019000000000001,57,0,,,0,no_face_detected,frame_index_fps_fallback
-iRBcNs9oI8_7,2.0020000000000002,60,0,,,0,no_face_detected,frame_index_fps_fallback
-iRBcNs9oI8_7,2.1021,63,0,,,0,no_face_detected,frame_index_fps_fallback
-iRBcNs9oI8_7,2.2022,66,0,,,0,no_face_detected,frame_index_fps_fallback
-iRBcNs9oI8_7,2.3023000000000002,69,0,,,0,no_face_detected,frame_index_fps_fallback
-iRBcNs9oI8_7,2.4024,72,0,,,0,no_face_detected,frame_index_fps_fallback
-iRBcNs9oI8_7,2.5025,75,0,,,0,no_face_detected,frame_index_fps_fallback
-iRBcNs9oI8_7,2.6026000000000002,78,0,,,0,no_face_detected,frame_index_fps_fallback
-iRBcNs9oI8_7,2.7027,81,0,,,0,no_face_detected,frame_index_fps_fallback
-iRBcNs9oI8_7,2.8028000000000004,84,0,,,0,no_face_detected,frame_index_fps_fallback
-iRBcNs9oI8_7,2.9029000000000003,87,0,,,0,no_face_detected,frame_index_fps_fallback
-iRBcNs9oI8_7,3.003,90,0,,,0,no_face_detected,frame_index_fps_fallback
-iRBcNs9oI8_7,3.1031,93,0,,,0,no_face_detected,frame_index_fps_fallback
-iRBcNs9oI8_7,3.2032000000000003,96,0,,,0,no_face_detected,frame_index_fps_fallback
-iRBcNs9oI8_7,3.3033,99,0,,,0,no_face_detected,frame_index_fps_fallback
-iRBcNs9oI8_7,3.4034,102,0,,,0,no_face_detected,frame_index_fps_fallback
-iRBcNs9oI8_7,3.5035000000000003,105,0,,,0,no_face_detected,frame_index_fps_fallback
-iRBcNs9oI8_7,3.6036000000000006,108,0,,,0,no_face_detected,frame_index_fps_fallback
-iRBcNs9oI8_7,3.7037,111,0,,,0,no_face_detected,frame_index_fps_fallback
-iRBcNs9oI8_7,3.8038000000000003,114,0,,,0,no_face_detected,frame_index_fps_fallback
-iRBcNs9oI8_7,3.9039,117,0,,,0,no_face_detected,frame_index_fps_fallback
-iRBcNs9oI8_7,4.037366666666667,119,0,,,0,no_face_detected,frame_index_fps_fallback
-iRBcNs9oI8_6,0.0,0,0,,,0,no_face_detected,frame_index_fps_fallback
-iRBcNs9oI8_6,0.10010000000000001,3,0,,,0,no_face_detected,frame_index_fps_fallback
-iRBcNs9oI8_6,0.20020000000000002,6,0,,,0,no_face_detected,frame_index_fps_fallback
-iRBcNs9oI8_6,0.3003,9,0,,,0,no_face_detected,frame_index_fps_fallback
-iRBcNs9oI8_6,0.40040000000000003,12,0,,,0,no_face_detected,frame_index_fps_fallback
-iRBcNs9oI8_6,0.5005000000000001,15,0,,,0,no_face_detected,frame_index_fps_fallback
-iRBcNs9oI8_6,0.6006,18,0,,,0,no_face_detected,frame_index_fps_fallback
-iRBcNs9oI8_6,0.7007000000000001,21,0,,,0,no_face_detected,frame_index_fps_fallback
-iRBcNs9oI8_6,0.8008000000000001,24,0,,,0,no_face_detected,frame_index_fps_fallback
-iRBcNs9oI8_6,0.9009000000000001,27,0,,,0,no_face_detected,frame_index_fps_fallback
-iRBcNs9oI8_6,1.0010000000000001,30,0,,,0,no_face_detected,frame_index_fps_fallback
-iRBcNs9oI8_6,1.1011,33,0,,,0,no_face_detected,frame_index_fps_fallback
-iRBcNs9oI8_6,1.2012,36,0,,,0,no_face_detected,frame_index_fps_fallback
-iRBcNs9oI8_6,1.3013000000000001,39,0,,,0,no_face_detected,frame_index_fps_fallback
-iRBcNs9oI8_6,1.4014000000000002,42,0,,,0,no_face_detected,frame_index_fps_fallback
-iRBcNs9oI8_6,1.5015,45,0,,,0,no_face_detected,frame_index_fps_fallback
-iRBcNs9oI8_6,1.6016000000000001,48,0,,,0,no_face_detected,frame_index_fps_fallback
-iRBcNs9oI8_6,1.7017,51,0,,,0,no_face_detected,frame_index_fps_fallback
-iRBcNs9oI8_6,1.8018000000000003,54,0,,,0,no_face_detected,frame_index_fps_fallback
-iRBcNs9oI8_6,1.9019000000000001,57,0,,,0,no_face_detected,frame_index_fps_fallback
-iRBcNs9oI8_6,2.0020000000000002,60,0,,,0,no_face_detected,frame_index_fps_fallback
-iRBcNs9oI8_6,2.1021,63,0,,,0,no_face_detected,frame_index_fps_fallback
-iRBcNs9oI8_6,2.2022,66,0,,,0,no_face_detected,frame_index_fps_fallback
-iRBcNs9oI8_6,2.3023000000000002,69,0,,,0,no_face_detected,frame_index_fps_fallback
-iRBcNs9oI8_6,2.4024,72,0,,,0,no_face_detected,frame_index_fps_fallback
-iRBcNs9oI8_6,2.5025,75,0,,,0,no_face_detected,frame_index_fps_fallback
-iRBcNs9oI8_6,2.6026000000000002,78,0,,,0,no_face_detected,frame_index_fps_fallback
-iRBcNs9oI8_6,2.7027,81,0,,,0,no_face_detected,frame_index_fps_fallback
-iRBcNs9oI8_6,2.8361666666666667,84,0,,,0,no_face_detected,frame_index_fps_fallback
-iRBcNs9oI8_9,0.0,0,0,,,0,no_face_detected,frame_index_fps_fallback
-iRBcNs9oI8_9,0.10010000000000001,3,0,,,0,no_face_detected,frame_index_fps_fallback
-iRBcNs9oI8_9,0.20020000000000002,6,0,,,0,no_face_detected,frame_index_fps_fallback
-iRBcNs9oI8_9,0.3003,9,0,,,0,no_face_detected,frame_index_fps_fallback
-iRBcNs9oI8_9,0.40040000000000003,12,0,,,0,no_face_detected,frame_index_fps_fallback
-iRBcNs9oI8_9,0.5005000000000001,15,0,,,0,no_face_detected,frame_index_fps_fallback
-iRBcNs9oI8_9,0.6006,18,0,,,0,no_face_detected,frame_index_fps_fallback
-iRBcNs9oI8_9,0.7007000000000001,21,0,,,0,no_face_detected,frame_index_fps_fallback
-iRBcNs9oI8_9,0.8008000000000001,24,0,,,0,no_face_detected,frame_index_fps_fallback
-iRBcNs9oI8_9,0.9009000000000001,27,0,,,0,no_face_detected,frame_index_fps_fallback
-iRBcNs9oI8_9,1.0010000000000001,30,0,,,0,no_face_detected,frame_index_fps_fallback
-iRBcNs9oI8_9,1.1011,33,0,,,0,no_face_detected,frame_index_fps_fallback
-iRBcNs9oI8_9,1.2012,36,0,,,0,no_face_detected,frame_index_fps_fallback
-iRBcNs9oI8_9,1.3013000000000001,39,0,,,0,no_face_detected,frame_index_fps_fallback
-iRBcNs9oI8_9,1.4014000000000002,42,0,,,0,no_face_detected,frame_index_fps_fallback
-iRBcNs9oI8_9,1.5015,45,0,,,0,no_face_detected,frame_index_fps_fallback
-iRBcNs9oI8_9,1.6016000000000001,48,0,,,0,no_face_detected,frame_index_fps_fallback
-iRBcNs9oI8_9,1.7017,51,0,,,0,no_face_detected,frame_index_fps_fallback
-iRBcNs9oI8_9,1.8018000000000003,54,0,,,0,no_face_detected,frame_index_fps_fallback
-iRBcNs9oI8_9,1.9019000000000001,57,0,,,0,no_face_detected,frame_index_fps_fallback
-iRBcNs9oI8_9,2.0020000000000002,60,0,,,0,no_face_detected,frame_index_fps_fallback
-iRBcNs9oI8_9,2.1021,63,0,,,0,no_face_detected,frame_index_fps_fallback
-iRBcNs9oI8_9,2.2022,66,0,,,0,no_face_detected,frame_index_fps_fallback
-iRBcNs9oI8_9,2.3023000000000002,69,1,0,"[859.53, 278.38, 981.72, 454.29]",1,,frame_index_fps_fallback
-iRBcNs9oI8_9,2.4024,72,1,0,"[858.31, 273.97, 985.48, 461.39]",1,,frame_index_fps_fallback
-iRBcNs9oI8_9,2.5025,75,1,0,"[853.89, 281.1, 981.38, 467.03]",1,,frame_index_fps_fallback
-iRBcNs9oI8_9,2.6026000000000002,78,0,,,0,no_face_detected,frame_index_fps_fallback
-iRBcNs9oI8_9,2.7027,81,0,,,0,no_face_detected,frame_index_fps_fallback
-iRBcNs9oI8_9,2.8028000000000004,84,0,,,0,no_face_detected,frame_index_fps_fallback
-iRBcNs9oI8_9,2.9029000000000003,87,0,,,0,no_face_detected,frame_index_fps_fallback
-iRBcNs9oI8_9,3.003,90,0,,,0,no_face_detected,frame_index_fps_fallback
-iRBcNs9oI8_9,3.1031,93,0,,,0,no_face_detected,frame_index_fps_fallback
-iRBcNs9oI8_9,3.2032000000000003,96,0,,,0,no_face_detected,frame_index_fps_fallback
-iRBcNs9oI8_9,3.3033,99,0,,,0,no_face_detected,frame_index_fps_fallback
-iRBcNs9oI8_8,0.0,0,0,,,0,no_face_detected,frame_index_fps_fallback
-iRBcNs9oI8_8,0.10010000000000001,3,0,,,0,no_face_detected,frame_index_fps_fallback
-iRBcNs9oI8_8,0.20020000000000002,6,0,,,0,no_face_detected,frame_index_fps_fallback
-iRBcNs9oI8_8,0.3003,9,0,,,0,no_face_detected,frame_index_fps_fallback
-iRBcNs9oI8_8,0.40040000000000003,12,0,,,0,no_face_detected,frame_index_fps_fallback
-iRBcNs9oI8_8,0.5005000000000001,15,0,,,0,no_face_detected,frame_index_fps_fallback
-iRBcNs9oI8_8,0.6006,18,0,,,0,no_face_detected,frame_index_fps_fallback
-iRBcNs9oI8_8,0.7007000000000001,21,0,,,0,no_face_detected,frame_index_fps_fallback
-iRBcNs9oI8_8,0.8008000000000001,24,0,,,0,no_face_detected,frame_index_fps_fallback
-iRBcNs9oI8_8,0.9009000000000001,27,0,,,0,no_face_detected,frame_index_fps_fallback
-iRBcNs9oI8_8,1.0010000000000001,30,0,,,0,no_face_detected,frame_index_fps_fallback
-iRBcNs9oI8_8,1.1011,33,0,,,0,no_face_detected,frame_index_fps_fallback
-iRBcNs9oI8_8,1.2012,36,0,,,0,no_face_detected,frame_index_fps_fallback
-iRBcNs9oI8_8,1.3013000000000001,39,0,,,0,no_face_detected,frame_index_fps_fallback
-iRBcNs9oI8_8,1.4014000000000002,42,0,,,0,no_face_detected,frame_index_fps_fallback
-iRBcNs9oI8_8,1.5015,45,0,,,0,no_face_detected,frame_index_fps_fallback
-iRBcNs9oI8_8,1.6016000000000001,48,0,,,0,no_face_detected,frame_index_fps_fallback
-iRBcNs9oI8_8,1.7017,51,0,,,0,no_face_detected,frame_index_fps_fallback
-iRBcNs9oI8_8,1.8018000000000003,54,0,,,0,no_face_detected,frame_index_fps_fallback
-iRBcNs9oI8_8,1.9019000000000001,57,0,,,0,no_face_detected,frame_index_fps_fallback
-iRBcNs9oI8_8,2.0020000000000002,60,0,,,0,no_face_detected,frame_index_fps_fallback
-iRBcNs9oI8_8,2.1021,63,0,,,0,no_face_detected,frame_index_fps_fallback
-iRBcNs9oI8_8,2.2022,66,0,,,0,no_face_detected,frame_index_fps_fallback
-iRBcNs9oI8_8,2.3023000000000002,69,0,,,0,no_face_detected,frame_index_fps_fallback
-iRBcNs9oI8_8,2.4024,72,0,,,0,no_face_detected,frame_index_fps_fallback
-iRBcNs9oI8_8,2.5025,75,0,,,0,no_face_detected,frame_index_fps_fallback
-iRBcNs9oI8_8,2.6026000000000002,78,0,,,0,no_face_detected,frame_index_fps_fallback
-iRBcNs9oI8_8,2.7027,81,0,,,0,no_face_detected,frame_index_fps_fallback
-iRBcNs9oI8_8,2.8028000000000004,84,0,,,0,no_face_detected,frame_index_fps_fallback
-iRBcNs9oI8_8,2.9029000000000003,87,0,,,0,no_face_detected,frame_index_fps_fallback
-iRBcNs9oI8_8,3.003,90,0,,,0,no_face_detected,frame_index_fps_fallback
-iRBcNs9oI8_8,3.1031,93,0,,,0,no_face_detected,frame_index_fps_fallback
-iRBcNs9oI8_8,3.2032000000000003,96,0,,,0,no_face_detected,frame_index_fps_fallback
-iRBcNs9oI8_8,3.3033,99,0,,,0,no_face_detected,frame_index_fps_fallback
-iRBcNs9oI8_8,3.4034,102,0,,,0,no_face_detected,frame_index_fps_fallback
-iRBcNs9oI8_8,3.5035000000000003,105,0,,,0,no_face_detected,frame_index_fps_fallback
-iRBcNs9oI8_8,3.6036000000000006,108,0,,,0,no_face_detected,frame_index_fps_fallback
-iRBcNs9oI8_8,3.7037,111,0,,,0,no_face_detected,frame_index_fps_fallback
-iRBcNs9oI8_8,3.8038000000000003,114,0,,,0,no_face_detected,frame_index_fps_fallback
-iRBcNs9oI8_8,3.9039,117,0,,,0,no_face_detected,frame_index_fps_fallback
-iRBcNs9oI8_8,4.0040000000000004,120,0,,,0,no_face_detected,frame_index_fps_fallback
-iRBcNs9oI8_8,4.1041,123,0,,,0,no_face_detected,frame_index_fps_fallback
-iRBcNs9oI8_8,4.2042,126,0,,,0,no_face_detected,frame_index_fps_fallback
-iRBcNs9oI8_8,4.3043000000000005,129,0,,,0,no_face_detected,frame_index_fps_fallback
-iRBcNs9oI8_8,4.4044,132,0,,,0,no_face_detected,frame_index_fps_fallback
-iRBcNs9oI8_8,4.5045,135,0,,,0,no_face_detected,frame_index_fps_fallback
-iRBcNs9oI8_8,4.6046000000000005,138,0,,,0,no_face_detected,frame_index_fps_fallback
-iRBcNs9oI8_8,4.7047,141,0,,,0,no_face_detected,frame_index_fps_fallback
-iRBcNs9oI8_8,4.8048,144,0,,,0,no_face_detected,frame_index_fps_fallback
-iRBcNs9oI8_8,4.9049000000000005,147,0,,,0,no_face_detected,frame_index_fps_fallback
-iRBcNs9oI8_8,5.005,150,0,,,0,no_face_detected,frame_index_fps_fallback
-iRBcNs9oI8_8,5.1051,153,0,,,0,no_face_detected,frame_index_fps_fallback
-iRBcNs9oI8_8,5.2052000000000005,156,0,,,0,no_face_detected,frame_index_fps_fallback
-iRBcNs9oI8_8,5.3053,159,0,,,0,no_face_detected,frame_index_fps_fallback
-iRBcNs9oI8_8,5.4054,162,0,,,0,no_face_detected,frame_index_fps_fallback
-iRBcNs9oI8_8,5.5055000000000005,165,0,,,0,no_face_detected,frame_index_fps_fallback
-iRBcNs9oI8_8,5.605600000000001,168,0,,,0,no_face_detected,frame_index_fps_fallback
-iRBcNs9oI8_8,5.7057,171,0,,,0,no_face_detected,frame_index_fps_fallback
-iRBcNs9oI8_8,5.8058000000000005,174,0,,,0,no_face_detected,frame_index_fps_fallback
-iRBcNs9oI8_8,5.9059,177,0,,,0,no_face_detected,frame_index_fps_fallback
-iRBcNs9oI8_8,6.006,180,0,,,0,no_face_detected,frame_index_fps_fallback
-iRBcNs9oI8_8,6.1061000000000005,183,0,,,0,no_face_detected,frame_index_fps_fallback
-iRBcNs9oI8_8,6.2062,186,0,,,0,no_face_detected,frame_index_fps_fallback
-iRBcNs9oI8_8,6.3063,189,0,,,0,no_face_detected,frame_index_fps_fallback
-iRBcNs9oI8_8,6.4064000000000005,192,0,,,0,no_face_detected,frame_index_fps_fallback
-iRBcNs9oI8_8,6.5065,195,0,,,0,no_face_detected,frame_index_fps_fallback
-iRBcNs9oI8_8,6.6066,198,0,,,0,no_face_detected,frame_index_fps_fallback
-iRBcNs9oI8_8,6.7067000000000005,201,0,,,0,no_face_detected,frame_index_fps_fallback
-iRBcNs9oI8_8,6.8068,204,0,,,0,no_face_detected,frame_index_fps_fallback
-iRBcNs9oI8_8,6.9069,207,0,,,0,no_face_detected,frame_index_fps_fallback
-iRBcNs9oI8_8,7.007000000000001,210,0,,,0,no_face_detected,frame_index_fps_fallback
-iRBcNs9oI8_8,7.1071,213,0,,,0,no_face_detected,frame_index_fps_fallback
-iRBcNs9oI8_8,7.207200000000001,216,0,,,0,no_face_detected,frame_index_fps_fallback
-iRBcNs9oI8_8,7.307300000000001,219,0,,,0,no_face_detected,frame_index_fps_fallback
-iRBcNs9oI8_8,7.4074,222,0,,,0,no_face_detected,frame_index_fps_fallback
-iRBcNs9oI8_8,7.5075,225,0,,,0,no_face_detected,frame_index_fps_fallback
-iRBcNs9oI8_8,7.607600000000001,228,0,,,0,no_face_detected,frame_index_fps_fallback
-iRBcNs9oI8_8,7.7077,231,0,,,0,no_face_detected,frame_index_fps_fallback
-iRBcNs9oI8_8,7.8078,234,0,,,0,no_face_detected,frame_index_fps_fallback
-iRBcNs9oI8_8,7.907900000000001,237,0,,,0,no_face_detected,frame_index_fps_fallback
-iRBcNs9oI8_8,8.041366666666667,240,0,,,0,no_face_detected,frame_index_fps_fallback
-lzEya4AM_4_5,0.0,0,1,0,"[162.66, 76.68, 222.69, 151.43]",1,,frame_index_fps_fallback
-lzEya4AM_4_5,0.1,3,1,0,"[162.1, 76.66, 222.05, 152.15]",1,,frame_index_fps_fallback
-lzEya4AM_4_5,0.2,6,1,0,"[162.12, 76.61, 222.22, 153.22]",1,,frame_index_fps_fallback
-lzEya4AM_4_5,0.3,9,1,0,"[162.3, 77.45, 222.14, 152.82]",1,,frame_index_fps_fallback
-lzEya4AM_4_5,0.4,12,1,0,"[162.57, 77.79, 221.97, 152.63]",1,,frame_index_fps_fallback
-lzEya4AM_4_5,0.5,15,1,0,"[161.81, 78.12, 221.75, 152.21]",1,,frame_index_fps_fallback
-lzEya4AM_4_5,0.6,18,1,0,"[160.28, 79.06, 220.06, 152.3]",1,,frame_index_fps_fallback
-lzEya4AM_4_5,0.7,21,1,0,"[157.72, 78.33, 217.32, 153.08]",1,,frame_index_fps_fallback
-lzEya4AM_4_5,0.8,24,1,0,"[154.83, 80.16, 215.34, 153.47]",1,,frame_index_fps_fallback
-lzEya4AM_4_5,0.9,27,1,0,"[154.33, 81.42, 212.95, 154.0]",1,,frame_index_fps_fallback
-lzEya4AM_4_5,1.0,30,1,0,"[153.18, 80.92, 213.0, 154.54]",1,,frame_index_fps_fallback
-lzEya4AM_4_5,1.1,33,1,0,"[152.23, 81.09, 212.31, 155.26]",1,,frame_index_fps_fallback
-lzEya4AM_4_5,1.2,36,1,0,"[152.07, 80.81, 212.6, 155.42]",1,,frame_index_fps_fallback
-lzEya4AM_4_5,1.3,39,1,0,"[153.13, 81.1, 212.86, 155.45]",1,,frame_index_fps_fallback
-lzEya4AM_4_5,1.4,42,1,0,"[154.31, 81.66, 213.36, 154.71]",1,,frame_index_fps_fallback
-lzEya4AM_4_5,1.5,45,1,0,"[155.91, 82.03, 213.2, 155.28]",1,,frame_index_fps_fallback
-lzEya4AM_4_5,1.6,48,1,0,"[156.11, 81.82, 214.09, 155.59]",1,,frame_index_fps_fallback
-lzEya4AM_4_5,1.7,51,1,0,"[155.24, 80.21, 214.92, 153.01]",1,,frame_index_fps_fallback
-lzEya4AM_4_5,1.8,54,1,0,"[154.64, 79.96, 215.4, 151.47]",1,,frame_index_fps_fallback
-lzEya4AM_4_5,1.9,57,1,0,"[155.9, 79.55, 215.95, 151.96]",1,,frame_index_fps_fallback
-lzEya4AM_4_5,2.0,60,1,0,"[156.37, 78.68, 217.06, 152.01]",1,,frame_index_fps_fallback
-lzEya4AM_4_5,2.1,63,1,0,"[156.17, 78.77, 217.43, 152.21]",1,,frame_index_fps_fallback
-lzEya4AM_4_5,2.2,66,1,0,"[156.71, 78.73, 218.01, 153.22]",1,,frame_index_fps_fallback
-lzEya4AM_4_5,2.3,69,1,0,"[156.26, 78.65, 217.98, 153.17]",1,,frame_index_fps_fallback
-lzEya4AM_4_5,2.4,72,1,0,"[156.8, 78.04, 217.69, 151.48]",1,,frame_index_fps_fallback
-lzEya4AM_4_5,2.5,75,1,0,"[157.74, 78.08, 217.72, 151.41]",1,,frame_index_fps_fallback
-lzEya4AM_4_5,2.6,78,1,0,"[157.56, 78.34, 217.88, 151.24]",1,,frame_index_fps_fallback
-lzEya4AM_4_5,2.7,81,1,0,"[157.62, 78.6, 217.88, 152.04]",1,,frame_index_fps_fallback
-lzEya4AM_4_5,2.8,84,1,0,"[157.08, 79.19, 217.27, 151.52]",1,,frame_index_fps_fallback
-lzEya4AM_4_5,2.9,87,1,0,"[156.53, 79.24, 217.85, 152.18]",1,,frame_index_fps_fallback
-lzEya4AM_4_5,3.0,90,1,0,"[155.53, 79.01, 217.71, 152.95]",1,,frame_index_fps_fallback
-lzEya4AM_4_5,3.1,93,1,0,"[155.53, 79.11, 217.38, 152.82]",1,,frame_index_fps_fallback
-lzEya4AM_4_5,3.2,96,1,0,"[155.39, 78.92, 216.83, 152.14]",1,,frame_index_fps_fallback
-lzEya4AM_4_5,3.3,99,1,0,"[155.15, 78.1, 216.63, 150.9]",1,,frame_index_fps_fallback
-lzEya4AM_4_5,3.4,102,1,0,"[154.93, 78.04, 216.91, 150.33]",1,,frame_index_fps_fallback
-lzEya4AM_4_5,3.5,105,1,0,"[154.86, 77.71, 216.96, 151.12]",1,,frame_index_fps_fallback
-lzEya4AM_4_5,3.6,108,1,0,"[154.91, 77.78, 217.05, 152.16]",1,,frame_index_fps_fallback
-lzEya4AM_4_5,3.6999999999999997,111,1,0,"[154.98, 78.01, 217.31, 151.72]",1,,frame_index_fps_fallback
-lzEya4AM_4_5,3.8,114,1,0,"[155.03, 78.29, 217.38, 152.63]",1,,frame_index_fps_fallback
-lzEya4AM_4_5,3.9,117,1,0,"[155.82, 79.02, 217.11, 153.25]",1,,frame_index_fps_fallback
-lzEya4AM_4_5,4.0,120,1,0,"[156.2, 80.01, 217.83, 154.28]",1,,frame_index_fps_fallback
-lzEya4AM_4_5,4.1,123,1,0,"[155.52, 81.36, 217.61, 154.74]",1,,frame_index_fps_fallback
-lzEya4AM_4_5,4.2,126,1,0,"[156.42, 80.91, 218.4, 154.96]",1,,frame_index_fps_fallback
-lzEya4AM_4_5,4.3,129,1,0,"[156.9, 80.79, 218.49, 154.74]",1,,frame_index_fps_fallback
-lzEya4AM_4_5,4.4,132,1,0,"[157.51, 80.57, 219.28, 154.7]",1,,frame_index_fps_fallback
-lzEya4AM_4_5,4.5,135,1,0,"[159.39, 80.1, 219.8, 153.5]",1,,frame_index_fps_fallback
-lzEya4AM_4_5,4.6,138,1,0,"[159.99, 79.79, 220.83, 153.21]",1,,frame_index_fps_fallback
-lzEya4AM_4_5,4.7,141,1,0,"[161.12, 78.53, 221.28, 152.81]",1,,frame_index_fps_fallback
-lzEya4AM_4_5,4.8,144,1,0,"[160.59, 78.44, 221.92, 152.74]",1,,frame_index_fps_fallback
-lzEya4AM_4_5,4.9,147,1,0,"[161.01, 79.11, 222.37, 152.99]",1,,frame_index_fps_fallback
-lzEya4AM_4_5,5.0,150,1,0,"[161.24, 79.92, 223.05, 153.67]",1,,frame_index_fps_fallback
-lzEya4AM_4_5,5.1,153,1,0,"[163.07, 81.24, 223.58, 156.58]",1,,frame_index_fps_fallback
-lzEya4AM_4_5,5.2,156,1,0,"[162.08, 82.29, 223.17, 154.62]",1,,frame_index_fps_fallback
-lzEya4AM_4_5,5.3,159,1,0,"[162.84, 84.14, 223.05, 156.68]",1,,frame_index_fps_fallback
-lzEya4AM_4_5,5.4,162,1,0,"[164.15, 84.78, 225.69, 157.71]",1,,frame_index_fps_fallback
-lzEya4AM_4_5,5.5,165,1,0,"[166.11, 84.16, 225.95, 156.85]",1,,frame_index_fps_fallback
-lzEya4AM_4_5,5.6,168,1,0,"[165.84, 81.96, 227.56, 156.34]",1,,frame_index_fps_fallback
-lzEya4AM_4_5,5.7,171,1,0,"[166.49, 81.77, 229.22, 157.47]",1,,frame_index_fps_fallback
-lzEya4AM_4_5,5.8,174,1,0,"[167.72, 83.4, 230.04, 157.47]",1,,frame_index_fps_fallback
-lzEya4AM_4_5,5.9,177,1,0,"[168.4, 86.01, 230.53, 159.4]",1,,frame_index_fps_fallback
-lzEya4AM_4_5,6.0,180,1,0,"[169.6, 87.33, 232.52, 160.02]",1,,frame_index_fps_fallback
-lzEya4AM_4_5,6.1,183,1,0,"[171.23, 88.21, 232.59, 161.01]",1,,frame_index_fps_fallback
-lzEya4AM_4_5,6.2,186,1,0,"[172.38, 89.68, 234.31, 161.94]",1,,frame_index_fps_fallback
-lzEya4AM_4_5,6.3,189,1,0,"[173.0, 90.77, 235.38, 162.65]",1,,frame_index_fps_fallback
-lzEya4AM_4_5,6.4,192,1,0,"[175.15, 91.8, 236.11, 163.65]",1,,frame_index_fps_fallback
-lzEya4AM_4_5,6.5,195,1,0,"[176.55, 92.34, 237.36, 164.75]",1,,frame_index_fps_fallback
-lzEya4AM_4_5,6.6,198,1,0,"[178.79, 93.64, 238.03, 165.28]",1,,frame_index_fps_fallback
-lzEya4AM_4_5,6.7,201,1,0,"[179.8, 95.12, 239.15, 166.11]",1,,frame_index_fps_fallback
-lzEya4AM_4_5,6.8,204,1,0,"[180.23, 95.28, 239.1, 165.78]",1,,frame_index_fps_fallback
-lzEya4AM_4_5,6.8999999999999995,207,1,0,"[181.03, 94.7, 240.06, 167.41]",1,,frame_index_fps_fallback
-lzEya4AM_4_5,7.0,210,1,0,"[180.86, 94.3, 240.75, 167.33]",1,,frame_index_fps_fallback
-lzEya4AM_4_5,7.1,213,1,0,"[180.11, 93.66, 240.86, 165.36]",1,,frame_index_fps_fallback
-lzEya4AM_4_5,7.2,216,1,0,"[181.58, 93.78, 242.16, 164.12]",1,,frame_index_fps_fallback
-lzEya4AM_4_5,7.3,219,1,0,"[182.84, 94.43, 243.24, 164.08]",1,,frame_index_fps_fallback
-lzEya4AM_4_5,7.3999999999999995,222,1,0,"[183.81, 96.06, 244.39, 164.92]",1,,frame_index_fps_fallback
-lzEya4AM_4_5,7.5,225,1,0,"[184.76, 99.76, 245.12, 166.05]",1,,frame_index_fps_fallback
-lzEya4AM_4_5,7.633333333333333,228,1,0,"[185.52, 105.44, 245.88, 170.09]",1,,frame_index_fps_fallback
-lzEya4AM_4_6,0.0,0,1,0,"[186.12, 110.87, 249.46, 178.06]",1,,frame_index_fps_fallback
-lzEya4AM_4_6,0.1,3,1,0,"[183.54, 110.3, 248.23, 177.96]",1,,frame_index_fps_fallback
-lzEya4AM_4_6,0.2,6,1,0,"[177.85, 101.04, 242.87, 177.15]",1,,frame_index_fps_fallback
-lzEya4AM_4_6,0.3,9,1,0,"[179.99, 112.82, 242.86, 180.68]",1,,frame_index_fps_fallback
-lzEya4AM_4_6,0.4,12,1,0,"[174.33, 111.73, 234.53, 178.93]",1,,frame_index_fps_fallback
-lzEya4AM_4_6,0.5,15,1,0,"[166.37, 107.63, 228.11, 176.36]",1,,frame_index_fps_fallback
-lzEya4AM_4_6,0.6,18,1,0,"[159.02, 103.13, 219.07, 170.18]",1,,frame_index_fps_fallback
-lzEya4AM_4_6,0.7,21,1,0,"[151.73, 96.83, 212.28, 165.11]",1,,frame_index_fps_fallback
-lzEya4AM_4_6,0.8,24,1,0,"[145.22, 91.78, 206.45, 163.32]",1,,frame_index_fps_fallback
-lzEya4AM_4_6,0.9,27,1,0,"[140.9, 90.65, 200.5, 161.25]",1,,frame_index_fps_fallback
-lzEya4AM_4_6,1.0,30,1,0,"[136.5, 90.19, 196.46, 159.97]",1,,frame_index_fps_fallback
-lzEya4AM_4_6,1.1,33,1,0,"[135.08, 89.57, 192.92, 160.29]",1,,frame_index_fps_fallback
-lzEya4AM_4_6,1.2,36,1,0,"[128.78, 89.04, 189.29, 159.13]",1,,frame_index_fps_fallback
-lzEya4AM_4_6,1.3,39,1,0,"[125.73, 87.48, 187.11, 159.17]",1,,frame_index_fps_fallback
-lzEya4AM_4_6,1.4,42,1,0,"[123.08, 87.24, 183.53, 158.81]",1,,frame_index_fps_fallback
-lzEya4AM_4_6,1.5,45,1,0,"[120.73, 87.29, 179.79, 159.35]",1,,frame_index_fps_fallback
-lzEya4AM_4_6,1.6,48,1,0,"[117.26, 86.64, 176.13, 159.14]",1,,frame_index_fps_fallback
-lzEya4AM_4_6,1.7,51,1,0,"[116.43, 87.4, 172.25, 159.41]",1,,frame_index_fps_fallback
-lzEya4AM_4_6,1.8,54,1,0,"[111.55, 86.86, 170.02, 159.62]",1,,frame_index_fps_fallback
-lzEya4AM_4_6,1.9,57,1,0,"[111.48, 85.55, 169.08, 155.69]",1,,frame_index_fps_fallback
-lzEya4AM_4_6,2.0,60,1,0,"[104.97, 83.23, 165.34, 155.66]",1,,frame_index_fps_fallback
-lzEya4AM_4_6,2.1,63,1,0,"[101.88, 83.64, 161.15, 155.44]",1,,frame_index_fps_fallback
-lzEya4AM_4_6,2.2,66,1,0,"[98.57, 83.67, 157.43, 156.71]",1,,frame_index_fps_fallback
-lzEya4AM_4_6,2.3,69,1,0,"[93.72, 84.2, 152.88, 158.84]",1,,frame_index_fps_fallback
-lzEya4AM_4_6,2.4,72,1,0,"[90.29, 83.71, 149.64, 158.51]",1,,frame_index_fps_fallback
-lzEya4AM_4_6,2.5,75,1,0,"[86.04, 82.38, 147.76, 158.74]",1,,frame_index_fps_fallback
-lzEya4AM_4_6,2.6,78,1,0,"[82.34, 81.0, 145.93, 157.04]",1,,frame_index_fps_fallback
-lzEya4AM_4_6,2.7,81,1,0,"[82.06, 80.35, 144.79, 156.63]",1,,frame_index_fps_fallback
-lzEya4AM_4_6,2.8,84,1,0,"[83.92, 80.79, 146.35, 155.29]",1,,frame_index_fps_fallback
-lzEya4AM_4_6,2.9,87,1,0,"[85.18, 81.85, 149.46, 156.95]",1,,frame_index_fps_fallback
-lzEya4AM_4_6,3.0,90,1,0,"[87.68, 82.26, 150.11, 158.95]",1,,frame_index_fps_fallback
-lzEya4AM_4_6,3.1,93,1,0,"[90.46, 80.97, 154.39, 159.94]",1,,frame_index_fps_fallback
-lzEya4AM_4_6,3.2,96,1,0,"[97.29, 81.76, 160.11, 159.02]",1,,frame_index_fps_fallback
-lzEya4AM_4_6,3.3,99,1,0,"[103.17, 81.67, 167.31, 159.14]",1,,frame_index_fps_fallback
-lzEya4AM_4_6,3.4,102,1,0,"[109.71, 82.32, 173.3, 159.23]",1,,frame_index_fps_fallback
-lzEya4AM_4_6,3.5,105,1,0,"[115.52, 80.64, 177.73, 160.95]",1,,frame_index_fps_fallback
-lzEya4AM_4_6,3.6,108,1,0,"[122.91, 79.67, 186.12, 159.7]",1,,frame_index_fps_fallback
-lzEya4AM_4_6,3.6999999999999997,111,1,0,"[129.14, 78.8, 193.46, 155.87]",1,,frame_index_fps_fallback
-lzEya4AM_4_6,3.8,114,1,0,"[137.01, 77.31, 199.53, 154.43]",1,,frame_index_fps_fallback
-lzEya4AM_4_6,3.9,117,1,0,"[142.61, 74.96, 208.14, 153.0]",1,,frame_index_fps_fallback
-lzEya4AM_4_6,4.0,120,1,0,"[149.48, 74.15, 213.71, 152.27]",1,,frame_index_fps_fallback
-lzEya4AM_4_6,4.1,123,1,0,"[157.79, 74.09, 222.1, 152.55]",1,,frame_index_fps_fallback
-lzEya4AM_4_6,4.2,126,1,0,"[162.97, 73.78, 227.7, 154.1]",1,,frame_index_fps_fallback
-lzEya4AM_4_6,4.3,129,1,0,"[166.57, 74.62, 232.58, 154.18]",1,,frame_index_fps_fallback
-lzEya4AM_4_6,4.4,132,1,0,"[169.91, 76.41, 236.9, 156.38]",1,,frame_index_fps_fallback
-lzEya4AM_4_6,4.5,135,1,0,"[171.2, 77.05, 239.13, 157.12]",1,,frame_index_fps_fallback
-lzEya4AM_4_6,4.6,138,1,0,"[171.74, 78.15, 240.0, 159.78]",1,,frame_index_fps_fallback
-lzEya4AM_4_6,4.7,141,1,0,"[172.17, 80.47, 240.54, 160.45]",1,,frame_index_fps_fallback
-lzEya4AM_4_6,4.8,144,1,0,"[171.99, 82.36, 239.76, 162.72]",1,,frame_index_fps_fallback
-lzEya4AM_4_6,4.9,147,1,0,"[170.78, 82.21, 238.52, 165.86]",1,,frame_index_fps_fallback
-lzEya4AM_4_6,5.0,150,1,0,"[168.16, 82.72, 235.34, 165.73]",1,,frame_index_fps_fallback
-lzEya4AM_4_6,5.1,153,1,0,"[163.99, 84.61, 230.71, 165.9]",1,,frame_index_fps_fallback
-lzEya4AM_4_6,5.2,156,1,0,"[157.98, 84.18, 224.28, 164.31]",1,,frame_index_fps_fallback
-lzEya4AM_4_6,5.3,159,1,0,"[152.06, 84.9, 217.49, 163.36]",1,,frame_index_fps_fallback
-lzEya4AM_4_6,5.4,162,1,0,"[144.86, 83.56, 211.65, 163.98]",1,,frame_index_fps_fallback
-lzEya4AM_4_6,5.5,165,1,0,"[141.05, 85.61, 206.03, 165.47]",1,,frame_index_fps_fallback
-lzEya4AM_4_6,5.6,168,1,0,"[136.21, 87.78, 200.72, 168.06]",1,,frame_index_fps_fallback
-lzEya4AM_4_6,5.7,171,1,0,"[131.65, 92.08, 197.38, 170.37]",1,,frame_index_fps_fallback
-lzEya4AM_4_6,5.8,174,1,0,"[127.71, 92.04, 192.16, 170.45]",1,,frame_index_fps_fallback
-lzEya4AM_4_6,5.9,177,1,0,"[123.06, 88.76, 187.81, 168.24]",1,,frame_index_fps_fallback
-lzEya4AM_4_6,6.0,180,1,0,"[119.92, 85.34, 183.61, 164.49]",1,,frame_index_fps_fallback
-lzEya4AM_4_6,6.1,183,1,0,"[116.53, 79.93, 179.09, 163.59]",1,,frame_index_fps_fallback
-lzEya4AM_4_6,6.2,186,1,0,"[116.13, 79.14, 178.02, 158.65]",1,,frame_index_fps_fallback
-lzEya4AM_4_6,6.3,189,1,0,"[114.72, 77.49, 176.71, 155.64]",1,,frame_index_fps_fallback
-lzEya4AM_4_6,6.4,192,1,0,"[113.43, 78.71, 176.43, 155.07]",1,,frame_index_fps_fallback
-lzEya4AM_4_6,6.5,195,1,0,"[113.05, 79.52, 175.79, 156.67]",1,,frame_index_fps_fallback
-lzEya4AM_4_6,6.6,198,1,0,"[112.24, 81.75, 175.31, 160.63]",1,,frame_index_fps_fallback
-lzEya4AM_4_6,6.7,201,1,0,"[113.06, 82.3, 175.14, 161.74]",1,,frame_index_fps_fallback
-lzEya4AM_4_6,6.8,204,1,0,"[114.93, 84.03, 178.09, 163.37]",1,,frame_index_fps_fallback
-lzEya4AM_4_6,6.8999999999999995,207,1,0,"[116.99, 84.62, 179.4, 163.61]",1,,frame_index_fps_fallback
-lzEya4AM_4_6,7.0,210,1,0,"[119.71, 85.89, 182.65, 165.09]",1,,frame_index_fps_fallback
-lzEya4AM_4_6,7.1,213,1,0,"[121.74, 86.02, 185.43, 166.15]",1,,frame_index_fps_fallback
-lzEya4AM_4_6,7.2,216,1,0,"[124.41, 84.97, 190.29, 166.71]",1,,frame_index_fps_fallback
-lzEya4AM_4_6,7.3,219,1,0,"[127.6, 85.29, 195.04, 167.33]",1,,frame_index_fps_fallback
-lzEya4AM_4_6,7.3999999999999995,222,1,0,"[133.02, 85.57, 199.55, 167.51]",1,,frame_index_fps_fallback
-lzEya4AM_4_6,7.5,225,1,0,"[138.79, 85.51, 205.94, 167.19]",1,,frame_index_fps_fallback
-lzEya4AM_4_6,7.6,228,1,0,"[143.87, 85.09, 210.44, 167.44]",1,,frame_index_fps_fallback
-lzEya4AM_4_6,7.7,231,1,0,"[149.69, 83.75, 216.87, 167.23]",1,,frame_index_fps_fallback
-lzEya4AM_4_6,7.8,234,1,0,"[154.17, 83.62, 223.13, 167.57]",1,,frame_index_fps_fallback
-lzEya4AM_4_6,7.8999999999999995,237,1,0,"[159.18, 82.93, 229.54, 167.05]",1,,frame_index_fps_fallback
-lzEya4AM_4_6,8.0,240,1,0,"[163.73, 81.1, 233.45, 169.66]",1,,frame_index_fps_fallback
-lzEya4AM_4_6,8.1,243,1,0,"[165.65, 81.66, 235.95, 169.15]",1,,frame_index_fps_fallback
-lzEya4AM_4_6,8.2,246,1,0,"[168.83, 81.6, 238.28, 169.14]",1,,frame_index_fps_fallback
-lzEya4AM_4_6,8.3,249,1,0,"[169.93, 81.67, 240.95, 169.77]",1,,frame_index_fps_fallback
-lzEya4AM_4_6,8.4,252,1,0,"[170.88, 81.7, 242.17, 168.85]",1,,frame_index_fps_fallback
-lzEya4AM_4_6,8.5,255,1,0,"[171.8, 81.73, 242.01, 168.34]",1,,frame_index_fps_fallback
-lzEya4AM_4_6,8.6,258,1,0,"[172.14, 80.01, 242.63, 167.03]",1,,frame_index_fps_fallback
-lzEya4AM_4_6,8.7,261,1,0,"[171.35, 77.33, 240.74, 164.79]",1,,frame_index_fps_fallback
-lzEya4AM_4_6,8.8,264,1,0,"[170.24, 76.02, 239.0, 162.78]",1,,frame_index_fps_fallback
-lzEya4AM_4_6,8.9,267,1,0,"[166.41, 76.63, 235.0, 159.44]",1,,frame_index_fps_fallback
-lzEya4AM_4_6,9.0,270,1,0,"[160.58, 76.37, 229.0, 159.37]",1,,frame_index_fps_fallback
-lzEya4AM_4_6,9.1,273,1,0,"[155.28, 76.48, 223.43, 158.71]",1,,frame_index_fps_fallback
-lzEya4AM_4_6,9.2,276,1,0,"[149.79, 76.2, 218.06, 158.83]",1,,frame_index_fps_fallback
-lzEya4AM_4_6,9.3,279,1,0,"[145.18, 77.25, 213.34, 158.76]",1,,frame_index_fps_fallback
-lzEya4AM_4_6,9.4,282,1,0,"[141.38, 78.68, 209.82, 158.84]",1,,frame_index_fps_fallback
-lzEya4AM_4_6,9.5,285,1,0,"[138.79, 78.56, 205.47, 161.27]",1,,frame_index_fps_fallback
-lzEya4AM_4_6,9.6,288,1,0,"[136.24, 78.67, 201.82, 162.78]",1,,frame_index_fps_fallback
-lzEya4AM_4_6,9.7,291,1,0,"[133.82, 80.87, 199.13, 160.92]",1,,frame_index_fps_fallback
-lzEya4AM_4_6,9.8,294,1,0,"[131.61, 81.97, 197.07, 160.87]",1,,frame_index_fps_fallback
-lzEya4AM_4_6,9.9,297,1,0,"[128.32, 81.28, 195.05, 162.12]",1,,frame_index_fps_fallback
-lzEya4AM_4_6,10.0,300,1,0,"[127.37, 81.62, 195.06, 162.56]",1,,frame_index_fps_fallback
-lzEya4AM_4_6,10.1,303,1,0,"[127.78, 81.18, 194.11, 162.68]",1,,frame_index_fps_fallback
-lzEya4AM_4_6,10.2,306,1,0,"[127.82, 81.79, 193.26, 161.14]",1,,frame_index_fps_fallback
-lzEya4AM_4_6,10.3,309,1,0,"[128.36, 82.45, 194.08, 160.41]",1,,frame_index_fps_fallback
-lzEya4AM_4_6,10.4,312,1,0,"[130.63, 82.49, 194.62, 160.94]",1,,frame_index_fps_fallback
-lzEya4AM_4_6,10.5,315,1,0,"[131.92, 82.15, 195.72, 158.29]",1,,frame_index_fps_fallback
-lzEya4AM_4_6,10.6,318,1,0,"[131.57, 81.52, 195.14, 156.37]",1,,frame_index_fps_fallback
-lzEya4AM_4_6,10.7,321,1,0,"[131.13, 82.22, 194.89, 156.89]",1,,frame_index_fps_fallback
-lzEya4AM_4_6,10.8,324,1,0,"[130.84, 81.37, 194.05, 157.4]",1,,frame_index_fps_fallback
-lzEya4AM_4_6,10.9,327,1,0,"[130.23, 80.61, 193.76, 158.15]",1,,frame_index_fps_fallback
-lzEya4AM_4_6,11.0,330,1,0,"[131.27, 80.02, 193.62, 156.83]",1,,frame_index_fps_fallback
-lzEya4AM_4_6,11.1,333,1,0,"[130.77, 78.77, 193.3, 156.98]",1,,frame_index_fps_fallback
-lzEya4AM_4_6,11.2,336,1,0,"[132.04, 80.32, 193.83, 157.47]",1,,frame_index_fps_fallback
-lzEya4AM_4_6,11.3,339,1,0,"[131.67, 77.58, 193.63, 152.89]",1,,frame_index_fps_fallback
-lzEya4AM_4_6,11.4,342,1,0,"[131.16, 76.69, 194.62, 150.23]",1,,frame_index_fps_fallback
-lzEya4AM_4_6,11.5,345,1,0,"[131.56, 77.49, 194.04, 149.72]",1,,frame_index_fps_fallback
-lzEya4AM_4_6,11.6,348,1,0,"[131.61, 77.82, 193.91, 150.85]",1,,frame_index_fps_fallback
-lzEya4AM_4_6,11.7,351,1,0,"[132.63, 80.77, 193.48, 152.85]",1,,frame_index_fps_fallback
-lzEya4AM_4_6,11.8,354,1,0,"[132.99, 81.79, 193.31, 153.93]",1,,frame_index_fps_fallback
-lzEya4AM_4_6,11.9,357,1,0,"[132.69, 83.89, 193.21, 156.17]",1,,frame_index_fps_fallback
-lzEya4AM_4_6,12.0,360,1,0,"[131.49, 85.18, 192.85, 159.67]",1,,frame_index_fps_fallback
-lzEya4AM_4_6,12.1,363,1,0,"[132.5, 82.6, 194.13, 158.63]",1,,frame_index_fps_fallback
-lzEya4AM_4_6,12.2,366,1,0,"[133.86, 81.78, 194.75, 156.01]",1,,frame_index_fps_fallback
-lzEya4AM_4_6,12.3,369,1,0,"[134.82, 81.44, 196.43, 157.4]",1,,frame_index_fps_fallback
-lzEya4AM_4_6,12.4,372,1,0,"[136.76, 81.83, 198.64, 159.29]",1,,frame_index_fps_fallback
-lzEya4AM_4_6,12.5,375,1,0,"[138.37, 80.19, 199.72, 158.27]",1,,frame_index_fps_fallback
-lzEya4AM_4_6,12.6,378,1,0,"[139.14, 80.49, 200.77, 156.92]",1,,frame_index_fps_fallback
-lzEya4AM_4_6,12.7,381,1,0,"[139.06, 80.03, 201.48, 156.0]",1,,frame_index_fps_fallback
-lzEya4AM_4_6,12.8,384,1,0,"[139.66, 80.3, 201.61, 157.11]",1,,frame_index_fps_fallback
-lzEya4AM_4_6,12.9,387,1,0,"[139.76, 79.45, 201.94, 160.07]",1,,frame_index_fps_fallback
-lzEya4AM_4_6,13.0,390,1,0,"[140.41, 79.02, 202.66, 158.02]",1,,frame_index_fps_fallback
-lzEya4AM_4_6,13.1,393,1,0,"[139.69, 77.02, 204.15, 156.16]",1,,frame_index_fps_fallback
-lzEya4AM_4_6,13.2,396,1,0,"[140.49, 76.28, 205.31, 155.95]",1,,frame_index_fps_fallback
-lzEya4AM_4_6,13.299999999999999,399,1,0,"[141.32, 78.04, 206.49, 158.68]",1,,frame_index_fps_fallback
-lzEya4AM_4_6,13.4,402,1,0,"[142.26, 80.24, 207.38, 161.84]",1,,frame_index_fps_fallback
-lzEya4AM_4_6,13.5,405,1,0,"[141.74, 82.69, 207.76, 163.59]",1,,frame_index_fps_fallback
-lzEya4AM_4_6,13.6,408,1,0,"[140.58, 83.39, 208.83, 166.82]",1,,frame_index_fps_fallback
-lzEya4AM_4_6,13.7,411,1,0,"[140.26, 84.72, 209.0, 168.31]",1,,frame_index_fps_fallback
-lzEya4AM_4_6,13.799999999999999,414,1,0,"[140.59, 84.04, 207.93, 168.16]",1,,frame_index_fps_fallback
-lzEya4AM_4_6,13.9,417,1,0,"[141.73, 81.67, 209.8, 166.43]",1,,frame_index_fps_fallback
-lzEya4AM_4_6,14.0,420,1,0,"[142.49, 81.48, 212.13, 165.59]",1,,frame_index_fps_fallback
-lzEya4AM_4_6,14.1,423,1,0,"[144.46, 80.79, 213.14, 161.84]",1,,frame_index_fps_fallback
-lzEya4AM_4_6,14.2,426,1,0,"[144.9, 80.68, 214.61, 160.37]",1,,frame_index_fps_fallback
-lzEya4AM_4_6,14.299999999999999,429,1,0,"[145.56, 80.13, 214.17, 160.45]",1,,frame_index_fps_fallback
-lzEya4AM_4_6,14.4,432,1,0,"[146.25, 79.89, 215.36, 160.76]",1,,frame_index_fps_fallback
-lzEya4AM_4_6,14.5,435,1,0,"[146.72, 79.88, 215.99, 161.49]",1,,frame_index_fps_fallback
-lzEya4AM_4_6,14.6,438,1,0,"[146.23, 79.56, 216.21, 162.24]",1,,frame_index_fps_fallback
-lzEya4AM_4_6,14.7,441,1,0,"[146.91, 80.36, 216.09, 162.18]",1,,frame_index_fps_fallback
-mJ2ud6oKI8_1,0.0,0,0,,,0,no_face_detected,frame_index_fps_fallback
-mJ2ud6oKI8_1,0.10010000000000001,3,0,,,0,no_face_detected,frame_index_fps_fallback
-mJ2ud6oKI8_1,0.20020000000000002,6,0,,,0,no_face_detected,frame_index_fps_fallback
-mJ2ud6oKI8_1,0.3003,9,0,,,0,no_face_detected,frame_index_fps_fallback
-mJ2ud6oKI8_1,0.40040000000000003,12,0,,,0,no_face_detected,frame_index_fps_fallback
-mJ2ud6oKI8_1,0.5005000000000001,15,0,,,0,no_face_detected,frame_index_fps_fallback
-mJ2ud6oKI8_1,0.6006,18,0,,,0,no_face_detected,frame_index_fps_fallback
-mJ2ud6oKI8_1,0.7007000000000001,21,0,,,0,no_face_detected,frame_index_fps_fallback
-mJ2ud6oKI8_1,0.8008000000000001,24,0,,,0,no_face_detected,frame_index_fps_fallback
-mJ2ud6oKI8_1,0.9009000000000001,27,0,,,0,no_face_detected,frame_index_fps_fallback
-mJ2ud6oKI8_1,1.0010000000000001,30,0,,,0,no_face_detected,frame_index_fps_fallback
-mJ2ud6oKI8_1,1.1011,33,0,,,0,no_face_detected,frame_index_fps_fallback
-mJ2ud6oKI8_1,1.2012,36,0,,,0,no_face_detected,frame_index_fps_fallback
-mJ2ud6oKI8_1,1.3013000000000001,39,0,,,0,no_face_detected,frame_index_fps_fallback
-mJ2ud6oKI8_1,1.4014000000000002,42,0,,,0,no_face_detected,frame_index_fps_fallback
-mJ2ud6oKI8_1,1.5015,45,0,,,0,no_face_detected,frame_index_fps_fallback
-mJ2ud6oKI8_1,1.6016000000000001,48,0,,,0,no_face_detected,frame_index_fps_fallback
-mJ2ud6oKI8_1,1.7017,51,0,,,0,no_face_detected,frame_index_fps_fallback
-mJ2ud6oKI8_1,1.8018000000000003,54,0,,,0,no_face_detected,frame_index_fps_fallback
-mJ2ud6oKI8_1,1.9019000000000001,57,0,,,0,no_face_detected,frame_index_fps_fallback
-mJ2ud6oKI8_1,2.0020000000000002,60,0,,,0,no_face_detected,frame_index_fps_fallback
-mJ2ud6oKI8_1,2.1021,63,0,,,0,no_face_detected,frame_index_fps_fallback
-mJ2ud6oKI8_1,2.2022,66,0,,,0,no_face_detected,frame_index_fps_fallback
-mJ2ud6oKI8_1,2.3023000000000002,69,0,,,0,no_face_detected,frame_index_fps_fallback
-mJ2ud6oKI8_1,2.4024,72,0,,,0,no_face_detected,frame_index_fps_fallback
-mJ2ud6oKI8_1,2.5025,75,0,,,0,no_face_detected,frame_index_fps_fallback
-mJ2ud6oKI8_1,2.6026000000000002,78,0,,,0,no_face_detected,frame_index_fps_fallback
-mJ2ud6oKI8_1,2.7027,81,0,,,0,no_face_detected,frame_index_fps_fallback
-mJ2ud6oKI8_1,2.8028000000000004,84,0,,,0,no_face_detected,frame_index_fps_fallback
-mJ2ud6oKI8_1,2.9029000000000003,87,0,,,0,no_face_detected,frame_index_fps_fallback
-mJ2ud6oKI8_1,3.003,90,0,,,0,no_face_detected,frame_index_fps_fallback
-mJ2ud6oKI8_1,3.1031,93,0,,,0,no_face_detected,frame_index_fps_fallback
-mJ2ud6oKI8_1,3.2032000000000003,96,0,,,0,no_face_detected,frame_index_fps_fallback
-mJ2ud6oKI8_1,3.3033,99,0,,,0,no_face_detected,frame_index_fps_fallback
-mJ2ud6oKI8_1,3.4034,102,0,,,0,no_face_detected,frame_index_fps_fallback
-mJ2ud6oKI8_1,3.5035000000000003,105,0,,,0,no_face_detected,frame_index_fps_fallback
-mJ2ud6oKI8_1,3.6036000000000006,108,0,,,0,no_face_detected,frame_index_fps_fallback
-mJ2ud6oKI8_1,3.7037,111,0,,,0,no_face_detected,frame_index_fps_fallback
-mJ2ud6oKI8_1,3.8038000000000003,114,0,,,0,no_face_detected,frame_index_fps_fallback
-mJ2ud6oKI8_1,3.9039,117,0,,,0,no_face_detected,frame_index_fps_fallback
-mJ2ud6oKI8_1,4.0040000000000004,120,0,,,0,no_face_detected,frame_index_fps_fallback
-mJ2ud6oKI8_1,4.1041,123,0,,,0,no_face_detected,frame_index_fps_fallback
-mJ2ud6oKI8_1,4.2042,126,0,,,0,no_face_detected,frame_index_fps_fallback
-mJ2ud6oKI8_1,4.3043000000000005,129,0,,,0,no_face_detected,frame_index_fps_fallback
-mJ2ud6oKI8_1,4.4044,132,0,,,0,no_face_detected,frame_index_fps_fallback
-mJ2ud6oKI8_1,4.5045,135,0,,,0,no_face_detected,frame_index_fps_fallback
-mJ2ud6oKI8_1,4.6046000000000005,138,0,,,0,no_face_detected,frame_index_fps_fallback
-mJ2ud6oKI8_1,4.7047,141,0,,,0,no_face_detected,frame_index_fps_fallback
-mJ2ud6oKI8_1,4.8048,144,0,,,0,no_face_detected,frame_index_fps_fallback
-mJ2ud6oKI8_1,4.9049000000000005,147,0,,,0,no_face_detected,frame_index_fps_fallback
-mJ2ud6oKI8_1,5.005,150,0,,,0,no_face_detected,frame_index_fps_fallback
-mJ2ud6oKI8_1,5.1051,153,0,,,0,no_face_detected,frame_index_fps_fallback
-mJ2ud6oKI8_1,5.2052000000000005,156,0,,,0,no_face_detected,frame_index_fps_fallback
-mJ2ud6oKI8_1,5.3053,159,0,,,0,no_face_detected,frame_index_fps_fallback
-mJ2ud6oKI8_1,5.4054,162,0,,,0,no_face_detected,frame_index_fps_fallback
-mJ2ud6oKI8_1,5.5055000000000005,165,0,,,0,no_face_detected,frame_index_fps_fallback
-mJ2ud6oKI8_1,5.605600000000001,168,0,,,0,no_face_detected,frame_index_fps_fallback
-mJ2ud6oKI8_1,5.7057,171,0,,,0,no_face_detected,frame_index_fps_fallback
-mJ2ud6oKI8_1,5.8058000000000005,174,0,,,0,no_face_detected,frame_index_fps_fallback
-mJ2ud6oKI8_1,5.9059,177,0,,,0,no_face_detected,frame_index_fps_fallback
-mJ2ud6oKI8_1,6.006,180,0,,,0,no_face_detected,frame_index_fps_fallback
-mJ2ud6oKI8_2,0.0,0,0,,,0,no_face_detected,frame_index_fps_fallback
-mJ2ud6oKI8_2,0.10010000000000001,3,0,,,0,no_face_detected,frame_index_fps_fallback
-mJ2ud6oKI8_2,0.20020000000000002,6,0,,,0,no_face_detected,frame_index_fps_fallback
-mJ2ud6oKI8_2,0.3003,9,0,,,0,no_face_detected,frame_index_fps_fallback
-mJ2ud6oKI8_2,0.40040000000000003,12,0,,,0,no_face_detected,frame_index_fps_fallback
-mJ2ud6oKI8_2,0.5005000000000001,15,0,,,0,no_face_detected,frame_index_fps_fallback
-mJ2ud6oKI8_2,0.6006,18,0,,,0,no_face_detected,frame_index_fps_fallback
-mJ2ud6oKI8_2,0.7007000000000001,21,0,,,0,no_face_detected,frame_index_fps_fallback
-mJ2ud6oKI8_2,0.8008000000000001,24,0,,,0,no_face_detected,frame_index_fps_fallback
-mJ2ud6oKI8_2,0.9009000000000001,27,0,,,0,no_face_detected,frame_index_fps_fallback
-mJ2ud6oKI8_2,1.0010000000000001,30,0,,,0,no_face_detected,frame_index_fps_fallback
-mJ2ud6oKI8_2,1.1011,33,0,,,0,no_face_detected,frame_index_fps_fallback
-mJ2ud6oKI8_2,1.2012,36,0,,,0,no_face_detected,frame_index_fps_fallback
-mJ2ud6oKI8_2,1.3013000000000001,39,0,,,0,no_face_detected,frame_index_fps_fallback
-mJ2ud6oKI8_2,1.4014000000000002,42,0,,,0,no_face_detected,frame_index_fps_fallback
-mJ2ud6oKI8_2,1.5015,45,0,,,0,no_face_detected,frame_index_fps_fallback
-mJ2ud6oKI8_2,1.6016000000000001,48,0,,,0,no_face_detected,frame_index_fps_fallback
-mJ2ud6oKI8_2,1.7017,51,0,,,0,no_face_detected,frame_index_fps_fallback
-mJ2ud6oKI8_2,1.8018000000000003,54,0,,,0,no_face_detected,frame_index_fps_fallback
-mJ2ud6oKI8_2,1.9019000000000001,57,0,,,0,no_face_detected,frame_index_fps_fallback
-mJ2ud6oKI8_2,2.0020000000000002,60,0,,,0,no_face_detected,frame_index_fps_fallback
-mJ2ud6oKI8_2,2.1021,63,0,,,0,no_face_detected,frame_index_fps_fallback
-mJ2ud6oKI8_2,2.2022,66,0,,,0,no_face_detected,frame_index_fps_fallback
-mJ2ud6oKI8_2,2.3023000000000002,69,0,,,0,no_face_detected,frame_index_fps_fallback
-mJ2ud6oKI8_2,2.4024,72,0,,,0,no_face_detected,frame_index_fps_fallback
-mJ2ud6oKI8_2,2.5025,75,0,,,0,no_face_detected,frame_index_fps_fallback
-mJ2ud6oKI8_2,2.6026000000000002,78,0,,,0,no_face_detected,frame_index_fps_fallback
-mJ2ud6oKI8_2,2.7027,81,0,,,0,no_face_detected,frame_index_fps_fallback
-mJ2ud6oKI8_2,2.8028000000000004,84,0,,,0,no_face_detected,frame_index_fps_fallback
-mJ2ud6oKI8_2,2.9029000000000003,87,0,,,0,no_face_detected,frame_index_fps_fallback
-mJ2ud6oKI8_2,3.003,90,0,,,0,no_face_detected,frame_index_fps_fallback
-mJ2ud6oKI8_2,3.1031,93,0,,,0,no_face_detected,frame_index_fps_fallback
-mJ2ud6oKI8_2,3.2032000000000003,96,0,,,0,no_face_detected,frame_index_fps_fallback
-mJ2ud6oKI8_2,3.3033,99,0,,,0,no_face_detected,frame_index_fps_fallback
-mJ2ud6oKI8_2,3.4034,102,0,,,0,no_face_detected,frame_index_fps_fallback
-mJ2ud6oKI8_2,3.5035000000000003,105,0,,,0,no_face_detected,frame_index_fps_fallback
-mJ2ud6oKI8_2,3.6036000000000006,108,0,,,0,no_face_detected,frame_index_fps_fallback
-mJ2ud6oKI8_2,3.7037,111,0,,,0,no_face_detected,frame_index_fps_fallback
-mJ2ud6oKI8_2,3.8038000000000003,114,0,,,0,no_face_detected,frame_index_fps_fallback
-mJ2ud6oKI8_2,3.9039,117,0,,,0,no_face_detected,frame_index_fps_fallback
-mJ2ud6oKI8_2,4.0040000000000004,120,0,,,0,no_face_detected,frame_index_fps_fallback
-mJ2ud6oKI8_2,4.1041,123,0,,,0,no_face_detected,frame_index_fps_fallback
-mJ2ud6oKI8_2,4.2042,126,0,,,0,no_face_detected,frame_index_fps_fallback
-mJ2ud6oKI8_2,4.3043000000000005,129,0,,,0,no_face_detected,frame_index_fps_fallback
-mJ2ud6oKI8_2,4.4044,132,0,,,0,no_face_detected,frame_index_fps_fallback
-mJ2ud6oKI8_2,4.5045,135,0,,,0,no_face_detected,frame_index_fps_fallback
-mJ2ud6oKI8_2,4.6046000000000005,138,0,,,0,no_face_detected,frame_index_fps_fallback
-mJ2ud6oKI8_2,4.7047,141,0,,,0,no_face_detected,frame_index_fps_fallback
-mJ2ud6oKI8_2,4.8048,144,0,,,0,no_face_detected,frame_index_fps_fallback
-mJ2ud6oKI8_2,4.9049000000000005,147,0,,,0,no_face_detected,frame_index_fps_fallback
-mJ2ud6oKI8_2,5.005,150,0,,,0,no_face_detected,frame_index_fps_fallback
-mJ2ud6oKI8_2,5.1051,153,0,,,0,no_face_detected,frame_index_fps_fallback
-mJ2ud6oKI8_2,5.2052000000000005,156,0,,,0,no_face_detected,frame_index_fps_fallback
-mJ2ud6oKI8_2,5.3053,159,0,,,0,no_face_detected,frame_index_fps_fallback
-mJ2ud6oKI8_2,5.4054,162,0,,,0,no_face_detected,frame_index_fps_fallback
-mJ2ud6oKI8_2,5.5055000000000005,165,0,,,0,no_face_detected,frame_index_fps_fallback
-mJ2ud6oKI8_2,5.605600000000001,168,0,,,0,no_face_detected,frame_index_fps_fallback
-mJ2ud6oKI8_6,0.0,0,1,0,"[643.58, 77.44, 783.41, 263.21]",1,,frame_index_fps_fallback
-mJ2ud6oKI8_6,0.10010000000000001,3,1,0,"[644.29, 77.24, 783.05, 261.21]",1,,frame_index_fps_fallback
-mJ2ud6oKI8_6,0.20020000000000002,6,1,0,"[642.12, 73.12, 782.13, 262.6]",1,,frame_index_fps_fallback
-mJ2ud6oKI8_6,0.3003,9,1,0,"[640.96, 73.88, 779.08, 265.16]",1,,frame_index_fps_fallback
-mJ2ud6oKI8_6,0.40040000000000003,12,1,0,"[639.85, 70.83, 776.95, 257.66]",1,,frame_index_fps_fallback
-mJ2ud6oKI8_6,0.5005000000000001,15,1,0,"[630.7, 70.12, 770.01, 259.4]",1,,frame_index_fps_fallback
-mJ2ud6oKI8_6,0.6006,18,1,0,"[627.71, 72.17, 767.07, 260.02]",1,,frame_index_fps_fallback
-mJ2ud6oKI8_6,0.7007000000000001,21,1,0,"[627.5, 72.18, 766.05, 260.25]",1,,frame_index_fps_fallback
-mJ2ud6oKI8_6,0.8008000000000001,24,1,0,"[623.86, 73.32, 762.42, 262.71]",1,,frame_index_fps_fallback
-mJ2ud6oKI8_6,0.9009000000000001,27,1,0,"[617.37, 78.04, 756.32, 259.86]",1,,frame_index_fps_fallback
-mJ2ud6oKI8_6,1.0010000000000001,30,1,0,"[613.14, 69.87, 755.78, 256.51]",1,,frame_index_fps_fallback
-mJ2ud6oKI8_6,1.1011,33,1,0,"[610.3, 70.35, 751.32, 253.83]",1,,frame_index_fps_fallback
-mJ2ud6oKI8_6,1.2012,36,1,0,"[609.34, 70.16, 750.03, 255.46]",1,,frame_index_fps_fallback
-mJ2ud6oKI8_6,1.3013000000000001,39,1,0,"[611.02, 69.97, 755.76, 258.67]",1,,frame_index_fps_fallback
-mJ2ud6oKI8_6,1.4014000000000002,42,1,0,"[614.33, 74.47, 753.82, 259.57]",1,,frame_index_fps_fallback
-mJ2ud6oKI8_6,1.5015,45,1,0,"[612.46, 75.1, 753.67, 261.01]",1,,frame_index_fps_fallback
-mJ2ud6oKI8_6,1.6016000000000001,48,1,0,"[611.18, 75.37, 751.79, 257.72]",1,,frame_index_fps_fallback
-mJ2ud6oKI8_6,1.7017,51,1,0,"[611.91, 71.28, 757.63, 259.62]",1,,frame_index_fps_fallback
-mJ2ud6oKI8_6,1.8018000000000003,54,1,0,"[616.5, 71.45, 759.36, 257.35]",1,,frame_index_fps_fallback
-mJ2ud6oKI8_6,1.9019000000000001,57,1,0,"[617.75, 69.63, 760.85, 255.91]",1,,frame_index_fps_fallback
-mJ2ud6oKI8_6,2.0020000000000002,60,1,0,"[621.22, 64.85, 767.19, 255.53]",1,,frame_index_fps_fallback
-mJ2ud6oKI8_6,2.1021,63,1,0,"[622.05, 62.43, 767.75, 252.21]",1,,frame_index_fps_fallback
-mJ2ud6oKI8_6,2.2022,66,1,0,"[625.59, 66.96, 770.07, 259.18]",1,,frame_index_fps_fallback
-mJ2ud6oKI8_9,0.0,0,1,0,"[635.62, 75.89, 776.32, 265.94]",1,,frame_index_fps_fallback
-mJ2ud6oKI8_9,0.10010000000000001,3,1,0,"[636.0, 75.7, 777.71, 265.43]",1,,frame_index_fps_fallback
-mJ2ud6oKI8_9,0.20020000000000002,6,1,0,"[635.29, 75.06, 777.83, 266.86]",1,,frame_index_fps_fallback
-mJ2ud6oKI8_9,0.3003,9,1,0,"[634.64, 72.21, 776.43, 264.07]",1,,frame_index_fps_fallback
-mJ2ud6oKI8_9,0.40040000000000003,12,1,0,"[636.57, 70.58, 772.95, 256.97]",1,,frame_index_fps_fallback
-mJ2ud6oKI8_9,0.5005000000000001,15,1,0,"[637.2, 70.39, 775.33, 259.33]",1,,frame_index_fps_fallback
-mJ2ud6oKI8_9,0.6006,18,1,0,"[637.3, 71.14, 777.17, 261.31]",1,,frame_index_fps_fallback
-mJ2ud6oKI8_9,0.7007000000000001,21,1,0,"[633.64, 70.38, 772.1, 260.08]",1,,frame_index_fps_fallback
-mJ2ud6oKI8_9,0.8008000000000001,24,1,0,"[633.48, 68.31, 772.75, 255.49]",1,,frame_index_fps_fallback
-mJ2ud6oKI8_9,0.9009000000000001,27,1,0,"[633.87, 63.94, 774.64, 251.32]",1,,frame_index_fps_fallback
-mJ2ud6oKI8_9,1.0010000000000001,30,1,0,"[629.65, 64.21, 771.39, 251.94]",1,,frame_index_fps_fallback
-mJ2ud6oKI8_9,1.1011,33,1,0,"[626.92, 65.79, 768.87, 252.07]",1,,frame_index_fps_fallback
-mJ2ud6oKI8_9,1.2012,36,1,0,"[626.89, 67.48, 769.46, 251.58]",1,,frame_index_fps_fallback
-mJ2ud6oKI8_9,1.3013000000000001,39,1,0,"[626.91, 66.39, 772.38, 253.63]",1,,frame_index_fps_fallback
-mJ2ud6oKI8_9,1.4014000000000002,42,1,0,"[631.56, 66.06, 772.57, 253.92]",1,,frame_index_fps_fallback
-mJ2ud6oKI8_9,1.5015,45,1,0,"[636.48, 59.31, 776.84, 247.88]",1,,frame_index_fps_fallback
-mJ2ud6oKI8_9,1.6016000000000001,48,1,0,"[640.15, 55.72, 781.77, 235.28]",1,,frame_index_fps_fallback
-mJ2ud6oKI8_9,1.7017,51,1,0,"[641.76, 57.88, 782.26, 234.38]",1,,frame_index_fps_fallback
-mJ2ud6oKI8_9,1.8018000000000003,54,1,0,"[642.75, 59.64, 783.66, 238.6]",1,,frame_index_fps_fallback
-mJ2ud6oKI8_9,1.9019000000000001,57,1,0,"[639.8, 61.39, 781.17, 261.3]",1,,frame_index_fps_fallback
-mJ2ud6oKI8_9,2.0020000000000002,60,1,0,"[640.6, 64.3, 780.76, 254.5]",1,,frame_index_fps_fallback
-mJ2ud6oKI8_9,2.1021,63,1,0,"[646.75, 69.77, 783.59, 253.2]",1,,frame_index_fps_fallback
-mJ2ud6oKI8_9,2.2022,66,1,0,"[649.38, 77.25, 785.18, 263.06]",1,,frame_index_fps_fallback
-mJ2ud6oKI8_9,2.3023000000000002,69,1,0,"[650.08, 80.22, 786.89, 265.43]",1,,frame_index_fps_fallback
-mJ2ud6oKI8_9,2.4024,72,1,0,"[650.24, 81.56, 789.61, 265.68]",1,,frame_index_fps_fallback
-mJ2ud6oKI8_9,2.5025,75,1,0,"[649.81, 82.81, 787.49, 264.99]",1,,frame_index_fps_fallback
-mJ2ud6oKI8_9,2.6026000000000002,78,1,0,"[647.55, 80.2, 786.69, 261.3]",1,,frame_index_fps_fallback
-mJ2ud6oKI8_9,2.7027,81,1,0,"[647.92, 80.77, 785.85, 261.2]",1,,frame_index_fps_fallback
-mJ2ud6oKI8_9,2.8028000000000004,84,1,0,"[651.57, 77.87, 789.0, 257.13]",1,,frame_index_fps_fallback
-mJ2ud6oKI8_9,2.9029000000000003,87,1,0,"[655.72, 79.09, 792.99, 256.54]",1,,frame_index_fps_fallback
-mJ2ud6oKI8_9,3.003,90,1,0,"[655.68, 79.86, 792.62, 260.15]",1,,frame_index_fps_fallback
-mJ2ud6oKI8_9,3.1031,93,1,0,"[656.78, 78.13, 790.68, 258.39]",1,,frame_index_fps_fallback
-mJ2ud6oKI8_9,3.2032000000000003,96,1,0,"[650.49, 74.84, 790.46, 257.07]",1,,frame_index_fps_fallback
-mJ2ud6oKI8_9,3.3033,99,1,0,"[647.82, 73.48, 784.17, 267.67]",1,,frame_index_fps_fallback
-mJ2ud6oKI8_9,3.4034,102,1,0,"[648.25, 66.21, 781.75, 248.21]",1,,frame_index_fps_fallback
-mJ2ud6oKI8_9,3.5035000000000003,105,1,0,"[648.28, 66.84, 783.19, 252.44]",1,,frame_index_fps_fallback
-mJ2ud6oKI8_9,3.6036000000000006,108,1,0,"[647.38, 69.32, 782.86, 260.91]",1,,frame_index_fps_fallback
-mJ2ud6oKI8_9,3.7037,111,1,0,"[645.51, 71.62, 780.48, 267.9]",1,,frame_index_fps_fallback
-mJ2ud6oKI8_9,3.8038000000000003,114,1,0,"[646.31, 70.14, 780.01, 260.79]",1,,frame_index_fps_fallback
-mJ2ud6oKI8_9,3.9039,117,1,0,"[642.65, 68.77, 779.22, 258.91]",1,,frame_index_fps_fallback
-mJ2ud6oKI8_9,4.0040000000000004,120,1,0,"[641.99, 69.87, 778.29, 254.51]",1,,frame_index_fps_fallback
-mJ2ud6oKI8_9,4.1041,123,1,0,"[644.02, 75.07, 779.47, 264.68]",1,,frame_index_fps_fallback
-mJ2ud6oKI8_9,4.2042,126,1,0,"[646.06, 75.35, 783.1, 260.71]",1,,frame_index_fps_fallback
-mJ2ud6oKI8_9,4.3043000000000005,129,1,0,"[654.92, 76.16, 787.71, 257.85]",1,,frame_index_fps_fallback
-mJ2ud6oKI8_9,4.4044,132,1,0,"[658.59, 73.76, 794.2, 251.38]",1,,frame_index_fps_fallback
-mJ2ud6oKI8_9,4.5045,135,1,0,"[662.94, 78.46, 798.04, 255.03]",1,,frame_index_fps_fallback
-mJ2ud6oKI8_9,4.6046000000000005,138,1,0,"[719.98, 142.1, 913.4, 379.8]",1,,frame_index_fps_fallback
-mJ2ud6oKI8_9,4.7047,141,1,0,"[712.12, 147.22, 904.81, 380.37]",1,,frame_index_fps_fallback
-mJ2ud6oKI8_9,4.8048,144,1,0,"[696.63, 149.42, 892.21, 384.94]",1,,frame_index_fps_fallback
-mJ2ud6oKI8_9,4.9049000000000005,147,1,0,"[692.3, 151.08, 888.08, 389.04]",1,,frame_index_fps_fallback
-mJ2ud6oKI8_9,5.005,150,1,0,"[689.15, 151.56, 885.47, 387.85]",1,,frame_index_fps_fallback
-mJ2ud6oKI8_9,5.1051,153,1,0,"[689.24, 155.7, 885.22, 385.74]",1,,frame_index_fps_fallback
-mJ2ud6oKI8_9,5.2052000000000005,156,1,0,"[689.96, 156.08, 886.51, 385.06]",1,,frame_index_fps_fallback
-mJ2ud6oKI8_9,5.3053,159,1,0,"[687.04, 155.4, 883.97, 384.42]",1,,frame_index_fps_fallback
-mJ2ud6oKI8_9,5.4054,162,1,0,"[684.18, 156.47, 882.47, 385.7]",1,,frame_index_fps_fallback
-mJ2ud6oKI8_9,5.5055000000000005,165,1,0,"[685.18, 155.2, 883.29, 388.49]",1,,frame_index_fps_fallback
-mJ2ud6oKI8_9,5.605600000000001,168,1,0,"[687.58, 154.46, 884.51, 390.33]",1,,frame_index_fps_fallback
-mJ2ud6oKI8_9,5.7057,171,1,0,"[688.28, 155.18, 885.44, 389.26]",1,,frame_index_fps_fallback
-mJ2ud6oKI8_9,5.8058000000000005,174,1,0,"[689.74, 149.91, 885.96, 387.54]",1,,frame_index_fps_fallback
-mJ2ud6oKI8_9,5.9059,177,1,0,"[686.72, 140.18, 879.34, 379.34]",1,,frame_index_fps_fallback
-mJ2ud6oKI8_9,6.006,180,1,0,"[682.29, 142.99, 870.56, 375.31]",1,,frame_index_fps_fallback
-mJ2ud6oKI8_9,6.1061000000000005,183,1,0,"[679.68, 141.35, 868.62, 373.33]",1,,frame_index_fps_fallback
-mJ2ud6oKI8_9,6.2062,186,1,0,"[679.17, 141.26, 865.96, 379.06]",1,,frame_index_fps_fallback
-mJ2ud6oKI8_9,6.3063,189,1,0,"[679.19, 149.8, 864.3, 381.08]",1,,frame_index_fps_fallback
-mJ2ud6oKI8_9,6.4064000000000005,192,1,0,"[678.2, 144.14, 865.17, 379.54]",1,,frame_index_fps_fallback
-mJ2ud6oKI8_9,6.5065,195,1,0,"[679.41, 138.11, 869.1, 375.12]",1,,frame_index_fps_fallback
-mJ2ud6oKI8_9,6.6066,198,1,0,"[680.66, 134.32, 872.1, 374.13]",1,,frame_index_fps_fallback
-mJ2ud6oKI8_9,6.7067000000000005,201,1,0,"[683.55, 132.52, 875.1, 369.37]",1,,frame_index_fps_fallback
-mJ2ud6oKI8_9,6.8068,204,1,0,"[685.26, 134.92, 875.2, 369.28]",1,,frame_index_fps_fallback
-mJ2ud6oKI8_9,6.973633333333334,207,1,0,"[687.93, 148.29, 879.87, 378.37]",1,,frame_index_fps_fallback
-mJ2ud6oKI8_8,0.0,0,1,0,"[641.45, 79.96, 781.34, 260.09]",1,,frame_index_fps_fallback
-mJ2ud6oKI8_8,0.10010000000000001,3,1,0,"[641.52, 80.3, 779.2, 259.53]",1,,frame_index_fps_fallback
-mJ2ud6oKI8_8,0.20020000000000002,6,1,0,"[641.16, 79.91, 779.07, 259.78]",1,,frame_index_fps_fallback
-mJ2ud6oKI8_8,0.3003,9,1,0,"[640.85, 80.05, 780.0, 262.6]",1,,frame_index_fps_fallback
-mJ2ud6oKI8_8,0.40040000000000003,12,1,0,"[640.0, 80.13, 778.26, 262.51]",1,,frame_index_fps_fallback
-mJ2ud6oKI8_8,0.5005000000000001,15,1,0,"[639.03, 79.0, 778.36, 263.22]",1,,frame_index_fps_fallback
-mJ2ud6oKI8_8,0.6006,18,1,0,"[635.95, 77.16, 780.98, 269.3]",1,,frame_index_fps_fallback
-mJ2ud6oKI8_8,0.7007000000000001,21,1,0,"[634.42, 76.99, 778.25, 270.98]",1,,frame_index_fps_fallback
-mJ2ud6oKI8_8,0.8008000000000001,24,1,0,"[634.57, 75.73, 771.18, 257.95]",1,,frame_index_fps_fallback
-mJ2ud6oKI8_8,0.9009000000000001,27,1,0,"[630.15, 76.85, 765.65, 258.78]",1,,frame_index_fps_fallback
-mJ2ud6oKI8_8,1.0010000000000001,30,1,0,"[626.27, 75.11, 766.3, 260.16]",1,,frame_index_fps_fallback
-mJ2ud6oKI8_8,1.1011,33,1,0,"[622.04, 70.86, 763.64, 258.95]",1,,frame_index_fps_fallback
-mJ2ud6oKI8_8,1.2012,36,1,0,"[621.94, 67.98, 764.3, 258.12]",1,,frame_index_fps_fallback
-mJ2ud6oKI8_8,1.3013000000000001,39,1,0,"[622.8, 68.26, 763.81, 254.84]",1,,frame_index_fps_fallback
-mJ2ud6oKI8_8,1.4014000000000002,42,1,0,"[626.08, 69.89, 767.17, 254.36]",1,,frame_index_fps_fallback
-mJ2ud6oKI8_8,1.5015,45,1,0,"[627.68, 70.62, 770.54, 260.6]",1,,frame_index_fps_fallback
-mJ2ud6oKI8_8,1.6016000000000001,48,1,0,"[630.49, 72.42, 771.67, 262.64]",1,,frame_index_fps_fallback
-mJ2ud6oKI8_8,1.7017,51,1,0,"[627.52, 69.45, 769.23, 260.21]",1,,frame_index_fps_fallback
-mJ2ud6oKI8_8,1.8018000000000003,54,1,0,"[629.45, 72.72, 769.2, 259.2]",1,,frame_index_fps_fallback
-mJ2ud6oKI8_8,1.9019000000000001,57,1,0,"[633.55, 71.73, 771.85, 258.17]",1,,frame_index_fps_fallback
-mJ2ud6oKI8_8,2.0020000000000002,60,1,0,"[635.76, 72.52, 773.2, 254.73]",1,,frame_index_fps_fallback
-mJ2ud6oKI8_8,2.1021,63,1,0,"[638.9, 68.73, 776.15, 250.01]",1,,frame_index_fps_fallback
-mJ2ud6oKI8_8,2.2022,66,1,0,"[640.3, 68.91, 777.41, 251.85]",1,,frame_index_fps_fallback
-mJ2ud6oKI8_8,2.3023000000000002,69,1,0,"[639.72, 70.28, 775.0, 252.44]",1,,frame_index_fps_fallback
-mJ2ud6oKI8_8,2.4024,72,1,0,"[639.52, 70.34, 775.46, 250.81]",1,,frame_index_fps_fallback
-mJ2ud6oKI8_8,2.5025,75,1,0,"[639.43, 68.38, 775.62, 248.96]",1,,frame_index_fps_fallback
-mJ2ud6oKI8_8,2.6026000000000002,78,1,0,"[638.06, 65.19, 773.92, 248.76]",1,,frame_index_fps_fallback
-mJ2ud6oKI8_8,2.7027,81,1,0,"[637.78, 63.06, 775.91, 249.41]",1,,frame_index_fps_fallback
-mJ2ud6oKI8_8,2.8028000000000004,84,1,0,"[635.51, 66.4, 773.09, 250.98]",1,,frame_index_fps_fallback
-mJ2ud6oKI8_8,2.9029000000000003,87,1,0,"[635.31, 68.61, 771.62, 251.06]",1,,frame_index_fps_fallback
-mJ2ud6oKI8_8,3.003,90,1,0,"[637.63, 66.91, 771.94, 249.87]",1,,frame_index_fps_fallback
-mJ2ud6oKI8_8,3.1031,93,1,0,"[637.26, 69.72, 773.67, 253.61]",1,,frame_index_fps_fallback
-mJ2ud6oKI8_8,3.2032000000000003,96,1,0,"[632.96, 73.97, 775.61, 268.25]",1,,frame_index_fps_fallback
-mJ2ud6oKI8_8,3.3033,99,1,0,"[633.49, 74.94, 775.88, 267.79]",1,,frame_index_fps_fallback
-mJ2ud6oKI8_8,3.4034,102,1,0,"[632.03, 73.51, 775.03, 271.07]",1,,frame_index_fps_fallback
-mJ2ud6oKI8_8,3.5035000000000003,105,1,0,"[633.39, 74.37, 775.13, 267.05]",1,,frame_index_fps_fallback
-mJ2ud6oKI8_8,3.6036000000000006,108,1,0,"[635.81, 75.58, 777.98, 266.18]",1,,frame_index_fps_fallback
-mJ2ud6oKI8_8,3.7037,111,1,0,"[635.49, 75.19, 777.9, 266.36]",1,,frame_index_fps_fallback
-mJ2ud6oKI8_8,3.8038000000000003,114,1,0,"[633.75, 73.48, 775.74, 264.34]",1,,frame_index_fps_fallback
-mJ2ud6oKI8_8,3.9039,117,1,0,"[636.89, 70.73, 773.96, 256.61]",1,,frame_index_fps_fallback
-mJ2ud6oKI8_8,4.0040000000000004,120,1,0,"[637.67, 69.6, 775.03, 258.54]",1,,frame_index_fps_fallback
-mJ2ud6oKI8_8,4.1041,123,1,0,"[636.17, 70.84, 776.37, 261.01]",1,,frame_index_fps_fallback
-mqbVkbCndg_0,0.0,0,1,0,"[298.48, 113.35, 572.51, 450.75]",1,,frame_index_fps_fallback
-mqbVkbCndg_0,0.1,3,1,0,"[296.73, 112.17, 572.13, 449.36]",1,,frame_index_fps_fallback
-mqbVkbCndg_0,0.2,6,1,0,"[296.64, 112.04, 570.8, 443.89]",1,,frame_index_fps_fallback
-mqbVkbCndg_0,0.3,9,1,0,"[299.5, 109.31, 569.59, 430.27]",1,,frame_index_fps_fallback
-mqbVkbCndg_0,0.4,12,1,0,"[297.45, 105.35, 570.14, 433.75]",1,,frame_index_fps_fallback
-mqbVkbCndg_0,0.5,15,1,0,"[301.35, 107.31, 569.24, 434.59]",1,,frame_index_fps_fallback
-mqbVkbCndg_0,0.6,18,1,0,"[297.19, 101.18, 573.3, 440.89]",1,,frame_index_fps_fallback
-mqbVkbCndg_0,0.7,21,1,0,"[297.43, 105.49, 573.2, 444.31]",1,,frame_index_fps_fallback
-mqbVkbCndg_0,0.8,24,1,0,"[299.53, 114.02, 571.37, 448.41]",1,,frame_index_fps_fallback
-mqbVkbCndg_0,0.9,27,1,0,"[299.0, 110.8, 570.5, 436.35]",1,,frame_index_fps_fallback
-mqbVkbCndg_0,1.0,30,1,0,"[300.72, 111.69, 569.15, 430.96]",1,,frame_index_fps_fallback
-mqbVkbCndg_0,1.1,33,1,0,"[300.94, 113.02, 569.64, 433.51]",1,,frame_index_fps_fallback
-mqbVkbCndg_0,1.2,36,1,0,"[299.83, 109.1, 572.67, 442.49]",1,,frame_index_fps_fallback
-mqbVkbCndg_0,1.3,39,1,0,"[301.73, 107.3, 571.08, 435.72]",1,,frame_index_fps_fallback
-mqbVkbCndg_0,1.4,42,1,0,"[302.98, 109.48, 570.52, 436.06]",1,,frame_index_fps_fallback
-mqbVkbCndg_0,1.5,45,1,0,"[303.29, 104.21, 573.34, 428.4]",1,,frame_index_fps_fallback
-mqbVkbCndg_0,1.6,48,1,0,"[306.4, 116.72, 571.23, 434.58]",1,,frame_index_fps_fallback
-mqbVkbCndg_0,1.7,51,1,0,"[300.53, 109.23, 575.21, 440.39]",1,,frame_index_fps_fallback
-mqbVkbCndg_0,1.8,54,1,0,"[306.19, 109.43, 573.34, 427.81]",1,,frame_index_fps_fallback
-mqbVkbCndg_0,1.9,57,1,0,"[302.56, 107.99, 573.83, 431.76]",1,,frame_index_fps_fallback
-mqbVkbCndg_0,2.0,60,1,0,"[303.63, 105.22, 573.99, 429.81]",1,,frame_index_fps_fallback
-mqbVkbCndg_0,2.1,63,1,0,"[301.55, 109.45, 575.62, 436.99]",1,,frame_index_fps_fallback
-mqbVkbCndg_0,2.2,66,1,0,"[301.66, 115.85, 572.3, 445.41]",1,,frame_index_fps_fallback
-mqbVkbCndg_0,2.3,69,1,0,"[302.3, 107.74, 572.41, 438.59]",1,,frame_index_fps_fallback
-mqbVkbCndg_0,2.4,72,1,0,"[305.23, 107.37, 576.58, 427.95]",1,,frame_index_fps_fallback
-mqbVkbCndg_0,2.5,75,1,0,"[307.03, 110.17, 579.57, 436.9]",1,,frame_index_fps_fallback
-mqbVkbCndg_0,2.6,78,1,0,"[303.64, 104.8, 579.5, 444.33]",1,,frame_index_fps_fallback
-mqbVkbCndg_0,2.7,81,1,0,"[306.75, 116.43, 577.88, 447.53]",1,,frame_index_fps_fallback
-mqbVkbCndg_0,2.8,84,1,0,"[308.39, 116.83, 579.74, 444.28]",1,,frame_index_fps_fallback
-mqbVkbCndg_0,2.9,87,1,0,"[302.66, 119.83, 576.82, 445.24]",1,,frame_index_fps_fallback
-mqbVkbCndg_0,3.0,90,1,0,"[305.77, 118.3, 578.11, 447.62]",1,,frame_index_fps_fallback
-mqbVkbCndg_0,3.1,93,1,0,"[306.36, 112.8, 582.73, 437.49]",1,,frame_index_fps_fallback
-mqbVkbCndg_0,3.2,96,1,0,"[306.17, 112.13, 578.64, 438.09]",1,,frame_index_fps_fallback
-mqbVkbCndg_0,3.3,99,1,0,"[306.72, 117.85, 577.23, 441.34]",1,,frame_index_fps_fallback
-mqbVkbCndg_0,3.4,102,1,0,"[305.41, 117.66, 577.63, 440.02]",1,,frame_index_fps_fallback
-mqbVkbCndg_0,3.5,105,1,0,"[305.71, 123.38, 574.6, 442.9]",1,,frame_index_fps_fallback
-mqbVkbCndg_0,3.6,108,1,0,"[305.61, 114.81, 577.28, 439.25]",1,,frame_index_fps_fallback
-mqbVkbCndg_0,3.6999999999999997,111,1,0,"[303.14, 116.36, 576.87, 446.14]",1,,frame_index_fps_fallback
-mqbVkbCndg_0,3.8,114,1,0,"[303.75, 116.91, 577.52, 442.33]",1,,frame_index_fps_fallback
-mqbVkbCndg_0,3.9,117,1,0,"[307.13, 113.31, 580.21, 435.71]",1,,frame_index_fps_fallback
-mqbVkbCndg_0,4.0,120,1,0,"[304.45, 111.95, 579.02, 442.75]",1,,frame_index_fps_fallback
-mqbVkbCndg_0,4.1,123,1,0,"[303.91, 112.25, 578.91, 446.49]",1,,frame_index_fps_fallback
-mqbVkbCndg_0,4.2,126,1,0,"[306.14, 109.91, 580.95, 445.68]",1,,frame_index_fps_fallback
-mqbVkbCndg_0,4.3,129,1,0,"[304.07, 114.14, 579.1, 446.5]",1,,frame_index_fps_fallback
-mqbVkbCndg_0,4.4,132,1,0,"[304.03, 113.81, 578.68, 451.08]",1,,frame_index_fps_fallback
-mqbVkbCndg_0,4.5,135,1,0,"[307.92, 116.21, 576.25, 439.31]",1,,frame_index_fps_fallback
-mqbVkbCndg_0,4.6,138,1,0,"[305.77, 111.39, 579.83, 433.64]",1,,frame_index_fps_fallback
-mqbVkbCndg_0,4.7,141,1,0,"[306.29, 115.19, 578.72, 445.51]",1,,frame_index_fps_fallback
-mqbVkbCndg_0,4.8,144,1,0,"[306.32, 114.05, 578.58, 443.9]",1,,frame_index_fps_fallback
-mqbVkbCndg_0,4.9,147,1,0,"[301.66, 111.19, 580.14, 444.83]",1,,frame_index_fps_fallback
-mqbVkbCndg_0,5.0,150,1,0,"[305.34, 112.93, 579.45, 438.49]",1,,frame_index_fps_fallback
-mqbVkbCndg_0,5.1,153,1,0,"[301.03, 112.16, 579.94, 442.43]",1,,frame_index_fps_fallback
-mqbVkbCndg_0,5.2,156,1,0,"[305.54, 111.55, 579.63, 439.96]",1,,frame_index_fps_fallback
-mqbVkbCndg_0,5.3,159,1,0,"[303.87, 116.07, 578.28, 445.55]",1,,frame_index_fps_fallback
-mqbVkbCndg_0,5.4,162,1,0,"[305.12, 120.29, 575.98, 446.11]",1,,frame_index_fps_fallback
-mqbVkbCndg_0,5.5,165,1,0,"[305.03, 120.77, 576.68, 449.83]",1,,frame_index_fps_fallback
-mqbVkbCndg_0,5.6,168,1,0,"[305.58, 124.01, 570.98, 443.75]",1,,frame_index_fps_fallback
-mqbVkbCndg_0,5.7,171,1,0,"[301.14, 120.96, 571.84, 449.06]",1,,frame_index_fps_fallback
-mqbVkbCndg_0,5.8,174,1,0,"[297.8, 114.9, 568.95, 447.52]",1,,frame_index_fps_fallback
-mqbVkbCndg_0,5.9,177,1,0,"[297.08, 114.36, 569.74, 447.54]",1,,frame_index_fps_fallback
-mqbVkbCndg_0,6.0,180,1,0,"[297.75, 114.9, 570.94, 448.8]",1,,frame_index_fps_fallback
-mqbVkbCndg_0,6.1,183,1,0,"[297.53, 115.66, 568.67, 449.08]",1,,frame_index_fps_fallback
-mqbVkbCndg_0,6.2,186,1,0,"[296.12, 119.51, 566.81, 451.48]",1,,frame_index_fps_fallback
-mqbVkbCndg_0,6.3,189,1,0,"[298.78, 115.53, 567.71, 446.78]",1,,frame_index_fps_fallback
-mqbVkbCndg_0,6.4,192,1,0,"[300.34, 115.09, 566.87, 444.22]",1,,frame_index_fps_fallback
-t217m2on-s_2,0.0,0,1,0,"[278.19, 48.22, 335.7, 119.62]",1,,frame_index_fps_fallback
-t217m2on-s_2,0.1,3,1,0,"[277.07, 50.69, 335.69, 120.98]",1,,frame_index_fps_fallback
-t217m2on-s_2,0.2,6,1,0,"[276.57, 50.92, 335.55, 122.54]",1,,frame_index_fps_fallback
-t217m2on-s_2,0.3,9,1,0,"[278.82, 50.44, 336.68, 120.66]",1,,frame_index_fps_fallback
-t217m2on-s_2,0.4,12,1,0,"[281.34, 48.74, 338.34, 119.6]",1,,frame_index_fps_fallback
-t217m2on-s_2,0.5,15,1,0,"[283.64, 48.53, 340.71, 117.69]",1,,frame_index_fps_fallback
-t217m2on-s_2,0.6,18,1,0,"[286.3, 47.37, 342.87, 117.0]",1,,frame_index_fps_fallback
-t217m2on-s_2,0.7,21,1,0,"[287.63, 47.35, 344.78, 116.69]",1,,frame_index_fps_fallback
-t217m2on-s_2,0.8,24,1,0,"[288.45, 47.85, 344.73, 116.71]",1,,frame_index_fps_fallback
-t217m2on-s_2,0.9,27,1,0,"[289.38, 47.19, 345.88, 117.45]",1,,frame_index_fps_fallback
-t217m2on-s_2,1.0,30,1,0,"[289.72, 47.49, 345.77, 116.92]",1,,frame_index_fps_fallback
-t217m2on-s_2,1.1,33,1,0,"[289.61, 47.18, 346.13, 116.92]",1,,frame_index_fps_fallback
-t217m2on-s_2,1.2,36,1,0,"[289.92, 47.24, 346.31, 117.2]",1,,frame_index_fps_fallback
-t217m2on-s_2,1.3,39,1,0,"[290.12, 47.56, 345.93, 117.26]",1,,frame_index_fps_fallback
-t217m2on-s_2,1.4,42,1,0,"[290.33, 47.82, 346.17, 116.27]",1,,frame_index_fps_fallback
-t217m2on-s_2,1.5,45,1,0,"[290.6, 46.99, 346.39, 116.06]",1,,frame_index_fps_fallback
-t217m2on-s_2,1.6,48,1,0,"[290.71, 46.92, 346.16, 115.74]",1,,frame_index_fps_fallback
-t217m2on-s_2,1.7,51,1,0,"[291.07, 45.93, 346.55, 115.02]",1,,frame_index_fps_fallback
-t217m2on-s_2,1.8,54,1,0,"[291.6, 45.36, 347.12, 115.65]",1,,frame_index_fps_fallback
-t217m2on-s_2,1.9,57,1,0,"[290.96, 45.5, 346.99, 115.99]",1,,frame_index_fps_fallback
-t217m2on-s_2,2.0,60,1,0,"[289.68, 45.39, 345.85, 115.57]",1,,frame_index_fps_fallback
-t217m2on-s_2,2.1,63,1,0,"[288.7, 45.89, 345.66, 115.92]",1,,frame_index_fps_fallback
-t217m2on-s_2,2.2,66,1,0,"[288.76, 47.08, 345.73, 119.17]",1,,frame_index_fps_fallback
-t217m2on-s_2,2.3,69,1,0,"[287.57, 48.17, 344.78, 121.97]",1,,frame_index_fps_fallback
-t217m2on-s_2,2.4,72,1,0,"[287.32, 48.3, 345.19, 121.52]",1,,frame_index_fps_fallback
-t217m2on-s_2,2.5,75,1,0,"[287.32, 48.62, 344.95, 121.71]",1,,frame_index_fps_fallback
-t217m2on-s_2,2.6,78,1,0,"[285.7, 48.19, 344.16, 120.56]",1,,frame_index_fps_fallback
-t217m2on-s_2,2.7,81,1,0,"[286.05, 48.59, 344.11, 120.39]",1,,frame_index_fps_fallback
-t217m2on-s_2,2.8,84,1,0,"[285.91, 48.3, 343.52, 119.59]",1,,frame_index_fps_fallback
-t217m2on-s_2,2.9,87,1,0,"[284.59, 47.76, 341.95, 117.15]",1,,frame_index_fps_fallback
-t217m2on-s_2,3.0,90,1,0,"[283.39, 47.21, 340.03, 116.83]",1,,frame_index_fps_fallback
-t217m2on-s_2,3.1,93,1,0,"[282.14, 46.21, 338.91, 117.94]",1,,frame_index_fps_fallback
-t217m2on-s_2,3.2,96,1,0,"[281.94, 46.9, 338.34, 117.54]",1,,frame_index_fps_fallback
-t217m2on-s_2,3.3,99,1,0,"[281.4, 45.81, 339.0, 117.27]",1,,frame_index_fps_fallback
-t217m2on-s_2,3.4,102,1,0,"[281.98, 45.73, 338.51, 115.18]",1,,frame_index_fps_fallback
-t217m2on-s_2,3.5,105,1,0,"[281.9, 45.53, 337.87, 113.98]",1,,frame_index_fps_fallback
-t217m2on-s_2,3.6,108,1,0,"[281.87, 45.13, 338.16, 113.95]",1,,frame_index_fps_fallback
-t217m2on-s_2,3.6999999999999997,111,1,0,"[282.27, 45.45, 338.37, 113.74]",1,,frame_index_fps_fallback
-t217m2on-s_2,3.8,114,1,0,"[283.18, 45.14, 339.98, 115.25]",1,,frame_index_fps_fallback
-t217m2on-s_2,3.9,117,1,0,"[283.76, 45.92, 340.99, 115.28]",1,,frame_index_fps_fallback
-t217m2on-s_2,4.0,120,1,0,"[284.35, 46.35, 341.03, 116.21]",1,,frame_index_fps_fallback
-t217m2on-s_2,4.1,123,1,0,"[283.58, 49.28, 340.53, 120.04]",1,,frame_index_fps_fallback
-t217m2on-s_2,4.2,126,1,0,"[283.9, 51.11, 340.94, 120.19]",1,,frame_index_fps_fallback
-t217m2on-s_2,4.3,129,1,0,"[283.92, 49.99, 340.89, 119.82]",1,,frame_index_fps_fallback
-t217m2on-s_2,4.4,132,1,0,"[284.23, 49.51, 340.82, 117.83]",1,,frame_index_fps_fallback
-t217m2on-s_2,4.5,135,1,0,"[285.3, 47.8, 341.44, 116.61]",1,,frame_index_fps_fallback
-t217m2on-s_2,4.6,138,1,0,"[285.91, 46.59, 341.94, 115.29]",1,,frame_index_fps_fallback
-t217m2on-s_2,4.7,141,1,0,"[286.77, 45.38, 342.28, 116.59]",1,,frame_index_fps_fallback
-t217m2on-s_2,4.8,144,1,0,"[287.11, 45.08, 342.81, 113.77]",1,,frame_index_fps_fallback
-t217m2on-s_2,4.9,147,1,0,"[287.12, 45.38, 341.92, 113.67]",1,,frame_index_fps_fallback
-t217m2on-s_2,5.0,150,1,0,"[287.81, 45.48, 343.07, 113.54]",1,,frame_index_fps_fallback
-t217m2on-s_2,5.1,153,1,0,"[287.16, 44.96, 343.9, 113.33]",1,,frame_index_fps_fallback
-t217m2on-s_2,5.2,156,1,0,"[287.57, 44.34, 343.42, 113.6]",1,,frame_index_fps_fallback
-t217m2on-s_2,5.3,159,1,0,"[288.06, 44.63, 343.71, 114.57]",1,,frame_index_fps_fallback
-t217m2on-s_2,5.4,162,1,0,"[288.72, 44.42, 344.37, 114.98]",1,,frame_index_fps_fallback
-t217m2on-s_2,5.5,165,1,0,"[289.33, 44.32, 344.89, 114.71]",1,,frame_index_fps_fallback
-t217m2on-s_2,5.6,168,1,0,"[289.76, 44.13, 345.84, 114.38]",1,,frame_index_fps_fallback
-t217m2on-s_7,0.0,0,1,0,"[287.22, 47.91, 343.37, 117.31]",1,,frame_index_fps_fallback
-t217m2on-s_7,0.1,3,1,0,"[287.62, 47.65, 343.94, 116.96]",1,,frame_index_fps_fallback
-t217m2on-s_7,0.2,6,1,0,"[287.38, 47.57, 344.54, 116.78]",1,,frame_index_fps_fallback
-t217m2on-s_7,0.3,9,1,0,"[287.69, 47.65, 344.37, 117.03]",1,,frame_index_fps_fallback
-t217m2on-s_7,0.4,12,1,0,"[288.0, 47.05, 345.53, 116.55]",1,,frame_index_fps_fallback
-t217m2on-s_7,0.5,15,1,0,"[287.81, 46.18, 345.63, 116.35]",1,,frame_index_fps_fallback
-t217m2on-s_7,0.6,18,1,0,"[288.94, 45.59, 346.03, 114.11]",1,,frame_index_fps_fallback
-t217m2on-s_7,0.7,21,1,0,"[289.26, 45.76, 346.08, 114.38]",1,,frame_index_fps_fallback
-t217m2on-s_7,0.8,24,1,0,"[289.11, 45.73, 346.05, 114.53]",1,,frame_index_fps_fallback
-t217m2on-s_7,0.9,27,1,0,"[289.2, 46.42, 345.85, 116.65]",1,,frame_index_fps_fallback
-t217m2on-s_7,1.0,30,1,0,"[288.67, 46.51, 345.37, 116.99]",1,,frame_index_fps_fallback
-t217m2on-s_7,1.1,33,1,0,"[287.16, 46.55, 343.78, 114.83]",1,,frame_index_fps_fallback
-t217m2on-s_7,1.2,36,1,0,"[287.49, 46.94, 344.16, 116.29]",1,,frame_index_fps_fallback
-t217m2on-s_7,1.3,39,1,0,"[286.97, 46.96, 342.66, 115.43]",1,,frame_index_fps_fallback
-t217m2on-s_7,1.4,42,1,0,"[286.23, 46.55, 342.5, 114.95]",1,,frame_index_fps_fallback
-t217m2on-s_7,1.5,45,1,0,"[286.56, 46.22, 342.49, 115.07]",1,,frame_index_fps_fallback
-t217m2on-s_7,1.6,48,1,0,"[285.89, 46.04, 342.35, 114.96]",1,,frame_index_fps_fallback
-t217m2on-s_7,1.7,51,1,0,"[285.85, 45.68, 342.5, 114.98]",1,,frame_index_fps_fallback
-t217m2on-s_7,1.8,54,1,0,"[285.38, 45.84, 341.72, 114.7]",1,,frame_index_fps_fallback
-t217m2on-s_7,1.9,57,1,0,"[285.52, 45.85, 341.12, 113.96]",1,,frame_index_fps_fallback
-t217m2on-s_7,2.0,60,1,0,"[285.67, 45.76, 341.07, 113.77]",1,,frame_index_fps_fallback
-t217m2on-s_7,2.1,63,1,0,"[285.57, 46.25, 341.38, 113.74]",1,,frame_index_fps_fallback
-t217m2on-s_7,2.2,66,1,0,"[285.58, 46.0, 341.87, 113.51]",1,,frame_index_fps_fallback
-t217m2on-s_7,2.3,69,1,0,"[286.35, 46.94, 342.25, 113.96]",1,,frame_index_fps_fallback
-t217m2on-s_7,2.4,72,1,0,"[287.17, 47.53, 343.37, 115.05]",1,,frame_index_fps_fallback
-t217m2on-s_7,2.5,75,1,0,"[287.64, 47.16, 344.22, 116.01]",1,,frame_index_fps_fallback
-t217m2on-s_7,2.6,78,1,0,"[288.65, 47.37, 344.78, 115.61]",1,,frame_index_fps_fallback
-t217m2on-s_7,2.7,81,1,0,"[289.05, 47.52, 344.68, 115.73]",1,,frame_index_fps_fallback
-t217m2on-s_7,2.8,84,1,0,"[289.69, 47.69, 345.63, 116.79]",1,,frame_index_fps_fallback
-t217m2on-s_7,2.9,87,1,0,"[289.34, 46.63, 345.65, 115.54]",1,,frame_index_fps_fallback
-t217m2on-s_7,3.0,90,1,0,"[289.62, 47.68, 345.31, 115.17]",1,,frame_index_fps_fallback
-t217m2on-s_7,3.1,93,1,0,"[290.48, 47.12, 346.4, 115.62]",1,,frame_index_fps_fallback
-t217m2on-s_7,3.2,96,1,0,"[290.96, 48.13, 346.71, 116.58]",1,,frame_index_fps_fallback
-t217m2on-s_7,3.3,99,1,0,"[290.47, 47.96, 346.66, 117.17]",1,,frame_index_fps_fallback
-t217m2on-s_7,3.4,102,1,0,"[289.5, 46.33, 346.49, 115.76]",1,,frame_index_fps_fallback
-t217m2on-s_7,3.5,105,1,0,"[289.92, 46.86, 346.67, 116.13]",1,,frame_index_fps_fallback
-t217m2on-s_7,3.6,108,1,0,"[290.56, 47.57, 346.51, 116.65]",1,,frame_index_fps_fallback
-t217m2on-s_7,3.6999999999999997,111,1,0,"[289.45, 46.61, 346.29, 115.76]",1,,frame_index_fps_fallback
-t217m2on-s_7,3.8,114,1,0,"[289.14, 46.68, 345.22, 116.32]",1,,frame_index_fps_fallback
-t217m2on-s_7,3.9,117,1,0,"[288.18, 46.88, 345.8, 116.09]",1,,frame_index_fps_fallback
-t217m2on-s_7,4.0,120,1,0,"[288.33, 46.66, 346.28, 116.56]",1,,frame_index_fps_fallback
-t217m2on-s_7,4.1,123,1,0,"[288.42, 46.82, 345.56, 116.27]",1,,frame_index_fps_fallback
-t217m2on-s_7,4.2,126,1,0,"[287.76, 47.36, 345.51, 115.81]",1,,frame_index_fps_fallback
-t217m2on-s_7,4.3,129,1,0,"[286.34, 48.02, 344.74, 117.32]",1,,frame_index_fps_fallback
-t217m2on-s_7,4.4,132,1,0,"[286.18, 49.86, 343.99, 118.85]",1,,frame_index_fps_fallback
-t217m2on-s_7,4.5,135,1,0,"[286.24, 49.37, 344.14, 119.11]",1,,frame_index_fps_fallback
-t217m2on-s_7,4.6,138,1,0,"[285.99, 48.93, 343.79, 118.6]",1,,frame_index_fps_fallback
-t217m2on-s_7,4.7,141,1,0,"[285.58, 48.77, 343.55, 117.84]",1,,frame_index_fps_fallback
-t217m2on-s_7,4.8,144,1,0,"[285.35, 46.81, 343.36, 115.64]",1,,frame_index_fps_fallback
-t217m2on-s_7,4.9,147,1,0,"[285.87, 44.96, 343.43, 114.37]",1,,frame_index_fps_fallback
-t217m2on-s_7,5.0,150,1,0,"[286.41, 43.62, 344.14, 113.52]",1,,frame_index_fps_fallback
-t217m2on-s_7,5.1,153,1,0,"[286.82, 43.46, 345.89, 114.71]",1,,frame_index_fps_fallback
-t217m2on-s_7,5.2,156,1,0,"[287.47, 43.27, 346.25, 115.05]",1,,frame_index_fps_fallback
-t217m2on-s_7,5.3,159,1,0,"[287.86, 42.58, 345.32, 112.62]",1,,frame_index_fps_fallback
-t217m2on-s_7,5.4,162,1,0,"[288.45, 42.54, 345.3, 111.35]",1,,frame_index_fps_fallback
-t217m2on-s_7,5.5,165,1,0,"[288.54, 42.06, 345.57, 112.09]",1,,frame_index_fps_fallback
-t217m2on-s_7,5.6,168,1,0,"[289.23, 41.94, 346.38, 115.03]",1,,frame_index_fps_fallback
-t217m2on-s_7,5.7,171,1,0,"[289.93, 43.94, 346.85, 117.95]",1,,frame_index_fps_fallback
-t217m2on-s_7,5.8,174,1,0,"[290.24, 43.5, 346.66, 114.31]",1,,frame_index_fps_fallback
-t217m2on-s_7,5.9,177,1,0,"[289.45, 43.68, 345.81, 114.22]",1,,frame_index_fps_fallback
-t217m2on-s_7,6.0,180,1,0,"[288.73, 44.95, 345.5, 114.81]",1,,frame_index_fps_fallback
-t217m2on-s_7,6.1,183,1,0,"[288.17, 46.65, 345.46, 119.21]",1,,frame_index_fps_fallback
-t217m2on-s_7,6.2,186,1,0,"[287.17, 47.04, 343.86, 117.72]",1,,frame_index_fps_fallback
-t217m2on-s_7,6.3,189,1,0,"[287.0, 47.57, 343.12, 114.86]",1,,frame_index_fps_fallback
-t217m2on-s_7,6.4,192,1,0,"[286.57, 47.33, 343.27, 115.5]",1,,frame_index_fps_fallback
-t217m2on-s_7,6.5,195,1,0,"[286.48, 47.24, 343.21, 115.56]",1,,frame_index_fps_fallback
-t217m2on-s_7,6.6,198,1,0,"[286.46, 47.27, 343.12, 116.04]",1,,frame_index_fps_fallback
-t217m2on-s_7,6.7,201,1,0,"[286.69, 46.66, 343.4, 116.0]",1,,frame_index_fps_fallback
-t217m2on-s_7,6.8,204,1,0,"[286.29, 45.24, 343.58, 114.93]",1,,frame_index_fps_fallback
-t217m2on-s_7,6.8999999999999995,207,1,0,"[286.38, 44.48, 343.88, 113.54]",1,,frame_index_fps_fallback
-t217m2on-s_7,7.0,210,1,0,"[286.23, 45.83, 343.3, 113.95]",1,,frame_index_fps_fallback
-t217m2on-s_7,7.1,213,1,0,"[286.54, 48.3, 343.39, 115.95]",1,,frame_index_fps_fallback
-t217m2on-s_7,7.2,216,1,0,"[285.83, 47.62, 342.78, 114.88]",1,,frame_index_fps_fallback
-t217m2on-s_7,7.3,219,1,0,"[285.66, 46.42, 342.72, 114.34]",1,,frame_index_fps_fallback
-t217m2on-s_7,7.3999999999999995,222,1,0,"[286.04, 46.72, 342.98, 115.28]",1,,frame_index_fps_fallback
-t217m2on-s_7,7.5,225,1,0,"[286.81, 47.62, 343.62, 116.15]",1,,frame_index_fps_fallback
-t217m2on-s_7,7.6,228,1,0,"[286.73, 47.24, 343.94, 116.53]",1,,frame_index_fps_fallback
-t217m2on-s_7,7.7,231,1,0,"[287.73, 46.21, 344.43, 115.22]",1,,frame_index_fps_fallback
-t217m2on-s_7,7.8,234,1,0,"[288.17, 44.98, 345.0, 114.72]",1,,frame_index_fps_fallback
-t217m2on-s_7,7.8999999999999995,237,1,0,"[288.22, 45.38, 345.59, 114.74]",1,,frame_index_fps_fallback
-t217m2on-s_7,8.0,240,1,0,"[288.74, 46.2, 345.32, 114.53]",1,,frame_index_fps_fallback
-t217m2on-s_7,8.1,243,1,0,"[288.77, 45.13, 346.3, 114.06]",1,,frame_index_fps_fallback
-t217m2on-s_7,8.2,246,1,0,"[289.24, 44.65, 346.19, 113.4]",1,,frame_index_fps_fallback
-t217m2on-s_7,8.3,249,1,0,"[289.61, 44.02, 346.36, 112.4]",1,,frame_index_fps_fallback
-t217m2on-s_7,8.4,252,1,0,"[289.39, 44.22, 346.13, 112.25]",1,,frame_index_fps_fallback
-t217m2on-s_7,8.5,255,1,0,"[290.24, 46.25, 346.16, 114.84]",1,,frame_index_fps_fallback
-t217m2on-s_7,8.6,258,1,0,"[288.77, 47.11, 346.11, 115.87]",1,,frame_index_fps_fallback
-t217m2on-s_7,8.7,261,1,0,"[288.77, 46.61, 345.8, 114.88]",1,,frame_index_fps_fallback
-t217m2on-s_7,8.8,264,1,0,"[288.83, 46.52, 345.73, 114.82]",1,,frame_index_fps_fallback
-t217m2on-s_7,8.9,267,1,0,"[288.46, 46.7, 345.72, 115.11]",1,,frame_index_fps_fallback
-t217m2on-s_7,9.0,270,1,0,"[288.42, 46.53, 346.44, 115.53]",1,,frame_index_fps_fallback
-t217m2on-s_7,9.1,273,1,0,"[288.18, 46.65, 346.33, 116.15]",1,,frame_index_fps_fallback
-t217m2on-s_7,9.2,276,1,0,"[289.12, 47.51, 345.11, 116.64]",1,,frame_index_fps_fallback
-t217m2on-s_7,9.3,279,1,0,"[290.33, 48.45, 345.38, 115.91]",1,,frame_index_fps_fallback
-t217m2on-s_7,9.4,282,1,0,"[290.96, 47.63, 346.4, 116.52]",1,,frame_index_fps_fallback
-t217m2on-s_7,9.5,285,1,0,"[291.63, 48.22, 346.87, 117.5]",1,,frame_index_fps_fallback
-t217m2on-s_7,9.6,288,1,0,"[292.1, 47.83, 348.15, 117.98]",1,,frame_index_fps_fallback
-t217m2on-s_7,9.7,291,1,0,"[291.24, 46.87, 347.29, 118.51]",1,,frame_index_fps_fallback
-t217m2on-s_7,9.8,294,1,0,"[290.9, 47.62, 347.09, 117.54]",1,,frame_index_fps_fallback
-t217m2on-s_7,9.9,297,1,0,"[290.24, 47.97, 345.34, 116.12]",1,,frame_index_fps_fallback
-t217m2on-s_7,10.0,300,1,0,"[289.57, 46.51, 345.47, 115.95]",1,,frame_index_fps_fallback
-t217m2on-s_7,10.1,303,1,0,"[289.24, 45.37, 345.57, 114.65]",1,,frame_index_fps_fallback
-t217m2on-s_7,10.2,306,1,0,"[287.75, 46.03, 344.59, 114.23]",1,,frame_index_fps_fallback
-t217m2on-s_7,10.3,309,1,0,"[286.62, 46.1, 343.83, 115.39]",1,,frame_index_fps_fallback
-t217m2on-s_7,10.4,312,1,0,"[286.26, 46.33, 342.31, 114.82]",1,,frame_index_fps_fallback
-t217m2on-s_7,10.5,315,1,0,"[286.0, 45.9, 342.55, 114.46]",1,,frame_index_fps_fallback
-t217m2on-s_7,10.6,318,1,0,"[285.59, 45.64, 342.34, 114.63]",1,,frame_index_fps_fallback
-t217m2on-s_7,10.7,321,1,0,"[285.53, 46.09, 342.06, 114.7]",1,,frame_index_fps_fallback
-t217m2on-s_7,10.8,324,1,0,"[285.62, 45.84, 341.68, 114.83]",1,,frame_index_fps_fallback
-t217m2on-s_7,10.9,327,1,0,"[286.58, 45.6, 342.78, 114.9]",1,,frame_index_fps_fallback
-t217m2on-s_7,11.0,330,1,0,"[287.26, 46.01, 342.68, 115.11]",1,,frame_index_fps_fallback
-t217m2on-s_7,11.1,333,1,0,"[288.0, 46.82, 343.29, 116.14]",1,,frame_index_fps_fallback
-t217m2on-s_7,11.2,336,1,0,"[286.78, 45.99, 343.07, 115.79]",1,,frame_index_fps_fallback
-t217m2on-s_7,11.3,339,1,0,"[288.12, 45.86, 343.54, 114.32]",1,,frame_index_fps_fallback
-t217m2on-s_7,11.4,342,1,0,"[287.0, 45.34, 343.13, 114.53]",1,,frame_index_fps_fallback
-t217m2on-s_7,11.5,345,1,0,"[285.93, 45.74, 341.89, 114.85]",1,,frame_index_fps_fallback
-t217m2on-s_7,11.6,348,1,0,"[285.74, 45.3, 342.0, 114.59]",1,,frame_index_fps_fallback
-t217m2on-s_7,11.7,351,1,0,"[285.63, 44.95, 341.98, 114.18]",1,,frame_index_fps_fallback
-t217m2on-s_7,11.8,354,1,0,"[286.01, 45.5, 342.68, 115.27]",1,,frame_index_fps_fallback
-t217m2on-s_7,11.9,357,1,0,"[286.02, 46.3, 342.82, 116.17]",1,,frame_index_fps_fallback
-t217m2on-s_7,12.0,360,1,0,"[286.06, 45.53, 342.64, 114.37]",1,,frame_index_fps_fallback
-t217m2on-s_7,12.1,363,1,0,"[286.12, 44.62, 342.65, 114.27]",1,,frame_index_fps_fallback
-t217m2on-s_7,12.2,366,1,0,"[286.48, 44.57, 342.93, 114.96]",1,,frame_index_fps_fallback
-t217m2on-s_7,12.3,369,1,0,"[286.38, 45.52, 342.56, 114.67]",1,,frame_index_fps_fallback
-t217m2on-s_7,12.4,372,1,0,"[286.97, 46.84, 342.08, 113.89]",1,,frame_index_fps_fallback
-t217m2on-s_7,12.5,375,1,0,"[287.38, 46.92, 342.92, 114.58]",1,,frame_index_fps_fallback
-t217m2on-s_7,12.6,378,1,0,"[287.95, 46.91, 343.44, 114.37]",1,,frame_index_fps_fallback
-t217m2on-s_7,12.7,381,1,0,"[288.47, 47.39, 344.2, 114.74]",1,,frame_index_fps_fallback
-t217m2on-s_7,12.8,384,1,0,"[289.15, 49.16, 345.24, 118.05]",1,,frame_index_fps_fallback
-t217m2on-s_7,12.9,387,1,0,"[288.81, 49.07, 344.83, 117.32]",1,,frame_index_fps_fallback
-t217m2on-s_7,13.0,390,1,0,"[288.66, 48.72, 344.57, 117.13]",1,,frame_index_fps_fallback
-t217m2on-s_7,13.1,393,1,0,"[288.1, 48.17, 342.8, 116.01]",1,,frame_index_fps_fallback
-t217m2on-s_7,13.2,396,1,0,"[287.87, 47.76, 342.54, 116.34]",1,,frame_index_fps_fallback
-t217m2on-s_7,13.299999999999999,399,1,0,"[287.53, 47.1, 343.01, 116.72]",1,,frame_index_fps_fallback
-t217m2on-s_7,13.4,402,1,0,"[286.84, 47.2, 342.49, 116.22]",1,,frame_index_fps_fallback
-t217m2on-s_7,13.5,405,1,0,"[287.22, 46.15, 342.83, 114.6]",1,,frame_index_fps_fallback
-t217m2on-s_7,13.6,408,1,0,"[287.09, 46.59, 342.35, 114.5]",1,,frame_index_fps_fallback
-t217m2on-s_7,13.7,411,1,0,"[287.91, 47.86, 342.77, 117.15]",1,,frame_index_fps_fallback
-t217m2on-s_7,13.799999999999999,414,1,0,"[288.09, 47.97, 342.87, 116.39]",1,,frame_index_fps_fallback
-t217m2on-s_7,13.9,417,1,0,"[287.8, 47.71, 342.9, 115.72]",1,,frame_index_fps_fallback
-t217m2on-s_7,14.0,420,1,0,"[287.75, 48.36, 343.13, 116.95]",1,,frame_index_fps_fallback
-t217m2on-s_7,14.1,423,1,0,"[286.81, 48.35, 342.38, 116.58]",1,,frame_index_fps_fallback
-t217m2on-s_7,14.2,426,1,0,"[286.4, 48.58, 342.18, 117.16]",1,,frame_index_fps_fallback
-t217m2on-s_7,14.299999999999999,429,1,0,"[285.76, 48.05, 341.62, 116.99]",1,,frame_index_fps_fallback
-t217m2on-s_7,14.4,432,1,0,"[285.54, 47.89, 341.11, 115.88]",1,,frame_index_fps_fallback
-t217m2on-s_7,14.5,435,1,0,"[285.34, 47.62, 340.94, 115.38]",1,,frame_index_fps_fallback
-t217m2on-s_7,14.6,438,1,0,"[285.51, 46.83, 341.76, 115.15]",1,,frame_index_fps_fallback
-t217m2on-s_7,14.7,441,1,0,"[285.94, 46.19, 341.45, 114.61]",1,,frame_index_fps_fallback
-t217m2on-s_7,14.799999999999999,444,1,0,"[286.81, 45.14, 342.59, 114.42]",1,,frame_index_fps_fallback
-t217m2on-s_7,14.9,447,1,0,"[286.69, 43.04, 343.39, 112.47]",1,,frame_index_fps_fallback
-t217m2on-s_7,15.0,450,1,0,"[286.67, 42.18, 343.3, 111.09]",1,,frame_index_fps_fallback
-t217m2on-s_7,15.1,453,1,0,"[287.1, 42.3, 344.27, 111.31]",1,,frame_index_fps_fallback
-t217m2on-s_7,15.2,456,1,0,"[287.09, 43.01, 344.0, 113.02]",1,,frame_index_fps_fallback
-t217m2on-s_7,15.299999999999999,459,1,0,"[287.89, 43.63, 343.8, 112.46]",1,,frame_index_fps_fallback
-t217m2on-s_7,15.4,462,1,0,"[287.17, 43.56, 343.43, 112.3]",1,,frame_index_fps_fallback
-t217m2on-s_7,15.5,465,1,0,"[287.43, 44.58, 342.97, 113.47]",1,,frame_index_fps_fallback
-t217m2on-s_7,15.6,468,1,0,"[286.66, 44.55, 342.4, 113.94]",1,,frame_index_fps_fallback
-t217m2on-s_7,15.7,471,1,0,"[286.44, 45.32, 342.51, 114.05]",1,,frame_index_fps_fallback
-t217m2on-s_7,15.799999999999999,474,1,0,"[286.42, 45.62, 342.85, 114.6]",1,,frame_index_fps_fallback
-t217m2on-s_7,15.9,477,1,0,"[286.63, 45.68, 342.77, 114.17]",1,,frame_index_fps_fallback
-t217m2on-s_7,16.0,480,1,0,"[286.31, 45.79, 342.48, 114.04]",1,,frame_index_fps_fallback
-t217m2on-s_7,16.1,483,1,0,"[286.64, 47.36, 341.82, 115.01]",1,,frame_index_fps_fallback
-t217m2on-s_7,16.2,486,1,0,"[286.55, 47.63, 342.17, 115.28]",1,,frame_index_fps_fallback
-t217m2on-s_7,16.3,489,1,0,"[286.51, 47.17, 341.66, 114.94]",1,,frame_index_fps_fallback
-t217m2on-s_7,16.4,492,1,0,"[286.58, 47.17, 341.6, 115.75]",1,,frame_index_fps_fallback
-t217m2on-s_7,16.5,495,1,0,"[286.26, 47.58, 341.36, 115.14]",1,,frame_index_fps_fallback
-t217m2on-s_7,16.6,498,1,0,"[286.09, 47.44, 341.38, 115.14]",1,,frame_index_fps_fallback
-t217m2on-s_7,16.7,501,1,0,"[286.34, 47.46, 341.86, 116.02]",1,,frame_index_fps_fallback
-t217m2on-s_7,16.8,504,1,0,"[285.8, 48.19, 341.93, 117.37]",1,,frame_index_fps_fallback
-t217m2on-s_7,16.9,507,1,0,"[285.35, 48.02, 341.82, 117.55]",1,,frame_index_fps_fallback
-t217m2on-s_7,17.0,510,1,0,"[285.77, 46.69, 342.57, 116.55]",1,,frame_index_fps_fallback
-t217m2on-s_7,17.133333333333333,511,1,0,"[286.68, 45.78, 342.96, 115.52]",1,,frame_index_fps_fallback
-tANM6ETl_M_3,0.0,0,1,0,"[566.68, 62.72, 761.38, 290.64]",1,,frame_index_fps_fallback
-tANM6ETl_M_3,0.1,3,1,0,"[564.56, 59.0, 759.57, 290.54]",1,,frame_index_fps_fallback
-tANM6ETl_M_3,0.2,6,1,0,"[560.85, 61.38, 752.83, 290.75]",1,,frame_index_fps_fallback
-tANM6ETl_M_3,0.3,9,1,0,"[558.7, 59.56, 753.12, 289.87]",1,,frame_index_fps_fallback
-tANM6ETl_M_3,0.4,12,1,0,"[554.57, 58.6, 748.91, 282.94]",1,,frame_index_fps_fallback
-tANM6ETl_M_3,0.5,15,1,0,"[548.15, 62.0, 736.25, 280.76]",1,,frame_index_fps_fallback
-tANM6ETl_M_3,0.6,18,1,0,"[546.55, 53.37, 729.41, 276.55]",1,,frame_index_fps_fallback
-tANM6ETl_M_3,0.7,21,1,0,"[546.36, 58.21, 739.11, 283.86]",1,,frame_index_fps_fallback
-tANM6ETl_M_3,0.8,24,1,0,"[547.91, 60.03, 737.16, 285.17]",1,,frame_index_fps_fallback
-tANM6ETl_M_3,0.9,27,1,0,"[546.31, 63.29, 738.49, 291.59]",1,,frame_index_fps_fallback
-tANM6ETl_M_3,1.0,30,1,0,"[551.15, 58.98, 745.79, 290.1]",1,,frame_index_fps_fallback
-tANM6ETl_M_3,1.1,33,1,0,"[547.09, 59.9, 744.8, 289.06]",1,,frame_index_fps_fallback
-tANM6ETl_M_3,1.2,36,1,0,"[549.15, 60.65, 744.44, 285.15]",1,,frame_index_fps_fallback
-tANM6ETl_M_3,1.3,39,1,0,"[547.99, 60.06, 744.33, 286.43]",1,,frame_index_fps_fallback
-tANM6ETl_M_3,1.4,42,1,0,"[542.89, 63.24, 737.84, 289.96]",1,,frame_index_fps_fallback
-tANM6ETl_M_3,1.5,45,1,0,"[545.16, 59.06, 740.42, 287.96]",1,,frame_index_fps_fallback
-tANM6ETl_M_3,1.6,48,1,0,"[546.29, 61.75, 737.82, 291.02]",1,,frame_index_fps_fallback
-tANM6ETl_M_3,1.7,51,1,0,"[546.77, 62.57, 737.75, 293.63]",1,,frame_index_fps_fallback
-tANM6ETl_M_3,1.8,54,1,0,"[548.03, 63.22, 739.54, 290.36]",1,,frame_index_fps_fallback
-tANM6ETl_M_3,1.9,57,1,0,"[547.28, 67.07, 736.96, 289.46]",1,,frame_index_fps_fallback
-tANM6ETl_M_3,2.0,60,1,0,"[550.38, 65.87, 739.41, 300.48]",1,,frame_index_fps_fallback
-tANM6ETl_M_3,2.1,63,1,0,"[542.5, 69.12, 740.32, 296.36]",1,,frame_index_fps_fallback
-tANM6ETl_M_3,2.2,66,1,0,"[543.51, 70.85, 737.08, 295.92]",1,,frame_index_fps_fallback
-tANM6ETl_M_3,2.3,69,1,0,"[545.58, 77.37, 739.82, 303.29]",1,,frame_index_fps_fallback
-tANM6ETl_M_3,2.4,72,1,0,"[548.21, 82.49, 741.56, 306.71]",1,,frame_index_fps_fallback
-tANM6ETl_M_3,2.5,75,1,0,"[547.57, 76.44, 742.55, 300.75]",1,,frame_index_fps_fallback
-tANM6ETl_M_3,2.6,78,1,0,"[547.09, 71.15, 745.77, 297.98]",1,,frame_index_fps_fallback
-tANM6ETl_M_3,2.7,81,1,0,"[543.78, 68.68, 740.06, 299.38]",1,,frame_index_fps_fallback
-tANM6ETl_M_3,2.8,84,1,0,"[543.79, 68.3, 740.74, 292.64]",1,,frame_index_fps_fallback
-tANM6ETl_M_3,2.9,87,1,0,"[542.93, 73.64, 732.61, 295.07]",1,,frame_index_fps_fallback
-tANM6ETl_M_3,3.0,90,1,0,"[544.87, 66.98, 734.19, 296.31]",1,,frame_index_fps_fallback
-tANM6ETl_M_3,3.1,93,1,0,"[548.47, 65.46, 742.25, 293.9]",1,,frame_index_fps_fallback
-tANM6ETl_M_3,3.2,96,1,0,"[545.64, 59.47, 742.92, 287.82]",1,,frame_index_fps_fallback
-tANM6ETl_M_3,3.3,99,1,0,"[545.01, 59.07, 739.82, 286.7]",1,,frame_index_fps_fallback
-tANM6ETl_M_3,3.4,102,1,0,"[543.45, 58.32, 734.96, 284.36]",1,,frame_index_fps_fallback
-tANM6ETl_M_3,3.5,105,1,0,"[542.53, 62.69, 733.78, 292.87]",1,,frame_index_fps_fallback
-tANM6ETl_M_3,3.6,108,1,0,"[548.89, 70.23, 735.84, 293.51]",1,,frame_index_fps_fallback
-tANM6ETl_M_3,3.6999999999999997,111,1,0,"[552.31, 67.77, 741.74, 292.86]",1,,frame_index_fps_fallback
-tANM6ETl_M_3,3.8,114,1,0,"[550.47, 63.33, 745.19, 292.02]",1,,frame_index_fps_fallback
-tANM6ETl_M_3,3.9,117,1,0,"[550.25, 62.48, 744.88, 292.4]",1,,frame_index_fps_fallback
-tANM6ETl_M_3,4.0,120,1,0,"[548.64, 60.89, 744.43, 287.79]",1,,frame_index_fps_fallback
-tANM6ETl_M_3,4.1,123,1,0,"[547.34, 64.57, 735.06, 290.81]",1,,frame_index_fps_fallback
-tANM6ETl_M_3,4.2,126,1,0,"[548.74, 61.27, 743.58, 287.96]",1,,frame_index_fps_fallback
-tANM6ETl_M_3,4.3,129,1,0,"[553.91, 52.29, 748.67, 278.6]",1,,frame_index_fps_fallback
-tANM6ETl_M_3,4.4,132,1,0,"[551.42, 57.71, 740.79, 279.39]",1,,frame_index_fps_fallback
-tANM6ETl_M_3,4.5,135,1,0,"[554.35, 57.08, 742.7, 277.99]",1,,frame_index_fps_fallback
-tANM6ETl_M_3,4.6,138,1,0,"[560.18, 50.34, 751.85, 277.93]",1,,frame_index_fps_fallback
-tANM6ETl_M_3,4.7,141,1,0,"[558.16, 46.69, 750.5, 267.9]",1,,frame_index_fps_fallback
-tANM6ETl_M_3,4.8,144,1,0,"[553.53, 49.06, 742.49, 266.24]",1,,frame_index_fps_fallback
-tANM6ETl_M_3,4.9,147,1,0,"[550.74, 48.77, 745.19, 275.65]",1,,frame_index_fps_fallback
-tANM6ETl_M_3,5.0,150,1,0,"[543.75, 50.96, 749.38, 284.27]",1,,frame_index_fps_fallback
-tANM6ETl_M_3,5.1,153,1,0,"[527.46, 85.33, 711.52, 295.12]",1,,frame_index_fps_fallback
-tANM6ETl_M_3,5.2,156,1,0,"[523.62, 86.28, 715.67, 310.55]",1,,frame_index_fps_fallback
-tANM6ETl_M_3,5.3,159,1,0,"[534.28, 84.77, 724.43, 302.9]",1,,frame_index_fps_fallback
-tANM6ETl_M_3,5.4,162,1,0,"[546.79, 68.9, 749.08, 303.16]",1,,frame_index_fps_fallback
-tANM6ETl_M_3,5.5,165,1,0,"[549.2, 71.61, 745.66, 291.11]",1,,frame_index_fps_fallback
-tANM6ETl_M_3,5.6,168,1,0,"[558.8, 65.04, 758.32, 292.69]",1,,frame_index_fps_fallback
-tANM6ETl_M_3,5.7,171,1,0,"[565.68, 66.5, 760.73, 288.88]",1,,frame_index_fps_fallback
-tANM6ETl_M_3,5.8,174,1,0,"[563.05, 59.64, 761.75, 294.47]",1,,frame_index_fps_fallback
-tANM6ETl_M_3,5.9,177,1,0,"[561.11, 60.7, 759.91, 287.75]",1,,frame_index_fps_fallback
-tANM6ETl_M_3,6.0,180,1,0,"[562.67, 63.98, 759.53, 287.39]",1,,frame_index_fps_fallback
-tANM6ETl_M_3,6.1,183,1,0,"[564.56, 64.09, 759.7, 287.67]",1,,frame_index_fps_fallback
-tANM6ETl_M_3,6.2,186,1,0,"[562.2, 62.94, 758.97, 287.99]",1,,frame_index_fps_fallback
-tANM6ETl_M_3,6.3,189,1,0,"[558.37, 60.72, 753.85, 289.11]",1,,frame_index_fps_fallback
-tANM6ETl_M_3,6.4,192,1,0,"[552.99, 53.84, 748.27, 282.48]",1,,frame_index_fps_fallback
-tANM6ETl_M_3,6.5,195,1,0,"[535.78, 49.08, 749.39, 280.92]",1,,frame_index_fps_fallback
-tANM6ETl_M_3,6.633333333333333,198,1,0,"[528.75, 62.48, 729.54, 287.8]",1,,frame_index_fps_fallback
-tANM6ETl_M_3,6.7,199,1,0,"[536.18, 76.21, 712.61, 282.71]",1,,frame_index_fps_fallback
-tPCytz4rww_11,0.0,0,1,0,"[237.78, 43.08, 299.13, 119.14]",1,,frame_index_fps_fallback
-tPCytz4rww_11,0.1,3,1,0,"[238.16, 42.5, 298.75, 118.85]",1,,frame_index_fps_fallback
-tPCytz4rww_11,0.2,6,1,0,"[237.36, 41.97, 298.2, 117.28]",1,,frame_index_fps_fallback
-tPCytz4rww_11,0.3,9,1,0,"[237.93, 40.94, 299.16, 117.18]",1,,frame_index_fps_fallback
-tPCytz4rww_11,0.4,12,1,0,"[237.9, 40.78, 300.45, 118.36]",1,,frame_index_fps_fallback
-tPCytz4rww_11,0.5,15,1,0,"[237.86, 41.45, 299.27, 117.65]",1,,frame_index_fps_fallback
-tPCytz4rww_11,0.6,18,1,0,"[237.83, 41.59, 298.97, 118.49]",1,,frame_index_fps_fallback
-tPCytz4rww_11,0.7,21,1,0,"[237.03, 41.82, 298.57, 116.85]",1,,frame_index_fps_fallback
-tPCytz4rww_11,0.8,24,1,0,"[236.64, 41.66, 298.14, 117.41]",1,,frame_index_fps_fallback
-tPCytz4rww_11,0.9,27,1,0,"[236.76, 41.76, 298.24, 118.05]",1,,frame_index_fps_fallback
-tPCytz4rww_11,1.0,30,1,0,"[236.32, 41.82, 298.34, 118.81]",1,,frame_index_fps_fallback
-tPCytz4rww_11,1.1,33,1,0,"[235.36, 42.3, 297.22, 118.28]",1,,frame_index_fps_fallback
-tPCytz4rww_11,1.2,36,1,0,"[234.27, 42.16, 296.68, 118.29]",1,,frame_index_fps_fallback
-tPCytz4rww_11,1.3,39,1,0,"[233.78, 42.19, 295.19, 117.44]",1,,frame_index_fps_fallback
-tPCytz4rww_11,1.4,42,1,0,"[231.88, 42.12, 293.77, 117.02]",1,,frame_index_fps_fallback
-tPCytz4rww_11,1.5,45,1,0,"[230.7, 42.07, 292.93, 117.8]",1,,frame_index_fps_fallback
-tPCytz4rww_11,1.6,48,1,0,"[230.5, 42.04, 293.09, 118.91]",1,,frame_index_fps_fallback
-tPCytz4rww_11,1.7,51,1,0,"[230.94, 41.69, 294.04, 118.95]",1,,frame_index_fps_fallback
-tPCytz4rww_11,1.8,54,1,0,"[231.75, 40.82, 294.12, 117.27]",1,,frame_index_fps_fallback
-tPCytz4rww_11,1.9,57,1,0,"[232.97, 40.54, 295.59, 114.22]",1,,frame_index_fps_fallback
-tPCytz4rww_11,2.0,60,1,0,"[234.69, 40.52, 297.64, 115.18]",1,,frame_index_fps_fallback
-tPCytz4rww_11,2.1,63,1,0,"[236.07, 40.89, 299.02, 116.98]",1,,frame_index_fps_fallback
-tPCytz4rww_11,2.2,66,1,0,"[237.46, 41.42, 299.76, 117.72]",1,,frame_index_fps_fallback
-tPCytz4rww_11,2.3,69,1,0,"[234.83, 45.31, 298.38, 123.03]",1,,frame_index_fps_fallback
-tPCytz4rww_11,2.4,72,1,0,"[232.41, 50.66, 295.95, 126.56]",1,,frame_index_fps_fallback
-tPCytz4rww_11,2.5,75,1,0,"[232.44, 52.68, 294.95, 128.17]",1,,frame_index_fps_fallback
-tPCytz4rww_11,2.6,78,1,0,"[231.86, 52.87, 295.42, 128.38]",1,,frame_index_fps_fallback
-tPCytz4rww_11,2.7,81,1,0,"[232.14, 53.2, 294.77, 127.56]",1,,frame_index_fps_fallback
-tPCytz4rww_11,2.8,84,1,0,"[231.22, 50.93, 294.97, 126.66]",1,,frame_index_fps_fallback
-tPCytz4rww_11,2.9,87,1,0,"[228.08, 47.84, 294.18, 126.46]",1,,frame_index_fps_fallback
-tPCytz4rww_11,3.0,90,1,0,"[227.9, 47.68, 294.11, 126.21]",1,,frame_index_fps_fallback
-tPCytz4rww_11,3.1,93,1,0,"[230.7, 49.61, 294.34, 125.15]",1,,frame_index_fps_fallback
-tPCytz4rww_11,3.2,96,1,0,"[230.81, 49.58, 293.37, 123.83]",1,,frame_index_fps_fallback
-tPCytz4rww_11,3.3,99,1,0,"[232.51, 45.28, 296.53, 122.6]",1,,frame_index_fps_fallback
-tPCytz4rww_11,3.4,102,1,0,"[235.39, 40.88, 299.16, 118.82]",1,,frame_index_fps_fallback
-tPCytz4rww_11,3.5,105,1,0,"[237.37, 39.42, 300.26, 116.42]",1,,frame_index_fps_fallback
-tPCytz4rww_11,3.6,108,1,0,"[238.47, 39.04, 300.14, 113.92]",1,,frame_index_fps_fallback
-tPCytz4rww_11,3.6999999999999997,111,1,0,"[239.1, 38.43, 300.19, 113.34]",1,,frame_index_fps_fallback
-tPCytz4rww_11,3.8,114,1,0,"[238.19, 37.56, 299.25, 113.05]",1,,frame_index_fps_fallback
-tPCytz4rww_11,3.9,117,1,0,"[236.46, 38.97, 298.23, 113.08]",1,,frame_index_fps_fallback
-tPCytz4rww_11,4.0,120,1,0,"[235.24, 39.5, 297.08, 114.85]",1,,frame_index_fps_fallback
-tPCytz4rww_11,4.1,123,1,0,"[233.5, 40.39, 295.03, 114.17]",1,,frame_index_fps_fallback
-tPCytz4rww_11,4.2,126,1,0,"[231.15, 39.48, 294.23, 113.66]",1,,frame_index_fps_fallback
-tPCytz4rww_11,4.3,129,1,0,"[231.45, 40.13, 293.74, 114.18]",1,,frame_index_fps_fallback
-tPCytz4rww_11,4.4,132,1,0,"[233.01, 39.93, 295.05, 112.25]",1,,frame_index_fps_fallback
-tPCytz4rww_11,4.5,135,1,0,"[234.1, 39.04, 296.05, 113.19]",1,,frame_index_fps_fallback
-tPCytz4rww_11,4.6,138,1,0,"[234.52, 40.39, 296.63, 113.99]",1,,frame_index_fps_fallback
-tPCytz4rww_11,4.7,141,1,0,"[233.94, 40.52, 296.03, 114.38]",1,,frame_index_fps_fallback
-tPCytz4rww_11,4.8,144,1,0,"[234.03, 40.76, 295.84, 114.42]",1,,frame_index_fps_fallback
-tPCytz4rww_11,4.9,147,1,0,"[233.95, 40.09, 295.95, 114.36]",1,,frame_index_fps_fallback
-tPCytz4rww_11,5.0,150,1,0,"[234.15, 40.01, 296.87, 115.26]",1,,frame_index_fps_fallback
-tPCytz4rww_11,5.1,153,1,0,"[234.91, 40.26, 296.71, 115.78]",1,,frame_index_fps_fallback
-tPCytz4rww_11,5.2,156,1,0,"[234.74, 40.31, 296.85, 115.63]",1,,frame_index_fps_fallback
-tPCytz4rww_11,5.3,159,1,0,"[234.39, 40.23, 296.64, 115.27]",1,,frame_index_fps_fallback
-tPCytz4rww_11,5.4,162,1,0,"[234.56, 40.06, 297.23, 115.41]",1,,frame_index_fps_fallback
-tPCytz4rww_10,0.0,0,1,0,"[247.98, 39.35, 311.51, 112.51]",1,,frame_index_fps_fallback
-tPCytz4rww_10,0.1,3,1,0,"[247.34, 39.45, 310.67, 113.78]",1,,frame_index_fps_fallback
-tPCytz4rww_10,0.2,6,1,0,"[246.43, 40.23, 310.49, 114.08]",1,,frame_index_fps_fallback
-tPCytz4rww_10,0.3,9,1,0,"[247.22, 39.59, 310.07, 114.56]",1,,frame_index_fps_fallback
-tPCytz4rww_10,0.4,12,1,0,"[246.92, 39.74, 310.24, 114.24]",1,,frame_index_fps_fallback
-tPCytz4rww_10,0.5,15,1,0,"[248.84, 41.54, 311.36, 115.11]",1,,frame_index_fps_fallback
-tPCytz4rww_10,0.6,18,1,0,"[251.54, 44.23, 314.48, 118.9]",1,,frame_index_fps_fallback
-tPCytz4rww_10,0.7,21,1,0,"[253.23, 46.47, 316.68, 121.9]",1,,frame_index_fps_fallback
-tPCytz4rww_10,0.8,24,1,0,"[253.71, 45.89, 318.13, 120.27]",1,,frame_index_fps_fallback
-tPCytz4rww_10,0.9,27,1,0,"[253.55, 44.06, 317.79, 118.78]",1,,frame_index_fps_fallback
-tPCytz4rww_10,1.0,30,1,0,"[253.83, 43.44, 317.01, 118.19]",1,,frame_index_fps_fallback
-tPCytz4rww_10,1.1,33,1,0,"[254.2, 42.72, 317.8, 116.97]",1,,frame_index_fps_fallback
-tPCytz4rww_10,1.2,36,1,0,"[253.88, 42.96, 317.34, 116.53]",1,,frame_index_fps_fallback
-tPCytz4rww_10,1.3,39,1,0,"[253.22, 41.44, 317.04, 115.9]",1,,frame_index_fps_fallback
-tPCytz4rww_10,1.4,42,1,0,"[252.22, 40.83, 316.74, 115.61]",1,,frame_index_fps_fallback
-tPCytz4rww_10,1.5,45,1,0,"[251.88, 41.07, 316.38, 114.85]",1,,frame_index_fps_fallback
-tPCytz4rww_10,1.6,48,1,0,"[252.41, 41.95, 316.81, 115.1]",1,,frame_index_fps_fallback
-tPCytz4rww_10,1.7,51,1,0,"[253.5, 42.03, 317.44, 115.47]",1,,frame_index_fps_fallback
-tPCytz4rww_10,1.8,54,1,0,"[256.58, 40.87, 318.71, 114.64]",1,,frame_index_fps_fallback
-tPCytz4rww_10,1.9,57,1,0,"[256.89, 40.25, 319.61, 114.58]",1,,frame_index_fps_fallback
-tPCytz4rww_10,2.0,60,1,0,"[257.21, 39.93, 320.76, 111.96]",1,,frame_index_fps_fallback
-tPCytz4rww_10,2.1,63,1,0,"[257.43, 39.32, 321.53, 111.83]",1,,frame_index_fps_fallback
-tPCytz4rww_10,2.2,66,1,0,"[258.14, 39.08, 322.22, 111.66]",1,,frame_index_fps_fallback
-tPCytz4rww_10,2.3,69,1,0,"[257.86, 39.57, 322.55, 114.38]",1,,frame_index_fps_fallback
-tPCytz4rww_10,2.4,72,1,0,"[258.47, 39.92, 322.35, 115.01]",1,,frame_index_fps_fallback
-tPCytz4rww_10,2.5,75,1,0,"[257.4, 41.48, 320.4, 118.67]",1,,frame_index_fps_fallback
-tPCytz4rww_10,2.6,78,1,0,"[255.15, 42.87, 317.99, 117.87]",1,,frame_index_fps_fallback
-tPCytz4rww_10,2.7,81,1,0,"[251.67, 42.36, 315.03, 115.8]",1,,frame_index_fps_fallback
-tPCytz4rww_10,2.8,84,1,0,"[250.89, 42.01, 313.38, 116.18]",1,,frame_index_fps_fallback
-tPCytz4rww_10,2.9,87,1,0,"[248.65, 40.59, 311.56, 115.16]",1,,frame_index_fps_fallback
-tPCytz4rww_10,3.0,90,1,0,"[247.26, 40.13, 310.3, 114.71]",1,,frame_index_fps_fallback
-tPCytz4rww_10,3.1,93,1,0,"[245.96, 40.51, 307.87, 113.3]",1,,frame_index_fps_fallback
-tPCytz4rww_10,3.2,96,1,0,"[243.43, 39.51, 305.6, 115.71]",1,,frame_index_fps_fallback
-tPCytz4rww_10,3.3,99,1,0,"[241.96, 40.34, 303.79, 115.85]",1,,frame_index_fps_fallback
-tPCytz4rww_10,3.4,102,1,0,"[240.87, 39.53, 303.27, 115.94]",1,,frame_index_fps_fallback
-tPCytz4rww_10,3.5,105,1,0,"[240.19, 39.58, 301.95, 116.41]",1,,frame_index_fps_fallback
-tPCytz4rww_10,3.6,108,1,0,"[239.09, 39.33, 301.14, 116.22]",1,,frame_index_fps_fallback
-tPCytz4rww_10,3.6999999999999997,111,1,0,"[238.62, 40.13, 300.21, 116.49]",1,,frame_index_fps_fallback
-tPCytz4rww_10,3.8,114,1,0,"[238.09, 41.13, 299.27, 118.81]",1,,frame_index_fps_fallback
-tPCytz4rww_10,3.9,117,1,0,"[237.78, 43.08, 299.13, 119.14]",1,,frame_index_fps_fallback
-tPCytz4rww_10,4.0,120,1,0,"[238.16, 42.5, 298.75, 118.85]",1,,frame_index_fps_fallback
-tPCytz4rww_10,4.1,123,1,0,"[237.36, 41.97, 298.2, 117.28]",1,,frame_index_fps_fallback
-tPCytz4rww_10,4.2,126,1,0,"[237.93, 40.94, 299.16, 117.18]",1,,frame_index_fps_fallback
-tPCytz4rww_10,4.3,129,1,0,"[237.9, 40.78, 300.45, 118.36]",1,,frame_index_fps_fallback
-tPCytz4rww_10,4.4,132,1,0,"[237.86, 41.45, 299.27, 117.65]",1,,frame_index_fps_fallback
-tPCytz4rww_10,4.5,135,1,0,"[237.83, 41.59, 298.97, 118.49]",1,,frame_index_fps_fallback
-tPCytz4rww_10,4.6,138,1,0,"[237.03, 41.82, 298.57, 116.85]",1,,frame_index_fps_fallback
-tPCytz4rww_10,4.733333333333333,141,1,0,"[236.48, 41.68, 298.49, 117.56]",1,,frame_index_fps_fallback
-tPCytz4rww_12,0.0,0,1,0,"[233.01, 39.93, 295.05, 112.25]",1,,frame_index_fps_fallback
-tPCytz4rww_12,0.1,3,1,0,"[234.1, 39.04, 296.05, 113.19]",1,,frame_index_fps_fallback
-tPCytz4rww_12,0.2,6,1,0,"[234.52, 40.39, 296.63, 113.99]",1,,frame_index_fps_fallback
-tPCytz4rww_12,0.3,9,1,0,"[233.94, 40.52, 296.03, 114.38]",1,,frame_index_fps_fallback
-tPCytz4rww_12,0.4,12,1,0,"[234.03, 40.76, 295.84, 114.42]",1,,frame_index_fps_fallback
-tPCytz4rww_12,0.5,15,1,0,"[233.95, 40.09, 295.95, 114.36]",1,,frame_index_fps_fallback
-tPCytz4rww_12,0.6,18,1,0,"[234.15, 40.01, 296.87, 115.26]",1,,frame_index_fps_fallback
-tPCytz4rww_12,0.7,21,1,0,"[234.91, 40.26, 296.71, 115.78]",1,,frame_index_fps_fallback
-tPCytz4rww_12,0.8,24,1,0,"[234.74, 40.31, 296.85, 115.63]",1,,frame_index_fps_fallback
-tPCytz4rww_12,0.9,27,1,0,"[234.39, 40.23, 296.64, 115.27]",1,,frame_index_fps_fallback
-tPCytz4rww_12,1.0,30,1,0,"[234.56, 40.06, 297.23, 115.41]",1,,frame_index_fps_fallback
-tPCytz4rww_12,1.1,33,1,0,"[234.53, 40.42, 295.72, 114.89]",1,,frame_index_fps_fallback
-tPCytz4rww_12,1.2,36,1,0,"[234.36, 39.58, 296.69, 115.5]",1,,frame_index_fps_fallback
-tPCytz4rww_12,1.3,39,1,0,"[234.81, 39.51, 297.64, 116.29]",1,,frame_index_fps_fallback
-tPCytz4rww_12,1.4,42,1,0,"[236.05, 39.76, 297.9, 116.04]",1,,frame_index_fps_fallback
-tPCytz4rww_12,1.5,45,1,0,"[237.45, 39.58, 298.82, 114.93]",1,,frame_index_fps_fallback
-tPCytz4rww_12,1.6,48,1,0,"[237.95, 38.55, 300.31, 113.9]",1,,frame_index_fps_fallback
-tPCytz4rww_12,1.7,51,1,0,"[238.01, 38.29, 300.95, 114.31]",1,,frame_index_fps_fallback
-tPCytz4rww_12,1.8,54,1,0,"[239.13, 38.46, 301.68, 114.51]",1,,frame_index_fps_fallback
-tPCytz4rww_12,1.9,57,1,0,"[239.54, 38.5, 301.75, 114.75]",1,,frame_index_fps_fallback
-tPCytz4rww_12,2.0,60,1,0,"[240.25, 38.32, 302.24, 112.83]",1,,frame_index_fps_fallback
-tPCytz4rww_12,2.1,63,1,0,"[240.45, 38.25, 302.27, 113.85]",1,,frame_index_fps_fallback
-tPCytz4rww_12,2.2,66,1,0,"[240.08, 38.13, 301.97, 114.9]",1,,frame_index_fps_fallback
-tPCytz4rww_12,2.3,69,1,0,"[238.9, 38.3, 301.53, 115.05]",1,,frame_index_fps_fallback
-tPCytz4rww_12,2.4,72,1,0,"[238.42, 38.97, 300.24, 115.49]",1,,frame_index_fps_fallback
-tPCytz4rww_12,2.5,75,1,0,"[237.5, 40.03, 299.47, 116.7]",1,,frame_index_fps_fallback
-tPCytz4rww_12,2.6,78,1,0,"[235.1, 41.71, 297.19, 118.28]",1,,frame_index_fps_fallback
-tPCytz4rww_12,2.7,81,1,0,"[233.91, 42.96, 296.22, 120.61]",1,,frame_index_fps_fallback
-tPCytz4rww_12,2.8,84,1,0,"[230.17, 43.73, 293.38, 120.03]",1,,frame_index_fps_fallback
-tPCytz4rww_12,2.9,87,1,0,"[230.06, 43.11, 293.59, 119.38]",1,,frame_index_fps_fallback
-tPCytz4rww_12,3.0,90,1,0,"[230.22, 42.21, 294.34, 119.25]",1,,frame_index_fps_fallback
-tPCytz4rww_12,3.1,93,1,0,"[230.8, 41.53, 294.71, 118.88]",1,,frame_index_fps_fallback
-tPCytz4rww_12,3.2,96,1,0,"[230.81, 41.48, 294.39, 117.82]",1,,frame_index_fps_fallback
-tPCytz4rww_12,3.3,99,1,0,"[231.78, 41.34, 295.66, 117.86]",1,,frame_index_fps_fallback
-tPCytz4rww_12,3.4,102,1,0,"[233.41, 40.97, 296.72, 117.2]",1,,frame_index_fps_fallback
-tPCytz4rww_12,3.5,105,1,0,"[234.98, 40.94, 297.93, 116.67]",1,,frame_index_fps_fallback
-tPCytz4rww_12,3.6,108,1,0,"[235.16, 40.72, 297.91, 117.14]",1,,frame_index_fps_fallback
-tPCytz4rww_12,3.6999999999999997,111,1,0,"[236.56, 40.52, 299.11, 117.12]",1,,frame_index_fps_fallback
-tPCytz4rww_12,3.8,114,1,0,"[236.95, 40.65, 299.25, 117.5]",1,,frame_index_fps_fallback
-tPCytz4rww_12,3.9,117,1,0,"[237.55, 40.79, 299.64, 117.74]",1,,frame_index_fps_fallback
-tPCytz4rww_12,4.0,120,1,0,"[237.4, 40.05, 300.04, 117.48]",1,,frame_index_fps_fallback
-tPCytz4rww_12,4.1,123,1,0,"[238.4, 39.94, 300.3, 116.28]",1,,frame_index_fps_fallback
-tPCytz4rww_12,4.2,126,1,0,"[238.07, 39.9, 300.01, 114.91]",1,,frame_index_fps_fallback
-tPCytz4rww_12,4.3,129,1,0,"[238.42, 40.91, 300.06, 114.92]",1,,frame_index_fps_fallback
-tPCytz4rww_12,4.4,132,1,0,"[237.83, 41.04, 299.61, 115.05]",1,,frame_index_fps_fallback
-tPCytz4rww_12,4.5,135,1,0,"[237.74, 40.87, 299.92, 116.45]",1,,frame_index_fps_fallback
-tPCytz4rww_12,4.6,138,1,0,"[237.2, 40.49, 300.25, 118.59]",1,,frame_index_fps_fallback
-tPCytz4rww_12,4.7,141,1,0,"[237.21, 40.66, 299.85, 118.38]",1,,frame_index_fps_fallback
-tPCytz4rww_12,4.8,144,1,0,"[237.43, 41.59, 299.34, 117.38]",1,,frame_index_fps_fallback
-tPCytz4rww_12,4.9,147,1,0,"[237.53, 41.19, 299.6, 116.84]",1,,frame_index_fps_fallback
-tPCytz4rww_12,5.0,150,1,0,"[237.46, 40.98, 299.66, 116.36]",1,,frame_index_fps_fallback
-tPCytz4rww_12,5.1,153,1,0,"[238.33, 40.2, 300.21, 115.39]",1,,frame_index_fps_fallback
-tPCytz4rww_12,5.2,156,1,0,"[239.74, 40.08, 300.91, 115.1]",1,,frame_index_fps_fallback
-tPCytz4rww_12,5.3,159,1,0,"[239.73, 39.75, 301.61, 115.57]",1,,frame_index_fps_fallback
-tPCytz4rww_12,5.4,162,1,0,"[240.52, 39.77, 301.97, 115.49]",1,,frame_index_fps_fallback
-tPCytz4rww_12,5.5,165,1,0,"[240.7, 39.64, 301.7, 114.89]",1,,frame_index_fps_fallback
-tPCytz4rww_12,5.6,168,1,0,"[240.77, 39.39, 302.0, 114.1]",1,,frame_index_fps_fallback
-tPCytz4rww_12,5.7,171,1,0,"[241.16, 39.59, 302.28, 114.69]",1,,frame_index_fps_fallback
-tPCytz4rww_12,5.8,174,1,0,"[239.54, 39.27, 301.89, 115.47]",1,,frame_index_fps_fallback
-tPCytz4rww_12,5.9,177,1,0,"[238.15, 39.75, 300.57, 116.08]",1,,frame_index_fps_fallback
-tPCytz4rww_12,6.0,180,1,0,"[237.96, 39.2, 300.2, 115.74]",1,,frame_index_fps_fallback
-tPCytz4rww_12,6.1,183,1,0,"[238.46, 37.42, 300.15, 113.02]",1,,frame_index_fps_fallback
-tPCytz4rww_12,6.2,186,1,0,"[237.53, 35.87, 299.83, 111.74]",1,,frame_index_fps_fallback
-tPCytz4rww_12,6.3,189,1,0,"[237.25, 36.3, 300.16, 113.19]",1,,frame_index_fps_fallback
-tPCytz4rww_12,6.4,192,1,0,"[236.79, 38.46, 298.76, 115.74]",1,,frame_index_fps_fallback
-tPCytz4rww_12,6.5,195,1,0,"[236.14, 38.47, 298.68, 118.52]",1,,frame_index_fps_fallback
-tPCytz4rww_12,6.6,198,1,0,"[236.72, 37.7, 298.96, 114.43]",1,,frame_index_fps_fallback
-tPCytz4rww_12,6.7,201,1,0,"[237.3, 36.56, 299.76, 113.47]",1,,frame_index_fps_fallback
-tPCytz4rww_12,6.8,204,1,0,"[237.63, 36.55, 300.01, 113.08]",1,,frame_index_fps_fallback
-tPCytz4rww_12,6.8999999999999995,207,1,0,"[238.31, 36.94, 300.75, 113.14]",1,,frame_index_fps_fallback
-tPCytz4rww_12,7.0,210,1,0,"[238.78, 37.42, 300.28, 112.68]",1,,frame_index_fps_fallback
-tPCytz4rww_12,7.1,213,1,0,"[239.13, 37.3, 301.58, 114.18]",1,,frame_index_fps_fallback
-tPCytz4rww_12,7.2,216,1,0,"[239.05, 36.46, 300.29, 114.6]",1,,frame_index_fps_fallback
-tPCytz4rww_12,7.3,219,1,0,"[238.88, 36.15, 300.14, 113.28]",1,,frame_index_fps_fallback
-tPCytz4rww_12,7.3999999999999995,222,1,0,"[238.56, 36.22, 300.19, 113.94]",1,,frame_index_fps_fallback
-tPCytz4rww_12,7.5,225,1,0,"[238.53, 36.07, 299.85, 113.52]",1,,frame_index_fps_fallback
-tPCytz4rww_12,7.6,228,1,0,"[238.66, 35.95, 300.36, 113.36]",1,,frame_index_fps_fallback
-tPCytz4rww_12,7.7,231,1,0,"[238.92, 36.45, 301.18, 113.99]",1,,frame_index_fps_fallback
-tPCytz4rww_12,7.8,234,1,0,"[238.89, 37.18, 300.88, 114.98]",1,,frame_index_fps_fallback
-tPCytz4rww_12,7.8999999999999995,237,1,0,"[239.22, 37.48, 301.14, 114.76]",1,,frame_index_fps_fallback
-tPCytz4rww_12,8.0,240,1,0,"[239.1, 37.38, 301.35, 114.04]",1,,frame_index_fps_fallback
-tPCytz4rww_12,8.1,243,1,0,"[238.76, 37.34, 301.61, 114.41]",1,,frame_index_fps_fallback
-tPCytz4rww_12,8.2,246,1,0,"[240.05, 37.86, 302.45, 115.49]",1,,frame_index_fps_fallback
-tPCytz4rww_12,8.3,249,1,0,"[240.74, 38.33, 303.15, 115.97]",1,,frame_index_fps_fallback
-tPCytz4rww_12,8.4,252,1,0,"[240.77, 37.38, 302.96, 115.16]",1,,frame_index_fps_fallback
-tPCytz4rww_12,8.5,255,1,0,"[239.63, 39.23, 302.3, 115.96]",1,,frame_index_fps_fallback
-tPCytz4rww_12,8.6,258,1,0,"[238.4, 40.46, 300.93, 115.77]",1,,frame_index_fps_fallback
-tPCytz4rww_12,8.7,261,1,0,"[237.41, 40.21, 299.95, 116.58]",1,,frame_index_fps_fallback
-tPCytz4rww_12,8.8,264,1,0,"[237.22, 40.22, 299.58, 116.6]",1,,frame_index_fps_fallback
-tPCytz4rww_12,8.9,267,1,0,"[237.09, 40.58, 299.5, 117.03]",1,,frame_index_fps_fallback
-tPCytz4rww_12,9.0,270,1,0,"[237.14, 41.84, 298.94, 118.02]",1,,frame_index_fps_fallback
-tPCytz4rww_12,9.1,273,1,0,"[236.48, 42.08, 298.18, 118.57]",1,,frame_index_fps_fallback
-tPCytz4rww_12,9.2,276,1,0,"[236.21, 42.62, 298.26, 119.26]",1,,frame_index_fps_fallback
-tPCytz4rww_12,9.3,279,1,0,"[236.62, 43.45, 298.63, 120.31]",1,,frame_index_fps_fallback
-tPCytz4rww_12,9.4,282,1,0,"[236.34, 43.38, 298.38, 121.92]",1,,frame_index_fps_fallback
-tPCytz4rww_12,9.5,285,1,0,"[237.34, 44.48, 298.84, 122.24]",1,,frame_index_fps_fallback
-tPCytz4rww_12,9.6,288,1,0,"[236.67, 44.03, 298.53, 122.15]",1,,frame_index_fps_fallback
-tPCytz4rww_12,9.7,291,1,0,"[236.3, 43.73, 298.39, 121.01]",1,,frame_index_fps_fallback
-tPCytz4rww_12,9.8,294,1,0,"[236.7, 42.9, 299.32, 121.66]",1,,frame_index_fps_fallback
-tPCytz4rww_12,9.9,297,1,0,"[237.4, 42.81, 300.41, 122.68]",1,,frame_index_fps_fallback
-tPCytz4rww_12,10.0,300,1,0,"[239.36, 43.04, 301.18, 121.24]",1,,frame_index_fps_fallback
-tPCytz4rww_12,10.1,303,1,0,"[241.33, 42.13, 303.14, 120.35]",1,,frame_index_fps_fallback
-tPCytz4rww_12,10.2,306,1,0,"[242.45, 41.99, 303.73, 119.49]",1,,frame_index_fps_fallback
-tPCytz4rww_12,10.3,309,1,0,"[243.31, 41.24, 304.93, 118.49]",1,,frame_index_fps_fallback
-tPCytz4rww_12,10.4,312,1,0,"[244.94, 41.25, 307.5, 117.1]",1,,frame_index_fps_fallback
-tPCytz4rww_12,10.5,315,1,0,"[248.44, 41.51, 312.94, 115.68]",1,,frame_index_fps_fallback
-tPCytz4rww_12,10.6,318,1,0,"[251.69, 41.38, 316.01, 115.97]",1,,frame_index_fps_fallback
-tPCytz4rww_12,10.7,321,1,0,"[253.33, 41.38, 317.36, 117.97]",1,,frame_index_fps_fallback
-tPCytz4rww_12,10.8,324,1,0,"[253.52, 42.0, 317.16, 117.22]",1,,frame_index_fps_fallback
-tPCytz4rww_12,10.9,327,1,0,"[253.31, 42.36, 317.18, 116.02]",1,,frame_index_fps_fallback
-tPCytz4rww_12,11.0,330,1,0,"[253.97, 42.03, 317.17, 115.93]",1,,frame_index_fps_fallback
-tPCytz4rww_12,11.1,333,1,0,"[254.7, 41.67, 317.53, 115.56]",1,,frame_index_fps_fallback
-tPCytz4rww_12,11.2,336,1,0,"[254.09, 41.3, 317.71, 115.75]",1,,frame_index_fps_fallback
-tPCytz4rww_12,11.3,339,1,0,"[254.25, 41.0, 317.86, 115.02]",1,,frame_index_fps_fallback
-tPCytz4rww_12,11.4,342,1,0,"[253.88, 40.72, 317.58, 113.59]",1,,frame_index_fps_fallback
-tPCytz4rww_12,11.5,345,1,0,"[254.55, 41.16, 317.49, 113.67]",1,,frame_index_fps_fallback
-tPCytz4rww_12,11.6,348,1,0,"[254.33, 41.63, 317.6, 115.25]",1,,frame_index_fps_fallback
-tPCytz4rww_12,11.733333333333333,351,1,0,"[254.61, 42.08, 317.78, 115.54]",1,,frame_index_fps_fallback
-tPCytz4rww_12,11.8,352,1,0,"[254.23, 42.93, 317.97, 115.58]",1,,frame_index_fps_fallback
-tPCytz4rww_16,0.0,0,1,0,"[250.54, 41.45, 312.69, 116.54]",1,,frame_index_fps_fallback
-tPCytz4rww_16,0.1,3,1,0,"[250.6, 41.26, 312.69, 116.53]",1,,frame_index_fps_fallback
-tPCytz4rww_16,0.2,6,1,0,"[250.21, 41.5, 311.87, 116.72]",1,,frame_index_fps_fallback
-tPCytz4rww_16,0.3,9,1,0,"[250.04, 41.84, 312.04, 116.8]",1,,frame_index_fps_fallback
-tPCytz4rww_16,0.4,12,1,0,"[249.92, 41.72, 312.0, 116.71]",1,,frame_index_fps_fallback
-tPCytz4rww_16,0.5,15,1,0,"[250.2, 42.31, 312.88, 115.93]",1,,frame_index_fps_fallback
-tPCytz4rww_16,0.6,18,1,0,"[250.32, 41.95, 313.64, 114.92]",1,,frame_index_fps_fallback
-tPCytz4rww_16,0.7,21,1,0,"[251.86, 41.69, 313.83, 116.26]",1,,frame_index_fps_fallback
-tPCytz4rww_16,0.8,24,1,0,"[251.27, 41.5, 314.4, 115.64]",1,,frame_index_fps_fallback
-tPCytz4rww_16,0.9,27,1,0,"[251.96, 42.03, 314.61, 115.81]",1,,frame_index_fps_fallback
-tPCytz4rww_16,1.0,30,1,0,"[252.0, 42.67, 315.63, 117.58]",1,,frame_index_fps_fallback
-tPCytz4rww_16,1.1,33,1,0,"[252.27, 43.42, 315.83, 118.97]",1,,frame_index_fps_fallback
-tPCytz4rww_16,1.2,36,1,0,"[252.1, 43.56, 315.5, 117.97]",1,,frame_index_fps_fallback
-tPCytz4rww_16,1.3,39,1,0,"[252.44, 43.36, 315.8, 118.02]",1,,frame_index_fps_fallback
-tPCytz4rww_16,1.4,42,1,0,"[253.16, 42.65, 316.18, 117.43]",1,,frame_index_fps_fallback
-tPCytz4rww_16,1.5,45,1,0,"[252.91, 42.66, 316.36, 116.78]",1,,frame_index_fps_fallback
-tPCytz4rww_16,1.6,48,1,0,"[252.99, 42.85, 315.88, 116.62]",1,,frame_index_fps_fallback
-tPCytz4rww_16,1.7,51,1,0,"[252.51, 42.63, 315.56, 116.66]",1,,frame_index_fps_fallback
-tPCytz4rww_16,1.8,54,1,0,"[252.58, 41.57, 315.42, 115.41]",1,,frame_index_fps_fallback
-tPCytz4rww_16,1.9,57,1,0,"[251.62, 41.42, 315.06, 115.39]",1,,frame_index_fps_fallback
-tPCytz4rww_16,2.0,60,1,0,"[250.79, 40.73, 314.76, 116.8]",1,,frame_index_fps_fallback
-tPCytz4rww_16,2.1,63,1,0,"[251.23, 40.95, 315.53, 116.6]",1,,frame_index_fps_fallback
-tPCytz4rww_16,2.2,66,1,0,"[250.72, 42.13, 315.51, 117.97]",1,,frame_index_fps_fallback
-tPCytz4rww_16,2.3,69,1,0,"[251.24, 42.78, 315.23, 117.73]",1,,frame_index_fps_fallback
-tPCytz4rww_16,2.4,72,1,0,"[251.73, 42.08, 314.97, 118.08]",1,,frame_index_fps_fallback
-tPCytz4rww_16,2.5,75,1,0,"[251.93, 41.93, 315.01, 117.26]",1,,frame_index_fps_fallback
-tPCytz4rww_16,2.6,78,1,0,"[251.46, 41.86, 315.42, 117.14]",1,,frame_index_fps_fallback
-tPCytz4rww_16,2.7,81,1,0,"[251.59, 42.0, 314.88, 117.51]",1,,frame_index_fps_fallback
-tPCytz4rww_16,2.8,84,1,0,"[251.29, 41.94, 315.07, 117.84]",1,,frame_index_fps_fallback
-tPCytz4rww_16,2.9,87,1,0,"[250.85, 42.23, 314.27, 117.69]",1,,frame_index_fps_fallback
-tPCytz4rww_16,3.0,90,1,0,"[251.29, 41.64, 313.92, 116.9]",1,,frame_index_fps_fallback
-tPCytz4rww_16,3.1,93,1,0,"[249.93, 41.41, 313.75, 116.96]",1,,frame_index_fps_fallback
-tPCytz4rww_16,3.2,96,1,0,"[249.9, 41.34, 313.27, 116.66]",1,,frame_index_fps_fallback
-tPCytz4rww_16,3.3,99,1,0,"[249.76, 41.46, 313.28, 115.81]",1,,frame_index_fps_fallback
-tPCytz4rww_16,3.4,102,1,0,"[249.72, 42.35, 312.65, 115.26]",1,,frame_index_fps_fallback
-tPCytz4rww_16,3.5,105,1,0,"[248.99, 42.58, 312.73, 115.23]",1,,frame_index_fps_fallback
-tPCytz4rww_16,3.6,108,1,0,"[249.12, 42.77, 312.61, 115.88]",1,,frame_index_fps_fallback
-tPCytz4rww_16,3.6999999999999997,111,1,0,"[248.91, 42.69, 312.97, 117.9]",1,,frame_index_fps_fallback
-tPCytz4rww_16,3.8,114,1,0,"[249.59, 42.41, 313.36, 118.11]",1,,frame_index_fps_fallback
-tPCytz4rww_16,3.9,117,1,0,"[249.68, 42.35, 312.95, 117.73]",1,,frame_index_fps_fallback
-tPCytz4rww_16,4.0,120,1,0,"[249.71, 41.47, 311.68, 116.54]",1,,frame_index_fps_fallback
-tPCytz4rww_16,4.1,123,1,0,"[246.33, 40.86, 308.28, 115.96]",1,,frame_index_fps_fallback
-tPCytz4rww_16,4.2,126,1,0,"[245.51, 41.86, 307.17, 116.75]",1,,frame_index_fps_fallback
-tPCytz4rww_16,4.3,129,1,0,"[244.48, 41.75, 306.3, 117.15]",1,,frame_index_fps_fallback
-tPCytz4rww_16,4.4,132,1,0,"[243.18, 40.88, 304.54, 116.74]",1,,frame_index_fps_fallback
-tPCytz4rww_16,4.5,135,1,0,"[242.58, 41.01, 303.55, 116.4]",1,,frame_index_fps_fallback
-tPCytz4rww_16,4.6,138,1,0,"[241.84, 40.17, 302.86, 115.13]",1,,frame_index_fps_fallback
-tPCytz4rww_16,4.7,141,1,0,"[241.1, 39.26, 301.6, 114.52]",1,,frame_index_fps_fallback
-tPCytz4rww_16,4.8,144,1,0,"[241.01, 39.47, 301.88, 115.48]",1,,frame_index_fps_fallback
-tPCytz4rww_16,4.9,147,1,0,"[241.03, 39.55, 301.99, 115.85]",1,,frame_index_fps_fallback
-tPCytz4rww_16,5.0,150,1,0,"[241.45, 38.56, 301.79, 115.42]",1,,frame_index_fps_fallback
-tPCytz4rww_16,5.1,153,1,0,"[241.56, 39.81, 301.95, 115.28]",1,,frame_index_fps_fallback
-tPCytz4rww_16,5.2,156,1,0,"[241.99, 41.28, 302.85, 116.28]",1,,frame_index_fps_fallback
-tPCytz4rww_16,5.3,159,1,0,"[242.69, 41.42, 303.73, 116.04]",1,,frame_index_fps_fallback
-tPCytz4rww_16,5.4,162,1,0,"[242.57, 40.96, 303.55, 115.78]",1,,frame_index_fps_fallback
-tPCytz4rww_16,5.5,165,1,0,"[241.81, 39.72, 303.18, 115.51]",1,,frame_index_fps_fallback
-tPCytz4rww_16,5.6,168,1,0,"[241.51, 39.59, 302.88, 115.53]",1,,frame_index_fps_fallback
-tPCytz4rww_16,5.7,171,1,0,"[241.91, 40.67, 303.14, 115.72]",1,,frame_index_fps_fallback
-tPCytz4rww_16,5.8,174,1,0,"[241.69, 41.13, 303.04, 116.76]",1,,frame_index_fps_fallback
-tPCytz4rww_16,5.9,177,1,0,"[241.59, 40.7, 302.92, 115.03]",1,,frame_index_fps_fallback
-tPCytz4rww_16,6.0,180,1,0,"[241.01, 40.0, 302.35, 114.66]",1,,frame_index_fps_fallback
-tPCytz4rww_16,6.1,183,1,0,"[240.98, 40.12, 301.63, 115.0]",1,,frame_index_fps_fallback
-tPCytz4rww_16,6.2,186,1,0,"[240.44, 40.8, 302.43, 117.9]",1,,frame_index_fps_fallback
-tPCytz4rww_16,6.3,189,1,0,"[240.57, 40.56, 301.92, 118.11]",1,,frame_index_fps_fallback
-tPCytz4rww_16,6.4,192,1,0,"[240.26, 40.85, 301.7, 115.96]",1,,frame_index_fps_fallback
-tPCytz4rww_16,6.5,195,1,0,"[240.79, 41.16, 302.37, 116.87]",1,,frame_index_fps_fallback
-tPCytz4rww_16,6.6,198,1,0,"[241.61, 40.93, 303.64, 116.77]",1,,frame_index_fps_fallback
-tPCytz4rww_16,6.7,201,1,0,"[243.11, 40.55, 304.35, 116.95]",1,,frame_index_fps_fallback
-tPCytz4rww_16,6.8,204,1,0,"[244.58, 40.04, 306.36, 117.23]",1,,frame_index_fps_fallback
-tPCytz4rww_16,6.8999999999999995,207,1,0,"[245.7, 40.73, 308.02, 114.87]",1,,frame_index_fps_fallback
-tPCytz4rww_16,7.0,210,1,0,"[247.01, 40.88, 310.28, 114.84]",1,,frame_index_fps_fallback
-tPCytz4rww_16,7.1,213,1,0,"[248.28, 41.09, 311.77, 116.09]",1,,frame_index_fps_fallback
-tPCytz4rww_18,0.0,0,1,0,"[244.44, 42.0, 305.86, 119.0]",1,,frame_index_fps_fallback
-tPCytz4rww_18,0.1,3,1,0,"[244.13, 41.69, 305.54, 119.5]",1,,frame_index_fps_fallback
-tPCytz4rww_18,0.2,6,1,0,"[244.23, 42.0, 305.36, 118.62]",1,,frame_index_fps_fallback
-tPCytz4rww_18,0.3,9,1,0,"[245.06, 45.27, 306.31, 121.01]",1,,frame_index_fps_fallback
-tPCytz4rww_18,0.4,12,1,0,"[245.39, 46.89, 307.0, 122.96]",1,,frame_index_fps_fallback
-tPCytz4rww_18,0.5,15,1,0,"[245.39, 46.59, 306.69, 122.59]",1,,frame_index_fps_fallback
-tPCytz4rww_18,0.6,18,1,0,"[244.53, 45.05, 306.04, 122.25]",1,,frame_index_fps_fallback
-tPCytz4rww_18,0.7,21,1,0,"[244.12, 44.01, 306.5, 120.89]",1,,frame_index_fps_fallback
-tPCytz4rww_18,0.8,24,1,0,"[243.95, 44.27, 306.3, 121.21]",1,,frame_index_fps_fallback
-tPCytz4rww_18,0.9,27,1,0,"[244.33, 44.25, 306.27, 122.16]",1,,frame_index_fps_fallback
-tPCytz4rww_18,1.0,30,1,0,"[244.22, 44.3, 306.64, 121.09]",1,,frame_index_fps_fallback
-tPCytz4rww_18,1.1,33,1,0,"[244.32, 43.99, 306.74, 121.45]",1,,frame_index_fps_fallback
-tPCytz4rww_18,1.2,36,1,0,"[244.41, 44.33, 307.09, 121.94]",1,,frame_index_fps_fallback
-tPCytz4rww_18,1.3,39,1,0,"[244.94, 44.01, 307.03, 121.74]",1,,frame_index_fps_fallback
-tPCytz4rww_18,1.4,42,1,0,"[245.0, 43.52, 307.16, 121.2]",1,,frame_index_fps_fallback
-tPCytz4rww_18,1.5,45,1,0,"[245.86, 44.01, 308.24, 120.98]",1,,frame_index_fps_fallback
-tPCytz4rww_18,1.6,48,1,0,"[245.92, 43.55, 308.39, 119.55]",1,,frame_index_fps_fallback
-tPCytz4rww_18,1.7,51,1,0,"[246.41, 43.67, 309.24, 118.19]",1,,frame_index_fps_fallback
-tPCytz4rww_18,1.8,54,1,0,"[246.5, 43.37, 310.42, 116.35]",1,,frame_index_fps_fallback
-tPCytz4rww_18,1.9,57,1,0,"[247.52, 41.96, 310.91, 117.81]",1,,frame_index_fps_fallback
-tPCytz4rww_18,2.0,60,1,0,"[247.93, 42.25, 311.94, 118.03]",1,,frame_index_fps_fallback
-tPCytz4rww_18,2.1,63,1,0,"[248.35, 42.52, 312.37, 117.48]",1,,frame_index_fps_fallback
-tPCytz4rww_18,2.2,66,1,0,"[248.83, 42.92, 312.83, 117.55]",1,,frame_index_fps_fallback
-tPCytz4rww_18,2.3,69,1,0,"[249.75, 42.67, 314.36, 118.44]",1,,frame_index_fps_fallback
-tPCytz4rww_18,2.4,72,1,0,"[249.48, 42.6, 314.49, 118.51]",1,,frame_index_fps_fallback
-tPCytz4rww_18,2.5,75,1,0,"[249.27, 42.57, 314.46, 118.47]",1,,frame_index_fps_fallback
-tPCytz4rww_18,2.6,78,1,0,"[249.9, 42.72, 313.84, 117.07]",1,,frame_index_fps_fallback
-tPCytz4rww_18,2.7,81,1,0,"[249.67, 43.31, 313.26, 117.94]",1,,frame_index_fps_fallback
-tPCytz4rww_18,2.8,84,1,0,"[248.43, 43.08, 312.27, 118.55]",1,,frame_index_fps_fallback
-tPCytz4rww_18,2.9,87,1,0,"[248.33, 42.44, 311.45, 117.01]",1,,frame_index_fps_fallback
-tPCytz4rww_18,3.0,90,1,0,"[246.06, 40.73, 309.82, 116.08]",1,,frame_index_fps_fallback
-tPCytz4rww_18,3.1,93,1,0,"[245.75, 41.48, 307.27, 115.49]",1,,frame_index_fps_fallback
-tPCytz4rww_18,3.2,96,1,0,"[244.4, 40.79, 306.48, 116.16]",1,,frame_index_fps_fallback
-tPCytz4rww_18,3.3,99,1,0,"[243.57, 40.53, 305.98, 116.59]",1,,frame_index_fps_fallback
-tPCytz4rww_18,3.4,102,1,0,"[242.83, 40.19, 305.47, 115.55]",1,,frame_index_fps_fallback
-tPCytz4rww_18,3.5,105,1,0,"[242.32, 40.45, 304.28, 115.59]",1,,frame_index_fps_fallback
-tPCytz4rww_18,3.6,108,1,0,"[242.57, 39.88, 304.31, 115.15]",1,,frame_index_fps_fallback
-tPCytz4rww_18,3.6999999999999997,111,1,0,"[242.61, 40.05, 304.23, 114.91]",1,,frame_index_fps_fallback
-tPCytz4rww_18,3.8,114,1,0,"[240.22, 40.15, 301.44, 115.3]",1,,frame_index_fps_fallback
-tPCytz4rww_18,3.9,117,1,0,"[238.34, 39.9, 298.78, 114.34]",1,,frame_index_fps_fallback
-tPCytz4rww_18,4.0,120,1,0,"[237.11, 39.91, 297.91, 114.71]",1,,frame_index_fps_fallback
-tPCytz4rww_18,4.1,123,1,0,"[236.86, 40.92, 297.91, 117.67]",1,,frame_index_fps_fallback
-tPCytz4rww_18,4.2,126,1,0,"[236.06, 43.0, 296.78, 118.91]",1,,frame_index_fps_fallback
-tPCytz4rww_18,4.3,129,1,0,"[235.94, 43.22, 297.65, 120.35]",1,,frame_index_fps_fallback
-tPCytz4rww_18,4.4,132,1,0,"[235.92, 42.82, 298.1, 120.65]",1,,frame_index_fps_fallback
-tPCytz4rww_18,4.5,135,1,0,"[236.08, 43.19, 296.75, 118.91]",1,,frame_index_fps_fallback
-tPCytz4rww_18,4.6,138,1,0,"[237.47, 43.21, 298.43, 117.39]",1,,frame_index_fps_fallback
-tPCytz4rww_18,4.7,141,1,0,"[238.76, 42.72, 300.2, 119.16]",1,,frame_index_fps_fallback
-tPCytz4rww_18,4.8,144,1,0,"[238.2, 43.13, 299.5, 119.93]",1,,frame_index_fps_fallback
-tPCytz4rww_18,4.9,147,1,0,"[237.8, 43.78, 299.23, 119.99]",1,,frame_index_fps_fallback
-tPCytz4rww_18,5.0,150,1,0,"[237.47, 43.93, 298.57, 119.91]",1,,frame_index_fps_fallback
-tPCytz4rww_18,5.1,153,1,0,"[237.53, 45.15, 299.07, 121.63]",1,,frame_index_fps_fallback
-tPCytz4rww_18,5.2,156,1,0,"[236.65, 47.88, 297.7, 123.23]",1,,frame_index_fps_fallback
-tPCytz4rww_18,5.3,159,1,0,"[235.79, 48.2, 296.6, 123.27]",1,,frame_index_fps_fallback
-tPCytz4rww_18,5.4,162,1,0,"[234.91, 46.57, 297.41, 123.38]",1,,frame_index_fps_fallback
-tPCytz4rww_18,5.5,165,1,0,"[236.3, 48.18, 297.47, 123.33]",1,,frame_index_fps_fallback
-tPCytz4rww_18,5.6,168,1,0,"[236.58, 47.47, 298.51, 123.43]",1,,frame_index_fps_fallback
-tPCytz4rww_18,5.7,171,1,0,"[236.42, 46.65, 297.45, 121.61]",1,,frame_index_fps_fallback
-tPCytz4rww_18,5.8,174,1,0,"[236.65, 45.32, 298.53, 122.54]",1,,frame_index_fps_fallback
-tPCytz4rww_18,5.9,177,1,0,"[237.12, 43.45, 299.35, 122.0]",1,,frame_index_fps_fallback
-tPCytz4rww_18,6.0,180,1,0,"[238.83, 43.65, 300.84, 120.7]",1,,frame_index_fps_fallback
-tPCytz4rww_18,6.1,183,1,0,"[239.17, 42.13, 301.09, 120.28]",1,,frame_index_fps_fallback
-tPCytz4rww_18,6.2,186,1,0,"[239.18, 42.34, 300.75, 119.58]",1,,frame_index_fps_fallback
-tPCytz4rww_18,6.3,189,1,0,"[239.72, 42.87, 300.56, 119.44]",1,,frame_index_fps_fallback
-tPCytz4rww_18,6.4,192,1,0,"[239.86, 41.51, 301.7, 119.71]",1,,frame_index_fps_fallback
-tPCytz4rww_18,6.5,195,1,0,"[239.79, 41.71, 301.63, 118.01]",1,,frame_index_fps_fallback
-tPCytz4rww_18,6.6,198,1,0,"[239.33, 41.49, 301.21, 118.73]",1,,frame_index_fps_fallback
-vxjVxOeScU_4,0.0,0,1,0,"[288.95, 124.72, 366.48, 221.55]",1,,frame_index_fps_fallback
-vxjVxOeScU_4,0.1,3,1,0,"[288.31, 122.61, 365.14, 219.36]",1,,frame_index_fps_fallback
-vxjVxOeScU_4,0.2,6,1,0,"[287.03, 121.39, 363.46, 218.51]",1,,frame_index_fps_fallback
-vxjVxOeScU_4,0.3,9,1,0,"[288.06, 117.41, 363.78, 214.79]",1,,frame_index_fps_fallback
-vxjVxOeScU_4,0.4,12,1,0,"[288.78, 117.17, 365.26, 209.6]",1,,frame_index_fps_fallback
-vxjVxOeScU_4,0.5,15,1,0,"[287.93, 112.81, 364.23, 207.77]",1,,frame_index_fps_fallback
-vxjVxOeScU_4,0.6,18,1,0,"[285.43, 112.57, 362.19, 206.26]",1,,frame_index_fps_fallback
-vxjVxOeScU_4,0.7,21,1,0,"[285.36, 109.96, 360.71, 202.83]",1,,frame_index_fps_fallback
-vxjVxOeScU_4,0.8,24,1,0,"[284.42, 109.38, 358.6, 204.75]",1,,frame_index_fps_fallback
-vxjVxOeScU_4,0.9,27,1,0,"[284.61, 110.31, 358.3, 204.52]",1,,frame_index_fps_fallback
-vxjVxOeScU_4,1.0,30,1,0,"[285.26, 109.6, 359.13, 203.96]",1,,frame_index_fps_fallback
-vxjVxOeScU_4,1.1,33,1,0,"[285.55, 110.87, 360.06, 203.71]",1,,frame_index_fps_fallback
-vxjVxOeScU_4,1.2,36,1,0,"[286.31, 112.72, 361.28, 210.16]",1,,frame_index_fps_fallback
-vxjVxOeScU_4,1.3,39,1,0,"[286.67, 114.03, 361.3, 210.07]",1,,frame_index_fps_fallback
-vxjVxOeScU_4,1.4,42,1,0,"[286.08, 112.64, 359.92, 205.25]",1,,frame_index_fps_fallback
-vxjVxOeScU_4,1.5,45,1,0,"[285.86, 112.22, 359.3, 203.37]",1,,frame_index_fps_fallback
-vxjVxOeScU_4,1.6,48,1,0,"[285.33, 111.87, 359.82, 205.15]",1,,frame_index_fps_fallback
-vxjVxOeScU_4,1.7,51,1,0,"[285.24, 111.3, 359.93, 204.44]",1,,frame_index_fps_fallback
-vxjVxOeScU_4,1.8,54,1,0,"[284.7, 110.71, 360.08, 205.62]",1,,frame_index_fps_fallback
-vxjVxOeScU_4,1.9,57,1,0,"[286.56, 113.0, 360.83, 204.66]",1,,frame_index_fps_fallback
-vxjVxOeScU_4,2.0,60,1,0,"[289.26, 114.14, 363.77, 202.8]",1,,frame_index_fps_fallback
-vxjVxOeScU_4,2.1,63,1,0,"[290.31, 117.37, 364.16, 205.28]",1,,frame_index_fps_fallback
-vxjVxOeScU_4,2.2,66,1,0,"[290.69, 118.42, 363.32, 208.26]",1,,frame_index_fps_fallback
-vxjVxOeScU_4,2.3,69,1,0,"[288.54, 119.61, 362.75, 213.08]",1,,frame_index_fps_fallback
-vxjVxOeScU_4,2.4,72,1,0,"[286.59, 119.74, 360.92, 214.2]",1,,frame_index_fps_fallback
-vxjVxOeScU_4,2.5,75,1,0,"[285.29, 119.94, 359.6, 211.82]",1,,frame_index_fps_fallback
-vxjVxOeScU_4,2.6,78,1,0,"[283.55, 120.16, 357.35, 210.29]",1,,frame_index_fps_fallback
-vxjVxOeScU_4,2.7,81,1,0,"[283.08, 119.37, 356.22, 209.9]",1,,frame_index_fps_fallback
-vxjVxOeScU_4,2.8,84,1,0,"[284.06, 116.54, 356.54, 208.27]",1,,frame_index_fps_fallback
-vxjVxOeScU_4,2.9,87,1,0,"[283.67, 119.17, 355.96, 208.34]",1,,frame_index_fps_fallback
-vxjVxOeScU_4,3.0,90,1,0,"[284.57, 119.13, 356.92, 207.02]",1,,frame_index_fps_fallback
-vxjVxOeScU_4,3.1,93,1,0,"[285.78, 116.84, 359.66, 207.06]",1,,frame_index_fps_fallback
-vxjVxOeScU_4,3.2,96,1,0,"[286.81, 120.57, 361.27, 212.94]",1,,frame_index_fps_fallback
-vxjVxOeScU_4,3.3,99,1,0,"[287.25, 123.13, 363.0, 216.07]",1,,frame_index_fps_fallback
-vxjVxOeScU_4,3.4,102,1,0,"[287.95, 124.89, 362.45, 214.56]",1,,frame_index_fps_fallback
-vxjVxOeScU_4,3.5,105,1,0,"[288.75, 121.2, 363.38, 214.07]",1,,frame_index_fps_fallback
-vxjVxOeScU_4,3.6,108,1,0,"[289.61, 120.96, 363.69, 208.35]",1,,frame_index_fps_fallback
-vxjVxOeScU_4,3.6999999999999997,111,1,0,"[289.48, 118.88, 364.37, 206.71]",1,,frame_index_fps_fallback
-vxjVxOeScU_4,3.8,114,1,0,"[289.88, 118.63, 364.41, 207.08]",1,,frame_index_fps_fallback
-vxjVxOeScU_4,3.9,117,1,0,"[288.46, 118.73, 363.7, 207.2]",1,,frame_index_fps_fallback
-vxjVxOeScU_4,4.0,120,1,0,"[289.56, 117.57, 365.09, 205.66]",1,,frame_index_fps_fallback
-vxjVxOeScU_4,4.1,123,1,0,"[289.96, 116.79, 365.29, 205.04]",1,,frame_index_fps_fallback
-vxjVxOeScU_4,4.2,126,1,0,"[291.38, 114.63, 366.98, 204.27]",1,,frame_index_fps_fallback
-vxjVxOeScU_4,4.3,129,1,0,"[295.68, 113.48, 371.28, 202.41]",1,,frame_index_fps_fallback
-vxjVxOeScU_4,4.4,132,1,0,"[299.09, 114.02, 376.12, 199.45]",1,,frame_index_fps_fallback
-vxjVxOeScU_4,4.5,135,1,0,"[302.14, 109.86, 381.67, 195.95]",1,,frame_index_fps_fallback
-vxjVxOeScU_4,4.6,138,1,0,"[300.79, 110.61, 386.17, 197.89]",1,,frame_index_fps_fallback
-vxjVxOeScU_4,4.7,141,1,0,"[302.11, 112.73, 385.26, 198.34]",1,,frame_index_fps_fallback
-vxjVxOeScU_4,4.8,144,1,0,"[302.73, 116.42, 385.79, 201.67]",1,,frame_index_fps_fallback
-vxjVxOeScU_4,4.9,147,1,0,"[304.28, 116.61, 386.6, 203.81]",1,,frame_index_fps_fallback
-vxjVxOeScU_4,5.0,150,1,0,"[301.91, 115.73, 383.01, 202.37]",1,,frame_index_fps_fallback
-vxjVxOeScU_4,5.1,153,1,0,"[299.46, 114.41, 377.44, 197.99]",1,,frame_index_fps_fallback
-vxjVxOeScU_4,5.2,156,1,0,"[298.39, 110.83, 374.23, 197.63]",1,,frame_index_fps_fallback
-vxjVxOeScU_4,5.3,159,1,0,"[298.78, 113.18, 374.13, 201.75]",1,,frame_index_fps_fallback
-vxjVxOeScU_4,5.4,162,1,0,"[298.51, 118.9, 374.45, 209.83]",1,,frame_index_fps_fallback
-vxjVxOeScU_4,5.5,165,1,0,"[296.47, 123.14, 373.8, 215.54]",1,,frame_index_fps_fallback
-vxjVxOeScU_4,5.6,168,1,0,"[296.74, 123.96, 373.33, 215.72]",1,,frame_index_fps_fallback
-vxjVxOeScU_4,5.7,171,1,0,"[295.21, 121.35, 373.02, 210.07]",1,,frame_index_fps_fallback
-vxjVxOeScU_4,5.8,174,1,0,"[296.87, 122.29, 373.63, 209.02]",1,,frame_index_fps_fallback
-vxjVxOeScU_4,5.9,177,1,0,"[298.58, 122.96, 375.18, 211.79]",1,,frame_index_fps_fallback
-vxjVxOeScU_4,6.0,180,1,0,"[296.96, 118.62, 373.18, 209.09]",1,,frame_index_fps_fallback
-vxjVxOeScU_4,6.1,183,1,0,"[294.82, 116.24, 371.05, 207.63]",1,,frame_index_fps_fallback
-vxjVxOeScU_4,6.2,186,1,0,"[293.79, 117.8, 370.75, 208.84]",1,,frame_index_fps_fallback
-vxjVxOeScU_4,6.3,189,1,0,"[293.57, 119.4, 371.41, 210.34]",1,,frame_index_fps_fallback
-vxjVxOeScU_4,6.4,192,1,0,"[293.08, 121.89, 371.49, 211.83]",1,,frame_index_fps_fallback
-vxjVxOeScU_4,6.5,195,1,0,"[291.5, 123.21, 370.14, 215.58]",1,,frame_index_fps_fallback
-vxjVxOeScU_4,6.6,198,1,0,"[291.15, 123.46, 369.13, 216.01]",1,,frame_index_fps_fallback
-vxjVxOeScU_4,6.7,201,1,0,"[290.38, 121.08, 368.73, 215.3]",1,,frame_index_fps_fallback
-vxjVxOeScU_4,6.8,204,1,0,"[289.91, 121.33, 368.27, 216.28]",1,,frame_index_fps_fallback
-vxjVxOeScU_4,6.8999999999999995,207,1,0,"[290.36, 120.46, 369.17, 217.54]",1,,frame_index_fps_fallback
-vxjVxOeScU_4,7.0,210,1,0,"[291.21, 122.53, 369.25, 214.24]",1,,frame_index_fps_fallback
-vxjVxOeScU_4,7.1,213,1,0,"[292.39, 121.98, 370.59, 214.18]",1,,frame_index_fps_fallback
-vxjVxOeScU_4,7.2,216,1,0,"[292.42, 121.31, 370.73, 215.75]",1,,frame_index_fps_fallback
-vxjVxOeScU_4,7.3,219,1,0,"[292.29, 121.19, 370.69, 215.68]",1,,frame_index_fps_fallback
-vxjVxOeScU_4,7.3999999999999995,222,1,0,"[292.66, 121.67, 369.26, 213.74]",1,,frame_index_fps_fallback
-vxjVxOeScU_4,7.5,225,1,0,"[291.71, 121.1, 368.73, 214.65]",1,,frame_index_fps_fallback
-vxjVxOeScU_4,7.6,228,1,0,"[291.29, 119.96, 368.78, 215.88]",1,,frame_index_fps_fallback
-vxjVxOeScU_4,7.7,231,1,0,"[292.77, 122.0, 369.42, 214.01]",1,,frame_index_fps_fallback
-vxjVxOeScU_4,7.8,234,1,0,"[293.77, 121.91, 370.12, 213.27]",1,,frame_index_fps_fallback
-vxjVxOeScU_4,7.8999999999999995,237,1,0,"[293.73, 121.28, 370.14, 213.47]",1,,frame_index_fps_fallback
-vxjVxOeScU_4,8.0,240,1,0,"[293.37, 120.56, 369.75, 213.76]",1,,frame_index_fps_fallback
-vxjVxOeScU_4,8.1,243,1,0,"[293.04, 120.57, 369.94, 214.43]",1,,frame_index_fps_fallback
-vxjVxOeScU_4,8.2,246,1,0,"[292.0, 120.4, 369.3, 217.74]",1,,frame_index_fps_fallback
-vxjVxOeScU_4,8.3,249,1,0,"[292.39, 120.53, 369.83, 219.28]",1,,frame_index_fps_fallback
-vxjVxOeScU_4,8.4,252,1,0,"[292.78, 122.33, 369.76, 217.03]",1,,frame_index_fps_fallback
-vxjVxOeScU_4,8.5,255,1,0,"[293.65, 123.25, 369.34, 216.6]",1,,frame_index_fps_fallback
-vxjVxOeScU_4,8.6,258,1,0,"[291.08, 119.22, 368.93, 218.75]",1,,frame_index_fps_fallback
-vxjVxOeScU_4,8.7,261,1,0,"[293.1, 119.25, 371.0, 217.02]",1,,frame_index_fps_fallback
-vxjVxOeScU_4,8.8,264,1,0,"[294.1, 118.18, 372.5, 218.0]",1,,frame_index_fps_fallback
-vxjVxOeScU_4,8.9,267,1,0,"[296.56, 119.75, 371.02, 213.24]",1,,frame_index_fps_fallback
-vxjVxOeScU_4,9.0,270,1,0,"[294.92, 116.55, 370.53, 210.35]",1,,frame_index_fps_fallback
-wMB_hJL-3o_7,0.0,0,1,0,"[228.26, 93.13, 304.05, 184.97]",1,,frame_index_fps_fallback
-wMB_hJL-3o_7,0.1,3,1,0,"[228.3, 92.38, 302.25, 183.61]",1,,frame_index_fps_fallback
-wMB_hJL-3o_7,0.2,6,1,0,"[228.06, 91.23, 302.73, 181.48]",1,,frame_index_fps_fallback
-wMB_hJL-3o_7,0.3,9,1,0,"[228.92, 89.88, 303.57, 179.25]",1,,frame_index_fps_fallback
-wMB_hJL-3o_7,0.4,12,1,0,"[227.43, 87.75, 304.2, 177.86]",1,,frame_index_fps_fallback
-wMB_hJL-3o_7,0.5,15,1,0,"[227.4, 90.0, 304.22, 178.12]",1,,frame_index_fps_fallback
-wMB_hJL-3o_7,0.6,18,1,0,"[227.3, 90.92, 303.59, 179.78]",1,,frame_index_fps_fallback
-wMB_hJL-3o_7,0.7,21,1,0,"[228.43, 92.49, 301.89, 182.36]",1,,frame_index_fps_fallback
-wMB_hJL-3o_7,0.8,24,1,0,"[227.06, 92.25, 301.75, 182.0]",1,,frame_index_fps_fallback
-wMB_hJL-3o_7,0.9,27,1,0,"[227.79, 92.76, 301.31, 181.08]",1,,frame_index_fps_fallback
-wMB_hJL-3o_7,1.0,30,1,0,"[226.95, 90.38, 301.38, 181.5]",1,,frame_index_fps_fallback
-wMB_hJL-3o_7,1.1,33,1,0,"[226.14, 88.65, 301.38, 180.22]",1,,frame_index_fps_fallback
-wMB_hJL-3o_7,1.2,36,1,0,"[226.88, 91.49, 300.91, 181.56]",1,,frame_index_fps_fallback
-wMB_hJL-3o_7,1.3,39,1,0,"[227.9, 92.8, 300.64, 183.8]",1,,frame_index_fps_fallback
-wMB_hJL-3o_7,1.4,42,1,0,"[228.29, 93.19, 300.32, 181.44]",1,,frame_index_fps_fallback
-wMB_hJL-3o_7,1.5,45,1,0,"[228.1, 92.77, 300.68, 182.0]",1,,frame_index_fps_fallback
-wMB_hJL-3o_7,1.6,48,1,0,"[228.15, 92.79, 300.63, 182.7]",1,,frame_index_fps_fallback
-wMB_hJL-3o_7,1.7,51,1,0,"[228.5, 93.71, 301.01, 181.56]",1,,frame_index_fps_fallback
-wMB_hJL-3o_7,1.8,54,1,0,"[226.96, 93.48, 300.28, 182.64]",1,,frame_index_fps_fallback
-wMB_hJL-3o_7,1.9,57,1,0,"[226.73, 92.75, 300.12, 182.43]",1,,frame_index_fps_fallback
-wMB_hJL-3o_7,2.0,60,1,0,"[226.68, 92.25, 299.73, 180.7]",1,,frame_index_fps_fallback
-wMB_hJL-3o_7,2.1,63,1,0,"[226.27, 87.27, 301.07, 178.31]",1,,frame_index_fps_fallback
-wMB_hJL-3o_7,2.2,66,1,0,"[225.93, 86.07, 301.55, 178.3]",1,,frame_index_fps_fallback
-wMB_hJL-3o_7,2.3,69,1,0,"[225.94, 85.78, 301.63, 177.65]",1,,frame_index_fps_fallback
-wMB_hJL-3o_7,2.4,72,1,0,"[226.41, 88.34, 301.51, 180.53]",1,,frame_index_fps_fallback
-wMB_hJL-3o_7,2.5,75,1,0,"[228.43, 90.84, 301.17, 185.0]",1,,frame_index_fps_fallback
-wMB_hJL-3o_7,2.6,78,1,0,"[227.8, 90.14, 301.47, 187.65]",1,,frame_index_fps_fallback
-wMB_hJL-3o_7,2.7,81,1,0,"[228.06, 91.96, 300.87, 185.09]",1,,frame_index_fps_fallback
-wMB_hJL-3o_7,2.8,84,1,0,"[226.15, 93.09, 300.21, 182.71]",1,,frame_index_fps_fallback
-wMB_hJL-3o_7,2.9,87,1,0,"[226.09, 90.82, 300.6, 182.29]",1,,frame_index_fps_fallback
-wMB_hJL-3o_7,3.0,90,1,0,"[225.82, 88.78, 301.1, 182.08]",1,,frame_index_fps_fallback
-wMB_hJL-3o_7,3.1,93,1,0,"[228.29, 88.99, 302.68, 180.15]",1,,frame_index_fps_fallback
-wMB_hJL-3o_7,3.2,96,1,0,"[227.64, 90.07, 303.07, 180.01]",1,,frame_index_fps_fallback
-wMB_hJL-3o_7,3.3,99,1,0,"[226.92, 89.49, 302.21, 180.4]",1,,frame_index_fps_fallback
-wMB_hJL-3o_7,3.4,102,1,0,"[229.38, 90.79, 303.4, 177.8]",1,,frame_index_fps_fallback
-wMB_hJL-3o_7,3.5,105,1,0,"[228.24, 90.19, 303.05, 178.31]",1,,frame_index_fps_fallback
-wMB_hJL-3o_7,3.6,108,1,0,"[228.49, 91.49, 302.62, 180.59]",1,,frame_index_fps_fallback
-wMB_hJL-3o_7,3.6999999999999997,111,1,0,"[228.87, 91.95, 303.6, 179.76]",1,,frame_index_fps_fallback
-wMB_hJL-3o_7,3.8,114,1,0,"[229.23, 93.07, 304.12, 180.84]",1,,frame_index_fps_fallback
-wMB_hJL-3o_7,3.9,117,1,0,"[229.62, 93.24, 304.23, 180.71]",1,,frame_index_fps_fallback
-wMB_hJL-3o_7,4.0,120,1,0,"[229.62, 92.45, 304.09, 182.78]",1,,frame_index_fps_fallback
-wMB_hJL-3o_7,4.1,123,1,0,"[230.01, 94.46, 303.6, 181.68]",1,,frame_index_fps_fallback
-wMB_hJL-3o_7,4.2,126,1,0,"[231.25, 93.98, 305.04, 180.19]",1,,frame_index_fps_fallback
-wMB_hJL-3o_7,4.3,129,1,0,"[231.44, 93.62, 305.09, 180.79]",1,,frame_index_fps_fallback
-wMB_hJL-3o_7,4.4,132,1,0,"[231.51, 95.21, 304.42, 181.8]",1,,frame_index_fps_fallback
-wMB_hJL-3o_7,4.5,135,1,0,"[231.14, 93.63, 304.77, 181.74]",1,,frame_index_fps_fallback
-wMB_hJL-3o_7,4.6,138,1,0,"[230.93, 90.98, 305.03, 181.12]",1,,frame_index_fps_fallback
-wMB_hJL-3o_7,4.7,141,1,0,"[230.84, 93.76, 304.87, 182.65]",1,,frame_index_fps_fallback
-wMB_hJL-3o_7,4.8,144,1,0,"[230.57, 94.53, 304.32, 182.81]",1,,frame_index_fps_fallback
-wMB_hJL-3o_7,4.9,147,1,0,"[230.19, 92.91, 304.53, 181.97]",1,,frame_index_fps_fallback
-wMB_hJL-3o_7,5.0,150,1,0,"[230.14, 93.88, 303.47, 181.59]",1,,frame_index_fps_fallback
-wMB_hJL-3o_7,5.1,153,1,0,"[229.62, 93.78, 304.13, 181.42]",1,,frame_index_fps_fallback
-wMB_hJL-3o_7,5.2,156,1,0,"[229.44, 93.66, 304.37, 183.53]",1,,frame_index_fps_fallback
-wMB_hJL-3o_7,5.3,159,1,0,"[229.91, 93.48, 304.31, 183.71]",1,,frame_index_fps_fallback
-wMB_hJL-3o_7,5.4,162,1,0,"[230.09, 92.09, 306.27, 183.79]",1,,frame_index_fps_fallback
-wMB_hJL-3o_7,5.5,165,1,0,"[227.71, 91.13, 306.09, 182.49]",1,,frame_index_fps_fallback
-wMB_hJL-3o_7,5.6,168,0,,,0,no_face_detected,frame_index_fps_fallback
-wMB_hJL-3o_7,5.7,171,0,,,0,no_face_detected,frame_index_fps_fallback
-wMB_hJL-3o_7,5.8,174,1,0,"[226.61, 85.97, 302.53, 172.8]",1,,frame_index_fps_fallback
-wMB_hJL-3o_7,5.9,177,1,0,"[226.84, 81.54, 302.13, 171.31]",1,,frame_index_fps_fallback
-wMB_hJL-3o_7,6.0,180,1,0,"[227.24, 80.88, 302.05, 169.01]",1,,frame_index_fps_fallback
-wny0OAz3g8_1,0.0,0,1,0,"[566.53, 96.63, 727.09, 291.42]",1,,frame_index_fps_fallback
-wny0OAz3g8_1,0.1,3,1,0,"[564.67, 95.84, 726.38, 293.02]",1,,frame_index_fps_fallback
-wny0OAz3g8_1,0.2,6,1,0,"[568.89, 103.43, 731.07, 303.74]",1,,frame_index_fps_fallback
-wny0OAz3g8_1,0.3,9,1,0,"[573.69, 108.06, 735.06, 311.16]",1,,frame_index_fps_fallback
-wny0OAz3g8_1,0.4,12,1,0,"[573.29, 109.15, 734.43, 304.78]",1,,frame_index_fps_fallback
-wny0OAz3g8_1,0.5,15,1,0,"[593.76, 205.69, 723.04, 379.03]",1,,frame_index_fps_fallback
-wny0OAz3g8_1,0.6,18,1,0,"[588.23, 204.31, 727.28, 379.89]",1,,frame_index_fps_fallback
-wny0OAz3g8_1,0.7,21,1,0,"[588.45, 207.54, 720.3, 386.47]",1,,frame_index_fps_fallback
-wny0OAz3g8_1,0.8,24,1,0,"[584.15, 208.13, 721.2, 391.44]",1,,frame_index_fps_fallback
-wny0OAz3g8_1,0.9,27,1,0,"[584.81, 211.3, 718.69, 387.91]",1,,frame_index_fps_fallback
-wny0OAz3g8_1,1.0,30,0,,,0,no_face_detected,frame_index_fps_fallback
-wny0OAz3g8_1,1.1,33,1,0,"[568.75, 208.45, 692.56, 379.07]",1,,frame_index_fps_fallback
-wny0OAz3g8_1,1.2,36,1,0,"[575.19, 207.41, 696.47, 366.48]",1,,frame_index_fps_fallback
-wny0OAz3g8_1,1.3,39,1,0,"[571.93, 206.78, 697.47, 377.85]",1,,frame_index_fps_fallback
-wny0OAz3g8_1,1.4,42,1,0,"[570.62, 210.99, 700.43, 391.35]",1,,frame_index_fps_fallback
-wny0OAz3g8_1,1.5,45,1,0,"[567.85, 200.92, 704.95, 385.19]",1,,frame_index_fps_fallback
-wny0OAz3g8_1,1.6,48,1,0,"[572.0, 206.14, 698.35, 370.58]",1,,frame_index_fps_fallback
-wny0OAz3g8_1,1.7,51,1,0,"[564.73, 209.31, 693.05, 367.88]",1,,frame_index_fps_fallback
-wny0OAz3g8_1,1.8,54,1,0,"[569.33, 211.09, 697.56, 371.89]",1,,frame_index_fps_fallback
-wny0OAz3g8_1,1.9,57,1,0,"[562.44, 206.69, 699.36, 381.43]",1,,frame_index_fps_fallback
-wny0OAz3g8_1,2.0,60,1,0,"[562.02, 204.31, 694.21, 378.41]",1,,frame_index_fps_fallback
-wny0OAz3g8_1,2.1,63,1,0,"[561.02, 207.8, 697.99, 386.32]",1,,frame_index_fps_fallback
-wny0OAz3g8_1,2.2,66,1,0,"[562.45, 207.36, 704.7, 387.87]",1,,frame_index_fps_fallback
-wny0OAz3g8_1,2.3,69,1,0,"[556.84, 205.23, 694.61, 375.69]",1,,frame_index_fps_fallback
-wny0OAz3g8_1,2.4,72,1,0,"[569.65, 212.38, 712.81, 395.78]",1,,frame_index_fps_fallback
-wny0OAz3g8_1,2.5,75,1,0,"[571.13, 211.57, 703.29, 384.93]",1,,frame_index_fps_fallback
-wny0OAz3g8_1,2.6,78,1,0,"[575.97, 213.18, 698.11, 374.83]",1,,frame_index_fps_fallback
-wny0OAz3g8_1,2.7,81,1,0,"[585.84, 216.65, 712.68, 390.54]",1,,frame_index_fps_fallback
-wny0OAz3g8_1,2.8,84,0,,,0,no_face_detected,frame_index_fps_fallback
-wny0OAz3g8_1,2.9,87,1,0,"[591.78, 207.4, 707.66, 380.29]",1,,frame_index_fps_fallback
-wny0OAz3g8_1,3.0,90,1,0,"[600.63, 222.0, 715.41, 385.47]",1,,frame_index_fps_fallback
-wny0OAz3g8_1,3.1,93,1,0,"[579.13, 206.72, 724.9, 399.79]",1,,frame_index_fps_fallback
-wny0OAz3g8_1,3.2,96,1,0,"[591.93, 214.06, 727.25, 401.31]",1,,frame_index_fps_fallback
-wny0OAz3g8_1,3.3,99,1,0,"[586.69, 212.12, 718.03, 387.06]",1,,frame_index_fps_fallback
-wny0OAz3g8_1,3.4,102,1,0,"[589.15, 216.4, 725.2, 399.65]",1,,frame_index_fps_fallback
-wny0OAz3g8_1,3.5,105,1,0,"[591.32, 209.67, 732.93, 397.89]",1,,frame_index_fps_fallback
-wny0OAz3g8_1,3.6,108,1,0,"[593.52, 227.16, 717.54, 397.51]",1,,frame_index_fps_fallback
-wny0OAz3g8_1,3.6999999999999997,111,1,0,"[587.74, 210.44, 719.99, 386.29]",1,,frame_index_fps_fallback
-wny0OAz3g8_1,3.8,114,0,,,0,no_face_detected,frame_index_fps_fallback
-wny0OAz3g8_1,3.9,117,0,,,0,no_face_detected,frame_index_fps_fallback
-wny0OAz3g8_1,4.0,120,0,,,0,no_face_detected,frame_index_fps_fallback
-wny0OAz3g8_1,4.1,123,1,0,"[583.42, 213.22, 701.8, 384.9]",1,,frame_index_fps_fallback
-wny0OAz3g8_1,4.2,126,1,0,"[588.38, 207.77, 716.81, 376.72]",1,,frame_index_fps_fallback
-wny0OAz3g8_1,4.3,129,1,0,"[594.88, 208.95, 722.02, 380.64]",1,,frame_index_fps_fallback
-wny0OAz3g8_1,4.4,132,1,0,"[596.09, 207.8, 723.11, 374.51]",1,,frame_index_fps_fallback
-wny0OAz3g8_1,4.5,135,1,0,"[594.68, 206.66, 712.5, 360.53]",1,,frame_index_fps_fallback
-wny0OAz3g8_1,4.6,138,1,0,"[598.65, 211.25, 718.96, 380.23]",1,,frame_index_fps_fallback
-wny0OAz3g8_1,4.7,141,1,0,"[602.45, 205.1, 723.19, 366.12]",1,,frame_index_fps_fallback
-wny0OAz3g8_1,4.8,144,1,0,"[598.89, 210.4, 722.95, 371.65]",1,,frame_index_fps_fallback
-wny0OAz3g8_1,4.9,147,1,0,"[602.48, 209.8, 723.89, 377.2]",1,,frame_index_fps_fallback
-wny0OAz3g8_1,5.0,150,1,0,"[596.95, 206.62, 724.1, 361.56]",1,,frame_index_fps_fallback
-wny0OAz3g8_1,5.1,153,1,0,"[595.66, 213.09, 715.11, 366.74]",1,,frame_index_fps_fallback
-wny0OAz3g8_1,5.2,156,1,0,"[612.33, 213.53, 735.46, 385.23]",1,,frame_index_fps_fallback
-wny0OAz3g8_1,5.3,159,1,0,"[610.46, 208.76, 736.43, 375.42]",1,,frame_index_fps_fallback
-wny0OAz3g8_1,5.4,162,1,0,"[611.69, 215.08, 730.12, 370.6]",1,,frame_index_fps_fallback
-wny0OAz3g8_1,5.5,165,0,,,0,no_face_detected,frame_index_fps_fallback
-wny0OAz3g8_1,5.6,168,1,0,"[609.4, 210.29, 731.09, 375.2]",1,,frame_index_fps_fallback
-wny0OAz3g8_1,5.7,171,1,0,"[601.71, 207.79, 727.17, 375.71]",1,,frame_index_fps_fallback
-wny0OAz3g8_1,5.8,174,0,,,0,no_face_detected,frame_index_fps_fallback
-wny0OAz3g8_1,5.9,177,1,0,"[602.94, 201.56, 730.52, 376.11]",1,,frame_index_fps_fallback
-wny0OAz3g8_1,6.0,180,1,0,"[613.83, 199.19, 738.17, 376.76]",1,,frame_index_fps_fallback
-wny0OAz3g8_1,6.1,183,1,0,"[608.54, 201.95, 729.78, 371.62]",1,,frame_index_fps_fallback
-wny0OAz3g8_1,6.2,186,1,0,"[610.18, 202.25, 730.46, 366.92]",1,,frame_index_fps_fallback
-wny0OAz3g8_1,6.3,189,1,0,"[561.96, 92.18, 724.88, 286.81]",1,,frame_index_fps_fallback
-wny0OAz3g8_1,6.4,192,1,0,"[559.29, 96.75, 727.15, 291.68]",1,,frame_index_fps_fallback
-wny0OAz3g8_1,6.5,195,1,0,"[558.95, 91.12, 724.7, 294.1]",1,,frame_index_fps_fallback
-wny0OAz3g8_1,6.6,198,1,0,"[555.51, 92.11, 718.81, 282.32]",1,,frame_index_fps_fallback
-wny0OAz3g8_1,6.7,201,1,0,"[551.22, 92.8, 718.29, 288.2]",1,,frame_index_fps_fallback
-wny0OAz3g8_1,6.8,204,1,0,"[552.07, 94.01, 718.78, 291.2]",1,,frame_index_fps_fallback
-wny0OAz3g8_0,0.0,0,1,0,"[572.29, 94.54, 732.31, 290.01]",1,,frame_index_fps_fallback
-wny0OAz3g8_0,0.1,3,1,0,"[571.21, 86.85, 733.71, 284.28]",1,,frame_index_fps_fallback
-wny0OAz3g8_0,0.2,6,1,0,"[573.13, 88.96, 734.45, 280.58]",1,,frame_index_fps_fallback
-wny0OAz3g8_0,0.3,9,1,0,"[575.63, 93.15, 739.36, 293.33]",1,,frame_index_fps_fallback
-wny0OAz3g8_0,0.4,12,1,0,"[574.79, 99.91, 736.95, 295.68]",1,,frame_index_fps_fallback
-wny0OAz3g8_0,0.5,15,1,0,"[571.72, 101.37, 738.33, 293.97]",1,,frame_index_fps_fallback
-wny0OAz3g8_0,0.6,18,1,0,"[571.37, 100.43, 737.89, 292.92]",1,,frame_index_fps_fallback
-wny0OAz3g8_0,0.7,21,1,0,"[573.22, 100.73, 738.24, 292.54]",1,,frame_index_fps_fallback
-wny0OAz3g8_0,0.8,24,1,0,"[573.8, 99.38, 735.39, 294.37]",1,,frame_index_fps_fallback
-wny0OAz3g8_0,0.9,27,1,0,"[573.44, 93.23, 734.44, 290.67]",1,,frame_index_fps_fallback
-wny0OAz3g8_0,1.0,30,1,0,"[574.48, 93.22, 734.34, 289.93]",1,,frame_index_fps_fallback
-wny0OAz3g8_0,1.1,33,1,0,"[579.32, 96.8, 739.19, 295.93]",1,,frame_index_fps_fallback
-wny0OAz3g8_0,1.2,36,1,0,"[581.63, 98.35, 738.92, 295.99]",1,,frame_index_fps_fallback
-wny0OAz3g8_0,1.3,39,1,0,"[574.77, 96.25, 733.21, 296.95]",1,,frame_index_fps_fallback
-wny0OAz3g8_0,1.4,42,1,0,"[579.38, 101.0, 739.05, 297.06]",1,,frame_index_fps_fallback
-wny0OAz3g8_0,1.5,45,1,0,"[576.37, 98.33, 744.18, 313.82]",1,,frame_index_fps_fallback
-wny0OAz3g8_0,1.6,48,1,0,"[575.29, 97.53, 743.53, 302.94]",1,,frame_index_fps_fallback
-wny0OAz3g8_0,1.7,51,1,0,"[571.72, 95.73, 740.04, 295.52]",1,,frame_index_fps_fallback
-wny0OAz3g8_0,1.8,54,1,0,"[565.88, 94.83, 736.59, 301.55]",1,,frame_index_fps_fallback
-wny0OAz3g8_0,1.9,57,1,0,"[568.56, 94.38, 736.72, 294.29]",1,,frame_index_fps_fallback
-wny0OAz3g8_0,2.0,60,1,0,"[566.28, 95.65, 732.21, 295.62]",1,,frame_index_fps_fallback
-wny0OAz3g8_0,2.1,63,1,0,"[566.02, 97.75, 731.63, 290.04]",1,,frame_index_fps_fallback
-wny0OAz3g8_0,2.2,66,1,0,"[566.85, 95.41, 726.58, 287.26]",1,,frame_index_fps_fallback
-wny0OAz3g8_0,2.3,69,1,0,"[567.06, 96.09, 726.66, 290.79]",1,,frame_index_fps_fallback
-wny0OAz3g8_0,2.4,72,1,0,"[567.75, 99.63, 725.3, 293.77]",1,,frame_index_fps_fallback
-wny0OAz3g8_0,2.5,75,1,0,"[569.02, 103.58, 731.35, 303.85]",1,,frame_index_fps_fallback
-wny0OAz3g8_0,2.6,78,1,0,"[572.78, 108.76, 734.23, 309.82]",1,,frame_index_fps_fallback
-wny0OAz3g8_0,2.7,81,1,0,"[573.04, 108.92, 732.35, 303.74]",1,,frame_index_fps_fallback
-wny0OAz3g8_0,2.8,84,1,0,"[592.23, 204.09, 723.36, 370.04]",1,,frame_index_fps_fallback
-wny0OAz3g8_0,2.9,87,1,0,"[592.56, 204.84, 727.56, 375.2]",1,,frame_index_fps_fallback
-wny0OAz3g8_0,3.0,90,1,0,"[588.4, 207.36, 720.55, 386.78]",1,,frame_index_fps_fallback
-wny0OAz3g8_0,3.1,93,1,0,"[581.9, 206.34, 726.01, 390.67]",1,,frame_index_fps_fallback
-wny0OAz3g8_0,3.2,96,1,0,"[577.39, 220.36, 705.66, 398.46]",1,,frame_index_fps_fallback
-wny0OAz3g8_0,3.3,99,1,0,"[576.36, 206.52, 704.0, 381.8]",1,,frame_index_fps_fallback
-wny0OAz3g8_3,0.0,0,1,0,"[587.74, 99.81, 746.59, 297.12]",1,,frame_index_fps_fallback
-wny0OAz3g8_3,0.1,3,1,0,"[586.67, 101.6, 747.88, 302.21]",1,,frame_index_fps_fallback
-wny0OAz3g8_3,0.2,6,1,0,"[584.74, 101.83, 743.02, 302.17]",1,,frame_index_fps_fallback
-wny0OAz3g8_3,0.3,9,1,0,"[586.04, 101.72, 744.93, 297.85]",1,,frame_index_fps_fallback
-wny0OAz3g8_3,0.4,12,1,0,"[586.11, 99.73, 740.74, 296.42]",1,,frame_index_fps_fallback
-wny0OAz3g8_3,0.5,15,1,0,"[596.89, 202.67, 717.8, 379.62]",1,,frame_index_fps_fallback
-wny0OAz3g8_3,0.6,18,1,0,"[589.12, 202.28, 712.84, 377.28]",1,,frame_index_fps_fallback
-wny0OAz3g8_3,0.7,21,1,0,"[592.87, 206.16, 728.26, 389.39]",1,,frame_index_fps_fallback
-wny0OAz3g8_3,0.8,24,1,0,"[591.9, 227.17, 715.13, 393.9]",1,,frame_index_fps_fallback
-wny0OAz3g8_3,0.9,27,1,0,"[588.41, 209.1, 727.04, 392.63]",1,,frame_index_fps_fallback
-wny0OAz3g8_3,1.0,30,0,,,0,no_face_detected,frame_index_fps_fallback
-wny0OAz3g8_3,1.1,33,1,0,"[586.83, 209.92, 721.47, 383.78]",1,,frame_index_fps_fallback
-wny0OAz3g8_3,1.2,36,0,,,0,no_face_detected,frame_index_fps_fallback
-wny0OAz3g8_3,1.3,39,1,0,"[589.02, 223.92, 711.27, 397.94]",1,,frame_index_fps_fallback
-wny0OAz3g8_3,1.4,42,1,0,"[590.07, 203.44, 713.66, 366.1]",1,,frame_index_fps_fallback
-wny0OAz3g8_3,1.5,45,0,,,0,no_face_detected,frame_index_fps_fallback
-wny0OAz3g8_3,1.6,48,0,,,0,no_face_detected,frame_index_fps_fallback
-wny0OAz3g8_3,1.7,51,0,,,0,no_face_detected,frame_index_fps_fallback
-wny0OAz3g8_3,1.8,54,0,,,0,no_face_detected,frame_index_fps_fallback
-wny0OAz3g8_3,1.9,57,1,0,"[590.78, 230.79, 719.42, 420.71]",1,,frame_index_fps_fallback
-wny0OAz3g8_3,2.0,60,0,,,0,no_face_detected,frame_index_fps_fallback
-wny0OAz3g8_3,2.1,63,0,,,0,no_face_detected,frame_index_fps_fallback
-wny0OAz3g8_3,2.2,66,1,0,"[593.14, 221.73, 711.8, 401.6]",1,,frame_index_fps_fallback
-wny0OAz3g8_3,2.3,69,0,,,0,no_face_detected,frame_index_fps_fallback
-wny0OAz3g8_3,2.4,72,0,,,0,no_face_detected,frame_index_fps_fallback
-wny0OAz3g8_3,2.5,75,1,0,"[598.65, 212.76, 721.49, 369.27]",1,,frame_index_fps_fallback
-wny0OAz3g8_3,2.6,78,1,0,"[604.01, 212.0, 726.51, 373.5]",1,,frame_index_fps_fallback
-wny0OAz3g8_3,2.7,81,1,0,"[602.89, 211.31, 727.94, 374.88]",1,,frame_index_fps_fallback
-wny0OAz3g8_3,2.8,84,1,0,"[607.35, 214.24, 729.23, 378.03]",1,,frame_index_fps_fallback
-wny0OAz3g8_3,2.9,87,1,0,"[613.87, 207.13, 742.87, 379.31]",1,,frame_index_fps_fallback
-wny0OAz3g8_3,3.0,90,1,0,"[614.35, 207.21, 742.63, 377.72]",1,,frame_index_fps_fallback
-wny0OAz3g8_3,3.1,93,1,0,"[611.59, 207.59, 744.25, 383.43]",1,,frame_index_fps_fallback
-wny0OAz3g8_3,3.2,96,1,0,"[608.74, 205.94, 736.92, 379.37]",1,,frame_index_fps_fallback
-wny0OAz3g8_3,3.3,99,1,0,"[611.89, 206.13, 735.5, 367.82]",1,,frame_index_fps_fallback
-wny0OAz3g8_3,3.4,102,1,0,"[609.11, 219.0, 727.51, 398.68]",1,,frame_index_fps_fallback
-wny0OAz3g8_3,3.5,105,1,0,"[605.7, 212.33, 728.43, 387.6]",1,,frame_index_fps_fallback
-wny0OAz3g8_3,3.6,108,1,0,"[602.2, 221.13, 726.48, 395.31]",1,,frame_index_fps_fallback
-wny0OAz3g8_3,3.6999999999999997,111,1,0,"[606.9, 205.49, 726.9, 375.1]",1,,frame_index_fps_fallback
-wny0OAz3g8_3,3.8,114,0,,,0,no_face_detected,frame_index_fps_fallback
-wny0OAz3g8_3,3.9,117,1,0,"[603.36, 202.42, 729.67, 380.27]",1,,frame_index_fps_fallback
-wny0OAz3g8_3,4.0,120,0,,,0,no_face_detected,frame_index_fps_fallback
-wny0OAz3g8_3,4.1,123,0,,,0,no_face_detected,frame_index_fps_fallback
-wny0OAz3g8_3,4.2,126,0,,,0,no_face_detected,frame_index_fps_fallback
-wny0OAz3g8_3,4.3,129,1,0,"[614.03, 226.37, 745.04, 422.2]",1,,frame_index_fps_fallback
-wny0OAz3g8_3,4.4,132,1,0,"[611.36, 212.42, 730.8, 379.66]",1,,frame_index_fps_fallback
-wny0OAz3g8_3,4.5,135,0,,,0,no_face_detected,frame_index_fps_fallback
-wny0OAz3g8_3,4.6,138,0,,,0,no_face_detected,frame_index_fps_fallback
-wny0OAz3g8_3,4.7,141,0,,,0,no_face_detected,frame_index_fps_fallback
-wny0OAz3g8_3,4.8,144,1,0,"[584.0, 221.7, 712.22, 383.06]",1,,frame_index_fps_fallback
-wny0OAz3g8_3,4.9,147,1,0,"[570.25, 207.91, 704.62, 365.2]",1,,frame_index_fps_fallback
-wny0OAz3g8_3,5.0,150,1,0,"[575.72, 210.52, 701.06, 377.55]",1,,frame_index_fps_fallback
-wny0OAz3g8_3,5.1,153,1,0,"[582.48, 214.61, 715.29, 387.57]",1,,frame_index_fps_fallback
-wny0OAz3g8_3,5.2,156,1,0,"[575.52, 208.5, 704.4, 366.25]",1,,frame_index_fps_fallback
-wny0OAz3g8_3,5.3,159,1,0,"[580.97, 207.23, 712.79, 381.98]",1,,frame_index_fps_fallback
-wny0OAz3g8_3,5.4,162,1,0,"[568.8, 213.2, 701.78, 398.0]",1,,frame_index_fps_fallback
-wny0OAz3g8_3,5.5,165,1,0,"[568.07, 206.2, 714.41, 398.6]",1,,frame_index_fps_fallback
-wny0OAz3g8_3,5.6,168,1,0,"[536.21, 99.98, 744.07, 352.65]",1,,frame_index_fps_fallback
-wny0OAz3g8_3,5.7,171,1,0,"[534.7, 109.92, 744.73, 358.74]",1,,frame_index_fps_fallback
-wny0OAz3g8_3,5.8,174,1,0,"[532.55, 103.6, 742.15, 362.31]",1,,frame_index_fps_fallback
-wny0OAz3g8_3,5.9,177,1,0,"[528.85, 105.6, 740.33, 364.18]",1,,frame_index_fps_fallback
-wny0OAz3g8_3,6.0,180,1,0,"[520.09, 106.24, 732.64, 361.2]",1,,frame_index_fps_fallback
-wny0OAz3g8_3,6.1,183,1,0,"[521.32, 105.97, 732.24, 360.6]",1,,frame_index_fps_fallback
-wny0OAz3g8_2,0.0,0,0,,,0,no_face_detected,frame_index_fps_fallback
-wny0OAz3g8_2,0.1,3,1,0,"[602.72, 201.37, 730.26, 376.29]",1,,frame_index_fps_fallback
-wny0OAz3g8_2,0.2,6,1,0,"[603.37, 201.12, 734.94, 377.84]",1,,frame_index_fps_fallback
-wny0OAz3g8_2,0.3,9,1,0,"[609.12, 201.54, 733.17, 372.4]",1,,frame_index_fps_fallback
-wny0OAz3g8_2,0.4,12,1,0,"[608.81, 202.94, 729.1, 365.96]",1,,frame_index_fps_fallback
-wny0OAz3g8_2,0.5,15,1,0,"[562.78, 90.45, 721.96, 287.72]",1,,frame_index_fps_fallback
-wny0OAz3g8_2,0.6,18,1,0,"[559.08, 96.83, 726.87, 291.7]",1,,frame_index_fps_fallback
-wny0OAz3g8_2,0.7,21,1,0,"[560.57, 90.45, 724.52, 294.54]",1,,frame_index_fps_fallback
-wny0OAz3g8_2,0.8,24,1,0,"[555.73, 91.82, 720.46, 286.72]",1,,frame_index_fps_fallback
-wny0OAz3g8_2,0.9,27,1,0,"[555.04, 93.07, 718.92, 283.52]",1,,frame_index_fps_fallback
-wny0OAz3g8_2,1.0,30,1,0,"[553.59, 94.7, 719.99, 293.31]",1,,frame_index_fps_fallback
-wny0OAz3g8_2,1.1,33,1,0,"[548.07, 95.88, 713.4, 291.64]",1,,frame_index_fps_fallback
-wny0OAz3g8_2,1.2,36,1,0,"[551.1, 98.22, 715.77, 292.91]",1,,frame_index_fps_fallback
-wny0OAz3g8_2,1.3,39,1,0,"[551.42, 97.5, 715.33, 295.13]",1,,frame_index_fps_fallback
-wny0OAz3g8_2,1.4,42,1,0,"[552.65, 98.88, 713.48, 292.97]",1,,frame_index_fps_fallback
-wny0OAz3g8_2,1.5,45,1,0,"[553.04, 98.53, 714.67, 295.64]",1,,frame_index_fps_fallback
-wny0OAz3g8_2,1.6,48,1,0,"[549.53, 98.12, 711.35, 296.26]",1,,frame_index_fps_fallback
-wny0OAz3g8_2,1.7,51,1,0,"[546.2, 93.74, 718.15, 304.26]",1,,frame_index_fps_fallback
-wny0OAz3g8_2,1.8,54,1,0,"[547.0, 94.81, 715.48, 303.76]",1,,frame_index_fps_fallback
-wny0OAz3g8_2,1.9,57,1,0,"[550.83, 96.84, 714.86, 289.23]",1,,frame_index_fps_fallback
-wny0OAz3g8_2,2.0,60,1,0,"[552.95, 97.14, 717.17, 290.11]",1,,frame_index_fps_fallback
-wny0OAz3g8_2,2.1,63,1,0,"[559.61, 100.95, 722.59, 294.22]",1,,frame_index_fps_fallback
-wny0OAz3g8_2,2.2,66,1,0,"[567.49, 108.24, 727.26, 312.66]",1,,frame_index_fps_fallback
-wny0OAz3g8_2,2.3,69,1,0,"[563.26, 116.66, 727.08, 317.78]",1,,frame_index_fps_fallback
-wny0OAz3g8_2,2.4,72,1,0,"[567.79, 118.11, 726.44, 311.07]",1,,frame_index_fps_fallback
-wny0OAz3g8_2,2.5,75,1,0,"[570.23, 117.12, 732.57, 312.29]",1,,frame_index_fps_fallback
-wny0OAz3g8_2,2.6,78,1,0,"[570.81, 117.5, 734.02, 311.81]",1,,frame_index_fps_fallback
-wny0OAz3g8_2,2.7,81,1,0,"[572.06, 117.2, 732.99, 315.95]",1,,frame_index_fps_fallback
-wny0OAz3g8_2,2.8,84,1,0,"[575.34, 116.22, 732.9, 310.37]",1,,frame_index_fps_fallback
-wny0OAz3g8_2,2.9,87,1,0,"[575.62, 110.93, 735.2, 311.79]",1,,frame_index_fps_fallback
-wny0OAz3g8_2,3.0,90,1,0,"[582.99, 112.89, 740.01, 314.15]",1,,frame_index_fps_fallback
-wny0OAz3g8_2,3.1,93,1,0,"[580.4, 111.71, 737.51, 313.69]",1,,frame_index_fps_fallback
-wny0OAz3g8_2,3.2,96,1,0,"[579.65, 112.49, 736.42, 314.92]",1,,frame_index_fps_fallback
-wny0OAz3g8_2,3.3,99,1,0,"[580.63, 114.82, 738.36, 312.53]",1,,frame_index_fps_fallback
-wny0OAz3g8_2,3.4,102,1,0,"[581.74, 109.8, 738.29, 308.39]",1,,frame_index_fps_fallback
-wny0OAz3g8_2,3.5,105,1,0,"[581.99, 104.79, 742.12, 305.2]",1,,frame_index_fps_fallback
-wny0OAz3g8_2,3.6,108,1,0,"[581.49, 103.99, 742.88, 306.21]",1,,frame_index_fps_fallback
-wny0OAz3g8_2,3.6999999999999997,111,1,0,"[582.26, 99.31, 744.15, 301.24]",1,,frame_index_fps_fallback
-wny0OAz3g8_2,3.8,114,1,0,"[582.08, 98.37, 742.82, 300.8]",1,,frame_index_fps_fallback
-wny0OAz3g8_2,3.9,117,1,0,"[581.8, 96.14, 743.67, 303.65]",1,,frame_index_fps_fallback
-wny0OAz3g8_2,4.0,120,1,0,"[580.52, 96.15, 741.16, 299.16]",1,,frame_index_fps_fallback
-wny0OAz3g8_2,4.1,123,1,0,"[581.57, 97.98, 739.91, 291.54]",1,,frame_index_fps_fallback
-wny0OAz3g8_2,4.2,126,1,0,"[583.93, 100.39, 744.68, 296.19]",1,,frame_index_fps_fallback
-wny0OAz3g8_2,4.3,129,1,0,"[585.63, 98.8, 746.53, 292.12]",1,,frame_index_fps_fallback
-wny0OAz3g8_2,4.4,132,1,0,"[592.47, 96.53, 755.3, 296.73]",1,,frame_index_fps_fallback
-wny0OAz3g8_2,4.5,135,1,0,"[586.42, 96.62, 756.11, 299.65]",1,,frame_index_fps_fallback
-wny0OAz3g8_2,4.6,138,1,0,"[582.54, 95.6, 750.48, 291.82]",1,,frame_index_fps_fallback
-wny0OAz3g8_2,4.7,141,1,0,"[585.15, 94.2, 750.34, 291.62]",1,,frame_index_fps_fallback
-wny0OAz3g8_2,4.8,144,1,0,"[582.76, 91.73, 750.91, 296.45]",1,,frame_index_fps_fallback
-wny0OAz3g8_2,4.9,147,1,0,"[587.88, 93.92, 745.64, 290.3]",1,,frame_index_fps_fallback
-wny0OAz3g8_2,5.0,150,1,0,"[594.54, 91.87, 750.9, 290.13]",1,,frame_index_fps_fallback
-wny0OAz3g8_2,5.1,153,1,0,"[594.15, 93.56, 753.51, 292.98]",1,,frame_index_fps_fallback
-wny0OAz3g8_2,5.2,156,1,0,"[590.81, 99.51, 748.02, 295.62]",1,,frame_index_fps_fallback
-wny0OAz3g8_2,5.3,159,1,0,"[590.0, 105.83, 745.67, 301.64]",1,,frame_index_fps_fallback
-wny0OAz3g8_2,5.4,162,1,0,"[588.32, 103.26, 746.29, 297.4]",1,,frame_index_fps_fallback
-wny0OAz3g8_2,5.5,165,1,0,"[587.74, 99.81, 746.59, 297.12]",1,,frame_index_fps_fallback
-wny0OAz3g8_2,5.6,168,1,0,"[586.67, 101.6, 747.88, 302.21]",1,,frame_index_fps_fallback
-wny0OAz3g8_2,5.7,171,1,0,"[584.74, 101.83, 743.02, 302.17]",1,,frame_index_fps_fallback
-wny0OAz3g8_2,5.8,174,1,0,"[586.04, 101.72, 744.93, 297.85]",1,,frame_index_fps_fallback
-wny0OAz3g8_2,5.9,177,1,0,"[586.11, 99.73, 740.74, 296.42]",1,,frame_index_fps_fallback
-wny0OAz3g8_2,6.0,180,1,0,"[596.89, 202.67, 717.8, 379.62]",1,,frame_index_fps_fallback
-wny0OAz3g8_2,6.1,183,1,0,"[589.12, 202.28, 712.84, 377.28]",1,,frame_index_fps_fallback
-wny0OAz3g8_2,6.2,186,1,0,"[592.87, 206.16, 728.26, 389.39]",1,,frame_index_fps_fallback
-wny0OAz3g8_2,6.3,189,1,0,"[591.9, 227.17, 715.13, 393.9]",1,,frame_index_fps_fallback
-wny0OAz3g8_2,6.4,192,1,0,"[588.41, 209.1, 727.04, 392.63]",1,,frame_index_fps_fallback
-wny0OAz3g8_2,6.5,195,0,,,0,no_face_detected,frame_index_fps_fallback
-wny0OAz3g8_2,6.633333333333333,196,1,0,"[590.6, 212.99, 719.85, 385.66]",1,,frame_index_fps_fallback
-wny0OAz3g8_5,0.0,0,1,0,"[538.21, 121.49, 744.47, 375.2]",1,,frame_index_fps_fallback
-wny0OAz3g8_5,0.1,3,1,0,"[537.17, 126.8, 744.96, 386.29]",1,,frame_index_fps_fallback
-wny0OAz3g8_5,0.2,6,1,0,"[537.11, 120.96, 744.24, 377.62]",1,,frame_index_fps_fallback
-wny0OAz3g8_5,0.3,9,1,0,"[540.93, 122.02, 747.44, 372.68]",1,,frame_index_fps_fallback
-wny0OAz3g8_5,0.4,12,1,0,"[538.75, 120.06, 746.94, 376.41]",1,,frame_index_fps_fallback
-wny0OAz3g8_5,0.5,15,0,,,0,no_face_detected,frame_index_fps_fallback
-wny0OAz3g8_5,0.6,18,1,0,"[604.36, 205.2, 728.91, 368.78]",1,,frame_index_fps_fallback
-wny0OAz3g8_5,0.7,21,1,0,"[599.8, 202.4, 720.23, 367.02]",1,,frame_index_fps_fallback
-wny0OAz3g8_5,0.8,24,1,0,"[599.59, 197.62, 721.08, 364.99]",1,,frame_index_fps_fallback
-wny0OAz3g8_5,0.9,27,0,,,0,no_face_detected,frame_index_fps_fallback
-wny0OAz3g8_5,1.0,30,0,,,0,no_face_detected,frame_index_fps_fallback
-wny0OAz3g8_5,1.1,33,0,,,0,no_face_detected,frame_index_fps_fallback
-wny0OAz3g8_5,1.2,36,1,0,"[592.32, 218.66, 716.27, 397.04]",1,,frame_index_fps_fallback
-wny0OAz3g8_5,1.3,39,1,0,"[587.99, 203.03, 719.3, 376.82]",1,,frame_index_fps_fallback
-wny0OAz3g8_5,1.4,42,1,0,"[591.75, 226.42, 717.6, 401.59]",1,,frame_index_fps_fallback
-wny0OAz3g8_5,1.5,45,1,0,"[585.34, 204.57, 723.02, 384.94]",1,,frame_index_fps_fallback
-wny0OAz3g8_5,1.6,48,1,0,"[588.37, 200.36, 732.64, 397.82]",1,,frame_index_fps_fallback
-wny0OAz3g8_5,1.7,51,1,0,"[592.02, 222.03, 716.67, 398.17]",1,,frame_index_fps_fallback
-wny0OAz3g8_5,1.8,54,1,0,"[593.57, 211.23, 717.37, 385.33]",1,,frame_index_fps_fallback
-wny0OAz3g8_5,1.9,57,1,0,"[590.48, 207.99, 710.47, 372.62]",1,,frame_index_fps_fallback
-wny0OAz3g8_5,2.0,60,1,0,"[585.74, 204.7, 708.05, 368.1]",1,,frame_index_fps_fallback
-wny0OAz3g8_5,2.1,63,1,0,"[590.51, 209.5, 711.64, 375.16]",1,,frame_index_fps_fallback
-wny0OAz3g8_5,2.2,66,1,0,"[588.34, 213.48, 706.91, 380.97]",1,,frame_index_fps_fallback
-wny0OAz3g8_5,2.3,69,1,0,"[594.76, 212.7, 710.45, 378.48]",1,,frame_index_fps_fallback
-wny0OAz3g8_5,2.4,72,1,0,"[589.53, 217.14, 710.93, 393.09]",1,,frame_index_fps_fallback
-wny0OAz3g8_5,2.5,75,1,0,"[587.55, 208.79, 708.49, 385.57]",1,,frame_index_fps_fallback
-wny0OAz3g8_5,2.6,78,1,0,"[590.64, 209.61, 719.61, 395.08]",1,,frame_index_fps_fallback
-wny0OAz3g8_5,2.7,81,0,,,0,no_face_detected,frame_index_fps_fallback
-wny0OAz3g8_5,2.8,84,1,0,"[589.89, 210.9, 721.74, 396.7]",1,,frame_index_fps_fallback
-wny0OAz3g8_5,2.9,87,0,,,0,no_face_detected,frame_index_fps_fallback
-wny0OAz3g8_5,3.0,90,0,,,0,no_face_detected,frame_index_fps_fallback
-wny0OAz3g8_5,3.1,93,1,0,"[589.19, 225.45, 710.4, 399.78]",1,,frame_index_fps_fallback
-wny0OAz3g8_5,3.2,96,1,0,"[581.39, 207.35, 729.53, 414.37]",1,,frame_index_fps_fallback
-wny0OAz3g8_5,3.3,99,1,0,"[584.01, 210.47, 715.0, 398.31]",1,,frame_index_fps_fallback
-wny0OAz3g8_5,3.4,102,1,0,"[594.22, 235.89, 709.14, 409.32]",1,,frame_index_fps_fallback
-wny0OAz3g8_5,3.5,105,1,0,"[593.49, 211.8, 713.63, 383.22]",1,,frame_index_fps_fallback
-wny0OAz3g8_5,3.6,108,1,0,"[595.5, 232.55, 717.59, 402.95]",1,,frame_index_fps_fallback
-wny0OAz3g8_5,3.6999999999999997,111,1,0,"[595.64, 222.99, 717.24, 400.96]",1,,frame_index_fps_fallback
-wny0OAz3g8_5,3.8,114,1,0,"[589.58, 209.7, 721.65, 398.36]",1,,frame_index_fps_fallback
-wny0OAz3g8_5,3.9,117,0,,,0,no_face_detected,frame_index_fps_fallback
-wny0OAz3g8_5,4.0,120,0,,,0,no_face_detected,frame_index_fps_fallback
-wny0OAz3g8_5,4.1,123,1,0,"[609.71, 215.22, 737.04, 402.83]",1,,frame_index_fps_fallback
-wny0OAz3g8_5,4.2,126,1,0,"[604.33, 199.7, 729.7, 371.11]",1,,frame_index_fps_fallback
-wny0OAz3g8_5,4.3,129,0,,,0,no_face_detected,frame_index_fps_fallback
-wny0OAz3g8_5,4.4,132,1,0,"[614.63, 230.87, 728.89, 406.63]",1,,frame_index_fps_fallback
-wny0OAz3g8_5,4.5,135,1,0,"[616.56, 223.16, 727.59, 385.7]",1,,frame_index_fps_fallback
-wny0OAz3g8_5,4.6,138,0,,,0,no_face_detected,frame_index_fps_fallback
-wny0OAz3g8_5,4.7,141,0,,,0,no_face_detected,frame_index_fps_fallback
-wny0OAz3g8_5,4.8,144,0,,,0,no_face_detected,frame_index_fps_fallback
-wny0OAz3g8_5,4.9,147,1,0,"[629.84, 192.41, 764.55, 387.25]",1,,frame_index_fps_fallback
-wny0OAz3g8_5,5.0,150,1,0,"[626.41, 195.3, 768.39, 393.09]",1,,frame_index_fps_fallback
-wny0OAz3g8_5,5.1,153,1,0,"[630.61, 188.41, 775.62, 375.94]",1,,frame_index_fps_fallback
-wny0OAz3g8_5,5.2,156,1,0,"[632.48, 196.56, 764.59, 380.8]",1,,frame_index_fps_fallback
-wny0OAz3g8_5,5.3,159,1,0,"[632.7, 192.23, 764.53, 367.6]",1,,frame_index_fps_fallback
-wny0OAz3g8_5,5.4,162,1,0,"[628.26, 205.89, 753.72, 387.19]",1,,frame_index_fps_fallback
-wny0OAz3g8_5,5.5,165,0,,,0,no_face_detected,frame_index_fps_fallback
-wny0OAz3g8_5,5.6,168,0,,,0,no_face_detected,frame_index_fps_fallback
-wny0OAz3g8_5,5.7,171,0,,,0,no_face_detected,frame_index_fps_fallback
-wny0OAz3g8_5,5.8,174,0,,,0,no_face_detected,frame_index_fps_fallback
-wny0OAz3g8_5,5.9,177,0,,,0,no_face_detected,frame_index_fps_fallback
-wny0OAz3g8_5,6.0,180,1,0,"[592.75, 202.49, 715.69, 369.78]",1,,frame_index_fps_fallback
-wny0OAz3g8_5,6.1,183,1,0,"[594.08, 199.6, 722.76, 370.0]",1,,frame_index_fps_fallback
-wny0OAz3g8_5,6.2,186,1,0,"[566.05, 91.86, 726.5, 287.94]",1,,frame_index_fps_fallback
-wny0OAz3g8_5,6.3,189,1,0,"[564.49, 103.44, 725.15, 298.41]",1,,frame_index_fps_fallback
-wny0OAz3g8_5,6.4,192,1,0,"[562.2, 103.78, 722.69, 296.8]",1,,frame_index_fps_fallback
-wny0OAz3g8_5,6.5,195,1,0,"[562.97, 101.87, 722.2, 295.65]",1,,frame_index_fps_fallback
-wny0OAz3g8_5,6.6,198,1,0,"[564.47, 104.13, 724.21, 297.58]",1,,frame_index_fps_fallback
-wny0OAz3g8_5,6.7,201,1,0,"[565.54, 105.37, 723.72, 302.47]",1,,frame_index_fps_fallback
-wny0OAz3g8_5,6.866666666666666,203,1,0,"[562.3, 105.21, 723.93, 299.56]",1,,frame_index_fps_fallback
-wny0OAz3g8_7,0.0,0,1,0,"[577.15, 103.57, 737.1, 297.55]",1,,frame_index_fps_fallback
-wny0OAz3g8_7,0.1,3,1,0,"[574.83, 110.04, 734.87, 307.63]",1,,frame_index_fps_fallback
-wny0OAz3g8_7,0.2,6,1,0,"[575.86, 119.47, 734.26, 311.53]",1,,frame_index_fps_fallback
-wny0OAz3g8_7,0.3,9,1,0,"[577.11, 121.34, 736.28, 314.42]",1,,frame_index_fps_fallback
-wny0OAz3g8_7,0.4,12,1,0,"[578.57, 121.26, 737.09, 311.52]",1,,frame_index_fps_fallback
-wny0OAz3g8_7,0.5,15,0,,,0,no_face_detected,frame_index_fps_fallback
-wny0OAz3g8_7,0.6,18,1,0,"[606.67, 224.68, 714.56, 381.95]",1,,frame_index_fps_fallback
-wny0OAz3g8_7,0.7,21,0,,,0,no_face_detected,frame_index_fps_fallback
-wny0OAz3g8_7,0.8,24,0,,,0,no_face_detected,frame_index_fps_fallback
-wny0OAz3g8_7,0.9,27,1,0,"[600.44, 200.13, 722.51, 360.53]",1,,frame_index_fps_fallback
-wny0OAz3g8_7,1.0,30,0,,,0,no_face_detected,frame_index_fps_fallback
-wny0OAz3g8_7,1.1,33,0,,,0,no_face_detected,frame_index_fps_fallback
-wny0OAz3g8_7,1.2,36,0,,,0,no_face_detected,frame_index_fps_fallback
-wny0OAz3g8_7,1.3,39,0,,,0,no_face_detected,frame_index_fps_fallback
-wny0OAz3g8_7,1.4,42,0,,,0,no_face_detected,frame_index_fps_fallback
-wny0OAz3g8_7,1.5,45,0,,,0,no_face_detected,frame_index_fps_fallback
-wny0OAz3g8_7,1.6,48,1,0,"[597.33, 201.1, 722.15, 353.19]",1,,frame_index_fps_fallback
-wny0OAz3g8_7,1.7,51,1,0,"[592.93, 205.74, 720.07, 365.88]",1,,frame_index_fps_fallback
-wny0OAz3g8_7,1.8,54,1,0,"[593.01, 209.1, 715.01, 372.21]",1,,frame_index_fps_fallback
-wny0OAz3g8_7,1.9,57,0,,,0,no_face_detected,frame_index_fps_fallback
-wny0OAz3g8_7,2.0,60,1,0,"[596.41, 210.88, 715.73, 364.94]",1,,frame_index_fps_fallback
-wny0OAz3g8_7,2.1,63,1,0,"[593.78, 206.44, 725.74, 384.46]",1,,frame_index_fps_fallback
-wny0OAz3g8_7,2.2,66,1,0,"[604.92, 226.79, 715.46, 384.37]",1,,frame_index_fps_fallback
-wny0OAz3g8_7,2.3,69,1,0,"[603.83, 203.36, 737.15, 386.21]",1,,frame_index_fps_fallback
-wny0OAz3g8_7,2.4,72,1,0,"[600.08, 204.48, 723.52, 368.54]",1,,frame_index_fps_fallback
-wny0OAz3g8_7,2.5,75,0,,,0,no_face_detected,frame_index_fps_fallback
-wny0OAz3g8_7,2.6,78,0,,,0,no_face_detected,frame_index_fps_fallback
-wny0OAz3g8_7,2.7,81,0,,,0,no_face_detected,frame_index_fps_fallback
-wny0OAz3g8_7,2.8,84,0,,,0,no_face_detected,frame_index_fps_fallback
-wny0OAz3g8_7,2.9,87,0,,,0,no_face_detected,frame_index_fps_fallback
-wny0OAz3g8_7,3.0,90,1,0,"[615.06, 208.4, 735.35, 381.64]",1,,frame_index_fps_fallback
-wny0OAz3g8_7,3.1,93,0,,,0,no_face_detected,frame_index_fps_fallback
-wny0OAz3g8_7,3.2,96,1,0,"[614.4, 213.76, 730.85, 383.44]",1,,frame_index_fps_fallback
-wny0OAz3g8_7,3.3,99,0,,,0,no_face_detected,frame_index_fps_fallback
-wny0OAz3g8_7,3.4,102,1,0,"[611.96, 226.96, 736.47, 414.45]",1,,frame_index_fps_fallback
-wny0OAz3g8_7,3.5,105,1,0,"[606.61, 229.92, 741.79, 431.63]",1,,frame_index_fps_fallback
-wny0OAz3g8_7,3.6,108,1,0,"[600.75, 238.16, 752.18, 459.38]",1,,frame_index_fps_fallback
-wny0OAz3g8_7,3.6999999999999997,111,1,0,"[607.05, 237.93, 750.43, 437.04]",1,,frame_index_fps_fallback
-wny0OAz3g8_7,3.8,114,1,0,"[615.7, 204.68, 741.68, 389.91]",1,,frame_index_fps_fallback
-wny0OAz3g8_7,3.9,117,1,0,"[614.85, 189.54, 761.03, 385.85]",1,,frame_index_fps_fallback
-wny0OAz3g8_7,4.0,120,1,0,"[618.1, 210.5, 756.67, 420.35]",1,,frame_index_fps_fallback
-wny0OAz3g8_7,4.1,123,1,0,"[627.01, 205.86, 756.82, 402.49]",1,,frame_index_fps_fallback
-wny0OAz3g8_7,4.2,126,1,0,"[625.5, 216.73, 763.85, 417.69]",1,,frame_index_fps_fallback
-wny0OAz3g8_7,4.3,129,0,,,0,no_face_detected,frame_index_fps_fallback
-wny0OAz3g8_7,4.4,132,0,,,0,no_face_detected,frame_index_fps_fallback
-wny0OAz3g8_7,4.5,135,0,,,0,no_face_detected,frame_index_fps_fallback
-wny0OAz3g8_7,4.6,138,1,0,"[598.74, 229.23, 738.6, 415.49]",1,,frame_index_fps_fallback
-wny0OAz3g8_7,4.7,141,1,0,"[610.37, 222.33, 760.13, 427.26]",1,,frame_index_fps_fallback
-wny0OAz3g8_7,4.8,144,0,,,0,no_face_detected,frame_index_fps_fallback
-wny0OAz3g8_7,4.9,147,0,,,0,no_face_detected,frame_index_fps_fallback
-wny0OAz3g8_7,5.0,150,0,,,0,no_face_detected,frame_index_fps_fallback
-wny0OAz3g8_7,5.1,153,0,,,0,no_face_detected,frame_index_fps_fallback
-wny0OAz3g8_7,5.2,156,0,,,0,no_face_detected,frame_index_fps_fallback
-wny0OAz3g8_7,5.3,159,0,,,0,no_face_detected,frame_index_fps_fallback
-wny0OAz3g8_7,5.4,162,1,0,"[594.97, 206.08, 723.44, 370.9]",1,,frame_index_fps_fallback
-wny0OAz3g8_7,5.5,165,1,0,"[582.16, 206.57, 708.43, 383.35]",1,,frame_index_fps_fallback
-wny0OAz3g8_7,5.6,168,0,,,0,no_face_detected,frame_index_fps_fallback
-wny0OAz3g8_7,5.7,171,1,0,"[593.8, 234.05, 726.63, 420.81]",1,,frame_index_fps_fallback
-wny0OAz3g8_7,5.8,174,1,0,"[590.25, 225.11, 718.99, 401.67]",1,,frame_index_fps_fallback
-wny0OAz3g8_7,5.9,177,1,0,"[588.46, 221.83, 719.47, 409.03]",1,,frame_index_fps_fallback
-wny0OAz3g8_7,6.0,180,1,0,"[589.15, 222.84, 710.58, 405.12]",1,,frame_index_fps_fallback
-wny0OAz3g8_7,6.1,183,1,0,"[582.49, 228.9, 715.85, 425.94]",1,,frame_index_fps_fallback
-wny0OAz3g8_7,6.2,186,1,0,"[592.75, 234.7, 706.75, 396.41]",1,,frame_index_fps_fallback
-wny0OAz3g8_7,6.3,189,1,0,"[580.52, 211.43, 716.14, 408.2]",1,,frame_index_fps_fallback
-wny0OAz3g8_7,6.4,192,0,,,0,no_face_detected,frame_index_fps_fallback
-wny0OAz3g8_7,6.5,195,1,0,"[597.65, 199.94, 716.4, 372.18]",1,,frame_index_fps_fallback
-wny0OAz3g8_7,6.6,198,0,,,0,no_face_detected,frame_index_fps_fallback
-wny0OAz3g8_7,6.7,201,1,0,"[616.4, 203.35, 736.31, 381.77]",1,,frame_index_fps_fallback
-wny0OAz3g8_7,6.8,204,1,0,"[589.14, 192.69, 725.18, 383.22]",1,,frame_index_fps_fallback
-wny0OAz3g8_7,6.8999999999999995,207,0,,,0,no_face_detected,frame_index_fps_fallback
-wny0OAz3g8_7,7.0,210,1,0,"[590.23, 191.97, 725.09, 385.45]",1,,frame_index_fps_fallback
-wny0OAz3g8_7,7.1,213,1,0,"[589.5, 204.74, 733.27, 403.56]",1,,frame_index_fps_fallback
-wny0OAz3g8_7,7.2,216,1,0,"[606.6, 207.25, 721.25, 355.35]",1,,frame_index_fps_fallback
-wny0OAz3g8_7,7.3,219,1,0,"[609.53, 205.66, 732.88, 368.78]",1,,frame_index_fps_fallback
-wny0OAz3g8_7,7.3999999999999995,222,1,0,"[612.63, 208.27, 720.87, 357.26]",1,,frame_index_fps_fallback
-wny0OAz3g8_7,7.5,225,1,0,"[589.49, 136.33, 800.33, 378.78]",1,,frame_index_fps_fallback
-wny0OAz3g8_7,7.6,228,1,0,"[589.04, 138.13, 799.0, 385.51]",1,,frame_index_fps_fallback
-wny0OAz3g8_7,7.7,231,1,0,"[584.42, 141.22, 793.23, 397.24]",1,,frame_index_fps_fallback
-wny0OAz3g8_7,7.8,234,1,0,"[580.43, 150.33, 787.86, 401.12]",1,,frame_index_fps_fallback
-wny0OAz3g8_7,7.8999999999999995,237,1,0,"[582.11, 152.57, 793.87, 419.29]",1,,frame_index_fps_fallback
-wny0OAz3g8_7,8.033333333333333,239,1,0,"[585.47, 160.4, 791.94, 414.08]",1,,frame_index_fps_fallback
-wny0OAz3g8_9,0.0,0,1,0,"[577.24, 130.89, 788.45, 369.38]",1,,frame_index_fps_fallback
-wny0OAz3g8_9,0.1,3,1,0,"[580.74, 132.79, 791.32, 382.9]",1,,frame_index_fps_fallback
-wny0OAz3g8_9,0.2,6,1,0,"[574.48, 145.27, 784.65, 398.17]",1,,frame_index_fps_fallback
-wny0OAz3g8_9,0.3,9,1,0,"[568.89, 148.66, 781.7, 404.49]",1,,frame_index_fps_fallback
-wny0OAz3g8_9,0.4,12,1,0,"[554.77, 99.2, 717.2, 294.53]",1,,frame_index_fps_fallback
-wny0OAz3g8_9,0.5,15,1,0,"[552.55, 96.66, 722.02, 297.38]",1,,frame_index_fps_fallback
-wny0OAz3g8_9,0.6,18,1,0,"[547.24, 97.49, 721.41, 295.28]",1,,frame_index_fps_fallback
-wny0OAz3g8_9,0.7,21,1,0,"[548.62, 102.9, 716.51, 291.62]",1,,frame_index_fps_fallback
-wny0OAz3g8_9,0.8,24,1,0,"[554.56, 103.01, 719.31, 295.07]",1,,frame_index_fps_fallback
-wny0OAz3g8_9,0.9,27,1,0,"[555.27, 101.78, 719.96, 293.47]",1,,frame_index_fps_fallback
-wny0OAz3g8_9,1.0,30,1,0,"[563.93, 100.77, 724.92, 299.05]",1,,frame_index_fps_fallback
-wny0OAz3g8_9,1.1,33,1,0,"[565.13, 97.9, 724.36, 293.96]",1,,frame_index_fps_fallback
-wny0OAz3g8_9,1.2,36,1,0,"[570.35, 94.7, 733.11, 297.56]",1,,frame_index_fps_fallback
-wny0OAz3g8_9,1.3,39,1,0,"[565.65, 91.94, 733.25, 291.95]",1,,frame_index_fps_fallback
-wny0OAz3g8_9,1.4,42,1,0,"[560.74, 92.27, 725.17, 286.12]",1,,frame_index_fps_fallback
-wny0OAz3g8_9,1.5,45,1,0,"[559.97, 93.65, 727.45, 292.29]",1,,frame_index_fps_fallback
-wny0OAz3g8_9,1.6,48,1,0,"[558.35, 92.67, 725.42, 286.93]",1,,frame_index_fps_fallback
-wny0OAz3g8_9,1.7,51,1,0,"[556.66, 92.98, 723.87, 289.72]",1,,frame_index_fps_fallback
-wny0OAz3g8_9,1.8,54,1,0,"[554.44, 89.31, 723.08, 281.21]",1,,frame_index_fps_fallback
-wny0OAz3g8_9,1.9,57,1,0,"[547.86, 83.57, 713.62, 274.01]",1,,frame_index_fps_fallback
-wny0OAz3g8_9,2.0,60,1,0,"[543.53, 81.62, 714.58, 278.75]",1,,frame_index_fps_fallback
-wny0OAz3g8_9,2.1,63,1,0,"[546.14, 84.19, 713.63, 280.52]",1,,frame_index_fps_fallback
-wny0OAz3g8_9,2.2,66,1,0,"[554.37, 89.99, 719.88, 283.83]",1,,frame_index_fps_fallback
-wny0OAz3g8_9,2.3,69,1,0,"[560.65, 92.14, 728.25, 290.37]",1,,frame_index_fps_fallback
-wny0OAz3g8_9,2.4,72,1,0,"[557.85, 96.27, 723.8, 290.59]",1,,frame_index_fps_fallback
-wny0OAz3g8_9,2.5,75,1,0,"[556.78, 100.06, 718.34, 287.87]",1,,frame_index_fps_fallback
-wny0OAz3g8_9,2.6,78,1,0,"[554.34, 102.03, 715.66, 295.28]",1,,frame_index_fps_fallback
-wny0OAz3g8_9,2.7,81,1,0,"[551.0, 99.31, 712.56, 293.34]",1,,frame_index_fps_fallback
-wny0OAz3g8_9,2.8,84,1,0,"[552.01, 97.85, 713.14, 291.99]",1,,frame_index_fps_fallback
-wny0OAz3g8_9,2.9,87,1,0,"[555.17, 100.64, 715.24, 292.98]",1,,frame_index_fps_fallback
-wny0OAz3g8_9,3.0,90,1,0,"[562.13, 109.57, 722.6, 306.03]",1,,frame_index_fps_fallback
-wny0OAz3g8_9,3.1,93,1,0,"[572.14, 111.95, 732.34, 313.25]",1,,frame_index_fps_fallback
-wny0OAz3g8_9,3.2,96,1,0,"[575.29, 108.64, 734.35, 307.55]",1,,frame_index_fps_fallback
-wny0OAz3g8_9,3.3,99,1,0,"[569.71, 107.26, 730.16, 302.34]",1,,frame_index_fps_fallback
-wny0OAz3g8_9,3.4,102,1,0,"[564.48, 96.16, 725.14, 293.99]",1,,frame_index_fps_fallback
-wny0OAz3g8_9,3.5,105,1,0,"[564.29, 88.8, 723.29, 275.04]",1,,frame_index_fps_fallback
-wny0OAz3g8_9,3.6,108,1,0,"[563.68, 87.2, 719.78, 275.16]",1,,frame_index_fps_fallback
-wny0OAz3g8_9,3.6999999999999997,111,1,0,"[566.6, 91.12, 721.5, 274.14]",1,,frame_index_fps_fallback
-wny0OAz3g8_9,3.8,114,1,0,"[567.78, 89.68, 722.7, 276.69]",1,,frame_index_fps_fallback
-wny0OAz3g8_9,3.9,117,1,0,"[568.08, 92.03, 724.76, 276.81]",1,,frame_index_fps_fallback
-wny0OAz3g8_9,4.0,120,1,0,"[571.27, 92.76, 724.26, 281.27]",1,,frame_index_fps_fallback
-wny0OAz3g8_9,4.1,123,1,0,"[573.72, 95.28, 730.37, 288.65]",1,,frame_index_fps_fallback
-wny0OAz3g8_9,4.2,126,1,0,"[578.11, 103.62, 735.66, 295.77]",1,,frame_index_fps_fallback
-wny0OAz3g8_9,4.3,129,1,0,"[585.86, 109.21, 738.4, 300.75]",1,,frame_index_fps_fallback
-wny0OAz3g8_9,4.4,132,1,0,"[582.12, 102.36, 740.23, 296.11]",1,,frame_index_fps_fallback
-wny0OAz3g8_9,4.5,135,1,0,"[573.42, 97.54, 730.97, 293.82]",1,,frame_index_fps_fallback
-wny0OAz3g8_9,4.6,138,1,0,"[563.37, 99.26, 724.48, 290.98]",1,,frame_index_fps_fallback
-wny0OAz3g8_9,4.7,141,1,0,"[552.37, 103.14, 712.07, 299.58]",1,,frame_index_fps_fallback
-wny0OAz3g8_9,4.8,144,1,0,"[547.96, 104.76, 711.4, 305.45]",1,,frame_index_fps_fallback
-wny0OAz3g8_9,4.9,147,1,0,"[547.35, 104.27, 708.41, 304.4]",1,,frame_index_fps_fallback
-wny0OAz3g8_9,5.0,150,1,0,"[543.49, 104.34, 702.82, 299.67]",1,,frame_index_fps_fallback
-wny0OAz3g8_9,5.1,153,1,0,"[542.74, 102.09, 705.31, 298.58]",1,,frame_index_fps_fallback
-wny0OAz3g8_9,5.2,156,1,0,"[553.35, 99.19, 711.97, 294.91]",1,,frame_index_fps_fallback
-wny0OAz3g8_9,5.3,159,1,0,"[556.02, 101.43, 715.1, 299.89]",1,,frame_index_fps_fallback
-wny0OAz3g8_9,5.4,162,1,0,"[557.51, 103.16, 718.04, 304.17]",1,,frame_index_fps_fallback
-wny0OAz3g8_9,5.5,165,1,0,"[611.85, 206.76, 745.67, 393.38]",1,,frame_index_fps_fallback
-wny0OAz3g8_9,5.6,168,1,0,"[612.74, 218.2, 747.22, 406.05]",1,,frame_index_fps_fallback
-wny0OAz3g8_9,5.7,171,1,0,"[609.93, 210.09, 731.87, 365.85]",1,,frame_index_fps_fallback
-wny0OAz3g8_9,5.8,174,1,0,"[610.42, 208.53, 729.9, 361.65]",1,,frame_index_fps_fallback
-wny0OAz3g8_9,5.9,177,0,,,0,no_face_detected,frame_index_fps_fallback
-wny0OAz3g8_9,6.0,180,1,0,"[606.05, 207.12, 729.87, 365.92]",1,,frame_index_fps_fallback
-wny0OAz3g8_9,6.166666666666667,182,0,,,0,no_face_detected,frame_index_fps_fallback
-571d8cVauQ_0,0.0,0,0,,,0,no_face_detected,frame_index_fps_fallback
-571d8cVauQ_0,0.1,3,0,,,0,no_face_detected,frame_index_fps_fallback
-571d8cVauQ_0,0.2,6,1,0,"[203.67, 99.74, 303.85, 215.04]",1,,frame_index_fps_fallback
-571d8cVauQ_0,0.3,9,1,0,"[202.7, 107.62, 299.6, 219.89]",1,,frame_index_fps_fallback
-571d8cVauQ_0,0.4,12,1,0,"[192.82, 118.32, 295.74, 232.35]",1,,frame_index_fps_fallback
-571d8cVauQ_0,0.5,15,1,0,"[184.51, 124.91, 291.95, 240.12]",1,,frame_index_fps_fallback
-571d8cVauQ_0,0.6,18,1,0,"[185.09, 128.26, 289.75, 243.24]",1,,frame_index_fps_fallback
-571d8cVauQ_0,0.7,21,1,0,"[184.06, 128.44, 288.0, 243.11]",1,,frame_index_fps_fallback
-571d8cVauQ_0,0.8,24,1,0,"[183.35, 127.07, 288.61, 243.58]",1,,frame_index_fps_fallback
-571d8cVauQ_0,0.9,27,1,0,"[186.35, 122.69, 291.24, 243.33]",1,,frame_index_fps_fallback
-571d8cVauQ_0,1.0,30,1,0,"[190.9, 113.27, 296.1, 236.21]",1,,frame_index_fps_fallback
-571d8cVauQ_0,1.1,33,1,0,"[197.11, 105.77, 301.77, 230.78]",1,,frame_index_fps_fallback
-571d8cVauQ_0,1.2,36,1,0,"[203.4, 102.93, 306.11, 224.6]",1,,frame_index_fps_fallback
-571d8cVauQ_0,1.3,39,1,0,"[210.76, 101.23, 312.25, 226.56]",1,,frame_index_fps_fallback
-571d8cVauQ_0,1.4,42,1,0,"[216.28, 101.99, 318.24, 220.98]",1,,frame_index_fps_fallback
-571d8cVauQ_0,1.5,45,1,0,"[225.22, 100.17, 326.54, 219.28]",1,,frame_index_fps_fallback
-571d8cVauQ_0,1.6,48,1,0,"[229.86, 102.71, 331.8, 220.71]",1,,frame_index_fps_fallback
-571d8cVauQ_0,1.7,51,1,0,"[234.27, 105.42, 335.31, 220.81]",1,,frame_index_fps_fallback
-571d8cVauQ_0,1.8,54,1,0,"[239.72, 104.22, 340.32, 220.97]",1,,frame_index_fps_fallback
-571d8cVauQ_0,1.9,57,1,0,"[243.43, 102.47, 344.26, 220.49]",1,,frame_index_fps_fallback
-571d8cVauQ_0,2.0,60,1,0,"[249.33, 100.08, 350.01, 218.0]",1,,frame_index_fps_fallback
-571d8cVauQ_0,2.1,63,1,0,"[258.85, 99.53, 359.07, 217.08]",1,,frame_index_fps_fallback
-571d8cVauQ_0,2.2,66,1,0,"[263.0, 100.13, 360.67, 214.2]",1,,frame_index_fps_fallback
-571d8cVauQ_0,2.3,69,1,0,"[260.44, 97.88, 358.35, 212.13]",1,,frame_index_fps_fallback
-571d8cVauQ_0,2.4,72,1,0,"[255.43, 97.26, 352.11, 212.38]",1,,frame_index_fps_fallback
-571d8cVauQ_0,2.5,75,1,0,"[246.87, 96.75, 345.09, 215.61]",1,,frame_index_fps_fallback
-571d8cVauQ_0,2.6,78,1,0,"[236.0, 101.54, 330.82, 219.47]",1,,frame_index_fps_fallback
-571d8cVauQ_0,2.7,81,1,0,"[221.83, 104.66, 316.05, 226.28]",1,,frame_index_fps_fallback
-571d8cVauQ_0,2.8,84,1,0,"[210.5, 107.79, 302.9, 226.78]",1,,frame_index_fps_fallback
-571d8cVauQ_0,2.9,87,1,0,"[197.65, 109.64, 289.19, 227.54]",1,,frame_index_fps_fallback
-571d8cVauQ_0,3.0,90,1,0,"[184.66, 110.04, 276.52, 228.51]",1,,frame_index_fps_fallback
-571d8cVauQ_0,3.1,93,1,0,"[173.37, 113.33, 263.5, 228.62]",1,,frame_index_fps_fallback
-571d8cVauQ_0,3.2,96,1,0,"[164.64, 114.32, 255.14, 231.68]",1,,frame_index_fps_fallback
-571d8cVauQ_0,3.3,99,1,0,"[160.54, 113.55, 250.45, 232.43]",1,,frame_index_fps_fallback
-571d8cVauQ_0,3.4,102,1,0,"[160.77, 112.43, 251.0, 226.06]",1,,frame_index_fps_fallback
-571d8cVauQ_0,3.5,105,1,0,"[172.2, 109.08, 261.22, 219.4]",1,,frame_index_fps_fallback
-571d8cVauQ_0,3.6,108,1,0,"[180.38, 101.34, 271.14, 214.78]",1,,frame_index_fps_fallback
-571d8cVauQ_0,3.6999999999999997,111,1,0,"[184.47, 99.2, 276.21, 213.6]",1,,frame_index_fps_fallback
-571d8cVauQ_0,3.8,114,1,0,"[188.31, 99.45, 280.7, 212.98]",1,,frame_index_fps_fallback
-571d8cVauQ_0,3.9,117,1,0,"[190.9, 99.14, 283.04, 214.33]",1,,frame_index_fps_fallback
-571d8cVauQ_0,4.0,120,1,0,"[192.56, 100.83, 285.97, 216.5]",1,,frame_index_fps_fallback
-571d8cVauQ_0,4.1,123,1,0,"[193.56, 102.09, 286.54, 219.49]",1,,frame_index_fps_fallback
-571d8cVauQ_0,4.2,126,1,0,"[194.78, 102.21, 289.57, 219.91]",1,,frame_index_fps_fallback
-571d8cVauQ_0,4.3,129,1,0,"[195.84, 100.6, 291.59, 219.1]",1,,frame_index_fps_fallback
-571d8cVauQ_0,4.4,132,1,0,"[198.51, 101.38, 295.02, 219.32]",1,,frame_index_fps_fallback
-571d8cVauQ_0,4.5,135,1,0,"[201.84, 102.16, 297.25, 221.19]",1,,frame_index_fps_fallback
-571d8cVauQ_0,4.6,138,1,0,"[202.37, 100.73, 299.21, 220.23]",1,,frame_index_fps_fallback
-571d8cVauQ_0,4.7,141,1,0,"[204.52, 101.5, 299.33, 220.28]",1,,frame_index_fps_fallback
-571d8cVauQ_0,4.8,144,1,0,"[203.66, 102.56, 298.49, 221.32]",1,,frame_index_fps_fallback
-571d8cVauQ_0,4.9,147,1,0,"[201.75, 104.58, 298.15, 224.4]",1,,frame_index_fps_fallback
-571d8cVauQ_0,5.0,150,1,0,"[198.31, 106.42, 295.42, 225.3]",1,,frame_index_fps_fallback
-571d8cVauQ_5,0.0,0,1,0,"[241.51, 99.1, 315.75, 191.53]",1,,frame_index_fps_fallback
-571d8cVauQ_5,0.1,3,1,0,"[232.23, 106.15, 308.83, 199.36]",1,,frame_index_fps_fallback
-571d8cVauQ_5,0.2,6,1,0,"[228.22, 107.18, 305.24, 203.29]",1,,frame_index_fps_fallback
-571d8cVauQ_5,0.3,9,1,0,"[225.6, 107.37, 303.32, 202.25]",1,,frame_index_fps_fallback
-571d8cVauQ_5,0.4,12,1,0,"[223.4, 108.9, 302.93, 199.53]",1,,frame_index_fps_fallback
-571d8cVauQ_5,0.5,15,1,0,"[221.82, 109.19, 301.99, 199.74]",1,,frame_index_fps_fallback
-571d8cVauQ_5,0.6,18,1,0,"[221.17, 108.53, 301.72, 198.33]",1,,frame_index_fps_fallback
-571d8cVauQ_5,0.7,21,1,0,"[221.11, 99.78, 304.94, 196.22]",1,,frame_index_fps_fallback
-571d8cVauQ_5,0.8,24,1,0,"[225.71, 93.12, 308.64, 192.71]",1,,frame_index_fps_fallback
-571d8cVauQ_5,0.9,27,1,0,"[228.66, 90.25, 308.31, 185.85]",1,,frame_index_fps_fallback
-571d8cVauQ_5,1.0,30,1,0,"[233.01, 90.88, 310.12, 182.06]",1,,frame_index_fps_fallback
-571d8cVauQ_5,1.1,33,1,0,"[234.81, 87.53, 312.32, 182.08]",1,,frame_index_fps_fallback
-571d8cVauQ_5,1.2,36,1,0,"[238.36, 88.81, 315.25, 178.08]",1,,frame_index_fps_fallback
-571d8cVauQ_5,1.3,39,1,0,"[240.49, 87.62, 316.35, 176.27]",1,,frame_index_fps_fallback
-571d8cVauQ_5,1.4,42,1,0,"[241.35, 87.59, 317.19, 178.51]",1,,frame_index_fps_fallback
-571d8cVauQ_5,1.5,45,1,0,"[239.94, 90.67, 316.32, 180.49]",1,,frame_index_fps_fallback
-571d8cVauQ_5,1.6,48,1,0,"[238.6, 91.37, 314.64, 182.47]",1,,frame_index_fps_fallback
-571d8cVauQ_5,1.7,51,1,0,"[237.13, 89.52, 314.2, 182.48]",1,,frame_index_fps_fallback
-571d8cVauQ_5,1.8,54,1,0,"[237.8, 87.95, 314.86, 183.54]",1,,frame_index_fps_fallback
-571d8cVauQ_5,1.9,57,1,0,"[238.47, 90.67, 314.56, 179.08]",1,,frame_index_fps_fallback
-571d8cVauQ_5,2.0,60,1,0,"[238.42, 90.56, 314.0, 179.44]",1,,frame_index_fps_fallback
-571d8cVauQ_5,2.1,63,1,0,"[238.83, 90.74, 314.06, 179.34]",1,,frame_index_fps_fallback
-571d8cVauQ_5,2.2,66,1,0,"[239.5, 88.77, 314.97, 178.55]",1,,frame_index_fps_fallback
-571d8cVauQ_5,2.3,69,1,0,"[238.68, 91.18, 314.09, 180.82]",1,,frame_index_fps_fallback
-571d8cVauQ_5,2.4,72,1,0,"[235.26, 91.38, 312.1, 186.62]",1,,frame_index_fps_fallback
-571d8cVauQ_5,2.5,75,1,0,"[232.76, 93.28, 309.7, 190.59]",1,,frame_index_fps_fallback
-571d8cVauQ_5,2.6,78,1,0,"[230.99, 92.86, 308.22, 190.37]",1,,frame_index_fps_fallback
-571d8cVauQ_5,2.7,81,1,0,"[232.83, 91.72, 308.05, 187.92]",1,,frame_index_fps_fallback
-571d8cVauQ_5,2.8,84,1,0,"[233.13, 89.73, 309.02, 186.29]",1,,frame_index_fps_fallback
-571d8cVauQ_5,2.9,87,1,0,"[234.64, 88.28, 310.62, 185.96]",1,,frame_index_fps_fallback
-571d8cVauQ_5,3.0,90,1,0,"[236.27, 87.26, 312.77, 184.17]",1,,frame_index_fps_fallback
-571d8cVauQ_5,3.1,93,1,0,"[236.02, 88.0, 312.39, 181.24]",1,,frame_index_fps_fallback
-571d8cVauQ_5,3.2,96,1,0,"[235.68, 88.84, 311.3, 180.85]",1,,frame_index_fps_fallback
-571d8cVauQ_5,3.3,99,1,0,"[232.86, 89.14, 307.97, 182.27]",1,,frame_index_fps_fallback
-571d8cVauQ_5,3.4,102,1,0,"[230.01, 92.58, 305.58, 188.41]",1,,frame_index_fps_fallback
-571d8cVauQ_5,3.5,105,1,0,"[224.92, 95.74, 300.28, 192.67]",1,,frame_index_fps_fallback
-571d8cVauQ_5,3.6,108,1,0,"[220.05, 99.14, 298.28, 193.21]",1,,frame_index_fps_fallback
-571d8cVauQ_5,3.6999999999999997,111,1,0,"[217.15, 101.13, 295.29, 193.81]",1,,frame_index_fps_fallback
-571d8cVauQ_5,3.8,114,1,0,"[219.15, 98.26, 297.51, 194.25]",1,,frame_index_fps_fallback
-571d8cVauQ_5,3.9,117,1,0,"[221.18, 95.06, 298.75, 190.38]",1,,frame_index_fps_fallback
-571d8cVauQ_5,4.0,120,1,0,"[223.2, 92.58, 302.41, 188.24]",1,,frame_index_fps_fallback
-571d8cVauQ_5,4.1,123,1,0,"[225.44, 90.86, 303.81, 184.71]",1,,frame_index_fps_fallback
-571d8cVauQ_5,4.2,126,1,0,"[227.88, 90.75, 306.31, 186.38]",1,,frame_index_fps_fallback
-571d8cVauQ_5,4.3,129,1,0,"[231.0, 89.9, 307.92, 182.71]",1,,frame_index_fps_fallback
-571d8cVauQ_5,4.4,132,1,0,"[236.12, 86.45, 312.51, 177.9]",1,,frame_index_fps_fallback
-571d8cVauQ_5,4.5,135,1,0,"[240.12, 89.22, 315.15, 177.55]",1,,frame_index_fps_fallback
-571d8cVauQ_5,4.6,138,1,0,"[245.15, 93.38, 318.8, 181.8]",1,,frame_index_fps_fallback
-571d8cVauQ_5,4.7,141,1,0,"[248.73, 95.17, 321.5, 188.09]",1,,frame_index_fps_fallback
-571d8cVauQ_5,4.8,144,1,0,"[251.32, 98.37, 324.22, 190.66]",1,,frame_index_fps_fallback
-571d8cVauQ_5,4.9,147,1,0,"[251.46, 96.57, 324.98, 189.43]",1,,frame_index_fps_fallback
-571d8cVauQ_5,5.0,150,1,0,"[251.4, 95.0, 325.8, 189.68]",1,,frame_index_fps_fallback
-571d8cVauQ_5,5.1,153,1,0,"[253.43, 96.1, 327.29, 189.34]",1,,frame_index_fps_fallback
-571d8cVauQ_5,5.2,156,1,0,"[254.01, 93.53, 327.46, 187.4]",1,,frame_index_fps_fallback
-571d8cVauQ_5,5.3,159,1,0,"[253.72, 91.19, 326.78, 184.47]",1,,frame_index_fps_fallback
-571d8cVauQ_5,5.4,162,1,0,"[254.08, 92.03, 327.51, 184.09]",1,,frame_index_fps_fallback
-571d8cVauQ_5,5.5,165,1,0,"[255.1, 91.25, 329.79, 182.09]",1,,frame_index_fps_fallback
-571d8cVauQ_5,5.6,168,1,0,"[256.06, 91.23, 329.82, 178.0]",1,,frame_index_fps_fallback
-571d8cVauQ_5,5.7,171,1,0,"[255.56, 90.08, 330.99, 178.75]",1,,frame_index_fps_fallback
-571d8cVauQ_5,5.8,174,1,0,"[254.98, 89.0, 330.0, 181.6]",1,,frame_index_fps_fallback
-571d8cVauQ_5,5.9,177,1,0,"[253.8, 89.23, 330.28, 183.11]",1,,frame_index_fps_fallback
-571d8cVauQ_5,6.0,180,1,0,"[252.94, 89.91, 328.75, 182.44]",1,,frame_index_fps_fallback
-571d8cVauQ_5,6.1,183,1,0,"[251.73, 87.75, 327.82, 181.55]",1,,frame_index_fps_fallback
-571d8cVauQ_5,6.2,186,1,0,"[248.53, 86.93, 324.29, 182.65]",1,,frame_index_fps_fallback
-571d8cVauQ_5,6.3,189,1,0,"[245.76, 92.48, 321.41, 185.05]",1,,frame_index_fps_fallback
-571d8cVauQ_5,6.4,192,1,0,"[239.69, 95.37, 318.08, 191.27]",1,,frame_index_fps_fallback
-571d8cVauQ_5,6.5,195,1,0,"[234.29, 99.48, 312.58, 195.1]",1,,frame_index_fps_fallback
-571d8cVauQ_5,6.6,198,1,0,"[230.12, 98.4, 308.8, 194.28]",1,,frame_index_fps_fallback
-571d8cVauQ_5,6.7,201,1,0,"[230.56, 96.51, 308.57, 191.47]",1,,frame_index_fps_fallback
-571d8cVauQ_5,6.8,204,1,0,"[234.23, 93.68, 310.48, 188.85]",1,,frame_index_fps_fallback
-571d8cVauQ_5,6.8999999999999995,207,1,0,"[238.7, 92.23, 313.42, 183.46]",1,,frame_index_fps_fallback
-571d8cVauQ_5,7.0,210,1,0,"[241.54, 89.26, 315.68, 180.13]",1,,frame_index_fps_fallback
-571d8cVauQ_5,7.1,213,1,0,"[241.99, 88.49, 316.87, 179.66]",1,,frame_index_fps_fallback
-571d8cVauQ_5,7.2,216,1,0,"[244.45, 89.55, 319.37, 178.38]",1,,frame_index_fps_fallback
-571d8cVauQ_5,7.3,219,1,0,"[245.43, 89.37, 318.66, 180.13]",1,,frame_index_fps_fallback
-571d8cVauQ_5,7.3999999999999995,222,1,0,"[243.59, 90.53, 319.04, 183.27]",1,,frame_index_fps_fallback
-571d8cVauQ_5,7.5,225,1,0,"[241.7, 92.67, 318.86, 190.05]",1,,frame_index_fps_fallback
-571d8cVauQ_5,7.6,228,1,0,"[238.0, 95.82, 316.93, 195.37]",1,,frame_index_fps_fallback
-571d8cVauQ_5,7.7,231,1,0,"[236.95, 96.94, 314.6, 194.98]",1,,frame_index_fps_fallback
-571d8cVauQ_5,7.8,234,1,0,"[237.67, 95.47, 314.69, 190.11]",1,,frame_index_fps_fallback
-571d8cVauQ_5,7.8999999999999995,237,1,0,"[238.22, 93.63, 315.44, 187.95]",1,,frame_index_fps_fallback
-571d8cVauQ_5,8.0,240,1,0,"[237.61, 93.0, 314.62, 187.31]",1,,frame_index_fps_fallback
-571d8cVauQ_5,8.1,243,1,0,"[238.21, 91.02, 314.79, 185.92]",1,,frame_index_fps_fallback
-571d8cVauQ_5,8.2,246,1,0,"[241.24, 89.4, 316.65, 184.3]",1,,frame_index_fps_fallback
-571d8cVauQ_5,8.3,249,1,0,"[242.14, 88.77, 317.14, 182.4]",1,,frame_index_fps_fallback
-571d8cVauQ_5,8.4,252,1,0,"[242.6, 89.83, 318.2, 184.42]",1,,frame_index_fps_fallback
-571d8cVauQ_5,8.5,255,1,0,"[242.52, 90.02, 318.23, 184.63]",1,,frame_index_fps_fallback
-571d8cVauQ_5,8.6,258,1,0,"[243.27, 90.65, 317.92, 182.01]",1,,frame_index_fps_fallback
-571d8cVauQ_5,8.7,261,1,0,"[242.31, 89.44, 317.61, 182.32]",1,,frame_index_fps_fallback
-571d8cVauQ_5,8.8,264,1,0,"[240.0, 89.74, 315.97, 181.03]",1,,frame_index_fps_fallback
-571d8cVauQ_5,8.9,267,1,0,"[236.56, 91.64, 312.72, 181.98]",1,,frame_index_fps_fallback
-571d8cVauQ_5,9.0,270,1,0,"[231.37, 96.66, 310.11, 187.11]",1,,frame_index_fps_fallback
-571d8cVauQ_5,9.1,273,1,0,"[228.42, 101.34, 307.5, 195.07]",1,,frame_index_fps_fallback
-571d8cVauQ_5,9.2,276,1,0,"[226.27, 107.84, 302.19, 198.44]",1,,frame_index_fps_fallback
-571d8cVauQ_5,9.3,279,1,0,"[222.53, 111.22, 297.52, 200.76]",1,,frame_index_fps_fallback
-571d8cVauQ_5,9.4,282,1,0,"[225.67, 105.01, 301.16, 198.93]",1,,frame_index_fps_fallback
-571d8cVauQ_5,9.5,285,1,0,"[229.03, 99.17, 306.65, 196.46]",1,,frame_index_fps_fallback
-571d8cVauQ_5,9.6,288,1,0,"[232.95, 98.05, 310.37, 195.74]",1,,frame_index_fps_fallback
-571d8cVauQ_5,9.7,291,1,0,"[236.66, 95.05, 314.31, 192.33]",1,,frame_index_fps_fallback
-571d8cVauQ_5,9.8,294,1,0,"[242.18, 91.69, 320.56, 187.07]",1,,frame_index_fps_fallback
-571d8cVauQ_5,9.9,297,1,0,"[245.09, 87.69, 322.81, 183.85]",1,,frame_index_fps_fallback
-571d8cVauQ_5,10.0,300,1,0,"[246.39, 86.32, 323.43, 180.95]",1,,frame_index_fps_fallback
-571d8cVauQ_5,10.1,303,1,0,"[246.74, 86.24, 323.35, 181.89]",1,,frame_index_fps_fallback
-571d8cVauQ_5,10.2,306,1,0,"[246.8, 88.29, 323.21, 183.76]",1,,frame_index_fps_fallback
-571d8cVauQ_5,10.3,309,1,0,"[246.43, 88.69, 323.7, 183.97]",1,,frame_index_fps_fallback
-571d8cVauQ_5,10.4,312,1,0,"[247.17, 89.25, 324.62, 185.25]",1,,frame_index_fps_fallback
-571d8cVauQ_5,10.5,315,1,0,"[247.61, 88.05, 324.28, 183.26]",1,,frame_index_fps_fallback
-571d8cVauQ_5,10.6,318,1,0,"[248.26, 86.78, 324.59, 181.69]",1,,frame_index_fps_fallback
-571d8cVauQ_5,10.7,321,1,0,"[248.01, 88.81, 323.91, 185.07]",1,,frame_index_fps_fallback
-571d8cVauQ_5,10.8,324,1,0,"[247.78, 90.41, 322.59, 186.3]",1,,frame_index_fps_fallback
-571d8cVauQ_5,10.9,327,1,0,"[246.98, 90.53, 322.12, 185.67]",1,,frame_index_fps_fallback
-571d8cVauQ_5,11.0,330,1,0,"[246.79, 89.58, 322.47, 185.35]",1,,frame_index_fps_fallback
-571d8cVauQ_5,11.1,333,1,0,"[246.64, 88.54, 323.35, 185.76]",1,,frame_index_fps_fallback
-571d8cVauQ_5,11.2,336,1,0,"[247.32, 89.9, 323.34, 183.25]",1,,frame_index_fps_fallback
-571d8cVauQ_5,11.3,339,1,0,"[247.88, 90.13, 323.74, 184.02]",1,,frame_index_fps_fallback
-571d8cVauQ_5,11.4,342,1,0,"[248.01, 90.3, 325.62, 185.84]",1,,frame_index_fps_fallback
-571d8cVauQ_5,11.5,345,1,0,"[246.65, 91.22, 323.23, 187.2]",1,,frame_index_fps_fallback
-571d8cVauQ_5,11.6,348,1,0,"[243.61, 92.64, 320.67, 186.45]",1,,frame_index_fps_fallback
-571d8cVauQ_5,11.7,351,1,0,"[244.45, 90.91, 319.56, 183.96]",1,,frame_index_fps_fallback
-571d8cVauQ_5,11.8,354,1,0,"[242.13, 89.83, 318.71, 180.25]",1,,frame_index_fps_fallback
-571d8cVauQ_5,11.9,357,1,0,"[240.98, 89.64, 317.8, 181.15]",1,,frame_index_fps_fallback
-571d8cVauQ_5,12.0,360,1,0,"[241.02, 89.91, 317.67, 181.17]",1,,frame_index_fps_fallback
-571d8cVauQ_5,12.1,363,1,0,"[240.55, 89.46, 318.15, 181.51]",1,,frame_index_fps_fallback
-571d8cVauQ_5,12.2,366,1,0,"[241.18, 88.85, 317.63, 180.78]",1,,frame_index_fps_fallback
-571d8cVauQ_5,12.3,369,1,0,"[240.43, 88.39, 317.94, 180.18]",1,,frame_index_fps_fallback
-571d8cVauQ_5,12.4,372,1,0,"[238.65, 89.45, 315.93, 181.63]",1,,frame_index_fps_fallback
-571d8cVauQ_5,12.5,375,1,0,"[234.44, 90.92, 310.96, 184.68]",1,,frame_index_fps_fallback
-571d8cVauQ_5,12.6,378,1,0,"[229.7, 92.15, 307.32, 187.3]",1,,frame_index_fps_fallback
-571d8cVauQ_5,12.7,381,1,0,"[225.06, 93.13, 303.45, 189.07]",1,,frame_index_fps_fallback
-571d8cVauQ_5,12.8,384,1,0,"[223.56, 94.4, 300.31, 188.59]",1,,frame_index_fps_fallback
-571d8cVauQ_5,12.9,387,1,0,"[224.54, 92.59, 302.91, 187.28]",1,,frame_index_fps_fallback
-571d8cVauQ_5,13.0,390,1,0,"[224.14, 91.29, 302.08, 186.2]",1,,frame_index_fps_fallback
-571d8cVauQ_5,13.1,393,1,0,"[222.38, 91.8, 301.03, 185.86]",1,,frame_index_fps_fallback
-571d8cVauQ_5,13.2,396,1,0,"[221.33, 93.42, 298.59, 186.76]",1,,frame_index_fps_fallback
-571d8cVauQ_5,13.299999999999999,399,1,0,"[222.09, 91.6, 300.63, 187.89]",1,,frame_index_fps_fallback
-571d8cVauQ_5,13.4,402,1,0,"[226.11, 88.99, 303.72, 183.42]",1,,frame_index_fps_fallback
-571d8cVauQ_5,13.5,405,1,0,"[228.94, 89.17, 304.78, 180.18]",1,,frame_index_fps_fallback
-571d8cVauQ_5,13.6,408,1,0,"[230.18, 89.0, 305.24, 181.59]",1,,frame_index_fps_fallback
-571d8cVauQ_5,13.7,411,1,0,"[231.46, 89.36, 307.33, 186.82]",1,,frame_index_fps_fallback
-571d8cVauQ_5,13.799999999999999,414,1,0,"[235.75, 86.75, 311.39, 181.29]",1,,frame_index_fps_fallback
-571d8cVauQ_5,13.9,417,1,0,"[243.31, 87.36, 317.98, 175.6]",1,,frame_index_fps_fallback
-571d8cVauQ_5,14.0,420,1,0,"[247.6, 84.94, 322.29, 176.14]",1,,frame_index_fps_fallback
-571d8cVauQ_5,14.1,423,1,0,"[250.83, 86.96, 325.99, 177.79]",1,,frame_index_fps_fallback
-571d8cVauQ_5,14.2,426,1,0,"[252.94, 88.66, 327.94, 177.1]",1,,frame_index_fps_fallback
-571d8cVauQ_5,14.299999999999999,429,1,0,"[253.4, 88.04, 329.52, 179.34]",1,,frame_index_fps_fallback
-571d8cVauQ_5,14.4,432,1,0,"[254.46, 87.47, 331.0, 181.54]",1,,frame_index_fps_fallback
-571d8cVauQ_5,14.5,435,1,0,"[254.2, 88.34, 329.19, 178.77]",1,,frame_index_fps_fallback
-571d8cVauQ_5,14.6,438,1,0,"[250.4, 90.0, 326.02, 180.68]",1,,frame_index_fps_fallback
-571d8cVauQ_5,14.7,441,1,0,"[246.51, 91.87, 321.75, 183.51]",1,,frame_index_fps_fallback
-571d8cVauQ_5,14.799999999999999,444,1,0,"[245.48, 91.25, 320.38, 183.09]",1,,frame_index_fps_fallback
-571d8cVauQ_5,14.9,447,1,0,"[243.29, 92.07, 319.21, 183.82]",1,,frame_index_fps_fallback
-571d8cVauQ_5,15.0,450,1,0,"[241.0, 92.84, 317.65, 185.99]",1,,frame_index_fps_fallback
-571d8cVauQ_5,15.1,453,1,0,"[239.48, 96.2, 317.0, 190.35]",1,,frame_index_fps_fallback
-571d8cVauQ_5,15.233333333333333,454,1,0,"[239.35, 99.46, 314.62, 195.78]",1,,frame_index_fps_fallback
-I_e4mIh0yE_1,0.0,0,1,0,"[193.19, 90.45, 309.05, 227.07]",1,,frame_index_fps_fallback
-I_e4mIh0yE_1,0.1,3,1,0,"[193.22, 91.04, 308.71, 227.83]",1,,frame_index_fps_fallback
-I_e4mIh0yE_1,0.2,6,1,0,"[194.78, 93.75, 307.61, 226.45]",1,,frame_index_fps_fallback
-I_e4mIh0yE_1,0.3,9,1,0,"[195.07, 89.75, 309.83, 225.56]",1,,frame_index_fps_fallback
-I_e4mIh0yE_1,0.4,12,1,0,"[194.83, 89.14, 309.72, 226.36]",1,,frame_index_fps_fallback
-I_e4mIh0yE_1,0.5,15,1,0,"[195.39, 87.52, 310.62, 224.73]",1,,frame_index_fps_fallback
-I_e4mIh0yE_1,0.6,18,1,0,"[194.26, 87.27, 310.22, 224.23]",1,,frame_index_fps_fallback
-I_e4mIh0yE_1,0.7,21,1,0,"[192.41, 87.16, 308.36, 224.68]",1,,frame_index_fps_fallback
-I_e4mIh0yE_1,0.8,24,1,0,"[191.67, 86.05, 306.15, 223.08]",1,,frame_index_fps_fallback
-I_e4mIh0yE_1,0.9,27,1,0,"[189.74, 83.1, 306.55, 222.35]",1,,frame_index_fps_fallback
-I_e4mIh0yE_1,1.0,30,1,0,"[188.82, 81.31, 306.69, 221.68]",1,,frame_index_fps_fallback
-I_e4mIh0yE_1,1.1,33,1,0,"[187.02, 79.97, 302.86, 220.82]",1,,frame_index_fps_fallback
-I_e4mIh0yE_1,1.2,36,1,0,"[184.71, 79.85, 300.16, 218.05]",1,,frame_index_fps_fallback
-I_e4mIh0yE_1,1.3,39,1,0,"[180.67, 79.94, 297.72, 219.81]",1,,frame_index_fps_fallback
-I_e4mIh0yE_1,1.4,42,1,0,"[177.41, 81.47, 294.28, 221.2]",1,,frame_index_fps_fallback
-I_e4mIh0yE_1,1.5,45,1,0,"[173.31, 81.34, 291.89, 221.15]",1,,frame_index_fps_fallback
-I_e4mIh0yE_1,1.6,48,1,0,"[171.4, 81.11, 289.77, 221.99]",1,,frame_index_fps_fallback
-I_e4mIh0yE_1,1.7,51,1,0,"[172.24, 79.44, 291.34, 222.65]",1,,frame_index_fps_fallback
-I_e4mIh0yE_1,1.8,54,1,0,"[172.56, 79.81, 290.63, 221.21]",1,,frame_index_fps_fallback
-I_e4mIh0yE_1,1.9,57,1,0,"[171.85, 80.71, 291.08, 224.4]",1,,frame_index_fps_fallback
-I_e4mIh0yE_1,2.0,60,1,0,"[171.54, 81.13, 290.69, 223.71]",1,,frame_index_fps_fallback
-I_e4mIh0yE_1,2.1,63,1,0,"[171.11, 81.76, 290.63, 223.98]",1,,frame_index_fps_fallback
-I_e4mIh0yE_1,2.2,66,1,0,"[171.35, 84.86, 290.16, 226.79]",1,,frame_index_fps_fallback
-I_e4mIh0yE_1,2.3,69,1,0,"[171.35, 86.22, 290.99, 229.48]",1,,frame_index_fps_fallback
-I_e4mIh0yE_1,2.4,72,1,0,"[173.75, 87.38, 292.27, 229.0]",1,,frame_index_fps_fallback
-I_e4mIh0yE_1,2.5,75,1,0,"[175.12, 88.36, 293.16, 228.67]",1,,frame_index_fps_fallback
-I_e4mIh0yE_1,2.6,78,1,0,"[174.99, 87.62, 294.15, 229.29]",1,,frame_index_fps_fallback
-I_e4mIh0yE_1,2.7,81,1,0,"[176.21, 87.05, 294.7, 229.48]",1,,frame_index_fps_fallback
-I_e4mIh0yE_1,2.8,84,1,0,"[176.33, 88.62, 294.68, 230.42]",1,,frame_index_fps_fallback
-I_e4mIh0yE_1,2.9,87,1,0,"[175.71, 90.17, 294.06, 232.4]",1,,frame_index_fps_fallback
-I_e4mIh0yE_1,3.0,90,1,0,"[174.85, 90.99, 293.66, 232.06]",1,,frame_index_fps_fallback
-I_e4mIh0yE_1,3.1,93,1,0,"[174.95, 90.93, 293.8, 231.88]",1,,frame_index_fps_fallback
-I_e4mIh0yE_1,3.2,96,1,0,"[175.03, 90.83, 294.16, 231.75]",1,,frame_index_fps_fallback
-I_e4mIh0yE_1,3.3,99,1,0,"[174.25, 87.99, 292.45, 229.54]",1,,frame_index_fps_fallback
-I_e4mIh0yE_1,3.4,102,1,0,"[174.3, 87.99, 292.38, 226.78]",1,,frame_index_fps_fallback
-I_e4mIh0yE_1,3.5,105,1,0,"[173.74, 87.82, 292.23, 226.71]",1,,frame_index_fps_fallback
-I_e4mIh0yE_1,3.6,108,1,0,"[173.8, 87.72, 292.22, 227.61]",1,,frame_index_fps_fallback
-I_e4mIh0yE_1,3.6999999999999997,111,1,0,"[173.54, 86.25, 292.83, 226.96]",1,,frame_index_fps_fallback
-I_e4mIh0yE_1,3.8,114,1,0,"[174.44, 86.54, 292.94, 226.46]",1,,frame_index_fps_fallback
-I_e4mIh0yE_1,3.9,117,1,0,"[174.89, 86.86, 292.54, 226.75]",1,,frame_index_fps_fallback
-I_e4mIh0yE_1,4.0,120,1,0,"[175.2, 85.72, 294.42, 228.3]",1,,frame_index_fps_fallback
-I_e4mIh0yE_1,4.1,123,1,0,"[174.01, 84.78, 293.66, 227.64]",1,,frame_index_fps_fallback
-I_e4mIh0yE_1,4.2,126,1,0,"[174.38, 85.01, 292.48, 225.36]",1,,frame_index_fps_fallback
-I_e4mIh0yE_1,4.3,129,1,0,"[175.28, 85.05, 291.97, 224.27]",1,,frame_index_fps_fallback
-I_e4mIh0yE_1,4.4,132,1,0,"[174.53, 84.02, 292.56, 226.1]",1,,frame_index_fps_fallback
-I_e4mIh0yE_1,4.5,135,1,0,"[174.89, 85.28, 292.31, 225.55]",1,,frame_index_fps_fallback
-I_e4mIh0yE_1,4.6,138,1,0,"[175.59, 85.39, 291.91, 224.72]",1,,frame_index_fps_fallback
-I_e4mIh0yE_1,4.7,141,1,0,"[175.17, 84.12, 292.96, 223.94]",1,,frame_index_fps_fallback
-I_e4mIh0yE_1,4.8,144,1,0,"[175.74, 84.12, 293.01, 222.77]",1,,frame_index_fps_fallback
-I_e4mIh0yE_1,4.9,147,1,0,"[174.89, 83.69, 293.01, 225.56]",1,,frame_index_fps_fallback
-I_e4mIh0yE_1,5.0,150,1,0,"[175.08, 82.86, 292.47, 224.72]",1,,frame_index_fps_fallback
-I_e4mIh0yE_1,5.1,153,1,0,"[175.69, 82.27, 291.58, 223.55]",1,,frame_index_fps_fallback
-I_e4mIh0yE_1,5.2,156,1,0,"[176.23, 83.84, 292.27, 224.55]",1,,frame_index_fps_fallback
-I_e4mIh0yE_1,5.3,159,1,0,"[177.5, 84.54, 293.43, 224.14]",1,,frame_index_fps_fallback
-I_e4mIh0yE_1,5.4,162,1,0,"[178.38, 83.28, 293.61, 222.84]",1,,frame_index_fps_fallback
-I_e4mIh0yE_1,5.5,165,1,0,"[179.26, 82.52, 294.8, 222.81]",1,,frame_index_fps_fallback
-I_e4mIh0yE_1,5.6,168,1,0,"[180.85, 84.52, 296.64, 224.85]",1,,frame_index_fps_fallback
-I_e4mIh0yE_1,5.7,171,1,0,"[183.47, 86.34, 299.49, 224.79]",1,,frame_index_fps_fallback
-I_e4mIh0yE_1,5.8,174,1,0,"[185.01, 86.46, 301.37, 223.93]",1,,frame_index_fps_fallback
-I_e4mIh0yE_1,5.9,177,1,0,"[186.09, 86.45, 302.08, 223.46]",1,,frame_index_fps_fallback
-I_e4mIh0yE_1,6.0,180,1,0,"[186.01, 86.82, 302.07, 223.32]",1,,frame_index_fps_fallback
-I_e4mIh0yE_1,6.1,183,1,0,"[185.07, 86.51, 302.35, 223.25]",1,,frame_index_fps_fallback
-I_e4mIh0yE_1,6.2,186,1,0,"[185.91, 86.71, 302.2, 223.28]",1,,frame_index_fps_fallback
-I_e4mIh0yE_1,6.3,189,1,0,"[187.4, 86.26, 301.89, 222.82]",1,,frame_index_fps_fallback
-I_e4mIh0yE_1,6.4,192,1,0,"[187.27, 85.63, 301.68, 222.13]",1,,frame_index_fps_fallback
-I_e4mIh0yE_1,6.5,195,1,0,"[188.51, 84.92, 303.51, 222.42]",1,,frame_index_fps_fallback
-I_e4mIh0yE_1,6.6,198,1,0,"[189.55, 85.45, 305.16, 222.81]",1,,frame_index_fps_fallback
-I_e4mIh0yE_1,6.7,201,1,0,"[191.2, 85.9, 305.4, 224.48]",1,,frame_index_fps_fallback
-I_e4mIh0yE_1,6.8,204,1,0,"[191.3, 88.27, 305.79, 225.03]",1,,frame_index_fps_fallback
-I_e4mIh0yE_1,6.8999999999999995,207,1,0,"[192.43, 88.31, 307.57, 227.15]",1,,frame_index_fps_fallback
-I_e4mIh0yE_1,7.0,210,1,0,"[191.54, 87.58, 306.84, 227.26]",1,,frame_index_fps_fallback
-I_e4mIh0yE_1,7.1,213,1,0,"[188.52, 84.92, 303.5, 223.98]",1,,frame_index_fps_fallback
-I_e4mIh0yE_1,7.2,216,1,0,"[186.27, 83.54, 302.01, 222.85]",1,,frame_index_fps_fallback
-I_e4mIh0yE_1,7.3,219,1,0,"[182.96, 81.52, 299.86, 221.82]",1,,frame_index_fps_fallback
-I_e4mIh0yE_1,7.3999999999999995,222,1,0,"[182.16, 81.1, 299.26, 221.86]",1,,frame_index_fps_fallback
-I_e4mIh0yE_1,7.566666666666666,224,1,0,"[182.17, 81.64, 299.59, 221.81]",1,,frame_index_fps_fallback
-I_e4mIh0yE_3,0.0,0,1,0,"[200.67, 82.89, 315.33, 220.03]",1,,frame_index_fps_fallback
-I_e4mIh0yE_3,0.1,3,1,0,"[200.91, 82.09, 316.26, 219.45]",1,,frame_index_fps_fallback
-I_e4mIh0yE_3,0.2,6,1,0,"[201.9, 81.15, 317.24, 219.09]",1,,frame_index_fps_fallback
-I_e4mIh0yE_3,0.3,9,1,0,"[205.28, 80.86, 318.12, 218.01]",1,,frame_index_fps_fallback
-I_e4mIh0yE_3,0.4,12,1,0,"[206.87, 80.84, 319.29, 215.77]",1,,frame_index_fps_fallback
-I_e4mIh0yE_3,0.5,15,1,0,"[207.02, 80.24, 320.87, 214.4]",1,,frame_index_fps_fallback
-I_e4mIh0yE_3,0.6,18,1,0,"[208.46, 79.55, 321.15, 212.88]",1,,frame_index_fps_fallback
-I_e4mIh0yE_3,0.7,21,1,0,"[208.23, 79.17, 321.73, 211.82]",1,,frame_index_fps_fallback
-I_e4mIh0yE_3,0.8,24,1,0,"[208.47, 78.62, 321.06, 212.66]",1,,frame_index_fps_fallback
-I_e4mIh0yE_3,0.9,27,1,0,"[207.95, 78.67, 320.77, 212.68]",1,,frame_index_fps_fallback
-I_e4mIh0yE_3,1.0,30,1,0,"[209.7, 77.76, 322.88, 210.59]",1,,frame_index_fps_fallback
-I_e4mIh0yE_3,1.1,33,1,0,"[207.98, 80.39, 321.18, 214.6]",1,,frame_index_fps_fallback
-I_e4mIh0yE_3,1.2,36,1,0,"[204.91, 80.39, 319.22, 218.56]",1,,frame_index_fps_fallback
-I_e4mIh0yE_3,1.3,39,1,0,"[206.17, 80.49, 319.01, 215.39]",1,,frame_index_fps_fallback
-I_e4mIh0yE_3,1.4,42,1,0,"[206.29, 81.47, 318.95, 216.15]",1,,frame_index_fps_fallback
-I_e4mIh0yE_3,1.5,45,1,0,"[204.98, 81.74, 319.31, 220.26]",1,,frame_index_fps_fallback
-I_e4mIh0yE_3,1.6,48,1,0,"[207.81, 81.7, 321.14, 218.98]",1,,frame_index_fps_fallback
-I_e4mIh0yE_3,1.7,51,1,0,"[205.98, 83.11, 318.93, 217.15]",1,,frame_index_fps_fallback
-I_e4mIh0yE_3,1.8,54,1,0,"[203.7, 87.98, 318.16, 223.56]",1,,frame_index_fps_fallback
-I_e4mIh0yE_3,1.9,57,1,0,"[202.04, 88.66, 316.31, 223.55]",1,,frame_index_fps_fallback
-I_e4mIh0yE_3,2.0,60,1,0,"[201.2, 89.97, 315.93, 223.46]",1,,frame_index_fps_fallback
-I_e4mIh0yE_3,2.1,63,1,0,"[200.98, 89.41, 315.73, 224.42]",1,,frame_index_fps_fallback
-I_e4mIh0yE_3,2.2,66,1,0,"[200.82, 88.41, 315.18, 223.49]",1,,frame_index_fps_fallback
-I_e4mIh0yE_3,2.3,69,1,0,"[201.85, 87.14, 315.8, 222.07]",1,,frame_index_fps_fallback
-I_e4mIh0yE_3,2.4,72,1,0,"[202.35, 87.74, 317.11, 221.84]",1,,frame_index_fps_fallback
-I_e4mIh0yE_3,2.5,75,1,0,"[205.14, 88.0, 319.01, 221.45]",1,,frame_index_fps_fallback
-I_e4mIh0yE_3,2.6,78,1,0,"[208.01, 87.89, 319.18, 219.88]",1,,frame_index_fps_fallback
-I_e4mIh0yE_3,2.7,81,1,0,"[210.4, 87.11, 321.72, 220.66]",1,,frame_index_fps_fallback
-I_e4mIh0yE_3,2.8,84,1,0,"[211.47, 87.13, 323.34, 221.75]",1,,frame_index_fps_fallback
-I_e4mIh0yE_3,2.9,87,1,0,"[211.78, 86.17, 324.38, 220.58]",1,,frame_index_fps_fallback
-I_e4mIh0yE_3,3.0,90,1,0,"[211.15, 85.89, 323.75, 222.22]",1,,frame_index_fps_fallback
-I_e4mIh0yE_3,3.1,93,1,0,"[211.76, 85.95, 324.38, 221.86]",1,,frame_index_fps_fallback
-I_e4mIh0yE_3,3.2,96,1,0,"[210.68, 85.69, 323.28, 220.65]",1,,frame_index_fps_fallback
-I_e4mIh0yE_3,3.3,99,1,0,"[210.93, 85.86, 323.83, 222.31]",1,,frame_index_fps_fallback
-I_e4mIh0yE_3,3.4,102,1,0,"[210.53, 88.49, 322.82, 224.2]",1,,frame_index_fps_fallback
-I_e4mIh0yE_3,3.5,105,1,0,"[208.3, 89.67, 321.04, 223.52]",1,,frame_index_fps_fallback
-I_e4mIh0yE_3,3.6,108,1,0,"[207.75, 87.84, 320.93, 223.77]",1,,frame_index_fps_fallback
-I_e4mIh0yE_3,3.6999999999999997,111,1,0,"[208.44, 87.85, 320.89, 222.45]",1,,frame_index_fps_fallback
-I_e4mIh0yE_3,3.8,114,1,0,"[209.18, 89.3, 320.94, 222.72]",1,,frame_index_fps_fallback
-I_e4mIh0yE_3,3.9,117,1,0,"[210.48, 88.14, 322.48, 222.93]",1,,frame_index_fps_fallback
-I_e4mIh0yE_3,4.0,120,1,0,"[210.54, 89.15, 322.99, 224.46]",1,,frame_index_fps_fallback
-I_e4mIh0yE_3,4.1,123,1,0,"[210.63, 90.56, 322.85, 225.55]",1,,frame_index_fps_fallback
-I_e4mIh0yE_3,4.2,126,1,0,"[212.45, 92.09, 323.73, 226.44]",1,,frame_index_fps_fallback
-I_e4mIh0yE_3,4.3,129,1,0,"[210.8, 91.07, 322.48, 225.73]",1,,frame_index_fps_fallback
-I_e4mIh0yE_3,4.4,132,1,0,"[211.25, 91.71, 322.53, 226.54]",1,,frame_index_fps_fallback
-I_e4mIh0yE_3,4.5,135,1,0,"[210.67, 91.56, 322.24, 226.77]",1,,frame_index_fps_fallback
-I_e4mIh0yE_3,4.6,138,1,0,"[210.09, 90.71, 322.1, 226.69]",1,,frame_index_fps_fallback
-I_e4mIh0yE_3,4.7,141,1,0,"[210.62, 89.81, 323.27, 226.33]",1,,frame_index_fps_fallback
-I_e4mIh0yE_3,4.8,144,1,0,"[209.48, 88.08, 321.7, 224.54]",1,,frame_index_fps_fallback
-I_e4mIh0yE_3,4.9,147,1,0,"[207.86, 87.34, 319.53, 221.48]",1,,frame_index_fps_fallback
-I_e4mIh0yE_3,5.0,150,1,0,"[203.37, 87.03, 318.3, 222.34]",1,,frame_index_fps_fallback
-I_e4mIh0yE_3,5.1,153,1,0,"[203.98, 86.87, 318.25, 221.94]",1,,frame_index_fps_fallback
-I_e4mIh0yE_3,5.2,156,1,0,"[206.56, 86.75, 319.58, 220.94]",1,,frame_index_fps_fallback
-I_e4mIh0yE_3,5.3,159,1,0,"[207.47, 88.82, 320.23, 223.93]",1,,frame_index_fps_fallback
-I_e4mIh0yE_3,5.4,162,1,0,"[208.59, 90.36, 321.31, 224.01]",1,,frame_index_fps_fallback
-I_e4mIh0yE_3,5.5,165,1,0,"[209.31, 90.35, 321.57, 224.36]",1,,frame_index_fps_fallback
-I_e4mIh0yE_3,5.6,168,1,0,"[209.53, 89.54, 321.04, 223.88]",1,,frame_index_fps_fallback
-I_e4mIh0yE_3,5.7,171,1,0,"[209.41, 88.71, 321.01, 222.54]",1,,frame_index_fps_fallback
-I_e4mIh0yE_3,5.8,174,1,0,"[209.26, 88.31, 321.59, 222.93]",1,,frame_index_fps_fallback
-I_e4mIh0yE_3,5.9,177,1,0,"[210.03, 88.85, 321.88, 222.33]",1,,frame_index_fps_fallback
-I_e4mIh0yE_3,6.0,180,1,0,"[210.22, 87.98, 321.76, 222.27]",1,,frame_index_fps_fallback
-I_e4mIh0yE_3,6.1,183,1,0,"[209.27, 88.23, 321.16, 222.83]",1,,frame_index_fps_fallback
-I_e4mIh0yE_3,6.2,186,1,0,"[209.18, 88.31, 320.54, 222.36]",1,,frame_index_fps_fallback
-I_e4mIh0yE_3,6.3,189,1,0,"[208.78, 86.43, 322.06, 223.34]",1,,frame_index_fps_fallback
-I_e4mIh0yE_3,6.4,192,1,0,"[208.04, 86.16, 319.98, 220.6]",1,,frame_index_fps_fallback
-I_e4mIh0yE_3,6.5,195,1,0,"[203.9, 86.55, 318.18, 222.6]",1,,frame_index_fps_fallback
-I_e4mIh0yE_3,6.6,198,1,0,"[199.08, 85.75, 314.67, 221.6]",1,,frame_index_fps_fallback
-I_e4mIh0yE_3,6.7,201,1,0,"[199.05, 84.08, 313.15, 221.22]",1,,frame_index_fps_fallback
-I_e4mIh0yE_3,6.8,204,1,0,"[199.36, 85.75, 312.85, 221.6]",1,,frame_index_fps_fallback
-I_e4mIh0yE_3,6.8999999999999995,207,1,0,"[198.3, 87.49, 311.34, 222.51]",1,,frame_index_fps_fallback
-I_e4mIh0yE_3,7.0,210,1,0,"[198.27, 87.91, 311.38, 223.28]",1,,frame_index_fps_fallback
-I_e4mIh0yE_3,7.1,213,1,0,"[198.0, 88.39, 311.32, 223.2]",1,,frame_index_fps_fallback
-I_e4mIh0yE_3,7.2,216,1,0,"[196.69, 88.15, 309.48, 221.87]",1,,frame_index_fps_fallback
-I_e4mIh0yE_3,7.3,219,1,0,"[195.87, 86.38, 309.78, 223.47]",1,,frame_index_fps_fallback
-I_e4mIh0yE_3,7.3999999999999995,222,1,0,"[194.76, 86.57, 309.06, 223.2]",1,,frame_index_fps_fallback
-I_e4mIh0yE_3,7.5,225,1,0,"[195.46, 87.36, 308.71, 222.43]",1,,frame_index_fps_fallback
-I_e4mIh0yE_3,7.6,228,1,0,"[196.43, 87.75, 310.11, 223.59]",1,,frame_index_fps_fallback
-I_e4mIh0yE_3,7.7,231,1,0,"[196.14, 87.63, 310.18, 223.22]",1,,frame_index_fps_fallback
-I_e4mIh0yE_3,7.8,234,1,0,"[195.39, 86.64, 310.19, 224.09]",1,,frame_index_fps_fallback
-I_e4mIh0yE_3,7.8999999999999995,237,1,0,"[195.56, 86.9, 309.03, 222.75]",1,,frame_index_fps_fallback
-I_e4mIh0yE_3,8.0,240,1,0,"[195.43, 87.46, 308.6, 222.45]",1,,frame_index_fps_fallback
-I_e4mIh0yE_3,8.1,243,1,0,"[195.9, 86.94, 309.53, 223.08]",1,,frame_index_fps_fallback
-I_e4mIh0yE_3,8.2,246,1,0,"[196.74, 86.74, 310.34, 223.02]",1,,frame_index_fps_fallback
-I_e4mIh0yE_3,8.3,249,1,0,"[196.5, 86.84, 310.13, 222.27]",1,,frame_index_fps_fallback
-I_e4mIh0yE_3,8.4,252,1,0,"[195.41, 86.2, 309.75, 223.45]",1,,frame_index_fps_fallback
-I_e4mIh0yE_3,8.5,255,1,0,"[193.58, 84.06, 308.64, 223.08]",1,,frame_index_fps_fallback
-I_e4mIh0yE_3,8.6,258,1,0,"[189.54, 80.18, 306.39, 223.13]",1,,frame_index_fps_fallback
-I_e4mIh0yE_3,8.7,261,1,0,"[185.26, 80.17, 301.51, 221.32]",1,,frame_index_fps_fallback
-I_e4mIh0yE_3,8.8,264,1,0,"[177.86, 81.29, 292.52, 221.19]",1,,frame_index_fps_fallback
-I_e4mIh0yE_3,8.9,267,1,0,"[172.59, 83.36, 289.95, 225.6]",1,,frame_index_fps_fallback
-I_e4mIh0yE_3,9.1,270,1,0,"[168.52, 84.59, 286.92, 224.49]",1,,frame_index_fps_fallback
-UacrmKiTn4_10,0.0,0,1,0,"[128.94, 106.6, 237.22, 244.17]",1,,frame_index_fps_fallback
-UacrmKiTn4_10,0.1,3,1,0,"[128.12, 106.0, 235.73, 245.13]",1,,frame_index_fps_fallback
-UacrmKiTn4_10,0.2,6,1,0,"[129.25, 104.67, 236.45, 244.24]",1,,frame_index_fps_fallback
-UacrmKiTn4_10,0.3,9,1,0,"[132.69, 112.07, 236.18, 242.47]",1,,frame_index_fps_fallback
-UacrmKiTn4_10,0.4,12,1,0,"[135.11, 105.55, 241.34, 235.91]",1,,frame_index_fps_fallback
-UacrmKiTn4_10,0.5,15,1,0,"[141.01, 103.04, 249.56, 237.31]",1,,frame_index_fps_fallback
-UacrmKiTn4_10,0.6,18,1,0,"[146.03, 104.89, 256.42, 235.09]",1,,frame_index_fps_fallback
-UacrmKiTn4_10,0.7,21,1,0,"[143.7, 103.85, 254.93, 229.15]",1,,frame_index_fps_fallback
-UacrmKiTn4_10,0.8,24,1,0,"[143.08, 105.27, 251.13, 227.81]",1,,frame_index_fps_fallback
-UacrmKiTn4_10,0.9,27,1,0,"[139.0, 101.7, 245.09, 223.96]",1,,frame_index_fps_fallback
-UacrmKiTn4_10,1.0,30,1,0,"[134.4, 99.91, 239.88, 224.71]",1,,frame_index_fps_fallback
-UacrmKiTn4_10,1.1,33,1,0,"[134.25, 99.76, 240.17, 223.08]",1,,frame_index_fps_fallback
-UacrmKiTn4_10,1.2,36,1,0,"[134.57, 100.48, 238.75, 220.03]",1,,frame_index_fps_fallback
-UacrmKiTn4_10,1.3,39,1,0,"[136.76, 99.63, 239.95, 219.89]",1,,frame_index_fps_fallback
-UacrmKiTn4_10,1.4,42,1,0,"[135.34, 100.71, 239.38, 222.44]",1,,frame_index_fps_fallback
-UacrmKiTn4_10,1.5,45,1,0,"[134.04, 100.73, 237.13, 218.65]",1,,frame_index_fps_fallback
-UacrmKiTn4_10,1.6,48,1,0,"[133.07, 100.81, 234.86, 216.37]",1,,frame_index_fps_fallback
-UacrmKiTn4_10,1.7,51,1,0,"[133.09, 102.28, 234.86, 218.93]",1,,frame_index_fps_fallback
-UacrmKiTn4_10,1.8,54,1,0,"[133.38, 104.0, 234.56, 220.81]",1,,frame_index_fps_fallback
-UacrmKiTn4_10,1.9,57,1,0,"[134.48, 103.62, 235.58, 222.71]",1,,frame_index_fps_fallback
-UacrmKiTn4_10,2.0,60,1,0,"[137.15, 100.78, 238.66, 224.19]",1,,frame_index_fps_fallback
-UacrmKiTn4_10,2.1,63,1,0,"[139.36, 98.78, 242.43, 222.25]",1,,frame_index_fps_fallback
-UacrmKiTn4_10,2.2,66,1,0,"[136.77, 100.36, 238.58, 222.57]",1,,frame_index_fps_fallback
-UacrmKiTn4_10,2.3,69,1,0,"[134.56, 99.83, 235.89, 221.82]",1,,frame_index_fps_fallback
-UacrmKiTn4_10,2.4,72,1,0,"[130.72, 103.91, 231.18, 219.53]",1,,frame_index_fps_fallback
-UacrmKiTn4_10,2.5,75,1,0,"[128.8, 101.17, 230.74, 215.87]",1,,frame_index_fps_fallback
-UacrmKiTn4_10,2.6,78,1,0,"[128.11, 101.5, 230.7, 218.0]",1,,frame_index_fps_fallback
-UacrmKiTn4_10,2.7,81,1,0,"[127.03, 103.35, 228.63, 225.05]",1,,frame_index_fps_fallback
-UacrmKiTn4_10,2.8,84,1,0,"[126.56, 102.47, 232.05, 226.5]",1,,frame_index_fps_fallback
-UacrmKiTn4_10,2.9,87,1,0,"[127.77, 102.82, 234.66, 227.21]",1,,frame_index_fps_fallback
-UacrmKiTn4_10,3.0,90,1,0,"[128.43, 101.98, 236.33, 230.35]",1,,frame_index_fps_fallback
-UacrmKiTn4_10,3.1,93,1,0,"[126.65, 101.47, 234.77, 235.18]",1,,frame_index_fps_fallback
-UacrmKiTn4_10,3.2,96,1,0,"[125.26, 101.62, 233.51, 243.68]",1,,frame_index_fps_fallback
-UacrmKiTn4_10,3.3,99,1,0,"[125.83, 109.62, 235.49, 249.94]",1,,frame_index_fps_fallback
-UacrmKiTn4_10,3.4,102,1,0,"[128.66, 117.52, 238.99, 255.68]",1,,frame_index_fps_fallback
-UacrmKiTn4_10,3.5,105,1,0,"[130.84, 116.47, 240.26, 253.18]",1,,frame_index_fps_fallback
-UacrmKiTn4_10,3.6,108,1,0,"[132.33, 107.49, 239.84, 243.89]",1,,frame_index_fps_fallback
-UacrmKiTn4_10,3.6999999999999997,111,1,0,"[133.18, 101.35, 241.13, 238.24]",1,,frame_index_fps_fallback
-UacrmKiTn4_10,3.8,114,1,0,"[134.35, 104.54, 241.47, 234.28]",1,,frame_index_fps_fallback
-UacrmKiTn4_10,3.9,117,1,0,"[134.9, 107.46, 239.53, 236.07]",1,,frame_index_fps_fallback
-UacrmKiTn4_10,4.0,120,1,0,"[135.96, 105.78, 240.84, 234.12]",1,,frame_index_fps_fallback
-UacrmKiTn4_10,4.1,123,1,0,"[136.64, 103.57, 242.03, 230.65]",1,,frame_index_fps_fallback
-UacrmKiTn4_10,4.2,126,1,0,"[133.96, 102.5, 238.32, 232.11]",1,,frame_index_fps_fallback
-UacrmKiTn4_10,4.3,129,1,0,"[132.86, 106.12, 236.98, 238.84]",1,,frame_index_fps_fallback
-UacrmKiTn4_10,4.4,132,1,0,"[131.76, 105.32, 236.82, 240.14]",1,,frame_index_fps_fallback
-UacrmKiTn4_10,4.5,135,1,0,"[131.65, 105.91, 235.67, 237.11]",1,,frame_index_fps_fallback
-UacrmKiTn4_10,4.6,138,1,0,"[128.4, 106.51, 233.75, 238.84]",1,,frame_index_fps_fallback
-UacrmKiTn4_10,4.7,141,1,0,"[125.51, 105.58, 233.94, 240.98]",1,,frame_index_fps_fallback
-UacrmKiTn4_10,4.8,144,1,0,"[125.35, 107.17, 233.77, 242.94]",1,,frame_index_fps_fallback
-UacrmKiTn4_10,4.9,147,1,0,"[124.6, 107.43, 232.11, 242.14]",1,,frame_index_fps_fallback
-UacrmKiTn4_10,5.0,150,1,0,"[124.5, 106.86, 230.9, 242.96]",1,,frame_index_fps_fallback
-UacrmKiTn4_10,5.1,153,1,0,"[122.07, 106.04, 229.46, 242.47]",1,,frame_index_fps_fallback
-UacrmKiTn4_10,5.2,156,1,0,"[120.53, 106.51, 227.95, 240.69]",1,,frame_index_fps_fallback
-UacrmKiTn4_10,5.3,159,1,0,"[119.87, 105.88, 226.72, 240.35]",1,,frame_index_fps_fallback
-UacrmKiTn4_10,5.4,162,1,0,"[118.57, 105.55, 224.37, 239.79]",1,,frame_index_fps_fallback
-UacrmKiTn4_10,5.5,165,1,0,"[119.44, 100.29, 224.71, 231.65]",1,,frame_index_fps_fallback
-UacrmKiTn4_10,5.6,168,1,0,"[120.89, 97.91, 225.83, 226.01]",1,,frame_index_fps_fallback
-UacrmKiTn4_10,5.7,171,1,0,"[120.94, 97.23, 225.39, 224.36]",1,,frame_index_fps_fallback
-UacrmKiTn4_10,5.8,174,1,0,"[120.25, 100.91, 225.22, 227.82]",1,,frame_index_fps_fallback
-UacrmKiTn4_10,5.9,177,1,0,"[119.56, 101.68, 222.4, 231.82]",1,,frame_index_fps_fallback
-UacrmKiTn4_10,6.0,180,1,0,"[117.69, 109.92, 221.47, 240.58]",1,,frame_index_fps_fallback
-UacrmKiTn4_10,6.1,183,1,0,"[117.25, 112.11, 221.38, 245.37]",1,,frame_index_fps_fallback
-UacrmKiTn4_10,6.2,186,1,0,"[116.6, 117.98, 225.11, 258.15]",1,,frame_index_fps_fallback
-UacrmKiTn4_10,6.3,189,1,0,"[117.54, 124.06, 226.45, 261.53]",1,,frame_index_fps_fallback
-UacrmKiTn4_10,6.4,192,1,0,"[119.4, 128.44, 227.87, 266.14]",1,,frame_index_fps_fallback
-UacrmKiTn4_10,6.5,195,1,0,"[124.04, 130.8, 234.97, 269.78]",1,,frame_index_fps_fallback
-UacrmKiTn4_10,6.6,198,1,0,"[128.32, 130.68, 238.87, 270.98]",1,,frame_index_fps_fallback
-UacrmKiTn4_10,6.7,201,1,0,"[131.49, 130.02, 240.98, 268.7]",1,,frame_index_fps_fallback
-UacrmKiTn4_10,6.8,204,1,0,"[131.76, 128.76, 241.86, 267.58]",1,,frame_index_fps_fallback
-UacrmKiTn4_10,6.8999999999999995,207,1,0,"[131.38, 126.0, 241.04, 266.45]",1,,frame_index_fps_fallback
-UacrmKiTn4_10,7.0,210,1,0,"[132.69, 120.47, 240.83, 259.67]",1,,frame_index_fps_fallback
-UacrmKiTn4_10,7.1,213,1,0,"[131.65, 112.74, 239.59, 251.49]",1,,frame_index_fps_fallback
-UacrmKiTn4_10,7.233333333333333,216,1,0,"[132.04, 103.18, 238.49, 241.2]",1,,frame_index_fps_fallback
-UacrmKiTn4_10,7.3,217,1,0,"[132.19, 99.69, 238.2, 237.8]",1,,frame_index_fps_fallback
-UacrmKiTn4_4,0.0,0,1,0,"[133.84, 96.07, 244.75, 230.09]",1,,frame_index_fps_fallback
-UacrmKiTn4_4,0.1,3,1,0,"[133.55, 93.83, 244.95, 230.69]",1,,frame_index_fps_fallback
-UacrmKiTn4_4,0.2,6,1,0,"[133.51, 95.6, 244.14, 230.25]",1,,frame_index_fps_fallback
-UacrmKiTn4_4,0.3,9,1,0,"[133.67, 95.39, 242.48, 225.37]",1,,frame_index_fps_fallback
-UacrmKiTn4_4,0.4,12,1,0,"[134.04, 95.86, 242.04, 220.98]",1,,frame_index_fps_fallback
-UacrmKiTn4_4,0.5,15,1,0,"[135.67, 94.8, 241.82, 219.59]",1,,frame_index_fps_fallback
-UacrmKiTn4_4,0.6,18,1,0,"[136.52, 99.57, 241.24, 226.03]",1,,frame_index_fps_fallback
-UacrmKiTn4_4,0.7,21,1,0,"[137.6, 99.62, 244.43, 231.59]",1,,frame_index_fps_fallback
-UacrmKiTn4_4,0.8,24,1,0,"[140.03, 97.09, 245.94, 231.05]",1,,frame_index_fps_fallback
-UacrmKiTn4_4,0.9,27,1,0,"[140.7, 97.94, 247.76, 232.21]",1,,frame_index_fps_fallback
-UacrmKiTn4_4,1.0,30,1,0,"[143.04, 94.75, 249.99, 231.54]",1,,frame_index_fps_fallback
-UacrmKiTn4_4,1.1,33,1,0,"[144.54, 95.61, 252.18, 232.58]",1,,frame_index_fps_fallback
-UacrmKiTn4_4,1.2,36,1,0,"[146.49, 96.27, 253.66, 230.37]",1,,frame_index_fps_fallback
-UacrmKiTn4_4,1.3,39,1,0,"[147.24, 95.12, 255.29, 225.02]",1,,frame_index_fps_fallback
-UacrmKiTn4_4,1.4,42,1,0,"[147.69, 93.28, 255.71, 220.49]",1,,frame_index_fps_fallback
-UacrmKiTn4_4,1.5,45,1,0,"[146.67, 93.1, 255.37, 222.42]",1,,frame_index_fps_fallback
-UacrmKiTn4_4,1.6,48,1,0,"[146.56, 94.04, 254.34, 222.6]",1,,frame_index_fps_fallback
-UacrmKiTn4_4,1.7,51,1,0,"[146.47, 95.71, 253.55, 228.74]",1,,frame_index_fps_fallback
-UacrmKiTn4_4,1.8,54,1,0,"[146.66, 95.38, 253.83, 224.24]",1,,frame_index_fps_fallback
-UacrmKiTn4_4,1.9,57,1,0,"[147.42, 95.86, 254.49, 225.32]",1,,frame_index_fps_fallback
-UacrmKiTn4_4,2.0,60,1,0,"[146.05, 94.84, 253.08, 225.41]",1,,frame_index_fps_fallback
-UacrmKiTn4_4,2.1,63,1,0,"[142.08, 95.37, 250.62, 226.93]",1,,frame_index_fps_fallback
-UacrmKiTn4_4,2.2,66,1,0,"[141.46, 93.39, 249.67, 232.31]",1,,frame_index_fps_fallback
-UacrmKiTn4_4,2.3,69,1,0,"[144.99, 93.79, 253.4, 232.41]",1,,frame_index_fps_fallback
-UacrmKiTn4_4,2.4,72,1,0,"[147.55, 96.02, 255.89, 230.53]",1,,frame_index_fps_fallback
-UacrmKiTn4_4,2.5,75,1,0,"[147.59, 97.04, 256.14, 233.76]",1,,frame_index_fps_fallback
-UacrmKiTn4_4,2.6,78,1,0,"[145.45, 100.04, 254.49, 237.0]",1,,frame_index_fps_fallback
-UacrmKiTn4_4,2.7,81,1,0,"[145.8, 98.33, 255.16, 233.73]",1,,frame_index_fps_fallback
-UacrmKiTn4_4,2.8,84,1,0,"[146.32, 95.75, 256.48, 233.18]",1,,frame_index_fps_fallback
-UacrmKiTn4_4,2.9,87,1,0,"[149.04, 97.45, 259.14, 234.31]",1,,frame_index_fps_fallback
-UacrmKiTn4_4,3.0,90,1,0,"[147.31, 96.32, 258.53, 233.26]",1,,frame_index_fps_fallback
-UacrmKiTn4_4,3.1,93,1,0,"[144.42, 93.89, 256.87, 235.58]",1,,frame_index_fps_fallback
-UacrmKiTn4_4,3.2,96,1,0,"[145.43, 93.29, 256.69, 238.61]",1,,frame_index_fps_fallback
-UacrmKiTn4_4,3.3,99,1,0,"[147.33, 94.08, 258.85, 234.34]",1,,frame_index_fps_fallback
-UacrmKiTn4_4,3.4,102,1,0,"[148.61, 94.27, 259.89, 232.35]",1,,frame_index_fps_fallback
-UacrmKiTn4_4,3.5,105,1,0,"[151.4, 96.12, 262.13, 236.2]",1,,frame_index_fps_fallback
-UacrmKiTn4_4,3.6,108,1,0,"[153.32, 97.88, 264.63, 235.14]",1,,frame_index_fps_fallback
-UacrmKiTn4_4,3.6999999999999997,111,1,0,"[155.24, 98.66, 264.88, 230.62]",1,,frame_index_fps_fallback
-UacrmKiTn4_4,3.8,114,1,0,"[156.07, 96.41, 264.81, 228.21]",1,,frame_index_fps_fallback
-UacrmKiTn4_4,3.9,117,1,0,"[157.78, 99.04, 263.7, 229.03]",1,,frame_index_fps_fallback
-UacrmKiTn4_4,4.0,120,1,0,"[158.33, 97.58, 266.22, 228.65]",1,,frame_index_fps_fallback
-UacrmKiTn4_4,4.1,123,1,0,"[158.1, 95.61, 265.39, 227.07]",1,,frame_index_fps_fallback
-UacrmKiTn4_4,4.2,126,1,0,"[158.26, 94.91, 264.58, 226.89]",1,,frame_index_fps_fallback
-UacrmKiTn4_4,4.3,129,1,0,"[158.55, 94.96, 264.43, 224.38]",1,,frame_index_fps_fallback
-UacrmKiTn4_4,4.4,132,1,0,"[156.68, 93.27, 263.4, 223.64]",1,,frame_index_fps_fallback
-UacrmKiTn4_4,4.5,135,1,0,"[154.93, 94.04, 262.51, 222.0]",1,,frame_index_fps_fallback
-UacrmKiTn4_4,4.6,138,1,0,"[151.98, 94.71, 259.03, 227.19]",1,,frame_index_fps_fallback
-UacrmKiTn4_4,4.7,141,1,0,"[149.44, 106.86, 257.99, 246.95]",1,,frame_index_fps_fallback
-hnBHBN8p5A_7,0.0,0,0,,,0,no_face_detected,frame_index_fps_fallback
-hnBHBN8p5A_7,0.12512222222222222,3,0,,,0,no_face_detected,frame_index_fps_fallback
-hnBHBN8p5A_7,0.20854444444444445,5,0,,,0,no_face_detected,frame_index_fps_fallback
-hnBHBN8p5A_7,0.33366666666666667,8,0,,,0,no_face_detected,frame_index_fps_fallback
-hnBHBN8p5A_7,0.4170888888888889,10,0,,,0,no_face_detected,frame_index_fps_fallback
-hnBHBN8p5A_7,0.5005000000000001,12,0,,,0,no_face_detected,frame_index_fps_fallback
-hnBHBN8p5A_7,0.6256222222222223,15,0,,,0,no_face_detected,frame_index_fps_fallback
-hnBHBN8p5A_7,0.7090444444444445,17,0,,,0,no_face_detected,frame_index_fps_fallback
-hnBHBN8p5A_7,0.8341666666666667,20,0,,,0,no_face_detected,frame_index_fps_fallback
-hnBHBN8p5A_7,0.9175888888888889,22,1,0,"[612.11, 143.66, 768.52, 318.26]",1,,frame_index_fps_fallback
-hnBHBN8p5A_7,1.0010000000000001,24,0,,,0,no_face_detected,frame_index_fps_fallback
-hnBHBN8p5A_7,1.1261222222222222,27,0,,,0,no_face_detected,frame_index_fps_fallback
-hnBHBN8p5A_7,1.2095444444444445,29,1,0,"[629.26, 141.14, 800.53, 313.16]",1,,frame_index_fps_fallback
-hnBHBN8p5A_7,1.3346666666666667,32,0,,,0,no_face_detected,frame_index_fps_fallback
-hnBHBN8p5A_7,1.418088888888889,34,1,0,"[594.23, 119.07, 800.03, 313.51]",1,,frame_index_fps_fallback
-hnBHBN8p5A_7,1.5015,36,1,0,"[632.56, 134.55, 792.35, 296.76]",1,,frame_index_fps_fallback
-hnBHBN8p5A_7,1.6266222222222222,39,0,,,0,no_face_detected,frame_index_fps_fallback
-hnBHBN8p5A_7,1.7100444444444445,41,0,,,0,no_face_detected,frame_index_fps_fallback
-hnBHBN8p5A_7,1.8351666666666668,44,0,,,0,no_face_detected,frame_index_fps_fallback
-hnBHBN8p5A_7,1.918588888888889,46,0,,,0,no_face_detected,frame_index_fps_fallback
-hnBHBN8p5A_7,2.0020000000000002,48,1,0,"[632.78, 136.73, 796.56, 303.71]",1,,frame_index_fps_fallback
-hnBHBN8p5A_7,2.1271222222222224,51,0,,,0,no_face_detected,frame_index_fps_fallback
-hnBHBN8p5A_7,2.2105444444444444,53,0,,,0,no_face_detected,frame_index_fps_fallback
-hnBHBN8p5A_7,2.3356666666666666,56,0,,,0,no_face_detected,frame_index_fps_fallback
-hnBHBN8p5A_7,2.419088888888889,58,0,,,0,no_face_detected,frame_index_fps_fallback
-hnBHBN8p5A_7,2.5025,60,1,0,"[630.2, 129.04, 783.43, 299.74]",1,,frame_index_fps_fallback
-hnBHBN8p5A_7,2.6276222222222225,63,0,,,0,no_face_detected,frame_index_fps_fallback
-hnBHBN8p5A_7,2.7110444444444446,65,0,,,0,no_face_detected,frame_index_fps_fallback
-hnBHBN8p5A_7,2.8361666666666667,68,0,,,0,no_face_detected,frame_index_fps_fallback
-hnBHBN8p5A_7,2.9195888888888892,70,0,,,0,no_face_detected,frame_index_fps_fallback
-hnBHBN8p5A_7,3.003,72,1,0,"[616.36, 128.18, 771.46, 304.3]",1,,frame_index_fps_fallback
-hnBHBN8p5A_7,3.1281222222222222,75,0,,,0,no_face_detected,frame_index_fps_fallback
-hnBHBN8p5A_7,3.2115444444444448,77,0,,,0,no_face_detected,frame_index_fps_fallback
-hnBHBN8p5A_7,3.336666666666667,80,0,,,0,no_face_detected,frame_index_fps_fallback
-hnBHBN8p5A_7,3.420088888888889,82,0,,,0,no_face_detected,frame_index_fps_fallback
-hnBHBN8p5A_7,3.5035000000000003,84,0,,,0,no_face_detected,frame_index_fps_fallback
-hnBHBN8p5A_7,3.6286222222222224,87,0,,,0,no_face_detected,frame_index_fps_fallback
-hnBHBN8p5A_7,3.712044444444445,89,0,,,0,no_face_detected,frame_index_fps_fallback
-hnBHBN8p5A_7,3.837166666666667,92,0,,,0,no_face_detected,frame_index_fps_fallback
-hnBHBN8p5A_7,3.920588888888889,94,0,,,0,no_face_detected,frame_index_fps_fallback
-hnBHBN8p5A_7,4.0040000000000004,96,0,,,0,no_face_detected,frame_index_fps_fallback
-hnBHBN8p5A_7,4.129122222222223,99,0,,,0,no_face_detected,frame_index_fps_fallback
-hnBHBN8p5A_7,4.212544444444444,101,0,,,0,no_face_detected,frame_index_fps_fallback
-hnBHBN8p5A_7,4.337666666666667,104,0,,,0,no_face_detected,frame_index_fps_fallback
-hnBHBN8p5A_7,4.421088888888889,106,0,,,0,no_face_detected,frame_index_fps_fallback
-hnBHBN8p5A_7,4.5045,108,0,,,0,no_face_detected,frame_index_fps_fallback
-hnBHBN8p5A_7,4.629622222222222,111,0,,,0,no_face_detected,frame_index_fps_fallback
-hnBHBN8p5A_7,4.713044444444445,113,0,,,0,no_face_detected,frame_index_fps_fallback
-hnBHBN8p5A_7,4.838166666666667,116,0,,,0,no_face_detected,frame_index_fps_fallback
-hnBHBN8p5A_7,4.9215888888888895,118,0,,,0,no_face_detected,frame_index_fps_fallback
-hnBHBN8p5A_7,5.005,120,0,,,0,no_face_detected,frame_index_fps_fallback
-hnBHBN8p5A_7,5.130122222222222,123,0,,,0,no_face_detected,frame_index_fps_fallback
-hnBHBN8p5A_7,5.2135444444444445,125,0,,,0,no_face_detected,frame_index_fps_fallback
-hnBHBN8p5A_7,5.338666666666667,128,0,,,0,no_face_detected,frame_index_fps_fallback
-hnBHBN8p5A_7,5.422088888888889,130,0,,,0,no_face_detected,frame_index_fps_fallback
-hnBHBN8p5A_7,5.5055000000000005,132,0,,,0,no_face_detected,frame_index_fps_fallback
-hnBHBN8p5A_7,5.630622222222223,135,0,,,0,no_face_detected,frame_index_fps_fallback
-hnBHBN8p5A_7,5.714044444444445,137,0,,,0,no_face_detected,frame_index_fps_fallback
-hnBHBN8p5A_7,5.839166666666667,140,0,,,0,no_face_detected,frame_index_fps_fallback
-hnBHBN8p5A_7,5.922588888888889,142,0,,,0,no_face_detected,frame_index_fps_fallback
-hnBHBN8p5A_7,6.006,144,0,,,0,no_face_detected,frame_index_fps_fallback
-hnBHBN8p5A_7,6.131122222222222,147,0,,,0,no_face_detected,frame_index_fps_fallback
-hnBHBN8p5A_7,6.214544444444445,149,0,,,0,no_face_detected,frame_index_fps_fallback
-hnBHBN8p5A_7,6.339666666666667,152,0,,,0,no_face_detected,frame_index_fps_fallback
-hnBHBN8p5A_7,6.4230888888888895,154,0,,,0,no_face_detected,frame_index_fps_fallback
-hnBHBN8p5A_7,6.5065,156,0,,,0,no_face_detected,frame_index_fps_fallback
-hnBHBN8p5A_7,6.631622222222223,159,0,,,0,no_face_detected,frame_index_fps_fallback
-hnBHBN8p5A_7,6.715044444444445,161,0,,,0,no_face_detected,frame_index_fps_fallback
-hnBHBN8p5A_7,6.840166666666667,164,0,,,0,no_face_detected,frame_index_fps_fallback
-hnBHBN8p5A_7,6.923588888888889,166,0,,,0,no_face_detected,frame_index_fps_fallback
-hnBHBN8p5A_7,7.007000000000001,168,0,,,0,no_face_detected,frame_index_fps_fallback
-hnBHBN8p5A_7,7.132122222222223,171,0,,,0,no_face_detected,frame_index_fps_fallback
-hnBHBN8p5A_7,7.215544444444445,173,0,,,0,no_face_detected,frame_index_fps_fallback
-hnBHBN8p5A_6,0.0,0,0,,,0,no_face_detected,frame_index_fps_fallback
-hnBHBN8p5A_6,0.12512222222222222,3,1,0,"[807.09, 111.15, 940.79, 293.3]",1,,frame_index_fps_fallback
-hnBHBN8p5A_6,0.20854444444444445,5,1,0,"[824.7, 121.96, 944.56, 287.96]",1,,frame_index_fps_fallback
-hnBHBN8p5A_6,0.33366666666666667,8,0,,,0,no_face_detected,frame_index_fps_fallback
-hnBHBN8p5A_6,0.4170777777777778,10,0,,,0,no_face_detected,frame_index_fps_fallback
-hnBHBN8p5A_6,0.5005000000000001,12,0,,,0,no_face_detected,frame_index_fps_fallback
-hnBHBN8p5A_6,0.6256222222222223,15,0,,,0,no_face_detected,frame_index_fps_fallback
-hnBHBN8p5A_6,0.7090444444444445,17,0,,,0,no_face_detected,frame_index_fps_fallback
-hnBHBN8p5A_6,0.8341666666666667,20,1,0,"[748.81, 123.19, 888.61, 301.65]",1,,frame_index_fps_fallback
-hnBHBN8p5A_6,0.9175777777777778,22,0,,,0,no_face_detected,frame_index_fps_fallback
-hnBHBN8p5A_6,1.0010000000000001,24,0,,,0,no_face_detected,frame_index_fps_fallback
-hnBHBN8p5A_6,1.1261222222222222,27,0,,,0,no_face_detected,frame_index_fps_fallback
-hnBHBN8p5A_6,1.2095444444444445,29,0,,,0,no_face_detected,frame_index_fps_fallback
-hnBHBN8p5A_6,1.3346666666666667,32,0,,,0,no_face_detected,frame_index_fps_fallback
-hnBHBN8p5A_6,1.4180777777777778,34,0,,,0,no_face_detected,frame_index_fps_fallback
-hnBHBN8p5A_6,1.5015,36,0,,,0,no_face_detected,frame_index_fps_fallback
-hnBHBN8p5A_6,1.6266222222222222,39,0,,,0,no_face_detected,frame_index_fps_fallback
-hnBHBN8p5A_6,1.7100444444444445,41,1,0,"[507.58, 126.58, 635.24, 309.38]",1,,frame_index_fps_fallback
-hnBHBN8p5A_6,1.8351666666666668,44,1,0,"[501.94, 134.21, 619.53, 294.85]",1,,frame_index_fps_fallback
-hnBHBN8p5A_6,1.918577777777778,46,1,0,"[504.97, 136.73, 636.39, 302.89]",1,,frame_index_fps_fallback
-hnBHBN8p5A_6,2.0020000000000002,48,0,,,0,no_face_detected,frame_index_fps_fallback
-hnBHBN8p5A_6,2.1271222222222224,51,1,0,"[524.27, 135.22, 655.48, 297.38]",1,,frame_index_fps_fallback
-hnBHBN8p5A_6,2.2105444444444444,53,1,0,"[530.71, 138.29, 670.34, 305.21]",1,,frame_index_fps_fallback
-hnBHBN8p5A_6,2.3356666666666666,56,1,0,"[551.54, 135.67, 685.64, 303.54]",1,,frame_index_fps_fallback
-hnBHBN8p5A_6,2.419077777777778,58,1,0,"[546.15, 110.44, 697.24, 300.31]",1,,frame_index_fps_fallback
-hnBHBN8p5A_6,2.5025,60,0,,,0,no_face_detected,frame_index_fps_fallback
-hnBHBN8p5A_6,2.6276222222222225,63,0,,,0,no_face_detected,frame_index_fps_fallback
-hnBHBN8p5A_6,2.7110444444444446,65,0,,,0,no_face_detected,frame_index_fps_fallback
-hnBHBN8p5A_6,2.8361666666666667,68,0,,,0,no_face_detected,frame_index_fps_fallback
-hnBHBN8p5A_6,2.919577777777778,70,0,,,0,no_face_detected,frame_index_fps_fallback
-hnBHBN8p5A_6,3.003,72,0,,,0,no_face_detected,frame_index_fps_fallback
-hnBHBN8p5A_6,3.1281222222222222,75,0,,,0,no_face_detected,frame_index_fps_fallback
-hnBHBN8p5A_6,3.2115444444444448,77,0,,,0,no_face_detected,frame_index_fps_fallback
-hnBHBN8p5A_6,3.336666666666667,80,0,,,0,no_face_detected,frame_index_fps_fallback
-hnBHBN8p5A_6,3.4200777777777778,82,0,,,0,no_face_detected,frame_index_fps_fallback
-hnBHBN8p5A_6,3.5035000000000003,84,0,,,0,no_face_detected,frame_index_fps_fallback
-hnBHBN8p5A_6,3.6286222222222224,87,0,,,0,no_face_detected,frame_index_fps_fallback
-hnBHBN8p5A_6,3.712044444444445,89,0,,,0,no_face_detected,frame_index_fps_fallback
-hnBHBN8p5A_6,3.837166666666667,92,0,,,0,no_face_detected,frame_index_fps_fallback
-hnBHBN8p5A_6,3.920577777777778,94,0,,,0,no_face_detected,frame_index_fps_fallback
-hnBHBN8p5A_6,4.0040000000000004,96,0,,,0,no_face_detected,frame_index_fps_fallback
-hnBHBN8p5A_6,4.129122222222223,99,0,,,0,no_face_detected,frame_index_fps_fallback
-hnBHBN8p5A_6,4.212544444444444,101,0,,,0,no_face_detected,frame_index_fps_fallback
-hnBHBN8p5A_6,4.337666666666667,104,0,,,0,no_face_detected,frame_index_fps_fallback
-hnBHBN8p5A_6,4.421077777777778,106,0,,,0,no_face_detected,frame_index_fps_fallback
-hnBHBN8p5A_6,4.5045,108,0,,,0,no_face_detected,frame_index_fps_fallback
-hnBHBN8p5A_6,4.629622222222222,111,0,,,0,no_face_detected,frame_index_fps_fallback
-hnBHBN8p5A_6,4.713044444444445,113,0,,,0,no_face_detected,frame_index_fps_fallback
-hnBHBN8p5A_6,4.838166666666667,116,0,,,0,no_face_detected,frame_index_fps_fallback
-hnBHBN8p5A_6,4.921577777777778,118,0,,,0,no_face_detected,frame_index_fps_fallback
-hnBHBN8p5A_6,5.005,120,0,,,0,no_face_detected,frame_index_fps_fallback
-hnBHBN8p5A_6,5.130122222222222,123,0,,,0,no_face_detected,frame_index_fps_fallback
-hnBHBN8p5A_6,5.2135444444444445,125,0,,,0,no_face_detected,frame_index_fps_fallback
-hnBHBN8p5A_6,5.338666666666667,128,0,,,0,no_face_detected,frame_index_fps_fallback
-hnBHBN8p5A_6,5.422077777777778,130,0,,,0,no_face_detected,frame_index_fps_fallback
-hnBHBN8p5A_6,5.5055000000000005,132,0,,,0,no_face_detected,frame_index_fps_fallback
-hnBHBN8p5A_6,5.630622222222223,135,0,,,0,no_face_detected,frame_index_fps_fallback
-hnBHBN8p5A_6,5.714044444444445,137,0,,,0,no_face_detected,frame_index_fps_fallback
-hnBHBN8p5A_6,5.839166666666667,140,0,,,0,no_face_detected,frame_index_fps_fallback
-hnBHBN8p5A_6,5.922577777777778,142,0,,,0,no_face_detected,frame_index_fps_fallback
-hnBHBN8p5A_6,6.006,144,0,,,0,no_face_detected,frame_index_fps_fallback
-hnBHBN8p5A_6,6.131122222222222,147,0,,,0,no_face_detected,frame_index_fps_fallback
-hnBHBN8p5A_6,6.214544444444445,149,0,,,0,no_face_detected,frame_index_fps_fallback
-hnBHBN8p5A_6,6.339666666666667,152,0,,,0,no_face_detected,frame_index_fps_fallback
-qDkUB0GgYY_6,0.0,0,1,0,"[117.58, 75.02, 258.5, 245.19]",1,,frame_index_fps_fallback
-qDkUB0GgYY_6,0.1,3,1,0,"[118.68, 74.76, 259.0, 244.1]",1,,frame_index_fps_fallback
-qDkUB0GgYY_6,0.2,6,1,0,"[118.47, 76.26, 259.24, 245.41]",1,,frame_index_fps_fallback
-qDkUB0GgYY_6,0.3,9,1,0,"[117.51, 75.66, 259.77, 246.29]",1,,frame_index_fps_fallback
-qDkUB0GgYY_6,0.4,12,1,0,"[118.53, 76.33, 259.28, 244.74]",1,,frame_index_fps_fallback
-qDkUB0GgYY_6,0.5,15,1,0,"[120.51, 74.45, 260.78, 245.72]",1,,frame_index_fps_fallback
-qDkUB0GgYY_6,0.6,18,1,0,"[122.2, 74.12, 262.1, 249.33]",1,,frame_index_fps_fallback
-qDkUB0GgYY_6,0.7,21,1,0,"[121.3, 80.07, 262.01, 249.69]",1,,frame_index_fps_fallback
-qDkUB0GgYY_6,0.8,24,1,0,"[120.57, 85.36, 261.91, 252.34]",1,,frame_index_fps_fallback
-qDkUB0GgYY_6,0.9,27,1,0,"[120.73, 79.59, 262.86, 247.47]",1,,frame_index_fps_fallback
-qDkUB0GgYY_6,1.0,30,1,0,"[121.45, 76.94, 262.63, 246.82]",1,,frame_index_fps_fallback
-qDkUB0GgYY_6,1.1,33,1,0,"[120.01, 78.55, 262.14, 244.8]",1,,frame_index_fps_fallback
-qDkUB0GgYY_6,1.2,36,1,0,"[121.23, 80.22, 262.99, 248.73]",1,,frame_index_fps_fallback
-qDkUB0GgYY_6,1.3,39,1,0,"[122.54, 79.0, 263.35, 247.83]",1,,frame_index_fps_fallback
-qDkUB0GgYY_6,1.4,42,1,0,"[123.3, 78.75, 262.95, 246.38]",1,,frame_index_fps_fallback
-qDkUB0GgYY_6,1.5,45,1,0,"[123.25, 84.22, 262.07, 246.04]",1,,frame_index_fps_fallback
-qDkUB0GgYY_6,1.6,48,1,0,"[124.4, 85.15, 261.51, 244.25]",1,,frame_index_fps_fallback
-qDkUB0GgYY_6,1.7,51,1,0,"[124.18, 85.38, 261.5, 242.43]",1,,frame_index_fps_fallback
-qDkUB0GgYY_6,1.8,54,1,0,"[122.41, 79.33, 262.46, 244.0]",1,,frame_index_fps_fallback
-qDkUB0GgYY_6,1.9,57,1,0,"[123.08, 76.99, 263.14, 246.42]",1,,frame_index_fps_fallback
-qDkUB0GgYY_6,2.0,60,1,0,"[123.19, 76.79, 263.3, 251.51]",1,,frame_index_fps_fallback
-qDkUB0GgYY_6,2.1,63,1,0,"[122.96, 76.51, 262.9, 251.15]",1,,frame_index_fps_fallback
-qDkUB0GgYY_6,2.2,66,1,0,"[121.95, 73.71, 262.54, 249.58]",1,,frame_index_fps_fallback
-qDkUB0GgYY_6,2.3,69,1,0,"[122.85, 74.66, 262.5, 251.71]",1,,frame_index_fps_fallback
-qDkUB0GgYY_6,2.4,72,1,0,"[121.3, 72.22, 261.52, 249.17]",1,,frame_index_fps_fallback
-qDkUB0GgYY_6,2.5,75,1,0,"[118.83, 71.81, 259.95, 248.09]",1,,frame_index_fps_fallback
-qDkUB0GgYY_6,2.6,78,1,0,"[118.98, 81.72, 258.64, 246.36]",1,,frame_index_fps_fallback
-qDkUB0GgYY_6,2.7,81,1,0,"[119.07, 86.07, 258.3, 251.98]",1,,frame_index_fps_fallback
-qDkUB0GgYY_6,2.8,84,1,0,"[117.5, 84.99, 258.47, 251.35]",1,,frame_index_fps_fallback
-qDkUB0GgYY_6,2.9,87,1,0,"[118.96, 83.32, 258.96, 249.12]",1,,frame_index_fps_fallback
-qDkUB0GgYY_6,3.0,90,1,0,"[119.61, 83.01, 260.37, 249.44]",1,,frame_index_fps_fallback
-qDkUB0GgYY_6,3.1,93,1,0,"[121.33, 82.73, 260.72, 251.02]",1,,frame_index_fps_fallback
-qDkUB0GgYY_6,3.2,96,1,0,"[121.2, 82.07, 260.62, 246.87]",1,,frame_index_fps_fallback
-qDkUB0GgYY_6,3.3,99,1,0,"[121.57, 81.27, 261.1, 244.91]",1,,frame_index_fps_fallback
-qDkUB0GgYY_6,3.4,102,1,0,"[122.08, 81.31, 261.49, 247.95]",1,,frame_index_fps_fallback
-qDkUB0GgYY_6,3.5,105,1,0,"[122.07, 80.59, 260.67, 246.4]",1,,frame_index_fps_fallback
-qDkUB0GgYY_6,3.6,108,1,0,"[122.78, 80.13, 260.69, 246.14]",1,,frame_index_fps_fallback
-qDkUB0GgYY_6,3.6999999999999997,111,1,0,"[123.47, 78.79, 261.18, 245.46]",1,,frame_index_fps_fallback
-qDkUB0GgYY_6,3.8,114,1,0,"[123.61, 77.41, 264.41, 252.32]",1,,frame_index_fps_fallback
-qDkUB0GgYY_6,3.9,117,1,0,"[122.69, 79.16, 263.17, 252.96]",1,,frame_index_fps_fallback
-qDkUB0GgYY_6,4.0,120,1,0,"[122.37, 75.87, 263.7, 249.16]",1,,frame_index_fps_fallback
-qDkUB0GgYY_6,4.1,123,1,0,"[122.4, 70.31, 264.2, 244.06]",1,,frame_index_fps_fallback
-qDkUB0GgYY_6,4.2,126,1,0,"[122.69, 67.51, 264.24, 240.77]",1,,frame_index_fps_fallback
-qDkUB0GgYY_6,4.3,129,1,0,"[124.24, 70.44, 264.7, 241.29]",1,,frame_index_fps_fallback
-qDkUB0GgYY_6,4.4,132,1,0,"[125.93, 79.57, 263.08, 243.63]",1,,frame_index_fps_fallback
-qDkUB0GgYY_6,4.5,135,1,0,"[125.51, 88.07, 264.56, 251.11]",1,,frame_index_fps_fallback
-qDkUB0GgYY_6,4.6,138,1,0,"[123.04, 92.7, 262.55, 264.79]",1,,frame_index_fps_fallback
-uywlfIYOS8_4,0.0,0,1,0,"[74.91, 68.2, 153.57, 164.99]",1,,frame_index_fps_fallback
-uywlfIYOS8_4,0.1,3,1,0,"[75.43, 64.26, 153.6, 160.16]",1,,frame_index_fps_fallback
-uywlfIYOS8_4,0.2,6,1,0,"[74.58, 63.79, 153.2, 159.96]",1,,frame_index_fps_fallback
-uywlfIYOS8_4,0.3,9,1,0,"[75.28, 64.09, 153.48, 158.64]",1,,frame_index_fps_fallback
-uywlfIYOS8_4,0.4,12,1,0,"[75.32, 63.89, 153.4, 158.6]",1,,frame_index_fps_fallback
-uywlfIYOS8_4,0.5,15,1,0,"[78.5, 62.54, 155.22, 155.28]",1,,frame_index_fps_fallback
-uywlfIYOS8_4,0.6,18,1,0,"[80.83, 63.11, 157.28, 151.63]",1,,frame_index_fps_fallback
-uywlfIYOS8_4,0.7,21,1,0,"[81.57, 63.95, 159.1, 153.67]",1,,frame_index_fps_fallback
-uywlfIYOS8_4,0.8,24,1,0,"[83.35, 62.44, 159.88, 151.46]",1,,frame_index_fps_fallback
-uywlfIYOS8_4,0.9,27,1,0,"[83.39, 62.25, 160.59, 152.54]",1,,frame_index_fps_fallback
-uywlfIYOS8_4,1.0,30,1,0,"[84.48, 61.14, 161.59, 150.16]",1,,frame_index_fps_fallback
-uywlfIYOS8_4,1.1,33,1,0,"[85.52, 62.11, 163.12, 151.65]",1,,frame_index_fps_fallback
-uywlfIYOS8_4,1.2,36,1,0,"[88.36, 64.66, 165.82, 154.86]",1,,frame_index_fps_fallback
-uywlfIYOS8_4,1.3,39,1,0,"[90.01, 65.99, 166.53, 156.08]",1,,frame_index_fps_fallback
-uywlfIYOS8_4,1.4,42,1,0,"[90.15, 65.28, 166.34, 158.39]",1,,frame_index_fps_fallback
-uywlfIYOS8_4,1.5,45,1,0,"[91.29, 70.74, 167.28, 163.81]",1,,frame_index_fps_fallback
-uywlfIYOS8_4,1.6,48,1,0,"[92.36, 70.03, 169.42, 164.46]",1,,frame_index_fps_fallback
-uywlfIYOS8_4,1.7,51,1,0,"[92.29, 75.42, 168.38, 165.92]",1,,frame_index_fps_fallback
-uywlfIYOS8_4,1.8,54,1,0,"[90.89, 75.65, 169.05, 167.19]",1,,frame_index_fps_fallback
-uywlfIYOS8_4,1.9,57,1,0,"[90.64, 72.21, 168.77, 167.72]",1,,frame_index_fps_fallback
-uywlfIYOS8_4,2.0,60,1,0,"[88.61, 69.67, 165.53, 162.52]",1,,frame_index_fps_fallback
-uywlfIYOS8_4,2.1,63,1,0,"[85.31, 69.62, 162.65, 164.06]",1,,frame_index_fps_fallback
-uywlfIYOS8_4,2.2,66,1,0,"[80.11, 68.8, 158.79, 163.36]",1,,frame_index_fps_fallback
-uywlfIYOS8_4,2.3,69,1,0,"[78.21, 64.49, 156.33, 159.18]",1,,frame_index_fps_fallback
-uywlfIYOS8_4,2.4,72,1,0,"[81.16, 61.68, 157.88, 153.93]",1,,frame_index_fps_fallback
-uywlfIYOS8_4,2.5,75,1,0,"[83.4, 60.77, 160.12, 152.65]",1,,frame_index_fps_fallback
-uywlfIYOS8_4,2.6,78,1,0,"[85.33, 59.74, 162.92, 151.31]",1,,frame_index_fps_fallback
-uywlfIYOS8_4,2.7,81,1,0,"[86.71, 61.23, 166.29, 152.51]",1,,frame_index_fps_fallback
-uywlfIYOS8_4,2.8,84,1,0,"[89.74, 65.68, 170.03, 154.93]",1,,frame_index_fps_fallback
-uywlfIYOS8_4,2.9,87,1,0,"[91.39, 68.46, 172.55, 159.55]",1,,frame_index_fps_fallback
-uywlfIYOS8_4,3.0,90,1,0,"[92.54, 67.73, 173.04, 156.68]",1,,frame_index_fps_fallback
-uywlfIYOS8_4,3.1,93,1,0,"[94.13, 68.66, 176.27, 157.95]",1,,frame_index_fps_fallback
-uywlfIYOS8_4,3.2,96,1,0,"[96.29, 72.28, 179.08, 161.83]",1,,frame_index_fps_fallback
-uywlfIYOS8_4,3.3,99,1,0,"[97.75, 68.79, 180.21, 159.47]",1,,frame_index_fps_fallback
-uywlfIYOS8_4,3.4,102,1,0,"[98.02, 71.77, 180.02, 159.66]",1,,frame_index_fps_fallback
-uywlfIYOS8_4,3.5,105,1,0,"[99.79, 66.99, 179.67, 157.67]",1,,frame_index_fps_fallback
-uywlfIYOS8_4,3.6,108,1,0,"[100.33, 66.29, 180.18, 155.16]",1,,frame_index_fps_fallback
-uywlfIYOS8_4,3.6999999999999997,111,1,0,"[100.67, 68.46, 180.93, 156.88]",1,,frame_index_fps_fallback
-uywlfIYOS8_4,3.8,114,1,0,"[101.93, 69.81, 182.12, 158.69]",1,,frame_index_fps_fallback
-uywlfIYOS8_4,3.9,117,1,0,"[102.85, 68.2, 182.16, 157.28]",1,,frame_index_fps_fallback
-uywlfIYOS8_4,4.0,120,1,0,"[99.34, 71.1, 181.14, 162.68]",1,,frame_index_fps_fallback
-uywlfIYOS8_4,4.1,123,1,0,"[98.98, 72.98, 180.81, 160.79]",1,,frame_index_fps_fallback
-uywlfIYOS8_4,4.2,126,1,0,"[99.83, 70.98, 180.43, 158.23]",1,,frame_index_fps_fallback
-uywlfIYOS8_4,4.3,129,1,0,"[100.2, 66.8, 178.32, 155.32]",1,,frame_index_fps_fallback
-uywlfIYOS8_4,4.4,132,1,0,"[96.78, 71.72, 178.18, 159.09]",1,,frame_index_fps_fallback
-uywlfIYOS8_4,4.5,135,1,0,"[100.83, 69.95, 179.0, 156.41]",1,,frame_index_fps_fallback
-uywlfIYOS8_4,4.6,138,1,0,"[99.42, 65.43, 178.63, 155.46]",1,,frame_index_fps_fallback
-uywlfIYOS8_4,4.7,141,1,0,"[98.01, 68.35, 177.43, 159.15]",1,,frame_index_fps_fallback
-uywlfIYOS8_4,4.8,144,1,0,"[97.03, 75.44, 178.26, 165.3]",1,,frame_index_fps_fallback
-uywlfIYOS8_4,4.9,147,1,0,"[98.82, 70.42, 179.52, 161.92]",1,,frame_index_fps_fallback
-uywlfIYOS8_4,5.0,150,1,0,"[97.85, 73.96, 178.7, 164.45]",1,,frame_index_fps_fallback
-uywlfIYOS8_4,5.1,153,1,0,"[97.18, 74.75, 179.37, 166.61]",1,,frame_index_fps_fallback
-uywlfIYOS8_4,5.2,156,1,0,"[96.76, 74.71, 178.77, 166.41]",1,,frame_index_fps_fallback
-uywlfIYOS8_4,5.3,159,1,0,"[97.26, 74.06, 177.92, 165.07]",1,,frame_index_fps_fallback
-uywlfIYOS8_4,5.4,162,1,0,"[95.81, 74.74, 176.64, 165.85]",1,,frame_index_fps_fallback
-uywlfIYOS8_4,5.5,165,1,0,"[97.47, 75.63, 175.68, 164.51]",1,,frame_index_fps_fallback
-uywlfIYOS8_4,5.6,168,1,0,"[96.39, 70.18, 174.76, 163.39]",1,,frame_index_fps_fallback
-uywlfIYOS8_4,5.7,171,1,0,"[96.16, 67.4, 173.67, 158.63]",1,,frame_index_fps_fallback
-uywlfIYOS8_4,5.8,174,1,0,"[95.78, 65.16, 173.07, 156.65]",1,,frame_index_fps_fallback
-uywlfIYOS8_4,5.933333333333334,177,1,0,"[95.06, 62.76, 171.16, 153.43]",1,,frame_index_fps_fallback
-uywlfIYOS8_4,6.0,178,1,0,"[94.78, 63.86, 171.1, 153.9]",1,,frame_index_fps_fallback
-6rXp3zJ3kc_8,0.0,0,1,0,"[173.32, 49.71, 251.03, 138.55]",1,,frame_index_fps_fallback
-6rXp3zJ3kc_8,0.1,3,1,0,"[171.33, 49.69, 248.83, 138.45]",1,,frame_index_fps_fallback
-6rXp3zJ3kc_8,0.2,6,1,0,"[169.82, 49.85, 247.43, 139.01]",1,,frame_index_fps_fallback
-6rXp3zJ3kc_8,0.3,9,1,0,"[169.45, 49.86, 246.69, 139.94]",1,,frame_index_fps_fallback
-6rXp3zJ3kc_8,0.4,12,1,0,"[168.17, 48.93, 246.77, 138.77]",1,,frame_index_fps_fallback
-6rXp3zJ3kc_8,0.5,15,1,0,"[168.08, 48.73, 247.15, 138.85]",1,,frame_index_fps_fallback
-6rXp3zJ3kc_8,0.6,18,1,0,"[170.61, 51.38, 247.61, 140.24]",1,,frame_index_fps_fallback
-6rXp3zJ3kc_8,0.7,21,1,0,"[172.29, 51.83, 249.37, 139.09]",1,,frame_index_fps_fallback
-6rXp3zJ3kc_8,0.8,24,1,0,"[174.16, 52.3, 251.46, 139.2]",1,,frame_index_fps_fallback
-6rXp3zJ3kc_8,0.9,27,1,0,"[175.91, 51.06, 253.82, 137.83]",1,,frame_index_fps_fallback
-6rXp3zJ3kc_8,1.0,30,1,0,"[176.81, 51.0, 254.39, 137.74]",1,,frame_index_fps_fallback
-6rXp3zJ3kc_8,1.1,33,1,0,"[176.66, 50.53, 254.81, 136.73]",1,,frame_index_fps_fallback
-6rXp3zJ3kc_8,1.2,36,1,0,"[176.04, 51.18, 254.23, 136.22]",1,,frame_index_fps_fallback
-6rXp3zJ3kc_8,1.3,39,1,0,"[175.74, 51.29, 253.85, 137.41]",1,,frame_index_fps_fallback
-6rXp3zJ3kc_8,1.4,42,1,0,"[175.07, 50.32, 253.56, 139.68]",1,,frame_index_fps_fallback
-6rXp3zJ3kc_8,1.5,45,1,0,"[174.81, 50.58, 253.27, 139.15]",1,,frame_index_fps_fallback
-6rXp3zJ3kc_8,1.6,48,1,0,"[175.04, 51.19, 253.68, 137.66]",1,,frame_index_fps_fallback
-6rXp3zJ3kc_8,1.7,51,1,0,"[175.4, 51.04, 253.84, 137.08]",1,,frame_index_fps_fallback
-6rXp3zJ3kc_8,1.8,54,1,0,"[175.53, 52.07, 253.42, 137.21]",1,,frame_index_fps_fallback
-6rXp3zJ3kc_8,1.9,57,1,0,"[175.18, 51.46, 253.45, 138.01]",1,,frame_index_fps_fallback
-6rXp3zJ3kc_8,2.0,60,1,0,"[174.7, 51.45, 252.89, 138.69]",1,,frame_index_fps_fallback
-6rXp3zJ3kc_8,2.1,63,1,0,"[174.64, 51.01, 253.33, 138.69]",1,,frame_index_fps_fallback
-6rXp3zJ3kc_8,2.2,66,1,0,"[174.89, 51.26, 253.07, 136.85]",1,,frame_index_fps_fallback
-6rXp3zJ3kc_8,2.3,69,1,0,"[174.52, 51.35, 252.81, 136.58]",1,,frame_index_fps_fallback
-6rXp3zJ3kc_8,2.4,72,1,0,"[173.24, 50.71, 251.62, 138.03]",1,,frame_index_fps_fallback
-6rXp3zJ3kc_8,2.5,75,1,0,"[172.69, 50.97, 250.41, 138.29]",1,,frame_index_fps_fallback
-6rXp3zJ3kc_8,2.6,78,1,0,"[171.44, 49.5, 249.27, 138.11]",1,,frame_index_fps_fallback
-6rXp3zJ3kc_8,2.7,81,1,0,"[171.03, 49.46, 248.68, 137.75]",1,,frame_index_fps_fallback
-6rXp3zJ3kc_8,2.8,84,1,0,"[170.69, 49.17, 248.58, 136.82]",1,,frame_index_fps_fallback
-6rXp3zJ3kc_8,2.9,87,1,0,"[171.11, 49.91, 248.85, 139.38]",1,,frame_index_fps_fallback
-6rXp3zJ3kc_8,3.0,90,1,0,"[171.36, 50.19, 248.34, 139.7]",1,,frame_index_fps_fallback
-6rXp3zJ3kc_8,3.1,93,1,0,"[171.23, 50.19, 248.49, 137.35]",1,,frame_index_fps_fallback
-6rXp3zJ3kc_8,3.2,96,1,0,"[171.48, 50.65, 249.44, 137.38]",1,,frame_index_fps_fallback
-6rXp3zJ3kc_8,3.3,99,1,0,"[171.82, 50.24, 250.95, 138.98]",1,,frame_index_fps_fallback
-6rXp3zJ3kc_8,3.4,102,1,0,"[172.52, 52.6, 250.06, 140.18]",1,,frame_index_fps_fallback
-6rXp3zJ3kc_8,3.5,105,1,0,"[171.74, 51.07, 249.56, 139.09]",1,,frame_index_fps_fallback
-6rXp3zJ3kc_8,3.6,108,1,0,"[171.56, 50.47, 249.65, 139.93]",1,,frame_index_fps_fallback
-6rXp3zJ3kc_8,3.6999999999999997,111,1,0,"[171.29, 49.81, 249.76, 141.85]",1,,frame_index_fps_fallback
-6rXp3zJ3kc_8,3.8,114,1,0,"[171.12, 50.0, 250.21, 141.1]",1,,frame_index_fps_fallback
-6rXp3zJ3kc_8,3.9,117,1,0,"[171.63, 49.81, 250.13, 138.43]",1,,frame_index_fps_fallback
-6rXp3zJ3kc_8,4.0,120,1,0,"[171.83, 50.55, 249.85, 138.93]",1,,frame_index_fps_fallback
-6rXp3zJ3kc_8,4.1,123,1,0,"[171.23, 50.08, 249.66, 139.42]",1,,frame_index_fps_fallback
-6rXp3zJ3kc_8,4.2,126,1,0,"[170.89, 49.53, 249.59, 138.48]",1,,frame_index_fps_fallback
-6rXp3zJ3kc_8,4.3,129,1,0,"[170.42, 49.65, 249.41, 138.19]",1,,frame_index_fps_fallback
-6rXp3zJ3kc_8,4.4,132,1,0,"[170.33, 50.16, 248.99, 140.7]",1,,frame_index_fps_fallback
-6rXp3zJ3kc_8,4.5,135,1,0,"[170.8, 49.62, 249.36, 139.49]",1,,frame_index_fps_fallback
-6rXp3zJ3kc_8,4.6,138,1,0,"[171.4, 50.24, 249.31, 140.39]",1,,frame_index_fps_fallback
-6rXp3zJ3kc_8,4.7,141,1,0,"[171.75, 49.56, 250.65, 138.58]",1,,frame_index_fps_fallback
-6rXp3zJ3kc_8,4.8,144,1,0,"[171.47, 49.89, 250.2, 137.69]",1,,frame_index_fps_fallback
-6rXp3zJ3kc_8,4.9,147,1,0,"[171.02, 49.73, 250.07, 138.11]",1,,frame_index_fps_fallback
-6rXp3zJ3kc_8,5.0,150,1,0,"[171.49, 49.76, 250.88, 138.22]",1,,frame_index_fps_fallback
-6rXp3zJ3kc_8,5.1,153,1,0,"[172.37, 50.42, 250.6, 139.9]",1,,frame_index_fps_fallback
-6rXp3zJ3kc_8,5.2,156,1,0,"[173.46, 50.41, 251.16, 139.71]",1,,frame_index_fps_fallback
-6rXp3zJ3kc_8,5.3,159,1,0,"[174.41, 50.79, 252.08, 138.18]",1,,frame_index_fps_fallback
-6rXp3zJ3kc_8,5.4,162,1,0,"[174.51, 51.15, 251.96, 138.64]",1,,frame_index_fps_fallback
-6rXp3zJ3kc_8,5.5,165,1,0,"[173.64, 51.12, 251.01, 139.53]",1,,frame_index_fps_fallback
-6rXp3zJ3kc_8,5.6,168,1,0,"[172.7, 52.25, 250.28, 138.04]",1,,frame_index_fps_fallback
-6rXp3zJ3kc_8,5.7,171,1,0,"[172.79, 52.12, 250.49, 138.12]",1,,frame_index_fps_fallback
-6rXp3zJ3kc_8,5.8,174,1,0,"[172.48, 51.66, 249.88, 139.21]",1,,frame_index_fps_fallback
-6rXp3zJ3kc_8,5.9,177,1,0,"[171.76, 50.44, 251.12, 137.89]",1,,frame_index_fps_fallback
-6rXp3zJ3kc_8,6.0,180,1,0,"[171.75, 50.47, 250.17, 139.33]",1,,frame_index_fps_fallback
-6rXp3zJ3kc_8,6.1,183,1,0,"[169.85, 49.09, 247.88, 138.38]",1,,frame_index_fps_fallback
-6rXp3zJ3kc_8,6.2,186,1,0,"[167.59, 46.31, 246.75, 136.96]",1,,frame_index_fps_fallback
-6rXp3zJ3kc_8,6.3,189,1,0,"[165.78, 48.29, 243.32, 137.46]",1,,frame_index_fps_fallback
-6rXp3zJ3kc_8,6.4,192,1,0,"[164.69, 47.83, 243.29, 139.11]",1,,frame_index_fps_fallback
-6rXp3zJ3kc_8,6.5,195,1,0,"[164.87, 48.81, 243.42, 140.4]",1,,frame_index_fps_fallback
-6rXp3zJ3kc_8,6.6,198,1,0,"[164.9, 48.61, 244.2, 139.05]",1,,frame_index_fps_fallback
-6rXp3zJ3kc_8,6.7,201,1,0,"[163.93, 48.57, 243.33, 139.47]",1,,frame_index_fps_fallback
-6rXp3zJ3kc_8,6.8,204,1,0,"[164.7, 50.59, 243.06, 141.81]",1,,frame_index_fps_fallback
-6rXp3zJ3kc_8,6.8999999999999995,207,1,0,"[165.14, 50.35, 243.81, 142.69]",1,,frame_index_fps_fallback
-6rXp3zJ3kc_8,7.0,210,1,0,"[165.01, 50.01, 243.75, 142.06]",1,,frame_index_fps_fallback
-6rXp3zJ3kc_8,7.1,213,1,0,"[165.48, 49.75, 244.3, 140.53]",1,,frame_index_fps_fallback
-6rXp3zJ3kc_8,7.2,216,1,0,"[166.25, 49.7, 245.3, 140.15]",1,,frame_index_fps_fallback
-6rXp3zJ3kc_8,7.3,219,1,0,"[167.48, 49.74, 246.83, 140.09]",1,,frame_index_fps_fallback
-6rXp3zJ3kc_8,7.3999999999999995,222,1,0,"[169.64, 53.1, 248.43, 141.96]",1,,frame_index_fps_fallback
-6rXp3zJ3kc_8,7.5,225,1,0,"[170.39, 54.17, 250.03, 143.57]",1,,frame_index_fps_fallback
-6rXp3zJ3kc_8,7.6,228,1,0,"[170.42, 56.28, 251.26, 145.34]",1,,frame_index_fps_fallback
-6rXp3zJ3kc_8,7.7,231,1,0,"[171.83, 57.95, 251.21, 144.93]",1,,frame_index_fps_fallback
-6rXp3zJ3kc_8,7.8,234,1,0,"[172.45, 58.4, 251.31, 143.76]",1,,frame_index_fps_fallback
-6rXp3zJ3kc_8,7.8999999999999995,237,1,0,"[172.77, 54.83, 251.53, 141.42]",1,,frame_index_fps_fallback
-6rXp3zJ3kc_8,8.0,240,1,0,"[173.15, 53.63, 251.21, 139.73]",1,,frame_index_fps_fallback
-6rXp3zJ3kc_8,8.1,243,1,0,"[173.57, 51.23, 251.49, 138.16]",1,,frame_index_fps_fallback
-6rXp3zJ3kc_8,8.2,246,1,0,"[173.75, 49.65, 251.49, 139.14]",1,,frame_index_fps_fallback
-6rXp3zJ3kc_8,8.3,249,1,0,"[173.72, 49.87, 251.28, 138.22]",1,,frame_index_fps_fallback
-6rXp3zJ3kc_8,8.4,252,1,0,"[173.49, 50.01, 250.2, 138.32]",1,,frame_index_fps_fallback
-6rXp3zJ3kc_8,8.5,255,1,0,"[173.51, 49.97, 250.63, 138.91]",1,,frame_index_fps_fallback
-6rXp3zJ3kc_8,8.6,258,1,0,"[172.99, 50.24, 250.46, 138.93]",1,,frame_index_fps_fallback
-6rXp3zJ3kc_8,8.7,261,1,0,"[172.56, 50.32, 250.61, 137.84]",1,,frame_index_fps_fallback
-6rXp3zJ3kc_8,8.8,264,1,0,"[172.57, 50.28, 250.53, 137.95]",1,,frame_index_fps_fallback
-6rXp3zJ3kc_8,8.9,267,1,0,"[172.62, 49.9, 250.25, 139.66]",1,,frame_index_fps_fallback
-6rXp3zJ3kc_8,9.0,270,1,0,"[173.27, 50.05, 250.98, 138.66]",1,,frame_index_fps_fallback
-6rXp3zJ3kc_8,9.1,273,1,0,"[173.06, 49.48, 251.07, 138.03]",1,,frame_index_fps_fallback
-6rXp3zJ3kc_8,9.2,276,1,0,"[173.33, 49.58, 251.43, 138.02]",1,,frame_index_fps_fallback
-6rXp3zJ3kc_8,9.3,279,1,0,"[172.65, 50.8, 251.18, 138.36]",1,,frame_index_fps_fallback
-6rXp3zJ3kc_8,9.4,282,1,0,"[173.28, 50.92, 250.59, 137.38]",1,,frame_index_fps_fallback
-6rXp3zJ3kc_8,9.5,285,1,0,"[173.86, 50.88, 251.21, 136.83]",1,,frame_index_fps_fallback
-6rXp3zJ3kc_8,9.6,288,1,0,"[174.47, 51.07, 250.76, 137.41]",1,,frame_index_fps_fallback
-6rXp3zJ3kc_8,9.7,291,1,0,"[174.52, 50.8, 250.74, 139.97]",1,,frame_index_fps_fallback
-6rXp3zJ3kc_8,9.8,294,1,0,"[177.7, 52.71, 253.22, 138.99]",1,,frame_index_fps_fallback
-6rXp3zJ3kc_8,9.9,297,1,0,"[176.17, 51.46, 251.3, 136.99]",1,,frame_index_fps_fallback
-6rXp3zJ3kc_8,10.0,300,1,0,"[174.14, 49.9, 249.94, 135.99]",1,,frame_index_fps_fallback
-6rXp3zJ3kc_8,10.1,303,1,0,"[173.71, 50.74, 250.04, 135.97]",1,,frame_index_fps_fallback
-6rXp3zJ3kc_8,10.2,306,1,0,"[172.93, 51.81, 249.08, 138.27]",1,,frame_index_fps_fallback
-6rXp3zJ3kc_8,10.3,309,1,0,"[173.66, 51.35, 248.54, 139.29]",1,,frame_index_fps_fallback
-6rXp3zJ3kc_8,10.4,312,1,0,"[174.86, 51.01, 249.46, 138.55]",1,,frame_index_fps_fallback
-6rXp3zJ3kc_8,10.5,315,1,0,"[174.77, 51.01, 250.25, 136.95]",1,,frame_index_fps_fallback
-6rXp3zJ3kc_8,10.6,318,1,0,"[173.2, 50.83, 249.8, 137.67]",1,,frame_index_fps_fallback
-6rXp3zJ3kc_8,10.7,321,1,0,"[173.34, 50.86, 249.52, 137.28]",1,,frame_index_fps_fallback
-6rXp3zJ3kc_8,10.8,324,1,0,"[172.89, 49.86, 249.7, 137.8]",1,,frame_index_fps_fallback
-6rXp3zJ3kc_8,10.9,327,1,0,"[173.23, 50.16, 248.9, 137.28]",1,,frame_index_fps_fallback
-6rXp3zJ3kc_8,11.0,330,1,0,"[170.03, 48.62, 245.72, 135.39]",1,,frame_index_fps_fallback
-6rXp3zJ3kc_8,11.1,333,1,0,"[166.77, 48.41, 244.4, 139.06]",1,,frame_index_fps_fallback
-6rXp3zJ3kc_8,11.2,336,1,0,"[166.8, 48.71, 243.38, 138.45]",1,,frame_index_fps_fallback
-6rXp3zJ3kc_8,11.3,339,1,0,"[166.58, 48.54, 243.94, 138.54]",1,,frame_index_fps_fallback
-6rXp3zJ3kc_8,11.4,342,1,0,"[167.5, 49.29, 243.95, 137.49]",1,,frame_index_fps_fallback
-6rXp3zJ3kc_8,11.5,345,1,0,"[168.41, 49.68, 244.05, 137.61]",1,,frame_index_fps_fallback
-6rXp3zJ3kc_8,11.6,348,1,0,"[169.95, 49.18, 246.43, 137.28]",1,,frame_index_fps_fallback
-6rXp3zJ3kc_8,11.7,351,1,0,"[170.51, 49.46, 246.86, 136.07]",1,,frame_index_fps_fallback
-6rXp3zJ3kc_8,11.8,354,1,0,"[169.95, 48.64, 247.28, 136.68]",1,,frame_index_fps_fallback
-6rXp3zJ3kc_8,11.9,357,1,0,"[170.07, 49.08, 246.0, 138.56]",1,,frame_index_fps_fallback
-6rXp3zJ3kc_8,12.0,360,1,0,"[169.84, 48.24, 245.95, 137.99]",1,,frame_index_fps_fallback
-6rXp3zJ3kc_8,12.1,363,1,0,"[169.46, 49.59, 246.07, 137.51]",1,,frame_index_fps_fallback
-6rXp3zJ3kc_8,12.2,366,1,0,"[169.6, 51.34, 246.79, 138.49]",1,,frame_index_fps_fallback
-6rXp3zJ3kc_8,12.3,369,1,0,"[170.12, 53.67, 248.63, 139.9]",1,,frame_index_fps_fallback
-6rXp3zJ3kc_8,12.4,372,1,0,"[174.12, 60.05, 252.14, 144.6]",1,,frame_index_fps_fallback
-6rXp3zJ3kc_8,12.5,375,1,0,"[175.23, 65.88, 252.6, 147.45]",1,,frame_index_fps_fallback
-6rXp3zJ3kc_8,12.6,378,1,0,"[178.3, 69.92, 255.35, 150.4]",1,,frame_index_fps_fallback
-6rXp3zJ3kc_8,12.7,381,1,0,"[177.32, 70.47, 256.38, 151.8]",1,,frame_index_fps_fallback
-9y-fZ3swSY_0,0.0,0,1,0,"[494.85, 188.62, 614.06, 338.6]",1,,frame_index_fps_fallback
-9y-fZ3swSY_0,0.1,3,1,0,"[494.27, 188.56, 613.03, 340.43]",1,,frame_index_fps_fallback
-9y-fZ3swSY_0,0.2,6,1,0,"[497.46, 191.7, 614.17, 343.62]",1,,frame_index_fps_fallback
-9y-fZ3swSY_0,0.3,9,1,0,"[496.93, 196.29, 617.6, 356.14]",1,,frame_index_fps_fallback
-9y-fZ3swSY_0,0.4,12,1,0,"[498.85, 195.78, 620.76, 357.97]",1,,frame_index_fps_fallback
-9y-fZ3swSY_0,0.5,15,1,0,"[498.81, 197.31, 618.68, 349.2]",1,,frame_index_fps_fallback
-9y-fZ3swSY_0,0.6,18,1,0,"[498.03, 194.06, 623.43, 347.8]",1,,frame_index_fps_fallback
-9y-fZ3swSY_0,0.7,21,1,0,"[497.69, 195.56, 620.19, 350.32]",1,,frame_index_fps_fallback
-9y-fZ3swSY_0,0.8,24,1,0,"[503.88, 195.52, 628.56, 364.55]",1,,frame_index_fps_fallback
-9y-fZ3swSY_0,0.9,27,1,0,"[503.59, 199.85, 628.3, 360.02]",1,,frame_index_fps_fallback
-9y-fZ3swSY_0,1.0,30,1,0,"[512.25, 193.19, 635.42, 352.71]",1,,frame_index_fps_fallback
-9y-fZ3swSY_0,1.1,33,1,0,"[519.44, 191.39, 640.2, 347.29]",1,,frame_index_fps_fallback
-9y-fZ3swSY_0,1.2,36,1,0,"[516.78, 189.27, 633.89, 345.91]",1,,frame_index_fps_fallback
-9y-fZ3swSY_0,1.3,39,1,0,"[512.21, 188.77, 634.95, 344.46]",1,,frame_index_fps_fallback
-9y-fZ3swSY_0,1.4,42,1,0,"[506.37, 186.29, 632.3, 343.48]",1,,frame_index_fps_fallback
-9y-fZ3swSY_0,1.5,45,1,0,"[506.48, 183.55, 631.73, 341.72]",1,,frame_index_fps_fallback
-9y-fZ3swSY_0,1.6,48,1,0,"[510.71, 188.61, 636.11, 345.59]",1,,frame_index_fps_fallback
-9y-fZ3swSY_0,1.7,51,1,0,"[512.05, 189.06, 635.38, 344.12]",1,,frame_index_fps_fallback
-9y-fZ3swSY_0,1.8,54,1,0,"[505.07, 190.33, 632.49, 344.36]",1,,frame_index_fps_fallback
-9y-fZ3swSY_0,1.9,57,1,0,"[504.93, 190.48, 629.3, 340.09]",1,,frame_index_fps_fallback
-9y-fZ3swSY_0,2.0,60,1,0,"[506.34, 192.88, 632.66, 343.05]",1,,frame_index_fps_fallback
-9y-fZ3swSY_0,2.1,63,1,0,"[510.09, 197.3, 634.85, 350.06]",1,,frame_index_fps_fallback
-9y-fZ3swSY_0,2.2,66,1,0,"[508.72, 195.58, 637.49, 356.11]",1,,frame_index_fps_fallback
-9y-fZ3swSY_0,2.3,69,1,0,"[509.67, 194.28, 640.53, 358.65]",1,,frame_index_fps_fallback
-9y-fZ3swSY_0,2.4,72,1,0,"[519.83, 195.55, 643.86, 354.13]",1,,frame_index_fps_fallback
-9y-fZ3swSY_0,2.5,75,1,0,"[522.51, 197.88, 645.28, 357.75]",1,,frame_index_fps_fallback
-9y-fZ3swSY_0,2.6,78,1,0,"[522.19, 197.82, 647.41, 356.62]",1,,frame_index_fps_fallback
-9y-fZ3swSY_0,2.7,81,1,0,"[523.41, 195.15, 645.45, 353.24]",1,,frame_index_fps_fallback
-9y-fZ3swSY_0,2.8,84,1,0,"[520.24, 191.93, 648.76, 357.5]",1,,frame_index_fps_fallback
-9y-fZ3swSY_0,2.9,87,1,0,"[518.88, 191.12, 646.8, 361.78]",1,,frame_index_fps_fallback
-9y-fZ3swSY_0,3.0,90,1,0,"[521.96, 193.22, 645.76, 357.47]",1,,frame_index_fps_fallback
-9y-fZ3swSY_0,3.1,93,1,0,"[516.53, 192.3, 641.89, 358.3]",1,,frame_index_fps_fallback
-9y-fZ3swSY_0,3.2,96,1,0,"[515.4, 188.95, 634.22, 343.12]",1,,frame_index_fps_fallback
-9y-fZ3swSY_0,3.3,99,1,0,"[511.72, 187.22, 636.56, 345.82]",1,,frame_index_fps_fallback
-9y-fZ3swSY_0,3.4,102,1,0,"[509.54, 187.37, 629.86, 345.18]",1,,frame_index_fps_fallback
-9y-fZ3swSY_0,3.5,105,1,0,"[508.01, 185.18, 629.3, 346.8]",1,,frame_index_fps_fallback
-9y-fZ3swSY_0,3.6,108,1,0,"[502.97, 184.84, 629.49, 349.08]",1,,frame_index_fps_fallback
-9y-fZ3swSY_0,3.6999999999999997,111,1,0,"[500.69, 185.43, 627.25, 348.42]",1,,frame_index_fps_fallback
-9y-fZ3swSY_0,3.8,114,1,0,"[502.3, 187.37, 630.46, 349.96]",1,,frame_index_fps_fallback
-9y-fZ3swSY_0,3.9,117,1,0,"[504.49, 197.64, 628.31, 347.4]",1,,frame_index_fps_fallback
-9y-fZ3swSY_0,4.0,120,1,0,"[502.25, 195.69, 625.49, 346.29]",1,,frame_index_fps_fallback
-9y-fZ3swSY_0,4.1,123,1,0,"[500.04, 187.94, 624.44, 344.56]",1,,frame_index_fps_fallback
-9y-fZ3swSY_0,4.2,126,1,0,"[497.26, 187.67, 623.9, 347.86]",1,,frame_index_fps_fallback
-9y-fZ3swSY_0,4.3,129,1,0,"[501.35, 193.41, 622.56, 346.51]",1,,frame_index_fps_fallback
-9y-fZ3swSY_0,4.4,132,1,0,"[501.35, 196.28, 622.18, 351.44]",1,,frame_index_fps_fallback
-9y-fZ3swSY_0,4.5,135,1,0,"[500.3, 198.73, 622.12, 349.96]",1,,frame_index_fps_fallback
-9y-fZ3swSY_0,4.6,138,1,0,"[501.41, 199.21, 620.92, 347.9]",1,,frame_index_fps_fallback
-9y-fZ3swSY_0,4.7,141,1,0,"[499.09, 197.44, 626.17, 354.84]",1,,frame_index_fps_fallback
-9y-fZ3swSY_0,4.8,144,1,0,"[494.16, 197.54, 627.6, 356.82]",1,,frame_index_fps_fallback
-9y-fZ3swSY_0,4.9,147,1,0,"[495.24, 197.35, 626.53, 358.96]",1,,frame_index_fps_fallback
-9y-fZ3swSY_0,5.0,150,1,0,"[496.14, 201.83, 623.35, 362.63]",1,,frame_index_fps_fallback
-9y-fZ3swSY_0,5.1,153,1,0,"[500.63, 199.44, 623.4, 358.99]",1,,frame_index_fps_fallback
-9y-fZ3swSY_0,5.2,156,1,0,"[494.21, 200.68, 621.44, 363.23]",1,,frame_index_fps_fallback
-9y-fZ3swSY_0,5.3,159,1,0,"[495.72, 200.97, 623.06, 361.35]",1,,frame_index_fps_fallback
-9y-fZ3swSY_0,5.4,162,1,0,"[491.71, 199.68, 618.92, 365.16]",1,,frame_index_fps_fallback
-9y-fZ3swSY_0,5.5,165,1,0,"[491.81, 198.17, 620.77, 364.87]",1,,frame_index_fps_fallback
-9y-fZ3swSY_0,5.6,168,1,0,"[493.22, 200.14, 623.79, 366.7]",1,,frame_index_fps_fallback
-9y-fZ3swSY_0,5.7,171,1,0,"[494.21, 203.25, 622.65, 366.92]",1,,frame_index_fps_fallback
-9y-fZ3swSY_0,5.8,174,1,0,"[492.06, 199.78, 623.93, 365.92]",1,,frame_index_fps_fallback
-9y-fZ3swSY_0,5.9,177,1,0,"[490.86, 205.48, 622.46, 370.56]",1,,frame_index_fps_fallback
-9y-fZ3swSY_0,6.0,180,1,0,"[490.74, 201.19, 622.28, 364.85]",1,,frame_index_fps_fallback
-9y-fZ3swSY_0,6.1,183,1,0,"[493.9, 202.39, 624.84, 363.18]",1,,frame_index_fps_fallback
-9y-fZ3swSY_0,6.2,186,1,0,"[495.76, 193.86, 625.24, 359.58]",1,,frame_index_fps_fallback
-9y-fZ3swSY_0,6.3,189,1,0,"[497.16, 196.69, 625.44, 358.89]",1,,frame_index_fps_fallback
-9y-fZ3swSY_0,6.4,192,1,0,"[496.33, 198.98, 624.39, 356.13]",1,,frame_index_fps_fallback
-9y-fZ3swSY_0,6.5,195,1,0,"[496.21, 198.12, 627.23, 360.43]",1,,frame_index_fps_fallback
-9y-fZ3swSY_0,6.6,198,1,0,"[500.77, 198.05, 625.95, 353.88]",1,,frame_index_fps_fallback
-9y-fZ3swSY_0,6.7,201,1,0,"[498.37, 193.46, 622.8, 351.56]",1,,frame_index_fps_fallback
-9y-fZ3swSY_0,6.8,203,1,0,"[495.09, 196.58, 619.86, 352.88]",1,,frame_index_fps_fallback
-9y-fZ3swSY_4,0.0,0,1,0,"[458.69, 186.36, 597.33, 372.27]",1,,frame_index_fps_fallback
-9y-fZ3swSY_4,0.1,3,1,0,"[465.01, 185.63, 586.93, 350.03]",1,,frame_index_fps_fallback
-9y-fZ3swSY_4,0.2,6,1,0,"[472.51, 181.47, 593.41, 349.42]",1,,frame_index_fps_fallback
-9y-fZ3swSY_4,0.3,9,1,0,"[481.51, 219.81, 628.77, 435.05]",1,,frame_index_fps_fallback
-9y-fZ3swSY_4,0.4,12,1,0,"[488.98, 181.13, 602.04, 329.58]",1,,frame_index_fps_fallback
-9y-fZ3swSY_4,0.5,15,0,,,0,no_face_detected,frame_index_fps_fallback
-9y-fZ3swSY_4,0.6,18,1,0,"[493.7, 170.5, 612.71, 325.52]",1,,frame_index_fps_fallback
-9y-fZ3swSY_4,0.7,21,1,0,"[491.91, 174.01, 613.37, 333.88]",1,,frame_index_fps_fallback
-9y-fZ3swSY_4,0.8,24,1,0,"[495.42, 175.36, 617.9, 336.53]",1,,frame_index_fps_fallback
-9y-fZ3swSY_4,0.9,27,1,0,"[503.64, 171.26, 627.42, 332.76]",1,,frame_index_fps_fallback
-9y-fZ3swSY_4,1.0,30,1,0,"[506.31, 185.26, 628.65, 343.26]",1,,frame_index_fps_fallback
-9y-fZ3swSY_4,1.1,33,1,0,"[506.34, 182.98, 632.25, 342.32]",1,,frame_index_fps_fallback
-9y-fZ3swSY_4,1.2,36,1,0,"[514.84, 185.92, 636.52, 341.88]",1,,frame_index_fps_fallback
-9y-fZ3swSY_4,1.3,39,1,0,"[518.63, 179.39, 642.73, 340.2]",1,,frame_index_fps_fallback
-9y-fZ3swSY_4,1.4,42,1,0,"[528.66, 180.54, 651.86, 343.38]",1,,frame_index_fps_fallback
-9y-fZ3swSY_4,1.5,45,1,0,"[540.24, 177.1, 665.07, 344.32]",1,,frame_index_fps_fallback
-9y-fZ3swSY_4,1.6,48,1,0,"[560.71, 181.03, 682.32, 340.07]",1,,frame_index_fps_fallback
-9y-fZ3swSY_4,1.7,51,1,0,"[566.65, 170.34, 690.29, 331.4]",1,,frame_index_fps_fallback
-9y-fZ3swSY_4,1.8,54,1,0,"[573.07, 164.7, 703.92, 326.49]",1,,frame_index_fps_fallback
-9y-fZ3swSY_4,1.9,57,1,0,"[577.09, 171.01, 709.24, 333.07]",1,,frame_index_fps_fallback
-9y-fZ3swSY_4,2.0,60,1,0,"[586.87, 183.36, 715.9, 350.94]",1,,frame_index_fps_fallback
-9y-fZ3swSY_4,2.1,63,1,0,"[593.77, 186.85, 720.44, 348.95]",1,,frame_index_fps_fallback
-9y-fZ3swSY_4,2.2,66,1,0,"[603.83, 181.78, 733.56, 347.75]",1,,frame_index_fps_fallback
-9y-fZ3swSY_4,2.3,69,1,0,"[606.23, 185.39, 740.77, 357.32]",1,,frame_index_fps_fallback
-9y-fZ3swSY_4,2.4,72,1,0,"[620.76, 187.49, 756.07, 350.78]",1,,frame_index_fps_fallback
-9y-fZ3swSY_4,2.5,75,1,0,"[629.82, 182.99, 764.96, 347.7]",1,,frame_index_fps_fallback
-9y-fZ3swSY_4,2.6,78,1,0,"[641.41, 183.27, 780.8, 346.43]",1,,frame_index_fps_fallback
-9y-fZ3swSY_4,2.7666666666666666,80,1,0,"[651.38, 184.93, 789.03, 350.38]",1,,frame_index_fps_fallback
-9y-fZ3swSY_8,0.0,0,1,0,"[469.0, 190.77, 593.35, 368.01]",1,,frame_index_fps_fallback
-9y-fZ3swSY_8,0.1,3,1,0,"[472.9, 192.96, 594.88, 376.74]",1,,frame_index_fps_fallback
-9y-fZ3swSY_8,0.2,6,1,0,"[468.16, 216.09, 608.15, 409.11]",1,,frame_index_fps_fallback
-9y-fZ3swSY_8,0.3,9,1,0,"[485.45, 182.14, 606.74, 349.68]",1,,frame_index_fps_fallback
-9y-fZ3swSY_8,0.4,12,1,0,"[477.75, 204.42, 614.01, 390.09]",1,,frame_index_fps_fallback
-9y-fZ3swSY_8,0.5,15,1,0,"[488.66, 217.09, 611.2, 396.65]",1,,frame_index_fps_fallback
-9y-fZ3swSY_8,0.6,18,1,0,"[485.3, 196.38, 616.41, 376.46]",1,,frame_index_fps_fallback
-9y-fZ3swSY_8,0.7,21,1,0,"[488.61, 174.86, 618.68, 346.54]",1,,frame_index_fps_fallback
-9y-fZ3swSY_8,0.8,24,1,0,"[499.53, 182.28, 624.77, 344.64]",1,,frame_index_fps_fallback
-9y-fZ3swSY_8,0.9,27,1,0,"[507.47, 195.8, 634.99, 357.91]",1,,frame_index_fps_fallback
-9y-fZ3swSY_8,1.0,30,1,0,"[521.65, 191.32, 642.24, 349.27]",1,,frame_index_fps_fallback
-9y-fZ3swSY_8,1.1,33,1,0,"[521.84, 196.41, 653.83, 362.04]",1,,frame_index_fps_fallback
-9y-fZ3swSY_8,1.2,36,1,0,"[531.68, 195.3, 657.57, 360.59]",1,,frame_index_fps_fallback
-9y-fZ3swSY_8,1.3,39,1,0,"[539.69, 193.1, 666.09, 354.44]",1,,frame_index_fps_fallback
-9y-fZ3swSY_8,1.4,42,1,0,"[545.13, 222.98, 673.59, 391.12]",1,,frame_index_fps_fallback
-9y-fZ3swSY_8,1.5,45,1,0,"[560.7, 198.39, 700.39, 361.72]",1,,frame_index_fps_fallback
-9y-fZ3swSY_8,1.6,48,1,0,"[554.27, 240.15, 692.38, 407.89]",1,,frame_index_fps_fallback
-9y-fZ3swSY_8,1.7,51,1,0,"[556.81, 212.78, 705.65, 389.87]",1,,frame_index_fps_fallback
-9y-fZ3swSY_8,1.8,54,1,0,"[559.67, 200.56, 700.48, 373.77]",1,,frame_index_fps_fallback
-9y-fZ3swSY_8,1.9,57,1,0,"[548.76, 193.26, 681.69, 368.17]",1,,frame_index_fps_fallback
-9y-fZ3swSY_8,2.0,60,1,0,"[525.8, 180.7, 665.92, 358.9]",1,,frame_index_fps_fallback
-9y-fZ3swSY_8,2.1,63,1,0,"[505.59, 164.5, 645.17, 337.04]",1,,frame_index_fps_fallback
-9y-fZ3swSY_8,2.2,66,0,,,0,no_face_detected,frame_index_fps_fallback
-9y-fZ3swSY_8,2.3,69,1,0,"[455.78, 184.73, 602.88, 404.66]",1,,frame_index_fps_fallback
-9y-fZ3swSY_8,2.4,72,1,0,"[428.52, 192.39, 571.14, 399.19]",1,,frame_index_fps_fallback
-9y-fZ3swSY_8,2.5,75,1,0,"[415.56, 190.51, 538.73, 375.3]",1,,frame_index_fps_fallback
-9y-fZ3swSY_8,2.6,78,1,0,"[395.45, 183.1, 533.48, 370.88]",1,,frame_index_fps_fallback
-9y-fZ3swSY_8,2.7,81,1,0,"[376.75, 190.07, 514.5, 369.11]",1,,frame_index_fps_fallback
-9y-fZ3swSY_8,2.8,84,1,0,"[363.27, 197.19, 498.49, 372.84]",1,,frame_index_fps_fallback
-9y-fZ3swSY_8,2.9,87,1,0,"[342.57, 223.21, 475.0, 389.3]",1,,frame_index_fps_fallback
-9y-fZ3swSY_8,3.0,90,1,0,"[341.48, 208.72, 476.27, 361.27]",1,,frame_index_fps_fallback
-9y-fZ3swSY_8,3.1,93,0,,,0,no_face_detected,frame_index_fps_fallback
-9y-fZ3swSY_8,3.2,96,0,,,0,no_face_detected,frame_index_fps_fallback
-9y-fZ3swSY_8,3.3,99,0,,,0,no_face_detected,frame_index_fps_fallback
-9y-fZ3swSY_8,3.4,102,0,,,0,no_face_detected,frame_index_fps_fallback
-9y-fZ3swSY_8,3.5,105,0,,,0,no_face_detected,frame_index_fps_fallback
-9y-fZ3swSY_8,3.6,108,1,0,"[273.17, 195.01, 402.64, 356.97]",1,,frame_index_fps_fallback
-9y-fZ3swSY_8,3.6999999999999997,111,1,0,"[257.34, 205.78, 381.25, 380.28]",1,,frame_index_fps_fallback
-9y-fZ3swSY_8,3.8,114,0,,,0,no_face_detected,frame_index_fps_fallback
-9y-fZ3swSY_8,3.9,117,1,0,"[249.52, 203.08, 374.17, 401.36]",1,,frame_index_fps_fallback
-9y-fZ3swSY_8,4.0,120,1,0,"[248.86, 212.05, 367.59, 387.27]",1,,frame_index_fps_fallback
-9y-fZ3swSY_8,4.1,123,1,0,"[253.87, 212.53, 381.49, 393.55]",1,,frame_index_fps_fallback
-9y-fZ3swSY_8,4.2,126,1,0,"[256.12, 231.14, 378.1, 399.7]",1,,frame_index_fps_fallback
-9y-fZ3swSY_8,4.3,129,1,0,"[261.7, 228.82, 380.46, 388.9]",1,,frame_index_fps_fallback
-9y-fZ3swSY_8,4.4,132,1,0,"[261.42, 227.06, 380.87, 393.74]",1,,frame_index_fps_fallback
-9y-fZ3swSY_8,4.5,135,1,0,"[261.22, 203.54, 387.18, 368.59]",1,,frame_index_fps_fallback
-9y-fZ3swSY_8,4.6,138,1,0,"[260.33, 198.3, 388.28, 375.71]",1,,frame_index_fps_fallback
-9y-fZ3swSY_8,4.7,141,1,0,"[263.78, 213.23, 394.49, 391.55]",1,,frame_index_fps_fallback
-9y-fZ3swSY_8,4.8,144,1,0,"[276.2, 248.96, 390.31, 401.35]",1,,frame_index_fps_fallback
-9y-fZ3swSY_8,4.9,147,1,0,"[293.93, 252.62, 415.77, 401.83]",1,,frame_index_fps_fallback
-AUZQgSxyPQ_2,0.0,0,1,0,"[807.72, 101.0, 1002.68, 326.85]",1,,frame_index_fps_fallback
-AUZQgSxyPQ_2,0.1,3,1,0,"[808.12, 99.31, 1001.51, 326.54]",1,,frame_index_fps_fallback
-AUZQgSxyPQ_2,0.2,6,1,0,"[810.46, 102.43, 1002.51, 324.79]",1,,frame_index_fps_fallback
-AUZQgSxyPQ_2,0.3,9,1,0,"[811.09, 101.24, 1003.75, 317.79]",1,,frame_index_fps_fallback
-AUZQgSxyPQ_2,0.4,12,1,0,"[813.12, 98.69, 1004.0, 314.24]",1,,frame_index_fps_fallback
-AUZQgSxyPQ_2,0.5,15,1,0,"[811.09, 92.71, 1005.76, 309.18]",1,,frame_index_fps_fallback
-AUZQgSxyPQ_2,0.6,18,1,0,"[812.38, 90.97, 1005.94, 309.37]",1,,frame_index_fps_fallback
-AUZQgSxyPQ_2,0.7,21,1,0,"[811.59, 91.27, 1004.64, 307.43]",1,,frame_index_fps_fallback
-AUZQgSxyPQ_2,0.8,24,1,0,"[813.43, 88.1, 1007.0, 309.86]",1,,frame_index_fps_fallback
-AUZQgSxyPQ_2,0.9,27,1,0,"[814.82, 90.75, 1007.56, 306.09]",1,,frame_index_fps_fallback
-AUZQgSxyPQ_2,1.0,30,1,0,"[815.26, 89.08, 1008.46, 307.47]",1,,frame_index_fps_fallback
-AUZQgSxyPQ_2,1.1,33,1,0,"[813.79, 85.99, 1008.53, 306.46]",1,,frame_index_fps_fallback
-AUZQgSxyPQ_2,1.2,36,1,0,"[812.78, 87.17, 1006.27, 309.86]",1,,frame_index_fps_fallback
-AUZQgSxyPQ_2,1.3,39,1,0,"[813.99, 91.2, 1005.18, 312.52]",1,,frame_index_fps_fallback
-AUZQgSxyPQ_2,1.4,42,1,0,"[813.93, 85.01, 1006.41, 305.55]",1,,frame_index_fps_fallback
-AUZQgSxyPQ_2,1.5,45,1,0,"[813.04, 85.35, 1005.74, 304.44]",1,,frame_index_fps_fallback
-AUZQgSxyPQ_2,1.6,48,1,0,"[812.11, 87.13, 1005.53, 307.18]",1,,frame_index_fps_fallback
-AUZQgSxyPQ_2,1.7,51,1,0,"[812.35, 85.46, 1004.76, 307.09]",1,,frame_index_fps_fallback
-AUZQgSxyPQ_2,1.8,54,1,0,"[811.5, 81.02, 1003.65, 304.57]",1,,frame_index_fps_fallback
-AUZQgSxyPQ_2,1.9,57,1,0,"[810.88, 77.88, 1003.16, 302.43]",1,,frame_index_fps_fallback
-AUZQgSxyPQ_2,2.0,60,1,0,"[809.97, 76.82, 1002.79, 302.56]",1,,frame_index_fps_fallback
-AUZQgSxyPQ_2,2.1,63,1,0,"[810.04, 83.58, 1003.07, 311.18]",1,,frame_index_fps_fallback
-AUZQgSxyPQ_2,2.2,66,1,0,"[810.81, 84.85, 1003.2, 313.11]",1,,frame_index_fps_fallback
-AUZQgSxyPQ_2,2.3,69,1,0,"[809.94, 82.05, 1003.06, 308.59]",1,,frame_index_fps_fallback
-AUZQgSxyPQ_2,2.4,72,1,0,"[810.39, 82.76, 1004.62, 309.61]",1,,frame_index_fps_fallback
-AUZQgSxyPQ_2,2.5,75,1,0,"[809.04, 77.45, 1002.43, 305.24]",1,,frame_index_fps_fallback
-AUZQgSxyPQ_2,2.6,78,1,0,"[808.76, 78.49, 1003.08, 304.31]",1,,frame_index_fps_fallback
-AUZQgSxyPQ_2,2.7,81,1,0,"[808.15, 78.31, 1003.04, 303.8]",1,,frame_index_fps_fallback
-AUZQgSxyPQ_2,2.8,84,1,0,"[806.86, 78.66, 1000.71, 302.88]",1,,frame_index_fps_fallback
-AUZQgSxyPQ_2,2.9,87,1,0,"[807.17, 82.13, 1001.74, 304.1]",1,,frame_index_fps_fallback
-AUZQgSxyPQ_2,3.0,90,1,0,"[804.86, 80.17, 1000.66, 303.09]",1,,frame_index_fps_fallback
-AUZQgSxyPQ_2,3.1,93,1,0,"[804.88, 79.92, 999.27, 311.5]",1,,frame_index_fps_fallback
-AUZQgSxyPQ_2,3.2,96,1,0,"[804.04, 78.74, 999.17, 311.97]",1,,frame_index_fps_fallback
-AUZQgSxyPQ_2,3.3,99,1,0,"[804.73, 77.06, 998.96, 304.98]",1,,frame_index_fps_fallback
-AUZQgSxyPQ_2,3.4,102,1,0,"[807.76, 87.31, 998.11, 307.07]",1,,frame_index_fps_fallback
-AUZQgSxyPQ_2,3.5,105,1,0,"[809.15, 95.02, 1000.19, 314.96]",1,,frame_index_fps_fallback
-AUZQgSxyPQ_2,3.6,108,1,0,"[809.29, 95.98, 1000.81, 316.13]",1,,frame_index_fps_fallback
-AUZQgSxyPQ_2,3.6999999999999997,111,1,0,"[806.43, 89.78, 1002.91, 310.05]",1,,frame_index_fps_fallback
-AUZQgSxyPQ_2,3.8,114,1,0,"[807.91, 92.23, 1002.49, 311.77]",1,,frame_index_fps_fallback
-AUZQgSxyPQ_2,3.9,117,1,0,"[805.98, 91.09, 1003.3, 312.22]",1,,frame_index_fps_fallback
-AUZQgSxyPQ_2,4.0,120,1,0,"[807.99, 100.28, 1002.7, 321.2]",1,,frame_index_fps_fallback
-AUZQgSxyPQ_2,4.1,123,1,0,"[809.5, 99.57, 1001.23, 330.03]",1,,frame_index_fps_fallback
-AUZQgSxyPQ_2,4.2,126,1,0,"[807.01, 96.72, 1001.37, 326.08]",1,,frame_index_fps_fallback
-AUZQgSxyPQ_2,4.3,129,1,0,"[808.66, 97.84, 1001.94, 320.27]",1,,frame_index_fps_fallback
-AUZQgSxyPQ_2,4.4,132,1,0,"[808.65, 93.64, 1002.38, 315.74]",1,,frame_index_fps_fallback
-AUZQgSxyPQ_2,4.5,135,1,0,"[807.19, 87.83, 1003.57, 307.16]",1,,frame_index_fps_fallback
-AUZQgSxyPQ_2,4.6,138,1,0,"[810.59, 87.12, 1003.58, 305.42]",1,,frame_index_fps_fallback
-AUZQgSxyPQ_2,4.7,141,1,0,"[812.87, 88.3, 1004.78, 308.88]",1,,frame_index_fps_fallback
-AUZQgSxyPQ_2,4.8,144,1,0,"[813.68, 91.45, 1002.35, 308.9]",1,,frame_index_fps_fallback
-AUZQgSxyPQ_2,4.9,147,1,0,"[813.86, 86.7, 1005.6, 307.75]",1,,frame_index_fps_fallback
-AUZQgSxyPQ_2,5.0,150,1,0,"[812.32, 75.66, 1007.63, 303.02]",1,,frame_index_fps_fallback
-AUZQgSxyPQ_2,5.1,153,1,0,"[811.93, 76.71, 1006.66, 304.7]",1,,frame_index_fps_fallback
-AUZQgSxyPQ_2,5.2,156,1,0,"[812.98, 79.82, 1006.74, 305.09]",1,,frame_index_fps_fallback
-AUZQgSxyPQ_2,5.3,159,1,0,"[811.26, 83.28, 1003.35, 301.01]",1,,frame_index_fps_fallback
-AUZQgSxyPQ_2,5.4,162,1,0,"[810.1, 82.06, 1002.96, 301.4]",1,,frame_index_fps_fallback
-AUZQgSxyPQ_2,5.5,165,1,0,"[808.41, 83.06, 1002.53, 298.21]",1,,frame_index_fps_fallback
-AUZQgSxyPQ_2,5.6,168,1,0,"[807.09, 78.27, 1003.66, 297.37]",1,,frame_index_fps_fallback
-AUZQgSxyPQ_2,5.7,171,1,0,"[810.23, 85.55, 1002.16, 307.32]",1,,frame_index_fps_fallback
-AUZQgSxyPQ_2,5.8,174,1,0,"[808.94, 96.7, 1001.18, 313.52]",1,,frame_index_fps_fallback
-AUZQgSxyPQ_2,5.9,177,1,0,"[809.62, 97.57, 1001.63, 313.04]",1,,frame_index_fps_fallback
-AUZQgSxyPQ_2,6.0,180,1,0,"[807.41, 82.42, 1004.09, 306.95]",1,,frame_index_fps_fallback
-AUZQgSxyPQ_2,6.1,183,1,0,"[807.31, 81.76, 1003.62, 312.17]",1,,frame_index_fps_fallback
-AUZQgSxyPQ_2,6.2,186,1,0,"[808.95, 93.76, 1001.61, 315.27]",1,,frame_index_fps_fallback
-AUZQgSxyPQ_2,6.3,189,1,0,"[808.28, 94.36, 1002.27, 312.94]",1,,frame_index_fps_fallback
-AUZQgSxyPQ_2,6.4,192,1,0,"[808.17, 92.53, 1001.18, 307.92]",1,,frame_index_fps_fallback
-AUZQgSxyPQ_2,6.5,195,1,0,"[807.7, 87.73, 1001.38, 306.9]",1,,frame_index_fps_fallback
-AUZQgSxyPQ_2,6.6,198,1,0,"[808.7, 92.91, 1001.83, 311.67]",1,,frame_index_fps_fallback
-AUZQgSxyPQ_2,6.7,201,1,0,"[808.09, 94.62, 1000.36, 313.18]",1,,frame_index_fps_fallback
-AUZQgSxyPQ_2,6.8,204,1,0,"[806.91, 92.8, 1001.01, 316.94]",1,,frame_index_fps_fallback
-AUZQgSxyPQ_2,6.8999999999999995,207,1,0,"[806.74, 84.47, 1000.35, 315.13]",1,,frame_index_fps_fallback
-AUZQgSxyPQ_2,7.0,210,1,0,"[805.29, 80.14, 999.14, 305.18]",1,,frame_index_fps_fallback
-AUZQgSxyPQ_2,7.1,213,1,0,"[807.18, 84.11, 999.52, 310.68]",1,,frame_index_fps_fallback
-AUZQgSxyPQ_2,7.2,216,1,0,"[805.78, 88.16, 998.77, 313.05]",1,,frame_index_fps_fallback
-AUZQgSxyPQ_2,7.3,219,1,0,"[806.54, 85.5, 998.56, 311.57]",1,,frame_index_fps_fallback
-AUZQgSxyPQ_2,7.3999999999999995,222,1,0,"[806.32, 90.14, 997.88, 313.59]",1,,frame_index_fps_fallback
-AUZQgSxyPQ_2,7.5,225,1,0,"[805.62, 89.9, 997.83, 315.12]",1,,frame_index_fps_fallback
-AUZQgSxyPQ_2,7.6,228,1,0,"[805.91, 94.84, 996.22, 313.02]",1,,frame_index_fps_fallback
-AUZQgSxyPQ_2,7.7,231,1,0,"[804.76, 91.83, 995.61, 309.95]",1,,frame_index_fps_fallback
-AUZQgSxyPQ_2,7.8,234,1,0,"[804.31, 92.75, 996.97, 311.22]",1,,frame_index_fps_fallback
-AUZQgSxyPQ_2,7.8999999999999995,237,1,0,"[803.01, 93.46, 995.47, 310.4]",1,,frame_index_fps_fallback
-AUZQgSxyPQ_2,8.0,240,1,0,"[803.15, 92.27, 994.94, 313.42]",1,,frame_index_fps_fallback
-AUZQgSxyPQ_2,8.1,243,1,0,"[802.26, 88.36, 996.23, 310.07]",1,,frame_index_fps_fallback
-AUZQgSxyPQ_2,8.2,246,1,0,"[806.84, 89.45, 994.51, 305.77]",1,,frame_index_fps_fallback
-AUZQgSxyPQ_2,8.3,249,1,0,"[804.86, 79.55, 995.81, 299.48]",1,,frame_index_fps_fallback
-AUZQgSxyPQ_2,8.4,252,1,0,"[804.15, 77.26, 995.85, 291.79]",1,,frame_index_fps_fallback
-AUZQgSxyPQ_2,8.5,255,1,0,"[807.46, 76.12, 996.3, 289.91]",1,,frame_index_fps_fallback
-AUZQgSxyPQ_2,8.6,258,1,0,"[804.99, 74.5, 996.8, 292.53]",1,,frame_index_fps_fallback
-AUZQgSxyPQ_2,8.7,261,1,0,"[805.81, 78.86, 997.42, 296.39]",1,,frame_index_fps_fallback
-AUZQgSxyPQ_2,8.8,264,1,0,"[806.28, 75.69, 998.1, 298.79]",1,,frame_index_fps_fallback
-AUZQgSxyPQ_2,8.9,267,1,0,"[807.05, 75.52, 998.35, 303.66]",1,,frame_index_fps_fallback
-AUZQgSxyPQ_2,9.0,270,1,0,"[805.75, 76.61, 996.12, 299.17]",1,,frame_index_fps_fallback
-AUZQgSxyPQ_2,9.1,273,1,0,"[806.17, 76.15, 995.57, 299.0]",1,,frame_index_fps_fallback
-AUZQgSxyPQ_2,9.2,276,1,0,"[806.72, 77.66, 997.46, 304.07]",1,,frame_index_fps_fallback
-AUZQgSxyPQ_2,9.3,279,1,0,"[805.52, 80.56, 998.24, 307.78]",1,,frame_index_fps_fallback
-AUZQgSxyPQ_2,9.4,282,1,0,"[806.74, 83.16, 998.52, 310.75]",1,,frame_index_fps_fallback
-AUZQgSxyPQ_2,9.5,285,1,0,"[805.72, 86.11, 998.16, 308.48]",1,,frame_index_fps_fallback
-AUZQgSxyPQ_2,9.6,288,1,0,"[805.13, 85.05, 996.98, 305.96]",1,,frame_index_fps_fallback
-AUZQgSxyPQ_2,9.7,291,1,0,"[805.57, 86.87, 997.56, 309.36]",1,,frame_index_fps_fallback
-AUZQgSxyPQ_2,9.8,294,1,0,"[806.91, 87.96, 998.35, 309.46]",1,,frame_index_fps_fallback
-AUZQgSxyPQ_2,9.9,297,1,0,"[803.04, 81.0, 997.61, 307.14]",1,,frame_index_fps_fallback
-AUZQgSxyPQ_2,10.0,300,1,0,"[803.36, 86.78, 996.48, 306.92]",1,,frame_index_fps_fallback
-AUZQgSxyPQ_2,10.1,303,1,0,"[801.86, 88.01, 995.15, 311.84]",1,,frame_index_fps_fallback
-AUZQgSxyPQ_2,10.2,306,1,0,"[800.73, 87.79, 995.75, 311.14]",1,,frame_index_fps_fallback
-AUZQgSxyPQ_2,10.3,309,1,0,"[799.16, 88.34, 994.8, 310.07]",1,,frame_index_fps_fallback
-AUZQgSxyPQ_2,10.4,312,1,0,"[796.4, 87.71, 991.9, 309.61]",1,,frame_index_fps_fallback
-AUZQgSxyPQ_2,10.5,315,1,0,"[795.23, 92.88, 991.78, 317.31]",1,,frame_index_fps_fallback
-AUZQgSxyPQ_2,10.6,318,1,0,"[794.03, 91.94, 991.54, 315.89]",1,,frame_index_fps_fallback
-AUZQgSxyPQ_2,10.7,321,1,0,"[795.42, 92.53, 990.6, 313.27]",1,,frame_index_fps_fallback
-AUZQgSxyPQ_2,10.8,324,1,0,"[793.74, 87.52, 990.01, 307.73]",1,,frame_index_fps_fallback
-AUZQgSxyPQ_2,10.9,327,1,0,"[791.37, 83.47, 988.44, 304.68]",1,,frame_index_fps_fallback
-AUZQgSxyPQ_2,11.0,330,1,0,"[789.1, 84.79, 986.87, 305.16]",1,,frame_index_fps_fallback
-AUZQgSxyPQ_2,11.1,333,1,0,"[788.47, 87.78, 987.6, 306.24]",1,,frame_index_fps_fallback
-AUZQgSxyPQ_2,11.2,336,1,0,"[786.7, 91.55, 985.4, 309.25]",1,,frame_index_fps_fallback
-AUZQgSxyPQ_2,11.3,339,1,0,"[782.52, 90.39, 983.11, 314.88]",1,,frame_index_fps_fallback
-AUZQgSxyPQ_2,11.4,342,1,0,"[783.03, 94.47, 983.4, 318.84]",1,,frame_index_fps_fallback
-AUZQgSxyPQ_2,11.5,345,1,0,"[783.08, 95.53, 983.27, 318.39]",1,,frame_index_fps_fallback
-AUZQgSxyPQ_2,11.6,348,1,0,"[781.62, 92.63, 983.68, 317.26]",1,,frame_index_fps_fallback
-AUZQgSxyPQ_2,11.7,351,1,0,"[781.82, 90.81, 983.63, 316.01]",1,,frame_index_fps_fallback
-AUZQgSxyPQ_2,11.8,354,1,0,"[784.51, 91.19, 984.08, 311.71]",1,,frame_index_fps_fallback
-AUZQgSxyPQ_2,11.9,357,1,0,"[787.25, 84.3, 986.46, 309.33]",1,,frame_index_fps_fallback
-AUZQgSxyPQ_2,12.0,360,1,0,"[791.41, 83.71, 988.97, 305.34]",1,,frame_index_fps_fallback
-AUZQgSxyPQ_2,12.1,363,1,0,"[793.61, 85.09, 989.96, 305.35]",1,,frame_index_fps_fallback
-AUZQgSxyPQ_2,12.2,366,1,0,"[794.98, 84.23, 992.11, 304.72]",1,,frame_index_fps_fallback
-AUZQgSxyPQ_2,12.3,369,1,0,"[793.89, 84.58, 992.43, 309.07]",1,,frame_index_fps_fallback
-AUZQgSxyPQ_2,12.4,372,1,0,"[795.13, 83.05, 992.22, 309.15]",1,,frame_index_fps_fallback
-AUZQgSxyPQ_2,12.5,375,1,0,"[794.62, 84.07, 992.48, 302.67]",1,,frame_index_fps_fallback
-AUZQgSxyPQ_2,12.6,378,1,0,"[795.26, 84.19, 991.8, 310.3]",1,,frame_index_fps_fallback
-AUZQgSxyPQ_2,12.7,381,1,0,"[795.83, 96.49, 991.51, 315.72]",1,,frame_index_fps_fallback
-AUZQgSxyPQ_2,12.8,384,1,0,"[794.41, 92.3, 992.94, 309.57]",1,,frame_index_fps_fallback
-AUZQgSxyPQ_2,12.9,387,1,0,"[795.79, 90.27, 992.38, 308.77]",1,,frame_index_fps_fallback
-AUZQgSxyPQ_2,13.0,390,1,0,"[796.79, 91.3, 991.52, 307.65]",1,,frame_index_fps_fallback
-AUZQgSxyPQ_2,13.1,393,1,0,"[796.65, 88.87, 991.98, 305.94]",1,,frame_index_fps_fallback
-AUZQgSxyPQ_2,13.2,396,1,0,"[798.12, 91.4, 991.26, 306.7]",1,,frame_index_fps_fallback
-AUZQgSxyPQ_2,13.299999999999999,399,1,0,"[798.66, 96.72, 990.9, 316.26]",1,,frame_index_fps_fallback
-AUZQgSxyPQ_2,13.4,402,1,0,"[800.46, 90.33, 992.7, 319.29]",1,,frame_index_fps_fallback
-AUZQgSxyPQ_2,13.5,405,1,0,"[801.77, 89.86, 989.12, 309.93]",1,,frame_index_fps_fallback
-AUZQgSxyPQ_2,13.6,408,1,0,"[802.81, 91.36, 993.4, 307.6]",1,,frame_index_fps_fallback
-AUZQgSxyPQ_2,13.7,411,1,0,"[805.12, 95.8, 994.8, 315.81]",1,,frame_index_fps_fallback
-AUZQgSxyPQ_2,13.799999999999999,414,1,0,"[804.8, 94.27, 995.6, 313.54]",1,,frame_index_fps_fallback
-AUZQgSxyPQ_2,13.9,417,1,0,"[803.86, 96.37, 995.57, 312.87]",1,,frame_index_fps_fallback
-AUZQgSxyPQ_2,14.0,420,1,0,"[802.93, 92.19, 994.31, 307.62]",1,,frame_index_fps_fallback
-AUZQgSxyPQ_2,14.1,423,1,0,"[805.85, 93.47, 995.33, 316.26]",1,,frame_index_fps_fallback
-AUZQgSxyPQ_2,14.2,426,1,0,"[806.12, 94.92, 996.21, 315.5]",1,,frame_index_fps_fallback
-AUZQgSxyPQ_2,14.299999999999999,429,1,0,"[806.16, 95.62, 995.27, 311.0]",1,,frame_index_fps_fallback
-AUZQgSxyPQ_2,14.4,432,1,0,"[804.46, 95.22, 994.29, 316.93]",1,,frame_index_fps_fallback
-AUZQgSxyPQ_2,14.5,435,1,0,"[803.71, 99.87, 995.79, 316.85]",1,,frame_index_fps_fallback
-AUZQgSxyPQ_2,14.6,438,1,0,"[805.2, 100.97, 996.06, 315.84]",1,,frame_index_fps_fallback
-AUZQgSxyPQ_2,14.7,441,1,0,"[806.21, 102.29, 995.14, 314.35]",1,,frame_index_fps_fallback
-AUZQgSxyPQ_2,14.799999999999999,444,1,0,"[805.96, 100.62, 996.47, 316.72]",1,,frame_index_fps_fallback
-AUZQgSxyPQ_2,14.9,447,1,0,"[805.51, 100.79, 995.17, 316.01]",1,,frame_index_fps_fallback
-AUZQgSxyPQ_2,15.0,450,1,0,"[804.81, 99.77, 995.42, 314.03]",1,,frame_index_fps_fallback
-AUZQgSxyPQ_2,15.1,453,1,0,"[807.43, 91.11, 996.51, 311.48]",1,,frame_index_fps_fallback
-AUZQgSxyPQ_2,15.2,456,1,0,"[805.52, 89.17, 997.45, 308.69]",1,,frame_index_fps_fallback
-AUZQgSxyPQ_2,15.299999999999999,459,1,0,"[810.59, 89.39, 999.22, 306.35]",1,,frame_index_fps_fallback
-AUZQgSxyPQ_2,15.4,462,1,0,"[811.24, 83.19, 1001.86, 305.44]",1,,frame_index_fps_fallback
-AUZQgSxyPQ_2,15.5,465,1,0,"[810.9, 81.63, 1002.52, 305.08]",1,,frame_index_fps_fallback
-AUZQgSxyPQ_2,15.6,468,1,0,"[811.18, 82.48, 1003.44, 304.09]",1,,frame_index_fps_fallback
-AUZQgSxyPQ_2,15.7,471,1,0,"[809.23, 82.78, 1000.66, 298.4]",1,,frame_index_fps_fallback
-AUZQgSxyPQ_2,15.799999999999999,474,1,0,"[804.3, 72.75, 998.94, 293.27]",1,,frame_index_fps_fallback
-AUZQgSxyPQ_2,15.9,477,1,0,"[802.49, 75.33, 994.79, 295.28]",1,,frame_index_fps_fallback
-AUZQgSxyPQ_2,16.0,480,1,0,"[802.55, 77.82, 994.52, 297.74]",1,,frame_index_fps_fallback
-AUZQgSxyPQ_2,16.1,483,1,0,"[802.28, 81.58, 994.19, 297.56]",1,,frame_index_fps_fallback
-AUZQgSxyPQ_2,16.2,486,1,0,"[802.39, 80.24, 993.97, 298.99]",1,,frame_index_fps_fallback
-AUZQgSxyPQ_2,16.3,489,1,0,"[801.85, 79.33, 994.08, 301.26]",1,,frame_index_fps_fallback
-AUZQgSxyPQ_2,16.4,492,1,0,"[802.39, 87.38, 994.6, 306.85]",1,,frame_index_fps_fallback
-AUZQgSxyPQ_2,16.5,495,1,0,"[801.8, 91.96, 995.28, 310.4]",1,,frame_index_fps_fallback
-AUZQgSxyPQ_2,16.6,498,1,0,"[800.11, 89.05, 995.36, 309.04]",1,,frame_index_fps_fallback
-AUZQgSxyPQ_2,16.7,501,1,0,"[796.39, 73.13, 993.97, 300.62]",1,,frame_index_fps_fallback
-AUZQgSxyPQ_2,16.8,504,1,0,"[795.21, 72.68, 993.57, 301.82]",1,,frame_index_fps_fallback
-AUZQgSxyPQ_2,16.9,507,1,0,"[796.74, 83.32, 993.33, 307.33]",1,,frame_index_fps_fallback
-AUZQgSxyPQ_2,17.0,510,1,0,"[795.09, 88.76, 992.51, 308.73]",1,,frame_index_fps_fallback
-AUZQgSxyPQ_2,17.1,513,1,0,"[796.26, 89.79, 992.95, 314.27]",1,,frame_index_fps_fallback
-AUZQgSxyPQ_2,17.2,516,1,0,"[796.14, 90.85, 993.3, 319.2]",1,,frame_index_fps_fallback
-AUZQgSxyPQ_2,17.3,519,1,0,"[795.67, 89.96, 992.42, 318.39]",1,,frame_index_fps_fallback
-AUZQgSxyPQ_2,17.4,522,1,0,"[798.16, 92.67, 996.65, 320.18]",1,,frame_index_fps_fallback
-AUZQgSxyPQ_2,17.5,525,1,0,"[799.72, 94.44, 997.09, 317.18]",1,,frame_index_fps_fallback
-AUZQgSxyPQ_2,17.6,528,1,0,"[799.72, 93.98, 996.62, 314.54]",1,,frame_index_fps_fallback
-AUZQgSxyPQ_2,17.7,531,1,0,"[798.22, 89.57, 996.41, 311.38]",1,,frame_index_fps_fallback
-AUZQgSxyPQ_2,17.8,534,1,0,"[798.85, 91.92, 996.81, 314.83]",1,,frame_index_fps_fallback
-AUZQgSxyPQ_2,17.9,537,1,0,"[800.46, 94.5, 993.9, 311.31]",1,,frame_index_fps_fallback
-AUZQgSxyPQ_2,18.0,540,1,0,"[798.46, 89.85, 994.98, 308.71]",1,,frame_index_fps_fallback
-AUZQgSxyPQ_2,18.1,543,1,0,"[796.1, 79.68, 993.34, 304.1]",1,,frame_index_fps_fallback
-AUZQgSxyPQ_2,18.2,546,1,0,"[795.27, 78.93, 991.97, 302.94]",1,,frame_index_fps_fallback
-AUZQgSxyPQ_2,18.3,549,1,0,"[796.04, 80.26, 992.73, 304.45]",1,,frame_index_fps_fallback
-AUZQgSxyPQ_2,18.4,552,1,0,"[797.85, 82.19, 993.68, 308.9]",1,,frame_index_fps_fallback
-AUZQgSxyPQ_2,18.5,555,1,0,"[798.35, 82.54, 993.99, 310.25]",1,,frame_index_fps_fallback
-AUZQgSxyPQ_2,18.6,558,1,0,"[797.95, 82.65, 993.81, 305.56]",1,,frame_index_fps_fallback
-AUZQgSxyPQ_2,18.7,561,1,0,"[797.69, 83.82, 992.75, 304.75]",1,,frame_index_fps_fallback
-AUZQgSxyPQ_2,18.8,564,1,0,"[796.87, 84.27, 990.83, 302.48]",1,,frame_index_fps_fallback
-AUZQgSxyPQ_2,18.9,567,1,0,"[794.93, 78.46, 991.01, 295.47]",1,,frame_index_fps_fallback
-AUZQgSxyPQ_2,19.0,570,1,0,"[795.51, 76.85, 990.16, 305.22]",1,,frame_index_fps_fallback
-AUZQgSxyPQ_2,19.1,573,1,0,"[794.87, 74.03, 988.39, 292.66]",1,,frame_index_fps_fallback
-AUZQgSxyPQ_2,19.2,576,1,0,"[791.01, 69.75, 988.39, 291.51]",1,,frame_index_fps_fallback
-AUZQgSxyPQ_2,19.3,579,1,0,"[790.73, 76.7, 987.94, 294.0]",1,,frame_index_fps_fallback
-AUZQgSxyPQ_2,19.4,582,1,0,"[790.48, 75.64, 987.47, 300.87]",1,,frame_index_fps_fallback
-AUZQgSxyPQ_2,19.5,585,1,0,"[789.94, 76.03, 985.88, 302.19]",1,,frame_index_fps_fallback
-AUZQgSxyPQ_2,19.6,588,1,0,"[789.79, 77.27, 985.06, 300.35]",1,,frame_index_fps_fallback
-AUZQgSxyPQ_2,19.7,591,1,0,"[789.4, 74.63, 984.15, 297.81]",1,,frame_index_fps_fallback
-AUZQgSxyPQ_2,19.8,594,1,0,"[792.37, 78.18, 986.87, 300.5]",1,,frame_index_fps_fallback
-AUZQgSxyPQ_2,19.9,597,1,0,"[793.41, 84.06, 989.09, 303.08]",1,,frame_index_fps_fallback
-AUZQgSxyPQ_2,20.0,600,1,0,"[793.79, 85.69, 990.26, 309.72]",1,,frame_index_fps_fallback
-AUZQgSxyPQ_2,20.1,603,1,0,"[795.91, 90.9, 990.45, 316.27]",1,,frame_index_fps_fallback
-AUZQgSxyPQ_2,20.2,606,1,0,"[796.25, 86.28, 991.59, 310.17]",1,,frame_index_fps_fallback
-AUZQgSxyPQ_2,20.3,609,1,0,"[798.96, 85.04, 992.18, 304.68]",1,,frame_index_fps_fallback
-AUZQgSxyPQ_2,20.4,612,1,0,"[800.6, 84.35, 992.92, 304.72]",1,,frame_index_fps_fallback
-AUZQgSxyPQ_2,20.5,615,1,0,"[800.23, 88.07, 995.55, 307.95]",1,,frame_index_fps_fallback
-AUZQgSxyPQ_2,20.6,618,1,0,"[801.67, 93.08, 994.19, 312.99]",1,,frame_index_fps_fallback
-AUZQgSxyPQ_2,20.7,621,1,0,"[801.81, 96.09, 997.26, 322.09]",1,,frame_index_fps_fallback
-AUZQgSxyPQ_2,20.8,624,1,0,"[801.77, 95.32, 996.36, 319.42]",1,,frame_index_fps_fallback
-AUZQgSxyPQ_2,20.9,627,1,0,"[802.12, 90.83, 996.3, 315.3]",1,,frame_index_fps_fallback
-AUZQgSxyPQ_2,21.0,630,1,0,"[799.71, 92.69, 993.85, 311.88]",1,,frame_index_fps_fallback
-AUZQgSxyPQ_2,21.1,633,1,0,"[798.32, 95.04, 992.62, 318.94]",1,,frame_index_fps_fallback
-AUZQgSxyPQ_2,21.2,636,1,0,"[792.12, 104.41, 991.36, 328.9]",1,,frame_index_fps_fallback
-AUZQgSxyPQ_2,21.3,639,1,0,"[787.93, 106.55, 988.16, 331.16]",1,,frame_index_fps_fallback
-AUZQgSxyPQ_2,21.4,642,1,0,"[784.45, 104.71, 986.84, 331.99]",1,,frame_index_fps_fallback
-AUZQgSxyPQ_2,21.5,645,1,0,"[781.53, 101.59, 983.98, 332.69]",1,,frame_index_fps_fallback
-AUZQgSxyPQ_2,21.6,648,1,0,"[780.62, 99.56, 983.63, 329.34]",1,,frame_index_fps_fallback
-AUZQgSxyPQ_2,21.7,651,1,0,"[780.11, 96.91, 982.97, 327.72]",1,,frame_index_fps_fallback
-AUZQgSxyPQ_2,21.8,654,1,0,"[778.36, 95.99, 982.32, 327.2]",1,,frame_index_fps_fallback
-AUZQgSxyPQ_2,21.9,657,1,0,"[779.26, 97.47, 982.21, 321.67]",1,,frame_index_fps_fallback
-AUZQgSxyPQ_2,22.0,660,1,0,"[781.32, 95.63, 984.15, 318.09]",1,,frame_index_fps_fallback
-AUZQgSxyPQ_2,22.1,663,1,0,"[782.94, 87.16, 984.77, 317.64]",1,,frame_index_fps_fallback
-AUZQgSxyPQ_2,22.2,666,1,0,"[787.26, 92.08, 986.41, 318.33]",1,,frame_index_fps_fallback
-AUZQgSxyPQ_2,22.3,669,1,0,"[787.85, 86.73, 987.8, 314.71]",1,,frame_index_fps_fallback
-AUZQgSxyPQ_2,22.4,672,1,0,"[792.17, 94.81, 984.6, 312.05]",1,,frame_index_fps_fallback
-HeZS2-Prhc_2,0.0,0,1,0,"[129.1, 109.61, 291.32, 301.63]",1,,frame_index_fps_fallback
-HeZS2-Prhc_2,0.1,3,1,0,"[128.58, 103.02, 290.38, 293.82]",1,,frame_index_fps_fallback
-HeZS2-Prhc_2,0.2,6,1,0,"[127.14, 108.23, 288.62, 301.04]",1,,frame_index_fps_fallback
-HeZS2-Prhc_2,0.3,9,1,0,"[127.48, 118.62, 288.74, 309.62]",1,,frame_index_fps_fallback
-HeZS2-Prhc_2,0.4,12,1,0,"[126.76, 110.18, 289.91, 302.98]",1,,frame_index_fps_fallback
-HeZS2-Prhc_2,0.5,15,1,0,"[126.52, 102.49, 290.06, 294.88]",1,,frame_index_fps_fallback
-HeZS2-Prhc_2,0.6,18,1,0,"[128.42, 102.33, 289.26, 291.3]",1,,frame_index_fps_fallback
-HeZS2-Prhc_2,0.7,21,1,0,"[131.36, 99.05, 293.01, 290.23]",1,,frame_index_fps_fallback
-HeZS2-Prhc_2,0.8,24,1,0,"[132.42, 96.59, 294.47, 288.03]",1,,frame_index_fps_fallback
-HeZS2-Prhc_2,0.9,27,1,0,"[132.63, 97.6, 294.84, 288.22]",1,,frame_index_fps_fallback
-HeZS2-Prhc_2,1.0,30,1,0,"[133.65, 96.97, 294.72, 290.93]",1,,frame_index_fps_fallback
-HeZS2-Prhc_2,1.1,33,1,0,"[132.45, 86.73, 291.66, 284.45]",1,,frame_index_fps_fallback
-HeZS2-Prhc_2,1.2,36,1,0,"[131.23, 83.57, 291.33, 275.02]",1,,frame_index_fps_fallback
-HeZS2-Prhc_2,1.3,39,1,0,"[130.33, 83.15, 291.56, 279.15]",1,,frame_index_fps_fallback
-HeZS2-Prhc_2,1.4,42,1,0,"[130.45, 84.65, 291.11, 279.54]",1,,frame_index_fps_fallback
-HeZS2-Prhc_2,1.5,45,1,0,"[127.55, 88.22, 289.23, 276.75]",1,,frame_index_fps_fallback
-HeZS2-Prhc_2,1.6,48,1,0,"[125.28, 86.26, 289.68, 271.42]",1,,frame_index_fps_fallback
-HeZS2-Prhc_2,1.7,51,1,0,"[125.65, 85.48, 292.72, 273.8]",1,,frame_index_fps_fallback
-HeZS2-Prhc_2,1.8,54,1,0,"[131.3, 93.24, 298.31, 286.82]",1,,frame_index_fps_fallback
-HeZS2-Prhc_2,1.9,57,1,0,"[137.5, 107.22, 304.67, 303.66]",1,,frame_index_fps_fallback
-HeZS2-Prhc_2,2.0,60,1,0,"[135.65, 105.88, 306.01, 304.83]",1,,frame_index_fps_fallback
-HeZS2-Prhc_2,2.1,63,1,0,"[133.32, 90.01, 305.48, 287.43]",1,,frame_index_fps_fallback
-HeZS2-Prhc_2,2.2,66,1,0,"[132.51, 79.23, 301.09, 274.37]",1,,frame_index_fps_fallback
-HeZS2-Prhc_2,2.3,69,1,0,"[132.14, 79.59, 295.44, 272.96]",1,,frame_index_fps_fallback
-HeZS2-Prhc_2,2.4,72,1,0,"[131.16, 87.87, 291.99, 284.96]",1,,frame_index_fps_fallback
-HeZS2-Prhc_2,2.5,75,1,0,"[129.21, 91.76, 289.35, 286.6]",1,,frame_index_fps_fallback
-HeZS2-Prhc_2,2.6,78,1,0,"[126.7, 89.46, 285.96, 281.55]",1,,frame_index_fps_fallback
-HeZS2-Prhc_2,2.7,81,1,0,"[124.58, 87.07, 281.82, 279.46]",1,,frame_index_fps_fallback
-HeZS2-Prhc_2,2.8,84,1,0,"[121.97, 95.63, 278.88, 286.15]",1,,frame_index_fps_fallback
-HeZS2-Prhc_2,2.9,87,1,0,"[120.84, 108.31, 278.61, 297.71]",1,,frame_index_fps_fallback
-HeZS2-Prhc_2,3.0,90,1,0,"[119.13, 108.75, 277.5, 294.29]",1,,frame_index_fps_fallback
-HeZS2-Prhc_2,3.1,93,1,0,"[118.03, 101.96, 275.88, 288.55]",1,,frame_index_fps_fallback
-HeZS2-Prhc_2,3.2,96,1,0,"[117.38, 100.31, 275.66, 293.25]",1,,frame_index_fps_fallback
-HeZS2-Prhc_2,3.3,99,1,0,"[117.39, 100.2, 276.15, 291.47]",1,,frame_index_fps_fallback
-HeZS2-Prhc_2,3.4,102,1,0,"[117.7, 94.46, 277.69, 287.26]",1,,frame_index_fps_fallback
-HeZS2-Prhc_2,3.5,105,1,0,"[120.61, 92.42, 279.95, 286.13]",1,,frame_index_fps_fallback
-HeZS2-Prhc_2,3.6,108,1,0,"[121.74, 93.54, 278.91, 292.67]",1,,frame_index_fps_fallback
-HeZS2-Prhc_2,3.6999999999999997,111,1,0,"[122.33, 89.1, 282.32, 292.33]",1,,frame_index_fps_fallback
-HeZS2-Prhc_2,3.8,114,1,0,"[123.28, 91.21, 282.59, 292.56]",1,,frame_index_fps_fallback
-HeZS2-Prhc_2,3.9,117,1,0,"[123.16, 94.16, 282.94, 291.69]",1,,frame_index_fps_fallback
-HeZS2-Prhc_2,4.0,120,1,0,"[123.0, 94.06, 281.84, 286.73]",1,,frame_index_fps_fallback
-HeZS2-Prhc_2,4.1,123,1,0,"[123.71, 93.96, 282.26, 287.32]",1,,frame_index_fps_fallback
-HeZS2-Prhc_2,4.2,126,1,0,"[119.67, 85.09, 278.77, 281.58]",1,,frame_index_fps_fallback
-HeZS2-Prhc_2,4.3,129,1,0,"[119.4, 83.68, 278.58, 273.01]",1,,frame_index_fps_fallback
-HeZS2-Prhc_2,4.4,132,1,0,"[119.86, 86.01, 280.26, 274.99]",1,,frame_index_fps_fallback
-HeZS2-Prhc_2,4.5,135,1,0,"[120.11, 90.47, 281.44, 285.02]",1,,frame_index_fps_fallback
-HeZS2-Prhc_2,4.6,138,1,0,"[120.53, 96.68, 281.1, 293.6]",1,,frame_index_fps_fallback
-HeZS2-Prhc_2,4.7,141,1,0,"[120.73, 93.76, 281.56, 291.28]",1,,frame_index_fps_fallback
-HeZS2-Prhc_2,4.8,144,1,0,"[122.04, 93.92, 282.82, 289.63]",1,,frame_index_fps_fallback
-HeZS2-Prhc_2,4.9,147,1,0,"[122.24, 94.34, 283.11, 293.66]",1,,frame_index_fps_fallback
-HeZS2-Prhc_2,5.0,150,1,0,"[123.76, 89.61, 282.94, 287.73]",1,,frame_index_fps_fallback
-HeZS2-Prhc_2,5.1,153,1,0,"[126.57, 84.7, 286.25, 280.44]",1,,frame_index_fps_fallback
-HeZS2-Prhc_2,5.2,156,1,0,"[129.34, 85.9, 292.36, 284.48]",1,,frame_index_fps_fallback
-HeZS2-Prhc_2,5.3,159,1,0,"[128.55, 99.17, 294.72, 297.5]",1,,frame_index_fps_fallback
-HeZS2-Prhc_2,5.4,162,1,0,"[128.68, 100.27, 292.85, 298.23]",1,,frame_index_fps_fallback
-HeZS2-Prhc_2,5.5,165,1,0,"[127.48, 98.16, 289.08, 295.92]",1,,frame_index_fps_fallback
-HeZS2-Prhc_2,5.6,168,1,0,"[127.17, 101.53, 288.01, 297.24]",1,,frame_index_fps_fallback
-HeZS2-Prhc_2,5.7,171,1,0,"[127.23, 100.17, 289.61, 296.62]",1,,frame_index_fps_fallback
-HeZS2-Prhc_2,5.8,174,1,0,"[127.37, 98.33, 288.12, 292.83]",1,,frame_index_fps_fallback
-HeZS2-Prhc_2,5.9,177,1,0,"[128.16, 100.49, 288.36, 296.29]",1,,frame_index_fps_fallback
-HeZS2-Prhc_2,6.0,180,1,0,"[129.15, 99.13, 287.7, 299.81]",1,,frame_index_fps_fallback
-HeZS2-Prhc_2,6.1,183,1,0,"[125.89, 96.1, 284.98, 298.48]",1,,frame_index_fps_fallback
-HeZS2-Prhc_2,6.2,186,1,0,"[121.08, 93.46, 282.63, 289.51]",1,,frame_index_fps_fallback
-HeZS2-Prhc_2,6.3,189,1,0,"[116.64, 90.22, 278.88, 286.82]",1,,frame_index_fps_fallback
-HeZS2-Prhc_2,6.4,192,1,0,"[114.49, 100.5, 277.9, 293.82]",1,,frame_index_fps_fallback
-HeZS2-Prhc_2,6.5,195,1,0,"[112.26, 108.75, 276.25, 307.09]",1,,frame_index_fps_fallback
-HeZS2-Prhc_2,6.6,198,1,0,"[109.76, 111.52, 275.94, 305.26]",1,,frame_index_fps_fallback
-HeZS2-Prhc_2,6.7,201,1,0,"[112.8, 106.94, 277.78, 301.76]",1,,frame_index_fps_fallback
-HeZS2-Prhc_2,6.8,204,1,0,"[120.66, 107.65, 280.58, 296.2]",1,,frame_index_fps_fallback
-HeZS2-Prhc_2,6.8999999999999995,207,1,0,"[127.6, 101.02, 284.6, 290.45]",1,,frame_index_fps_fallback
-HeZS2-Prhc_2,7.0,210,1,0,"[124.36, 95.83, 283.59, 287.92]",1,,frame_index_fps_fallback
-HeZS2-Prhc_2,7.1,213,1,0,"[120.89, 103.26, 281.24, 297.08]",1,,frame_index_fps_fallback
-HeZS2-Prhc_2,7.2,216,1,0,"[122.84, 113.71, 282.58, 298.86]",1,,frame_index_fps_fallback
-HeZS2-Prhc_2,7.3,219,1,0,"[123.46, 113.95, 284.08, 298.97]",1,,frame_index_fps_fallback
-HeZS2-Prhc_2,7.3999999999999995,222,1,0,"[124.47, 114.16, 284.11, 300.09]",1,,frame_index_fps_fallback
-HeZS2-Prhc_2,7.5,225,1,0,"[125.51, 121.72, 284.66, 306.03]",1,,frame_index_fps_fallback
-HeZS2-Prhc_2,7.6,228,1,0,"[125.26, 122.12, 285.01, 304.01]",1,,frame_index_fps_fallback
-HeZS2-Prhc_2,7.7,231,1,0,"[124.49, 110.59, 285.0, 298.5]",1,,frame_index_fps_fallback
-HeZS2-Prhc_2,7.8,234,1,0,"[122.4, 90.11, 283.79, 284.82]",1,,frame_index_fps_fallback
-HeZS2-Prhc_2,7.8999999999999995,237,1,0,"[123.36, 83.72, 280.58, 274.09]",1,,frame_index_fps_fallback
-HeZS2-Prhc_2,8.0,240,1,0,"[123.51, 89.41, 278.18, 276.16]",1,,frame_index_fps_fallback
-HeZS2-Prhc_2,8.1,243,1,0,"[122.62, 91.92, 279.83, 282.69]",1,,frame_index_fps_fallback
-HeZS2-Prhc_2,8.2,245,1,0,"[122.65, 94.94, 281.63, 286.87]",1,,frame_index_fps_fallback
-MeTTeMJBNc_0,0.0,0,0,,,0,no_face_detected,frame_index_fps_fallback
-MeTTeMJBNc_0,0.1,3,1,0,"[284.31, 107.46, 357.53, 189.47]",1,,frame_index_fps_fallback
-MeTTeMJBNc_0,0.2,6,1,0,"[285.75, 108.14, 354.86, 189.11]",1,,frame_index_fps_fallback
-MeTTeMJBNc_0,0.3,9,1,0,"[285.9, 108.44, 354.2, 189.27]",1,,frame_index_fps_fallback
-MeTTeMJBNc_0,0.4,12,1,0,"[285.3, 109.34, 354.45, 191.53]",1,,frame_index_fps_fallback
-MeTTeMJBNc_0,0.5,15,1,0,"[285.58, 105.55, 353.85, 190.06]",1,,frame_index_fps_fallback
-MeTTeMJBNc_0,0.6,18,1,0,"[283.2, 106.52, 352.8, 190.0]",1,,frame_index_fps_fallback
-MeTTeMJBNc_0,0.7,21,1,0,"[282.19, 107.37, 351.61, 189.18]",1,,frame_index_fps_fallback
-MeTTeMJBNc_0,0.8,24,1,0,"[281.38, 106.52, 350.97, 188.86]",1,,frame_index_fps_fallback
-MeTTeMJBNc_0,0.9,27,1,0,"[283.88, 105.08, 351.33, 184.6]",1,,frame_index_fps_fallback
-MeTTeMJBNc_0,1.0,30,1,0,"[283.85, 104.58, 350.86, 184.36]",1,,frame_index_fps_fallback
-MeTTeMJBNc_0,1.1,33,1,0,"[284.71, 104.95, 352.14, 188.5]",1,,frame_index_fps_fallback
-MeTTeMJBNc_0,1.2,36,1,0,"[283.48, 106.68, 351.53, 188.62]",1,,frame_index_fps_fallback
-MeTTeMJBNc_0,1.3,39,1,0,"[283.31, 106.77, 351.4, 187.32]",1,,frame_index_fps_fallback
-MeTTeMJBNc_0,1.4,42,1,0,"[283.29, 104.97, 351.27, 188.18]",1,,frame_index_fps_fallback
-MeTTeMJBNc_0,1.5,45,1,0,"[285.96, 103.57, 353.8, 188.75]",1,,frame_index_fps_fallback
-MeTTeMJBNc_0,1.6,48,1,0,"[285.94, 107.52, 353.78, 189.31]",1,,frame_index_fps_fallback
-MeTTeMJBNc_0,1.7,51,1,0,"[287.43, 108.07, 356.02, 190.76]",1,,frame_index_fps_fallback
-MeTTeMJBNc_0,1.8,54,1,0,"[288.33, 105.83, 355.87, 190.29]",1,,frame_index_fps_fallback
-MeTTeMJBNc_0,1.9,57,1,0,"[289.22, 105.95, 355.29, 190.24]",1,,frame_index_fps_fallback
-MeTTeMJBNc_0,2.0,60,1,0,"[289.25, 106.37, 355.82, 189.45]",1,,frame_index_fps_fallback
-MeTTeMJBNc_0,2.1,63,1,0,"[289.29, 106.43, 356.0, 189.58]",1,,frame_index_fps_fallback
-MeTTeMJBNc_0,2.2,66,1,0,"[290.04, 106.16, 356.65, 189.08]",1,,frame_index_fps_fallback
-MeTTeMJBNc_0,2.3,69,1,0,"[290.87, 105.55, 357.32, 189.45]",1,,frame_index_fps_fallback
-MeTTeMJBNc_0,2.4,72,1,0,"[291.55, 107.14, 358.53, 189.99]",1,,frame_index_fps_fallback
-MeTTeMJBNc_0,2.5,75,1,0,"[291.18, 108.73, 359.46, 190.43]",1,,frame_index_fps_fallback
-MeTTeMJBNc_0,2.6,78,1,0,"[292.5, 109.22, 358.79, 190.94]",1,,frame_index_fps_fallback
-MeTTeMJBNc_0,2.7,81,1,0,"[294.09, 109.33, 359.21, 192.02]",1,,frame_index_fps_fallback
-MeTTeMJBNc_0,2.8,84,1,0,"[293.12, 112.02, 359.16, 193.5]",1,,frame_index_fps_fallback
-MeTTeMJBNc_0,2.9,87,1,0,"[292.67, 110.73, 360.54, 193.65]",1,,frame_index_fps_fallback
-MeTTeMJBNc_0,3.0,90,1,0,"[290.96, 107.28, 359.59, 192.73]",1,,frame_index_fps_fallback
-MeTTeMJBNc_0,3.1,93,1,0,"[289.47, 106.93, 358.24, 191.75]",1,,frame_index_fps_fallback
-MeTTeMJBNc_0,3.2,96,1,0,"[288.22, 107.95, 356.8, 187.76]",1,,frame_index_fps_fallback
-MeTTeMJBNc_0,3.3,99,1,0,"[288.15, 106.36, 355.79, 187.71]",1,,frame_index_fps_fallback
-MeTTeMJBNc_0,3.4,102,1,0,"[288.16, 105.87, 355.29, 188.98]",1,,frame_index_fps_fallback
-MeTTeMJBNc_0,3.5,105,1,0,"[289.11, 107.03, 356.07, 188.55]",1,,frame_index_fps_fallback
-MeTTeMJBNc_0,3.6,108,1,0,"[288.61, 106.64, 355.77, 188.42]",1,,frame_index_fps_fallback
-MeTTeMJBNc_0,3.6999999999999997,111,1,0,"[288.4, 107.13, 355.71, 190.51]",1,,frame_index_fps_fallback
-MeTTeMJBNc_0,3.8,114,1,0,"[283.65, 104.21, 353.04, 192.32]",1,,frame_index_fps_fallback
-MeTTeMJBNc_0,3.9,117,1,0,"[280.47, 106.97, 348.39, 191.02]",1,,frame_index_fps_fallback
-MeTTeMJBNc_0,4.0,120,1,0,"[280.24, 110.26, 346.79, 191.18]",1,,frame_index_fps_fallback
-MeTTeMJBNc_0,4.1,123,1,0,"[282.36, 112.29, 348.91, 192.33]",1,,frame_index_fps_fallback
-MeTTeMJBNc_0,4.2,126,1,0,"[284.82, 112.34, 352.53, 194.0]",1,,frame_index_fps_fallback
-MeTTeMJBNc_0,4.3,129,1,0,"[285.77, 110.07, 352.97, 193.25]",1,,frame_index_fps_fallback
-MeTTeMJBNc_0,4.4,132,1,0,"[286.11, 110.79, 353.24, 193.55]",1,,frame_index_fps_fallback
-MeTTeMJBNc_0,4.5,135,1,0,"[286.72, 110.67, 355.34, 194.31]",1,,frame_index_fps_fallback
-MeTTeMJBNc_0,4.6,138,1,0,"[286.16, 111.05, 354.51, 192.7]",1,,frame_index_fps_fallback
-MeTTeMJBNc_0,4.7,141,1,0,"[283.14, 110.5, 351.73, 193.42]",1,,frame_index_fps_fallback
-MeTTeMJBNc_0,4.8,144,1,0,"[281.62, 108.72, 349.77, 193.39]",1,,frame_index_fps_fallback
-MeTTeMJBNc_0,4.9,147,1,0,"[278.61, 108.27, 347.92, 198.58]",1,,frame_index_fps_fallback
-MeTTeMJBNc_0,5.0,150,1,0,"[276.01, 107.5, 346.61, 199.47]",1,,frame_index_fps_fallback
-MeTTeMJBNc_0,5.1,153,1,0,"[275.24, 108.71, 343.04, 194.63]",1,,frame_index_fps_fallback
-MeTTeMJBNc_0,5.2,156,1,0,"[276.21, 109.6, 343.82, 194.51]",1,,frame_index_fps_fallback
-MeTTeMJBNc_0,5.3,159,1,0,"[277.11, 109.59, 345.61, 196.39]",1,,frame_index_fps_fallback
-MeTTeMJBNc_0,5.4,162,1,0,"[278.79, 108.72, 346.52, 193.31]",1,,frame_index_fps_fallback
-MeTTeMJBNc_0,5.5,165,1,0,"[279.05, 108.44, 347.53, 193.14]",1,,frame_index_fps_fallback
-MeTTeMJBNc_0,5.6,168,1,0,"[278.65, 108.33, 348.73, 194.87]",1,,frame_index_fps_fallback
-MeTTeMJBNc_0,5.7,171,1,0,"[278.43, 107.95, 347.92, 192.98]",1,,frame_index_fps_fallback
-MeTTeMJBNc_0,5.8,174,1,0,"[279.3, 109.05, 349.64, 193.58]",1,,frame_index_fps_fallback
-MeTTeMJBNc_0,5.9,177,1,0,"[278.95, 107.82, 348.46, 192.42]",1,,frame_index_fps_fallback
-MeTTeMJBNc_0,6.0,180,1,0,"[279.42, 106.68, 348.12, 192.99]",1,,frame_index_fps_fallback
-MeTTeMJBNc_0,6.1,183,1,0,"[279.41, 106.98, 348.3, 193.42]",1,,frame_index_fps_fallback
-MeTTeMJBNc_0,6.2,186,1,0,"[279.38, 106.55, 347.07, 191.25]",1,,frame_index_fps_fallback
-MeTTeMJBNc_0,6.3,189,1,0,"[279.77, 104.12, 347.02, 188.84]",1,,frame_index_fps_fallback
-MeTTeMJBNc_0,6.4,192,1,0,"[279.93, 105.79, 347.05, 189.32]",1,,frame_index_fps_fallback
-MeTTeMJBNc_0,6.5,195,1,0,"[281.27, 106.22, 347.82, 188.61]",1,,frame_index_fps_fallback
-MeTTeMJBNc_0,6.6,198,1,0,"[281.49, 103.51, 348.79, 185.55]",1,,frame_index_fps_fallback
-MeTTeMJBNc_0,6.7,201,1,0,"[280.4, 106.03, 346.52, 183.35]",1,,frame_index_fps_fallback
-MeTTeMJBNc_0,6.8,204,1,0,"[279.51, 104.57, 346.77, 180.81]",1,,frame_index_fps_fallback
-MeTTeMJBNc_0,6.8999999999999995,207,1,0,"[279.3, 103.52, 346.77, 182.02]",1,,frame_index_fps_fallback
-MeTTeMJBNc_0,7.0,210,1,0,"[278.13, 102.59, 346.11, 182.11]",1,,frame_index_fps_fallback
-MeTTeMJBNc_0,7.1,213,1,0,"[277.03, 103.26, 345.08, 185.4]",1,,frame_index_fps_fallback
-MeTTeMJBNc_0,7.2,216,1,0,"[276.0, 104.37, 344.57, 189.53]",1,,frame_index_fps_fallback
-MeTTeMJBNc_0,7.3,219,1,0,"[275.5, 105.85, 342.57, 187.87]",1,,frame_index_fps_fallback
-MeTTeMJBNc_0,7.3999999999999995,222,1,0,"[274.53, 107.02, 340.53, 189.25]",1,,frame_index_fps_fallback
-MeTTeMJBNc_0,7.5,225,1,0,"[271.65, 110.61, 337.9, 192.45]",1,,frame_index_fps_fallback
-MeTTeMJBNc_0,7.6,228,1,0,"[270.01, 111.93, 336.29, 194.09]",1,,frame_index_fps_fallback
-MeTTeMJBNc_0,7.7,231,1,0,"[270.21, 111.47, 336.77, 194.86]",1,,frame_index_fps_fallback
-MeTTeMJBNc_0,7.8,234,1,0,"[272.12, 111.31, 338.39, 194.97]",1,,frame_index_fps_fallback
-MeTTeMJBNc_0,7.8999999999999995,237,1,0,"[271.12, 110.37, 338.53, 193.0]",1,,frame_index_fps_fallback
-MeTTeMJBNc_0,8.0,240,1,0,"[271.43, 110.2, 339.63, 193.03]",1,,frame_index_fps_fallback
-MeTTeMJBNc_0,8.1,243,1,0,"[272.34, 109.39, 340.7, 194.73]",1,,frame_index_fps_fallback
-MeTTeMJBNc_0,8.2,246,1,0,"[273.06, 110.58, 340.56, 196.47]",1,,frame_index_fps_fallback
-MeTTeMJBNc_0,8.3,249,1,0,"[272.92, 110.04, 340.54, 198.06]",1,,frame_index_fps_fallback
-MeTTeMJBNc_0,8.4,252,1,0,"[272.32, 110.56, 340.3, 196.79]",1,,frame_index_fps_fallback
-MeTTeMJBNc_0,8.5,255,1,0,"[272.71, 111.04, 340.18, 196.17]",1,,frame_index_fps_fallback
-MeTTeMJBNc_0,8.6,258,1,0,"[273.09, 110.7, 340.58, 195.24]",1,,frame_index_fps_fallback
-MeTTeMJBNc_0,8.7,261,1,0,"[273.31, 110.61, 340.42, 196.73]",1,,frame_index_fps_fallback
-MeTTeMJBNc_0,8.8,264,1,0,"[273.36, 110.83, 341.33, 196.37]",1,,frame_index_fps_fallback
-MeTTeMJBNc_0,8.9,267,1,0,"[272.92, 110.79, 340.42, 196.36]",1,,frame_index_fps_fallback
-MeTTeMJBNc_0,9.0,270,1,0,"[271.97, 110.69, 340.5, 196.6]",1,,frame_index_fps_fallback
-MeTTeMJBNc_0,9.1,273,1,0,"[271.12, 110.38, 341.34, 195.17]",1,,frame_index_fps_fallback
-MeTTeMJBNc_0,9.2,276,1,0,"[274.52, 107.75, 344.9, 195.12]",1,,frame_index_fps_fallback
-MeTTeMJBNc_13,0.0,0,1,0,"[282.44, 104.46, 351.44, 187.55]",1,,frame_index_fps_fallback
-MeTTeMJBNc_13,0.1,3,1,0,"[282.47, 104.96, 352.55, 186.92]",1,,frame_index_fps_fallback
-MeTTeMJBNc_13,0.2,6,1,0,"[281.67, 103.08, 350.51, 187.81]",1,,frame_index_fps_fallback
-MeTTeMJBNc_13,0.3,9,1,0,"[281.59, 104.19, 350.84, 187.05]",1,,frame_index_fps_fallback
-MeTTeMJBNc_13,0.4,12,1,0,"[282.36, 104.92, 350.89, 186.76]",1,,frame_index_fps_fallback
-MeTTeMJBNc_13,0.5,15,1,0,"[283.79, 106.47, 351.78, 187.68]",1,,frame_index_fps_fallback
-MeTTeMJBNc_13,0.6,18,1,0,"[284.96, 105.92, 353.87, 188.1]",1,,frame_index_fps_fallback
-MeTTeMJBNc_13,0.7,21,1,0,"[287.68, 106.64, 356.26, 186.66]",1,,frame_index_fps_fallback
-MeTTeMJBNc_13,0.8,24,1,0,"[289.34, 109.53, 357.43, 186.2]",1,,frame_index_fps_fallback
-MeTTeMJBNc_13,0.9,27,1,0,"[290.57, 106.99, 358.26, 188.22]",1,,frame_index_fps_fallback
-MeTTeMJBNc_13,1.0,30,1,0,"[291.27, 110.66, 358.81, 191.35]",1,,frame_index_fps_fallback
-MeTTeMJBNc_13,1.1,33,1,0,"[291.78, 107.99, 358.07, 194.31]",1,,frame_index_fps_fallback
-MeTTeMJBNc_13,1.2,36,1,0,"[289.33, 112.31, 357.51, 193.23]",1,,frame_index_fps_fallback
-MeTTeMJBNc_13,1.3,39,1,0,"[287.88, 110.98, 354.96, 191.09]",1,,frame_index_fps_fallback
-MeTTeMJBNc_13,1.4,42,1,0,"[287.46, 108.8, 355.47, 190.07]",1,,frame_index_fps_fallback
-MeTTeMJBNc_13,1.5,45,1,0,"[285.86, 108.3, 353.62, 188.84]",1,,frame_index_fps_fallback
-MeTTeMJBNc_13,1.6,48,1,0,"[284.7, 110.41, 352.32, 186.9]",1,,frame_index_fps_fallback
-MeTTeMJBNc_13,1.7,51,1,0,"[284.12, 109.9, 351.93, 186.86]",1,,frame_index_fps_fallback
-MeTTeMJBNc_13,1.8,54,1,0,"[284.16, 109.97, 351.19, 187.9]",1,,frame_index_fps_fallback
-MeTTeMJBNc_13,1.9,57,1,0,"[283.27, 108.79, 351.54, 189.48]",1,,frame_index_fps_fallback
-MeTTeMJBNc_13,2.0,60,1,0,"[283.72, 107.96, 351.73, 188.47]",1,,frame_index_fps_fallback
-MeTTeMJBNc_13,2.1,63,1,0,"[283.85, 109.03, 351.4, 189.68]",1,,frame_index_fps_fallback
-MeTTeMJBNc_13,2.2,66,1,0,"[284.88, 108.79, 352.62, 190.86]",1,,frame_index_fps_fallback
-MeTTeMJBNc_13,2.3,69,1,0,"[285.73, 107.13, 352.98, 189.19]",1,,frame_index_fps_fallback
-MeTTeMJBNc_13,2.4,72,1,0,"[285.73, 106.43, 353.33, 188.1]",1,,frame_index_fps_fallback
-MeTTeMJBNc_13,2.5,75,1,0,"[284.04, 106.59, 354.09, 187.92]",1,,frame_index_fps_fallback
-MeTTeMJBNc_13,2.6,78,1,0,"[284.07, 107.49, 353.98, 188.81]",1,,frame_index_fps_fallback
-MeTTeMJBNc_13,2.7,81,1,0,"[284.63, 108.72, 354.13, 191.55]",1,,frame_index_fps_fallback
-MeTTeMJBNc_13,2.8,84,1,0,"[284.16, 110.18, 353.91, 193.99]",1,,frame_index_fps_fallback
-MeTTeMJBNc_13,2.9,87,1,0,"[283.02, 108.05, 353.41, 191.7]",1,,frame_index_fps_fallback
-MeTTeMJBNc_13,3.0,90,1,0,"[282.92, 109.38, 353.16, 191.7]",1,,frame_index_fps_fallback
-MeTTeMJBNc_13,3.1,93,1,0,"[282.72, 108.34, 352.97, 190.7]",1,,frame_index_fps_fallback
-MeTTeMJBNc_13,3.2,96,1,0,"[281.93, 106.97, 352.48, 189.89]",1,,frame_index_fps_fallback
-MeTTeMJBNc_13,3.3,99,1,0,"[280.93, 106.42, 352.79, 188.48]",1,,frame_index_fps_fallback
-MeTTeMJBNc_13,3.4,102,1,0,"[281.65, 106.77, 352.93, 189.98]",1,,frame_index_fps_fallback
-MeTTeMJBNc_13,3.5,105,1,0,"[283.56, 112.02, 352.48, 194.73]",1,,frame_index_fps_fallback
-MeTTeMJBNc_13,3.6,108,1,0,"[283.1, 112.14, 351.07, 197.82]",1,,frame_index_fps_fallback
-MeTTeMJBNc_13,3.6999999999999997,111,1,0,"[284.03, 114.2, 351.5, 200.29]",1,,frame_index_fps_fallback
-MeTTeMJBNc_13,3.8,114,1,0,"[285.92, 116.08, 352.84, 200.1]",1,,frame_index_fps_fallback
-MeTTeMJBNc_13,3.9,117,1,0,"[286.94, 115.41, 352.48, 200.17]",1,,frame_index_fps_fallback
-MeTTeMJBNc_13,4.0,120,1,0,"[284.63, 114.64, 350.76, 200.09]",1,,frame_index_fps_fallback
-MeTTeMJBNc_13,4.1,123,1,0,"[280.5, 114.58, 346.93, 199.82]",1,,frame_index_fps_fallback
-MeTTeMJBNc_13,4.2,126,1,0,"[279.48, 114.62, 345.85, 198.99]",1,,frame_index_fps_fallback
-MeTTeMJBNc_13,4.3,129,1,0,"[279.22, 115.29, 345.04, 199.03]",1,,frame_index_fps_fallback
-MeTTeMJBNc_13,4.4,132,1,0,"[276.11, 115.19, 341.68, 198.71]",1,,frame_index_fps_fallback
-MeTTeMJBNc_13,4.5,135,1,0,"[274.73, 114.36, 341.19, 198.36]",1,,frame_index_fps_fallback
-MeTTeMJBNc_13,4.6,138,1,0,"[275.25, 116.06, 340.89, 197.32]",1,,frame_index_fps_fallback
-MeTTeMJBNc_13,4.7,141,1,0,"[273.61, 115.18, 338.9, 196.86]",1,,frame_index_fps_fallback
-MeTTeMJBNc_13,4.8,144,1,0,"[267.56, 115.41, 333.62, 197.97]",1,,frame_index_fps_fallback
-MeTTeMJBNc_13,4.9,147,1,0,"[263.82, 116.34, 330.23, 200.52]",1,,frame_index_fps_fallback
-MeTTeMJBNc_13,5.0,150,1,0,"[261.8, 115.4, 328.46, 198.12]",1,,frame_index_fps_fallback
-MeTTeMJBNc_13,5.1,153,1,0,"[261.03, 114.44, 328.84, 197.62]",1,,frame_index_fps_fallback
-MeTTeMJBNc_13,5.2,156,1,0,"[261.49, 113.2, 329.35, 196.77]",1,,frame_index_fps_fallback
-MeTTeMJBNc_13,5.366666666666666,158,1,0,"[264.9, 114.43, 332.2, 195.61]",1,,frame_index_fps_fallback
-MeTTeMJBNc_7,0.0,0,1,0,"[282.97, 102.04, 353.46, 178.65]",1,,frame_index_fps_fallback
-MeTTeMJBNc_7,0.1,3,1,0,"[283.31, 101.69, 351.66, 176.7]",1,,frame_index_fps_fallback
-MeTTeMJBNc_7,0.2,6,1,0,"[282.9, 102.79, 352.65, 177.92]",1,,frame_index_fps_fallback
-MeTTeMJBNc_7,0.3,9,1,0,"[282.34, 104.42, 352.52, 179.57]",1,,frame_index_fps_fallback
-MeTTeMJBNc_7,0.4,12,1,0,"[281.85, 104.7, 352.4, 180.12]",1,,frame_index_fps_fallback
-MeTTeMJBNc_7,0.5,15,1,0,"[284.03, 101.65, 350.9, 181.32]",1,,frame_index_fps_fallback
-MeTTeMJBNc_7,0.6,18,1,0,"[282.56, 104.38, 350.67, 183.08]",1,,frame_index_fps_fallback
-MeTTeMJBNc_7,0.7,21,1,0,"[282.06, 105.4, 350.51, 185.47]",1,,frame_index_fps_fallback
-MeTTeMJBNc_7,0.8,24,1,0,"[281.25, 105.64, 351.07, 185.28]",1,,frame_index_fps_fallback
-MeTTeMJBNc_7,0.9,27,1,0,"[281.32, 104.85, 349.8, 184.79]",1,,frame_index_fps_fallback
-MeTTeMJBNc_7,1.0,30,1,0,"[283.45, 106.18, 350.65, 185.86]",1,,frame_index_fps_fallback
-MeTTeMJBNc_7,1.1,33,1,0,"[285.46, 107.43, 352.59, 184.91]",1,,frame_index_fps_fallback
-MeTTeMJBNc_7,1.2,36,1,0,"[287.45, 109.42, 353.19, 186.6]",1,,frame_index_fps_fallback
-MeTTeMJBNc_7,1.3,39,1,0,"[288.13, 105.84, 355.09, 187.01]",1,,frame_index_fps_fallback
-MeTTeMJBNc_7,1.4,42,1,0,"[291.21, 106.26, 355.92, 185.29]",1,,frame_index_fps_fallback
-MeTTeMJBNc_7,1.5,45,1,0,"[289.79, 106.62, 356.26, 184.79]",1,,frame_index_fps_fallback
-MeTTeMJBNc_7,1.6,48,1,0,"[289.15, 107.3, 356.12, 192.29]",1,,frame_index_fps_fallback
-MeTTeMJBNc_7,1.7,51,1,0,"[289.53, 108.48, 355.99, 192.92]",1,,frame_index_fps_fallback
-MeTTeMJBNc_7,1.8,54,1,0,"[287.66, 109.64, 353.95, 193.59]",1,,frame_index_fps_fallback
-MeTTeMJBNc_7,1.9,57,1,0,"[283.91, 110.59, 353.16, 196.5]",1,,frame_index_fps_fallback
-MeTTeMJBNc_7,2.0,60,1,0,"[281.2, 112.97, 352.01, 202.87]",1,,frame_index_fps_fallback
-MeTTeMJBNc_7,2.1,63,1,0,"[279.23, 116.01, 351.1, 206.61]",1,,frame_index_fps_fallback
-MeTTeMJBNc_7,2.2,66,1,0,"[277.32, 118.57, 349.47, 207.0]",1,,frame_index_fps_fallback
-MeTTeMJBNc_7,2.3,69,1,0,"[277.75, 118.43, 349.9, 208.88]",1,,frame_index_fps_fallback
-MeTTeMJBNc_7,2.4,72,1,0,"[279.38, 117.86, 351.3, 206.93]",1,,frame_index_fps_fallback
-MeTTeMJBNc_7,2.5,75,1,0,"[281.16, 117.8, 352.1, 207.35]",1,,frame_index_fps_fallback
-MeTTeMJBNc_7,2.6,78,1,0,"[281.35, 119.1, 351.92, 206.72]",1,,frame_index_fps_fallback
-MeTTeMJBNc_7,2.7,81,1,0,"[280.68, 118.42, 350.62, 207.78]",1,,frame_index_fps_fallback
-MeTTeMJBNc_7,2.8,84,1,0,"[278.77, 115.54, 349.13, 204.79]",1,,frame_index_fps_fallback
-MeTTeMJBNc_7,2.9,87,1,0,"[277.49, 112.88, 348.5, 203.61]",1,,frame_index_fps_fallback
-MeTTeMJBNc_7,3.0,90,1,0,"[277.13, 113.97, 348.13, 201.86]",1,,frame_index_fps_fallback
-MeTTeMJBNc_7,3.1,93,1,0,"[276.15, 113.53, 347.62, 198.53]",1,,frame_index_fps_fallback
-MeTTeMJBNc_7,3.2,96,1,0,"[275.95, 112.19, 346.37, 198.05]",1,,frame_index_fps_fallback
-MeTTeMJBNc_7,3.3,99,1,0,"[275.76, 110.84, 346.51, 197.72]",1,,frame_index_fps_fallback
-MeTTeMJBNc_7,3.4,102,1,0,"[276.12, 110.43, 347.62, 195.79]",1,,frame_index_fps_fallback
-MeTTeMJBNc_7,3.5,105,1,0,"[277.35, 109.83, 347.63, 194.79]",1,,frame_index_fps_fallback
-MeTTeMJBNc_7,3.6,108,1,0,"[277.76, 107.88, 347.9, 194.71]",1,,frame_index_fps_fallback
-MeTTeMJBNc_7,3.6999999999999997,111,1,0,"[277.38, 107.62, 346.41, 195.7]",1,,frame_index_fps_fallback
-MeTTeMJBNc_7,3.8,114,1,0,"[274.52, 108.48, 342.57, 191.01]",1,,frame_index_fps_fallback
-MeTTeMJBNc_7,3.9,117,1,0,"[271.09, 106.68, 339.08, 188.79]",1,,frame_index_fps_fallback
-MeTTeMJBNc_7,4.0,120,1,0,"[268.26, 106.86, 338.32, 191.95]",1,,frame_index_fps_fallback
-MeTTeMJBNc_7,4.1,123,1,0,"[266.34, 110.29, 336.56, 191.5]",1,,frame_index_fps_fallback
-MeTTeMJBNc_7,4.2,126,1,0,"[266.96, 110.51, 336.78, 195.02]",1,,frame_index_fps_fallback
-MeTTeMJBNc_7,4.3,129,1,0,"[270.08, 109.96, 339.05, 193.24]",1,,frame_index_fps_fallback
-MeTTeMJBNc_7,4.4,132,1,0,"[273.85, 109.56, 341.95, 192.04]",1,,frame_index_fps_fallback
-MeTTeMJBNc_7,4.5,135,1,0,"[276.8, 108.34, 344.04, 191.72]",1,,frame_index_fps_fallback
-MeTTeMJBNc_7,4.6,138,1,0,"[278.64, 107.02, 346.85, 191.86]",1,,frame_index_fps_fallback
-MeTTeMJBNc_7,4.7,141,1,0,"[279.65, 103.55, 347.63, 189.78]",1,,frame_index_fps_fallback
-MeTTeMJBNc_7,4.8,144,1,0,"[279.55, 102.3, 348.21, 189.57]",1,,frame_index_fps_fallback
-MeTTeMJBNc_7,4.9,147,1,0,"[279.11, 104.91, 347.99, 190.64]",1,,frame_index_fps_fallback
-MeTTeMJBNc_7,5.0,150,1,0,"[278.31, 103.54, 346.18, 185.83]",1,,frame_index_fps_fallback
-MeTTeMJBNc_7,5.1,153,1,0,"[277.47, 104.17, 345.18, 188.37]",1,,frame_index_fps_fallback
-MeTTeMJBNc_7,5.2,156,1,0,"[280.48, 102.54, 347.86, 186.77]",1,,frame_index_fps_fallback
-MeTTeMJBNc_7,5.3,159,1,0,"[280.52, 103.22, 349.26, 184.6]",1,,frame_index_fps_fallback
-MeTTeMJBNc_7,5.4,162,1,0,"[282.61, 104.11, 350.61, 186.29]",1,,frame_index_fps_fallback
-MeTTeMJBNc_7,5.5,165,1,0,"[282.92, 105.71, 351.18, 191.66]",1,,frame_index_fps_fallback
-MeTTeMJBNc_7,5.6,168,1,0,"[281.48, 108.78, 349.48, 192.02]",1,,frame_index_fps_fallback
-MeTTeMJBNc_7,5.7,171,1,0,"[280.61, 109.18, 348.98, 198.92]",1,,frame_index_fps_fallback
-MeTTeMJBNc_7,5.8,174,1,0,"[280.81, 109.38, 348.56, 200.73]",1,,frame_index_fps_fallback
-MeTTeMJBNc_7,5.9,177,1,0,"[279.92, 108.67, 348.61, 198.06]",1,,frame_index_fps_fallback
-MeTTeMJBNc_7,6.0,180,1,0,"[279.63, 109.76, 347.76, 194.08]",1,,frame_index_fps_fallback
-MeTTeMJBNc_7,6.1,183,1,0,"[278.0, 109.06, 346.29, 194.11]",1,,frame_index_fps_fallback
-MeTTeMJBNc_7,6.2,186,1,0,"[279.97, 108.84, 347.56, 195.42]",1,,frame_index_fps_fallback
-MeTTeMJBNc_7,6.3,189,1,0,"[281.25, 108.09, 348.49, 193.57]",1,,frame_index_fps_fallback
-MeTTeMJBNc_7,6.4,192,1,0,"[277.94, 108.16, 346.35, 192.32]",1,,frame_index_fps_fallback
-MeTTeMJBNc_7,6.5,195,1,0,"[276.22, 106.67, 344.4, 187.48]",1,,frame_index_fps_fallback
-MeTTeMJBNc_7,6.6,198,1,0,"[274.23, 106.62, 342.78, 186.85]",1,,frame_index_fps_fallback
-MeTTeMJBNc_7,6.7,201,1,0,"[272.81, 108.96, 339.14, 187.48]",1,,frame_index_fps_fallback
-MeTTeMJBNc_7,6.8,204,1,0,"[270.68, 110.94, 337.06, 188.81]",1,,frame_index_fps_fallback
-MeTTeMJBNc_7,6.8999999999999995,207,1,0,"[268.95, 108.58, 336.97, 193.79]",1,,frame_index_fps_fallback
-MeTTeMJBNc_7,7.0,210,1,0,"[269.45, 109.62, 337.57, 193.63]",1,,frame_index_fps_fallback
-MeTTeMJBNc_7,7.1,213,1,0,"[270.4, 110.99, 337.9, 192.54]",1,,frame_index_fps_fallback
-MeTTeMJBNc_7,7.2,216,1,0,"[270.22, 109.2, 336.74, 192.04]",1,,frame_index_fps_fallback
-MeTTeMJBNc_7,7.3,219,1,0,"[270.54, 113.18, 336.56, 193.71]",1,,frame_index_fps_fallback
-MeTTeMJBNc_7,7.3999999999999995,222,1,0,"[271.65, 114.29, 339.7, 196.77]",1,,frame_index_fps_fallback
-MeTTeMJBNc_7,7.5,225,1,0,"[272.49, 114.58, 339.68, 194.54]",1,,frame_index_fps_fallback
-MeTTeMJBNc_7,7.6,228,1,0,"[272.46, 113.76, 340.83, 194.79]",1,,frame_index_fps_fallback
-MeTTeMJBNc_7,7.7,231,1,0,"[272.68, 113.2, 341.5, 195.79]",1,,frame_index_fps_fallback
-MeTTeMJBNc_7,7.8,234,1,0,"[273.5, 113.52, 340.98, 194.6]",1,,frame_index_fps_fallback
-MeTTeMJBNc_7,7.8999999999999995,237,1,0,"[273.97, 112.18, 337.91, 190.51]",1,,frame_index_fps_fallback
-MeTTeMJBNc_7,8.0,240,1,0,"[273.52, 110.56, 340.33, 189.2]",1,,frame_index_fps_fallback
-MeTTeMJBNc_7,8.1,243,1,0,"[271.9, 109.01, 341.35, 191.04]",1,,frame_index_fps_fallback
-MeTTeMJBNc_7,8.2,246,1,0,"[270.01, 107.45, 340.93, 189.4]",1,,frame_index_fps_fallback
-MeTTeMJBNc_7,8.3,249,1,0,"[269.5, 106.55, 339.1, 186.79]",1,,frame_index_fps_fallback
-MeTTeMJBNc_7,8.4,252,1,0,"[267.31, 110.25, 338.42, 189.97]",1,,frame_index_fps_fallback
-MeTTeMJBNc_7,8.5,255,1,0,"[266.05, 111.75, 338.08, 192.06]",1,,frame_index_fps_fallback
-MeTTeMJBNc_7,8.6,258,1,0,"[267.46, 112.34, 336.97, 191.6]",1,,frame_index_fps_fallback
-MeTTeMJBNc_7,8.7,261,1,0,"[267.16, 110.45, 337.56, 190.64]",1,,frame_index_fps_fallback
-MeTTeMJBNc_7,8.8,264,1,0,"[266.82, 109.64, 337.34, 189.39]",1,,frame_index_fps_fallback
-MeTTeMJBNc_7,8.9,267,1,0,"[266.0, 106.51, 337.15, 190.67]",1,,frame_index_fps_fallback
-MeTTeMJBNc_7,9.0,270,1,0,"[264.44, 105.88, 335.65, 189.88]",1,,frame_index_fps_fallback
-MeTTeMJBNc_7,9.1,273,1,0,"[264.68, 106.8, 335.08, 190.05]",1,,frame_index_fps_fallback
-MeTTeMJBNc_7,9.2,276,1,0,"[264.53, 107.87, 335.18, 191.31]",1,,frame_index_fps_fallback
-MeTTeMJBNc_7,9.3,279,1,0,"[263.86, 109.67, 334.71, 191.43]",1,,frame_index_fps_fallback
-MeTTeMJBNc_7,9.4,282,1,0,"[263.7, 109.26, 334.27, 191.99]",1,,frame_index_fps_fallback
-MeTTeMJBNc_7,9.5,285,1,0,"[264.26, 110.94, 334.66, 195.12]",1,,frame_index_fps_fallback
-MeTTeMJBNc_7,9.6,288,1,0,"[264.27, 111.04, 333.89, 194.97]",1,,frame_index_fps_fallback
-MeTTeMJBNc_7,9.7,291,1,0,"[263.46, 109.49, 334.48, 192.43]",1,,frame_index_fps_fallback
-MeTTeMJBNc_7,9.8,294,1,0,"[264.53, 109.88, 334.36, 190.96]",1,,frame_index_fps_fallback
-MeTTeMJBNc_7,9.9,297,1,0,"[266.14, 110.94, 333.87, 193.17]",1,,frame_index_fps_fallback
-MeTTeMJBNc_7,10.0,300,1,0,"[266.1, 108.39, 335.63, 193.46]",1,,frame_index_fps_fallback
-MeTTeMJBNc_7,10.1,303,1,0,"[266.55, 108.62, 335.64, 191.89]",1,,frame_index_fps_fallback
-MeTTeMJBNc_7,10.2,306,1,0,"[267.87, 109.46, 334.66, 190.71]",1,,frame_index_fps_fallback
-MeTTeMJBNc_7,10.3,309,1,0,"[267.2, 107.81, 333.92, 187.81]",1,,frame_index_fps_fallback
-MeTTeMJBNc_7,10.4,312,1,0,"[267.79, 107.35, 333.91, 186.35]",1,,frame_index_fps_fallback
-RfYyzHpjk4_11,0.0,0,1,0,"[682.78, 133.09, 876.21, 359.69]",1,,frame_index_fps_fallback
-RfYyzHpjk4_11,0.1,3,1,0,"[688.1, 130.57, 882.38, 360.93]",1,,frame_index_fps_fallback
-RfYyzHpjk4_11,0.2,6,1,0,"[689.07, 131.81, 884.24, 363.16]",1,,frame_index_fps_fallback
-RfYyzHpjk4_11,0.3,9,1,0,"[691.43, 134.49, 888.49, 365.8]",1,,frame_index_fps_fallback
-RfYyzHpjk4_11,0.4,12,1,0,"[697.23, 143.29, 889.41, 367.71]",1,,frame_index_fps_fallback
-RfYyzHpjk4_11,0.5,15,1,0,"[699.31, 140.81, 896.06, 368.87]",1,,frame_index_fps_fallback
-RfYyzHpjk4_11,0.6,18,1,0,"[700.22, 142.72, 897.3, 376.02]",1,,frame_index_fps_fallback
-RfYyzHpjk4_11,0.7,21,1,0,"[706.48, 147.19, 894.56, 370.26]",1,,frame_index_fps_fallback
-RfYyzHpjk4_11,0.8,24,1,0,"[705.95, 151.31, 894.77, 373.09]",1,,frame_index_fps_fallback
-RfYyzHpjk4_11,0.9,27,1,0,"[706.73, 153.56, 900.46, 382.84]",1,,frame_index_fps_fallback
-RfYyzHpjk4_11,1.0,30,1,0,"[715.32, 154.3, 904.6, 382.11]",1,,frame_index_fps_fallback
-RfYyzHpjk4_11,1.1,33,1,0,"[730.47, 154.41, 919.02, 374.08]",1,,frame_index_fps_fallback
-RfYyzHpjk4_11,1.2,36,1,0,"[749.15, 149.03, 940.84, 368.32]",1,,frame_index_fps_fallback
-RfYyzHpjk4_11,1.3,39,1,0,"[759.51, 142.14, 948.7, 367.81]",1,,frame_index_fps_fallback
-RfYyzHpjk4_11,1.4,42,1,0,"[759.28, 141.69, 947.87, 363.03]",1,,frame_index_fps_fallback
-RfYyzHpjk4_11,1.5,45,1,0,"[756.98, 136.39, 949.32, 360.63]",1,,frame_index_fps_fallback
-RfYyzHpjk4_11,1.6,48,1,0,"[750.7, 138.98, 944.42, 361.18]",1,,frame_index_fps_fallback
-RfYyzHpjk4_11,1.7,51,1,0,"[719.49, 145.25, 919.34, 377.48]",1,,frame_index_fps_fallback
-RfYyzHpjk4_11,1.8,54,1,0,"[723.37, 147.17, 921.08, 378.5]",1,,frame_index_fps_fallback
-RfYyzHpjk4_11,1.9,57,1,0,"[727.72, 147.24, 923.89, 381.26]",1,,frame_index_fps_fallback
-RfYyzHpjk4_11,2.0,60,1,0,"[728.4, 148.05, 922.23, 382.33]",1,,frame_index_fps_fallback
-RfYyzHpjk4_11,2.1,63,1,0,"[717.91, 151.18, 912.03, 382.88]",1,,frame_index_fps_fallback
-RfYyzHpjk4_11,2.2,66,1,0,"[716.52, 149.62, 909.31, 373.68]",1,,frame_index_fps_fallback
-RfYyzHpjk4_11,2.3,69,1,0,"[717.22, 151.0, 908.77, 371.86]",1,,frame_index_fps_fallback
-RfYyzHpjk4_11,2.4,72,1,0,"[713.71, 151.74, 907.27, 383.85]",1,,frame_index_fps_fallback
-RfYyzHpjk4_11,2.5,75,1,0,"[711.69, 162.04, 902.64, 383.77]",1,,frame_index_fps_fallback
-RfYyzHpjk4_11,2.6,78,1,0,"[710.64, 158.69, 902.83, 382.15]",1,,frame_index_fps_fallback
-RfYyzHpjk4_11,2.7,81,1,0,"[703.4, 152.16, 898.23, 382.13]",1,,frame_index_fps_fallback
-RfYyzHpjk4_11,2.8,84,1,0,"[699.62, 150.68, 894.1, 377.51]",1,,frame_index_fps_fallback
-RfYyzHpjk4_11,2.9,87,1,0,"[700.84, 146.26, 896.76, 376.71]",1,,frame_index_fps_fallback
-RfYyzHpjk4_11,3.0,90,1,0,"[706.48, 139.53, 900.37, 377.13]",1,,frame_index_fps_fallback
-RfYyzHpjk4_11,3.1,93,1,0,"[708.97, 136.12, 903.43, 370.25]",1,,frame_index_fps_fallback
-RfYyzHpjk4_11,3.2,96,1,0,"[709.2, 138.59, 901.89, 367.51]",1,,frame_index_fps_fallback
-RfYyzHpjk4_11,3.3,99,1,0,"[709.59, 139.75, 904.32, 366.01]",1,,frame_index_fps_fallback
-RfYyzHpjk4_11,3.4,102,1,0,"[715.02, 136.98, 911.29, 369.55]",1,,frame_index_fps_fallback
-RfYyzHpjk4_11,3.5,105,1,0,"[719.9, 140.85, 914.05, 367.3]",1,,frame_index_fps_fallback
-RfYyzHpjk4_11,3.6,108,1,0,"[724.2, 146.14, 914.22, 368.75]",1,,frame_index_fps_fallback
-RfYyzHpjk4_11,3.6999999999999997,111,1,0,"[726.92, 145.21, 918.79, 367.29]",1,,frame_index_fps_fallback
-RfYyzHpjk4_11,3.8,114,1,0,"[727.89, 140.21, 920.0, 374.66]",1,,frame_index_fps_fallback
-RfYyzHpjk4_11,3.9,117,1,0,"[730.17, 132.87, 922.24, 363.41]",1,,frame_index_fps_fallback
-RfYyzHpjk4_11,4.0,120,1,0,"[716.38, 130.42, 905.37, 359.71]",1,,frame_index_fps_fallback
-RfYyzHpjk4_11,4.1,123,1,0,"[685.5, 136.47, 884.2, 368.46]",1,,frame_index_fps_fallback
-RfYyzHpjk4_11,4.2,126,1,0,"[678.45, 141.3, 875.24, 370.07]",1,,frame_index_fps_fallback
-RfYyzHpjk4_11,4.3,129,1,0,"[677.45, 141.7, 873.39, 373.24]",1,,frame_index_fps_fallback
-RfYyzHpjk4_11,4.4,132,1,0,"[682.18, 145.13, 876.86, 375.48]",1,,frame_index_fps_fallback
-RfYyzHpjk4_11,4.5,135,1,0,"[689.72, 143.8, 888.08, 369.55]",1,,frame_index_fps_fallback
-RfYyzHpjk4_11,4.6,138,1,0,"[698.43, 143.81, 897.48, 370.43]",1,,frame_index_fps_fallback
-RfYyzHpjk4_11,4.7,141,1,0,"[693.93, 140.87, 901.29, 374.78]",1,,frame_index_fps_fallback
-RfYyzHpjk4_11,4.8,144,1,0,"[686.69, 145.9, 900.35, 377.96]",1,,frame_index_fps_fallback
-RfYyzHpjk4_11,4.9,147,1,0,"[694.97, 147.28, 906.81, 375.9]",1,,frame_index_fps_fallback
-RfYyzHpjk4_11,5.0,150,1,0,"[714.79, 144.96, 924.46, 373.44]",1,,frame_index_fps_fallback
-RfYyzHpjk4_11,5.2,153,1,0,"[750.98, 147.55, 966.88, 384.42]",1,,frame_index_fps_fallback
-RfYyzHpjk4_8,0.0,0,1,0,"[746.84, 118.06, 901.56, 307.7]",1,,frame_index_fps_fallback
-RfYyzHpjk4_8,0.1,3,1,0,"[747.11, 116.22, 906.71, 312.56]",1,,frame_index_fps_fallback
-RfYyzHpjk4_8,0.2,6,1,0,"[750.51, 119.28, 911.33, 313.58]",1,,frame_index_fps_fallback
-RfYyzHpjk4_8,0.3,9,1,0,"[752.18, 121.37, 913.2, 314.55]",1,,frame_index_fps_fallback
-RfYyzHpjk4_8,0.4,12,1,0,"[750.43, 123.21, 914.57, 315.75]",1,,frame_index_fps_fallback
-RfYyzHpjk4_8,0.5,15,1,0,"[750.66, 117.86, 915.54, 311.96]",1,,frame_index_fps_fallback
-RfYyzHpjk4_8,0.6,18,1,0,"[750.8, 114.91, 914.64, 307.09]",1,,frame_index_fps_fallback
-RfYyzHpjk4_8,0.7,21,1,0,"[744.32, 112.72, 911.26, 309.1]",1,,frame_index_fps_fallback
-RfYyzHpjk4_8,0.8,24,1,0,"[734.26, 124.82, 903.3, 323.69]",1,,frame_index_fps_fallback
-RfYyzHpjk4_8,0.9,27,1,0,"[728.7, 129.64, 898.78, 332.97]",1,,frame_index_fps_fallback
-RfYyzHpjk4_8,1.0,30,1,0,"[728.41, 114.55, 901.78, 320.72]",1,,frame_index_fps_fallback
-RfYyzHpjk4_8,1.1,33,1,0,"[726.47, 115.61, 905.92, 320.98]",1,,frame_index_fps_fallback
-RfYyzHpjk4_8,1.2,36,1,0,"[721.24, 124.69, 904.57, 336.43]",1,,frame_index_fps_fallback
-RfYyzHpjk4_8,1.3,39,1,0,"[714.83, 127.93, 901.38, 338.41]",1,,frame_index_fps_fallback
-RfYyzHpjk4_8,1.4,42,1,0,"[710.66, 128.27, 899.12, 338.93]",1,,frame_index_fps_fallback
-RfYyzHpjk4_8,1.5,45,1,0,"[706.65, 133.43, 893.59, 343.82]",1,,frame_index_fps_fallback
-RfYyzHpjk4_8,1.6,48,1,0,"[698.87, 132.36, 888.71, 347.51]",1,,frame_index_fps_fallback
-RfYyzHpjk4_8,1.7,51,1,0,"[695.94, 139.87, 886.09, 353.21]",1,,frame_index_fps_fallback
-RfYyzHpjk4_8,1.8,54,1,0,"[699.86, 145.86, 890.51, 361.89]",1,,frame_index_fps_fallback
-RfYyzHpjk4_8,1.9,57,1,0,"[703.97, 148.81, 895.55, 364.68]",1,,frame_index_fps_fallback
-RfYyzHpjk4_8,2.0,60,1,0,"[705.9, 147.43, 901.19, 366.39]",1,,frame_index_fps_fallback
-RfYyzHpjk4_8,2.1,63,1,0,"[713.47, 143.73, 911.42, 365.46]",1,,frame_index_fps_fallback
-RfYyzHpjk4_8,2.2,66,1,0,"[722.52, 146.6, 917.02, 371.8]",1,,frame_index_fps_fallback
-RfYyzHpjk4_8,2.3,69,1,0,"[733.89, 155.33, 925.11, 372.7]",1,,frame_index_fps_fallback
-RfYyzHpjk4_8,2.4,72,1,0,"[736.23, 165.74, 929.79, 385.07]",1,,frame_index_fps_fallback
-RfYyzHpjk4_8,2.5,75,1,0,"[735.65, 159.77, 932.03, 391.81]",1,,frame_index_fps_fallback
-RfYyzHpjk4_8,2.6,78,1,0,"[735.65, 157.65, 931.33, 385.83]",1,,frame_index_fps_fallback
-RfYyzHpjk4_8,2.7,81,1,0,"[733.59, 162.81, 927.64, 386.2]",1,,frame_index_fps_fallback
-RfYyzHpjk4_8,2.8,84,1,0,"[729.36, 161.99, 925.96, 385.95]",1,,frame_index_fps_fallback
-RfYyzHpjk4_8,2.9,87,1,0,"[733.23, 144.12, 929.06, 364.91]",1,,frame_index_fps_fallback
-RfYyzHpjk4_8,3.0,90,1,0,"[729.08, 145.92, 927.21, 368.56]",1,,frame_index_fps_fallback
-RfYyzHpjk4_8,3.1,93,1,0,"[727.0, 152.57, 923.58, 377.9]",1,,frame_index_fps_fallback
-RfYyzHpjk4_8,3.2,96,1,0,"[724.66, 150.39, 921.86, 370.57]",1,,frame_index_fps_fallback
-RfYyzHpjk4_8,3.3,99,1,0,"[713.88, 147.59, 914.68, 382.21]",1,,frame_index_fps_fallback
-RfYyzHpjk4_8,3.4,102,1,0,"[686.27, 151.57, 903.37, 395.16]",1,,frame_index_fps_fallback
-RfYyzHpjk4_8,3.5,105,1,0,"[674.1, 161.33, 892.3, 399.75]",1,,frame_index_fps_fallback
-RfYyzHpjk4_8,3.6,108,1,0,"[686.51, 159.61, 901.58, 393.76]",1,,frame_index_fps_fallback
-RfYyzHpjk4_8,3.6999999999999997,111,1,0,"[695.52, 162.4, 905.64, 395.32]",1,,frame_index_fps_fallback
-RfYyzHpjk4_8,3.8,114,1,0,"[697.15, 162.55, 906.62, 394.65]",1,,frame_index_fps_fallback
-RfYyzHpjk4_8,3.9,117,1,0,"[699.2, 158.34, 908.63, 388.4]",1,,frame_index_fps_fallback
-RfYyzHpjk4_8,4.0,120,1,0,"[704.77, 160.17, 912.8, 392.14]",1,,frame_index_fps_fallback
-RfYyzHpjk4_8,4.1,123,1,0,"[710.71, 159.29, 919.24, 391.02]",1,,frame_index_fps_fallback
-RfYyzHpjk4_8,4.2,126,1,0,"[715.04, 155.72, 926.0, 391.96]",1,,frame_index_fps_fallback
-RfYyzHpjk4_8,4.3,129,1,0,"[724.2, 159.54, 928.51, 389.53]",1,,frame_index_fps_fallback
-RfYyzHpjk4_8,4.4,132,1,0,"[724.44, 156.2, 927.85, 387.21]",1,,frame_index_fps_fallback
-RfYyzHpjk4_8,4.5,135,1,0,"[734.25, 153.67, 932.64, 389.49]",1,,frame_index_fps_fallback
-RfYyzHpjk4_2,0.0,0,1,0,"[731.3, 64.55, 879.45, 234.11]",1,,frame_index_fps_fallback
-RfYyzHpjk4_2,0.1,3,1,0,"[717.72, 70.4, 849.32, 237.39]",1,,frame_index_fps_fallback
-RfYyzHpjk4_2,0.2,6,1,0,"[718.35, 48.32, 864.18, 232.64]",1,,frame_index_fps_fallback
-RfYyzHpjk4_2,0.3,9,1,0,"[707.19, 78.37, 825.28, 240.36]",1,,frame_index_fps_fallback
-RfYyzHpjk4_2,0.4,12,1,0,"[704.14, 84.96, 829.53, 251.52]",1,,frame_index_fps_fallback
-RfYyzHpjk4_2,0.5,15,1,0,"[703.81, 73.06, 829.12, 245.93]",1,,frame_index_fps_fallback
-RfYyzHpjk4_2,0.6,18,1,0,"[707.77, 69.58, 833.26, 243.98]",1,,frame_index_fps_fallback
-RfYyzHpjk4_2,0.7,21,1,0,"[705.58, 76.91, 833.26, 239.13]",1,,frame_index_fps_fallback
-RfYyzHpjk4_2,0.8,24,1,0,"[708.63, 71.3, 837.09, 236.64]",1,,frame_index_fps_fallback
-RfYyzHpjk4_2,0.9,27,1,0,"[704.89, 73.97, 835.64, 245.77]",1,,frame_index_fps_fallback
-RfYyzHpjk4_2,1.0,30,1,0,"[703.4, 70.31, 829.9, 233.6]",1,,frame_index_fps_fallback
-RfYyzHpjk4_2,1.1,33,1,0,"[708.01, 67.97, 831.53, 230.74]",1,,frame_index_fps_fallback
-RfYyzHpjk4_2,1.2,36,1,0,"[698.82, 50.3, 827.73, 226.29]",1,,frame_index_fps_fallback
-RfYyzHpjk4_2,1.3,39,1,0,"[687.69, 70.81, 815.34, 223.05]",1,,frame_index_fps_fallback
-RfYyzHpjk4_2,1.4,42,1,0,"[676.15, 66.24, 812.5, 227.31]",1,,frame_index_fps_fallback
-RfYyzHpjk4_2,1.5,45,1,0,"[676.22, 62.73, 808.6, 222.16]",1,,frame_index_fps_fallback
-RfYyzHpjk4_2,1.6,48,1,0,"[673.99, 65.37, 804.92, 223.71]",1,,frame_index_fps_fallback
-RfYyzHpjk4_2,1.7,51,1,0,"[672.24, 68.26, 802.48, 226.59]",1,,frame_index_fps_fallback
-RfYyzHpjk4_2,1.8,54,1,0,"[669.56, 62.81, 801.9, 226.32]",1,,frame_index_fps_fallback
-RfYyzHpjk4_2,1.9,57,1,0,"[670.85, 66.33, 802.27, 221.4]",1,,frame_index_fps_fallback
-RfYyzHpjk4_2,2.0,60,1,0,"[675.88, 67.3, 804.66, 221.87]",1,,frame_index_fps_fallback
-RfYyzHpjk4_2,2.1,63,1,0,"[674.81, 67.12, 806.27, 223.86]",1,,frame_index_fps_fallback
-RfYyzHpjk4_2,2.2,66,1,0,"[679.14, 50.55, 813.21, 215.02]",1,,frame_index_fps_fallback
-RfYyzHpjk4_2,2.3,69,1,0,"[686.38, 65.21, 813.19, 219.95]",1,,frame_index_fps_fallback
-RfYyzHpjk4_2,2.4,72,0,,,0,no_face_detected,frame_index_fps_fallback
-RfYyzHpjk4_2,2.5,75,1,0,"[689.13, 74.41, 812.69, 221.13]",1,,frame_index_fps_fallback
-RfYyzHpjk4_2,2.6,78,1,0,"[675.42, 64.67, 807.44, 222.65]",1,,frame_index_fps_fallback
-RfYyzHpjk4_2,2.7,81,1,0,"[672.08, 69.57, 801.46, 226.29]",1,,frame_index_fps_fallback
-RfYyzHpjk4_2,2.8,84,0,,,0,no_face_detected,frame_index_fps_fallback
-RfYyzHpjk4_2,2.9,87,1,0,"[627.46, 62.09, 765.1, 224.88]",1,,frame_index_fps_fallback
-RfYyzHpjk4_2,3.0,90,1,0,"[627.67, 78.97, 758.81, 231.08]",1,,frame_index_fps_fallback
-RfYyzHpjk4_2,3.1,93,0,,,0,no_face_detected,frame_index_fps_fallback
-RfYyzHpjk4_2,3.2,96,1,0,"[634.63, 77.81, 773.3, 234.51]",1,,frame_index_fps_fallback
-RfYyzHpjk4_2,3.3,99,1,0,"[647.82, 82.28, 783.41, 231.71]",1,,frame_index_fps_fallback
-RfYyzHpjk4_2,3.4,102,1,0,"[658.85, 73.51, 794.85, 230.48]",1,,frame_index_fps_fallback
-RfYyzHpjk4_2,3.5,105,1,0,"[673.54, 77.58, 807.43, 232.08]",1,,frame_index_fps_fallback
-RfYyzHpjk4_2,3.6,108,1,0,"[678.36, 79.19, 813.25, 230.05]",1,,frame_index_fps_fallback
-RfYyzHpjk4_2,3.6999999999999997,111,1,0,"[688.81, 75.02, 816.71, 231.91]",1,,frame_index_fps_fallback
-RfYyzHpjk4_2,3.8,114,1,0,"[699.21, 62.71, 823.64, 224.89]",1,,frame_index_fps_fallback
-RfYyzHpjk4_2,3.9,117,1,0,"[704.78, 58.23, 826.01, 225.03]",1,,frame_index_fps_fallback
-RfYyzHpjk4_2,4.0,120,1,0,"[708.35, 56.08, 841.92, 223.79]",1,,frame_index_fps_fallback
-RfYyzHpjk4_2,4.1,123,1,0,"[711.05, 61.27, 835.18, 224.48]",1,,frame_index_fps_fallback
-RfYyzHpjk4_2,4.2,126,1,0,"[710.44, 62.16, 844.29, 229.83]",1,,frame_index_fps_fallback
-RfYyzHpjk4_2,4.3,129,1,0,"[719.51, 74.88, 851.73, 234.07]",1,,frame_index_fps_fallback
-RfYyzHpjk4_2,4.4,132,0,,,0,no_face_detected,frame_index_fps_fallback
-RfYyzHpjk4_2,4.5,135,1,0,"[728.05, 75.2, 856.32, 239.33]",1,,frame_index_fps_fallback
-RfYyzHpjk4_2,4.6,138,1,0,"[728.88, 74.26, 857.85, 242.05]",1,,frame_index_fps_fallback
-RfYyzHpjk4_2,4.7,141,1,0,"[724.63, 77.45, 858.15, 242.7]",1,,frame_index_fps_fallback
-RfYyzHpjk4_2,4.8,144,1,0,"[728.73, 75.85, 857.72, 240.11]",1,,frame_index_fps_fallback
-RfYyzHpjk4_2,4.9,147,1,0,"[719.71, 81.61, 850.95, 241.97]",1,,frame_index_fps_fallback
-RfYyzHpjk4_2,5.0,150,1,0,"[719.78, 79.08, 847.52, 249.23]",1,,frame_index_fps_fallback
-RfYyzHpjk4_2,5.1,153,1,0,"[719.46, 78.45, 847.03, 241.49]",1,,frame_index_fps_fallback
-RfYyzHpjk4_2,5.2,156,1,0,"[729.05, 63.36, 869.04, 246.04]",1,,frame_index_fps_fallback
-RfYyzHpjk4_2,5.3,159,1,0,"[729.86, 65.38, 871.58, 242.92]",1,,frame_index_fps_fallback
-RfYyzHpjk4_2,5.4,162,1,0,"[719.42, 57.93, 865.12, 233.85]",1,,frame_index_fps_fallback
-UUCSKoHeMA_0,0.0,0,0,,,0,no_face_detected,frame_index_fps_fallback
-UUCSKoHeMA_0,0.1,3,1,0,"[246.53, 86.21, 354.71, 215.32]",1,,frame_index_fps_fallback
-UUCSKoHeMA_0,0.2,6,1,0,"[248.73, 86.45, 353.49, 214.9]",1,,frame_index_fps_fallback
-UUCSKoHeMA_0,0.3,9,1,0,"[249.11, 85.34, 351.9, 214.23]",1,,frame_index_fps_fallback
-UUCSKoHeMA_0,0.4,12,1,0,"[249.14, 85.09, 352.46, 215.54]",1,,frame_index_fps_fallback
-UUCSKoHeMA_0,0.5,15,1,0,"[248.72, 87.68, 352.6, 216.18]",1,,frame_index_fps_fallback
-UUCSKoHeMA_0,0.6,18,1,0,"[248.13, 87.4, 352.63, 214.88]",1,,frame_index_fps_fallback
-UUCSKoHeMA_0,0.7,21,1,0,"[247.78, 86.09, 353.48, 212.28]",1,,frame_index_fps_fallback
-UUCSKoHeMA_0,0.8,24,1,0,"[247.97, 83.28, 354.32, 208.78]",1,,frame_index_fps_fallback
-UUCSKoHeMA_0,0.9,27,1,0,"[247.77, 82.9, 355.25, 209.08]",1,,frame_index_fps_fallback
-UUCSKoHeMA_0,1.0,30,1,0,"[248.35, 82.94, 355.35, 208.85]",1,,frame_index_fps_fallback
-UUCSKoHeMA_0,1.1,33,1,0,"[249.04, 82.21, 355.99, 211.06]",1,,frame_index_fps_fallback
-UUCSKoHeMA_0,1.2,36,1,0,"[250.51, 81.37, 356.11, 209.16]",1,,frame_index_fps_fallback
-UUCSKoHeMA_0,1.3,39,1,0,"[251.84, 79.43, 356.83, 210.21]",1,,frame_index_fps_fallback
-UUCSKoHeMA_0,1.4,42,1,0,"[252.98, 79.1, 357.53, 212.24]",1,,frame_index_fps_fallback
-UUCSKoHeMA_0,1.5,45,1,0,"[252.91, 80.16, 356.81, 208.01]",1,,frame_index_fps_fallback
-UUCSKoHeMA_0,1.6,48,1,0,"[252.52, 80.45, 356.01, 206.89]",1,,frame_index_fps_fallback
-UUCSKoHeMA_0,1.7,51,1,0,"[252.21, 81.04, 355.93, 206.36]",1,,frame_index_fps_fallback
-UUCSKoHeMA_0,1.8,54,1,0,"[252.48, 83.8, 355.31, 204.3]",1,,frame_index_fps_fallback
-UUCSKoHeMA_0,1.9,57,1,0,"[253.3, 82.64, 356.37, 204.16]",1,,frame_index_fps_fallback
-UUCSKoHeMA_0,2.0,60,1,0,"[252.56, 81.32, 356.24, 203.21]",1,,frame_index_fps_fallback
-UUCSKoHeMA_0,2.1,63,1,0,"[251.39, 80.4, 355.2, 202.45]",1,,frame_index_fps_fallback
-UUCSKoHeMA_0,2.2,66,1,0,"[249.36, 80.93, 354.44, 208.09]",1,,frame_index_fps_fallback
-UUCSKoHeMA_0,2.3,69,1,0,"[247.94, 83.48, 354.12, 210.84]",1,,frame_index_fps_fallback
-UUCSKoHeMA_0,2.4,72,1,0,"[246.87, 82.89, 353.63, 211.5]",1,,frame_index_fps_fallback
-UUCSKoHeMA_0,2.5,75,1,0,"[247.42, 80.26, 355.13, 209.29]",1,,frame_index_fps_fallback
-UUCSKoHeMA_0,2.6,78,1,0,"[249.58, 80.12, 357.33, 209.21]",1,,frame_index_fps_fallback
-UUCSKoHeMA_0,2.7,81,1,0,"[254.11, 81.22, 362.46, 207.11]",1,,frame_index_fps_fallback
-UUCSKoHeMA_0,2.8,84,1,0,"[256.52, 82.22, 364.81, 207.4]",1,,frame_index_fps_fallback
-UUCSKoHeMA_0,2.9,87,1,0,"[258.66, 81.39, 366.53, 208.26]",1,,frame_index_fps_fallback
-UUCSKoHeMA_0,3.0,90,1,0,"[259.09, 81.46, 368.07, 213.44]",1,,frame_index_fps_fallback
-UUCSKoHeMA_0,3.1,93,1,0,"[259.35, 84.14, 366.56, 208.49]",1,,frame_index_fps_fallback
-UUCSKoHeMA_0,3.2,96,1,0,"[257.71, 82.68, 365.58, 209.21]",1,,frame_index_fps_fallback
-UUCSKoHeMA_0,3.3,99,1,0,"[256.7, 83.36, 364.75, 209.42]",1,,frame_index_fps_fallback
-UUCSKoHeMA_0,3.4,102,1,0,"[254.96, 83.05, 362.0, 212.32]",1,,frame_index_fps_fallback
-UUCSKoHeMA_0,3.5,105,1,0,"[253.69, 83.51, 360.8, 210.52]",1,,frame_index_fps_fallback
-UUCSKoHeMA_0,3.6,108,1,0,"[253.12, 84.01, 359.85, 210.98]",1,,frame_index_fps_fallback
-UUCSKoHeMA_0,3.6999999999999997,111,1,0,"[250.95, 83.72, 359.46, 215.18]",1,,frame_index_fps_fallback
-UUCSKoHeMA_0,3.8,114,1,0,"[250.34, 83.15, 358.86, 214.41]",1,,frame_index_fps_fallback
-UUCSKoHeMA_0,3.9,117,1,0,"[250.19, 83.28, 357.93, 207.01]",1,,frame_index_fps_fallback
-UUCSKoHeMA_0,4.0,120,1,0,"[248.54, 83.69, 355.25, 204.83]",1,,frame_index_fps_fallback
-UUCSKoHeMA_0,4.1,123,1,0,"[247.7, 82.78, 354.35, 207.51]",1,,frame_index_fps_fallback
-UUCSKoHeMA_0,4.2,126,1,0,"[248.75, 83.26, 354.84, 220.49]",1,,frame_index_fps_fallback
-UUCSKoHeMA_0,4.3,129,1,0,"[248.32, 89.55, 354.47, 225.09]",1,,frame_index_fps_fallback
-UUCSKoHeMA_0,4.4,132,1,0,"[246.97, 91.13, 353.62, 228.85]",1,,frame_index_fps_fallback
-UUCSKoHeMA_0,4.5,135,1,0,"[244.46, 92.68, 352.85, 232.61]",1,,frame_index_fps_fallback
-UUCSKoHeMA_0,4.6,138,1,0,"[242.97, 92.29, 350.72, 234.4]",1,,frame_index_fps_fallback
-UUCSKoHeMA_0,4.7,141,1,0,"[241.92, 93.68, 348.95, 234.68]",1,,frame_index_fps_fallback
-UUCSKoHeMA_0,4.8,144,1,0,"[240.9, 94.83, 348.11, 234.17]",1,,frame_index_fps_fallback
-UUCSKoHeMA_0,4.9,147,1,0,"[240.56, 94.16, 347.89, 232.63]",1,,frame_index_fps_fallback
-UUCSKoHeMA_0,5.0,150,1,0,"[241.82, 93.26, 348.51, 232.16]",1,,frame_index_fps_fallback
-UUCSKoHeMA_0,5.1,153,1,0,"[241.9, 92.71, 348.18, 233.81]",1,,frame_index_fps_fallback
-UUCSKoHeMA_0,5.2,156,1,0,"[243.03, 94.62, 347.76, 234.97]",1,,frame_index_fps_fallback
-UUCSKoHeMA_0,5.3,159,1,0,"[243.82, 93.3, 349.61, 233.1]",1,,frame_index_fps_fallback
-UUCSKoHeMA_0,5.4,162,1,0,"[243.82, 92.41, 350.01, 230.21]",1,,frame_index_fps_fallback
-UUCSKoHeMA_0,5.5,165,1,0,"[243.41, 89.51, 349.6, 227.36]",1,,frame_index_fps_fallback
-UUCSKoHeMA_0,5.6,168,1,0,"[242.78, 88.02, 347.51, 223.0]",1,,frame_index_fps_fallback
-UUCSKoHeMA_0,5.7,171,1,0,"[242.67, 86.78, 348.63, 222.01]",1,,frame_index_fps_fallback
-UUCSKoHeMA_0,5.8,174,1,0,"[241.68, 86.26, 348.18, 219.3]",1,,frame_index_fps_fallback
-UUCSKoHeMA_0,5.9,177,1,0,"[241.08, 85.27, 347.62, 221.15]",1,,frame_index_fps_fallback
-UUCSKoHeMA_0,6.0,180,1,0,"[240.71, 85.12, 347.31, 221.38]",1,,frame_index_fps_fallback
-UUCSKoHeMA_0,6.1,183,1,0,"[242.3, 82.56, 347.85, 218.12]",1,,frame_index_fps_fallback
-UUCSKoHeMA_0,6.2,186,1,0,"[242.66, 83.06, 348.12, 218.18]",1,,frame_index_fps_fallback
-UUCSKoHeMA_0,6.3,189,1,0,"[242.15, 85.57, 349.05, 222.03]",1,,frame_index_fps_fallback
-UUCSKoHeMA_0,6.4,192,1,0,"[243.44, 85.1, 350.51, 216.59]",1,,frame_index_fps_fallback
-UUCSKoHeMA_0,6.5,195,1,0,"[244.96, 84.09, 350.98, 217.91]",1,,frame_index_fps_fallback
-UUCSKoHeMA_0,6.6,198,1,0,"[245.71, 83.6, 351.42, 212.61]",1,,frame_index_fps_fallback
-UUCSKoHeMA_0,6.7,201,1,0,"[245.14, 84.03, 351.82, 213.21]",1,,frame_index_fps_fallback
-UUCSKoHeMA_0,6.8,204,1,0,"[244.14, 84.92, 350.03, 215.46]",1,,frame_index_fps_fallback
-UUCSKoHeMA_0,6.8999999999999995,207,1,0,"[243.74, 84.76, 349.52, 209.77]",1,,frame_index_fps_fallback
-UUCSKoHeMA_0,7.0,210,1,0,"[244.37, 83.91, 349.77, 208.85]",1,,frame_index_fps_fallback
-UUCSKoHeMA_0,7.1,213,1,0,"[244.93, 84.34, 350.14, 209.4]",1,,frame_index_fps_fallback
-UUCSKoHeMA_0,7.2,216,1,0,"[242.73, 83.9, 348.51, 205.27]",1,,frame_index_fps_fallback
-UUCSKoHeMA_0,7.3,219,1,0,"[241.23, 82.41, 348.45, 207.5]",1,,frame_index_fps_fallback
-UUCSKoHeMA_0,7.3999999999999995,222,1,0,"[243.62, 78.24, 348.78, 201.33]",1,,frame_index_fps_fallback
-UUCSKoHeMA_0,7.5,225,1,0,"[242.39, 78.9, 345.82, 195.64]",1,,frame_index_fps_fallback
-UUCSKoHeMA_0,7.6,228,1,0,"[244.09, 78.92, 347.15, 196.37]",1,,frame_index_fps_fallback
-UUCSKoHeMA_0,7.7,231,1,0,"[246.45, 79.84, 350.5, 199.92]",1,,frame_index_fps_fallback
-ri04Z7vwnc_0,0.0,0,0,,,0,no_face_detected,frame_index_fps_fallback
-ri04Z7vwnc_0,0.12512222222222222,3,0,,,0,no_face_detected,frame_index_fps_fallback
-ri04Z7vwnc_0,0.20854444444444445,5,0,,,0,no_face_detected,frame_index_fps_fallback
-ri04Z7vwnc_0,0.33366666666666667,8,0,,,0,no_face_detected,frame_index_fps_fallback
-ri04Z7vwnc_0,0.4170888888888889,10,0,,,0,no_face_detected,frame_index_fps_fallback
-ri04Z7vwnc_0,0.5005000000000001,12,0,,,0,no_face_detected,frame_index_fps_fallback
-ri04Z7vwnc_0,0.6256222222222223,15,0,,,0,no_face_detected,frame_index_fps_fallback
-ri04Z7vwnc_0,0.7090444444444445,17,0,,,0,no_face_detected,frame_index_fps_fallback
-ri04Z7vwnc_0,0.8341666666666667,20,0,,,0,no_face_detected,frame_index_fps_fallback
-ri04Z7vwnc_0,0.9175888888888889,22,0,,,0,no_face_detected,frame_index_fps_fallback
-ri04Z7vwnc_0,1.0010000000000001,24,0,,,0,no_face_detected,frame_index_fps_fallback
-ri04Z7vwnc_0,1.1261222222222222,27,0,,,0,no_face_detected,frame_index_fps_fallback
-ri04Z7vwnc_0,1.2095444444444445,29,0,,,0,no_face_detected,frame_index_fps_fallback
-ri04Z7vwnc_0,1.3346666666666667,32,0,,,0,no_face_detected,frame_index_fps_fallback
-ri04Z7vwnc_0,1.418088888888889,34,0,,,0,no_face_detected,frame_index_fps_fallback
-ri04Z7vwnc_0,1.5015,36,0,,,0,no_face_detected,frame_index_fps_fallback
-ri04Z7vwnc_0,1.6266222222222222,39,0,,,0,no_face_detected,frame_index_fps_fallback
-ri04Z7vwnc_0,1.7100444444444445,41,0,,,0,no_face_detected,frame_index_fps_fallback
-ri04Z7vwnc_0,1.8351666666666668,44,0,,,0,no_face_detected,frame_index_fps_fallback
-ri04Z7vwnc_0,1.918588888888889,46,0,,,0,no_face_detected,frame_index_fps_fallback
-ri04Z7vwnc_0,2.0020000000000002,48,0,,,0,no_face_detected,frame_index_fps_fallback
-ri04Z7vwnc_0,2.1271222222222224,51,0,,,0,no_face_detected,frame_index_fps_fallback
-ri04Z7vwnc_0,2.2105444444444444,53,0,,,0,no_face_detected,frame_index_fps_fallback
-ri04Z7vwnc_0,2.3356666666666666,56,0,,,0,no_face_detected,frame_index_fps_fallback
-ri04Z7vwnc_0,2.419088888888889,58,0,,,0,no_face_detected,frame_index_fps_fallback
-ri04Z7vwnc_0,2.5025,60,0,,,0,no_face_detected,frame_index_fps_fallback
-ri04Z7vwnc_0,2.6276222222222225,63,0,,,0,no_face_detected,frame_index_fps_fallback
-ri04Z7vwnc_0,2.7110444444444446,65,0,,,0,no_face_detected,frame_index_fps_fallback
-ri04Z7vwnc_2,0.0,0,0,,,0,no_face_detected,frame_index_fps_fallback
-ri04Z7vwnc_2,0.12513333333333335,3,0,,,0,no_face_detected,frame_index_fps_fallback
-ri04Z7vwnc_2,0.20854444444444445,5,0,,,0,no_face_detected,frame_index_fps_fallback
-ri04Z7vwnc_2,0.33366666666666667,8,0,,,0,no_face_detected,frame_index_fps_fallback
-ri04Z7vwnc_2,0.4170888888888889,10,0,,,0,no_face_detected,frame_index_fps_fallback
-ri04Z7vwnc_2,0.5005000000000001,12,0,,,0,no_face_detected,frame_index_fps_fallback
-ri04Z7vwnc_2,0.6256333333333334,15,0,,,0,no_face_detected,frame_index_fps_fallback
-ri04Z7vwnc_2,0.7090444444444445,17,0,,,0,no_face_detected,frame_index_fps_fallback
-ri04Z7vwnc_2,0.8341666666666667,20,0,,,0,no_face_detected,frame_index_fps_fallback
-ri04Z7vwnc_2,0.9175888888888889,22,0,,,0,no_face_detected,frame_index_fps_fallback
-ri04Z7vwnc_2,1.0010000000000001,24,0,,,0,no_face_detected,frame_index_fps_fallback
-ri04Z7vwnc_2,1.1261333333333334,27,0,,,0,no_face_detected,frame_index_fps_fallback
-ri04Z7vwnc_2,1.2095444444444445,29,0,,,0,no_face_detected,frame_index_fps_fallback
-ri04Z7vwnc_2,1.3346666666666667,32,0,,,0,no_face_detected,frame_index_fps_fallback
-ri04Z7vwnc_2,1.418088888888889,34,0,,,0,no_face_detected,frame_index_fps_fallback
-ri04Z7vwnc_2,1.5015,36,0,,,0,no_face_detected,frame_index_fps_fallback
-ri04Z7vwnc_2,1.6266333333333334,39,0,,,0,no_face_detected,frame_index_fps_fallback
-ri04Z7vwnc_2,1.7100444444444445,41,0,,,0,no_face_detected,frame_index_fps_fallback
-ri04Z7vwnc_2,1.8351666666666668,44,0,,,0,no_face_detected,frame_index_fps_fallback
-ri04Z7vwnc_2,1.918588888888889,46,0,,,0,no_face_detected,frame_index_fps_fallback
-ri04Z7vwnc_2,2.0020000000000002,48,0,,,0,no_face_detected,frame_index_fps_fallback
-ri04Z7vwnc_2,2.1271333333333335,51,0,,,0,no_face_detected,frame_index_fps_fallback
-ri04Z7vwnc_2,2.2105444444444444,53,0,,,0,no_face_detected,frame_index_fps_fallback
-ri04Z7vwnc_2,2.3356666666666666,56,0,,,0,no_face_detected,frame_index_fps_fallback
-ri04Z7vwnc_2,2.419088888888889,58,0,,,0,no_face_detected,frame_index_fps_fallback
-ri04Z7vwnc_2,2.5025,60,0,,,0,no_face_detected,frame_index_fps_fallback
-ri04Z7vwnc_2,2.6276333333333333,63,0,,,0,no_face_detected,frame_index_fps_fallback
-ri04Z7vwnc_2,2.7110444444444446,65,0,,,0,no_face_detected,frame_index_fps_fallback
-ri04Z7vwnc_2,2.8361666666666667,68,0,,,0,no_face_detected,frame_index_fps_fallback
-ri04Z7vwnc_2,2.9195888888888892,70,0,,,0,no_face_detected,frame_index_fps_fallback
-ri04Z7vwnc_2,3.003,72,0,,,0,no_face_detected,frame_index_fps_fallback
-ri04Z7vwnc_2,3.1281333333333334,75,0,,,0,no_face_detected,frame_index_fps_fallback
-ri04Z7vwnc_2,3.2115444444444448,77,0,,,0,no_face_detected,frame_index_fps_fallback
-ri04Z7vwnc_2,3.336666666666667,80,0,,,0,no_face_detected,frame_index_fps_fallback
-ri04Z7vwnc_2,3.420088888888889,82,0,,,0,no_face_detected,frame_index_fps_fallback
-ri04Z7vwnc_2,3.5035000000000003,84,0,,,0,no_face_detected,frame_index_fps_fallback
-ri04Z7vwnc_2,3.6286333333333336,87,0,,,0,no_face_detected,frame_index_fps_fallback
-ri04Z7vwnc_2,3.712044444444445,89,0,,,0,no_face_detected,frame_index_fps_fallback
-ri04Z7vwnc_2,3.837166666666667,92,0,,,0,no_face_detected,frame_index_fps_fallback
-ri04Z7vwnc_2,3.920588888888889,94,1,0,"[268.5, 117.61, 412.69, 291.54]",1,,frame_index_fps_fallback
-ri04Z7vwnc_2,4.0040000000000004,96,1,0,"[272.13, 119.61, 414.51, 295.55]",1,,frame_index_fps_fallback
-ri04Z7vwnc_2,4.129122222222223,99,1,0,"[275.16, 122.75, 413.76, 301.46]",1,,frame_index_fps_fallback
-ri04Z7vwnc_2,4.212544444444444,101,1,0,"[276.05, 128.21, 415.34, 301.26]",1,,frame_index_fps_fallback
-ri04Z7vwnc_2,4.337666666666667,104,1,0,"[276.01, 128.96, 415.2, 299.0]",1,,frame_index_fps_fallback
-ri04Z7vwnc_2,4.421088888888889,106,1,0,"[277.0, 124.71, 413.28, 295.36]",1,,frame_index_fps_fallback
-ri04Z7vwnc_2,4.5045,108,1,0,"[273.92, 121.23, 414.51, 293.24]",1,,frame_index_fps_fallback
-ri04Z7vwnc_2,4.629622222222222,111,1,0,"[273.77, 120.05, 412.16, 296.1]",1,,frame_index_fps_fallback
-ri04Z7vwnc_2,4.713044444444445,113,1,0,"[272.98, 120.56, 413.06, 295.99]",1,,frame_index_fps_fallback
-ri04Z7vwnc_2,4.838166666666667,116,1,0,"[273.54, 122.16, 411.86, 292.94]",1,,frame_index_fps_fallback
-ri04Z7vwnc_2,4.9215888888888895,118,1,0,"[272.42, 122.62, 412.96, 295.27]",1,,frame_index_fps_fallback
-ri04Z7vwnc_2,5.005,120,1,0,"[272.12, 124.39, 411.11, 298.7]",1,,frame_index_fps_fallback
-ri04Z7vwnc_2,5.130122222222222,123,1,0,"[271.92, 125.71, 411.41, 294.65]",1,,frame_index_fps_fallback
-ri04Z7vwnc_2,5.2135444444444445,125,1,0,"[270.57, 125.39, 411.92, 293.92]",1,,frame_index_fps_fallback
-ri04Z7vwnc_2,5.338666666666667,128,1,0,"[269.28, 123.09, 410.01, 288.95]",1,,frame_index_fps_fallback
-ri04Z7vwnc_2,5.422088888888889,130,1,0,"[267.35, 120.78, 406.88, 291.26]",1,,frame_index_fps_fallback
-ri04Z7vwnc_2,5.5055000000000005,132,1,0,"[264.71, 120.0, 404.18, 292.97]",1,,frame_index_fps_fallback
-ri04Z7vwnc_2,5.630622222222223,135,1,0,"[268.0, 122.96, 407.01, 290.54]",1,,frame_index_fps_fallback
-ri04Z7vwnc_2,5.714044444444445,137,1,0,"[267.65, 121.29, 405.7, 291.1]",1,,frame_index_fps_fallback
-ri04Z7vwnc_2,5.839166666666667,140,1,0,"[266.81, 121.11, 408.71, 292.72]",1,,frame_index_fps_fallback
-ri04Z7vwnc_2,5.964288888888889,142,1,0,"[268.92, 124.99, 410.88, 294.45]",1,,frame_index_fps_fallback
-ri04Z7vwnc_5,0.0,0,1,0,"[360.8, 136.04, 535.96, 349.07]",1,,frame_index_fps_fallback
-ri04Z7vwnc_5,0.12513333333333335,3,1,0,"[361.04, 138.43, 537.89, 347.0]",1,,frame_index_fps_fallback
-ri04Z7vwnc_5,0.20854444444444445,5,1,0,"[360.72, 139.25, 538.21, 345.68]",1,,frame_index_fps_fallback
-ri04Z7vwnc_5,0.33366666666666667,8,1,0,"[358.56, 136.27, 539.07, 345.85]",1,,frame_index_fps_fallback
-ri04Z7vwnc_5,0.4170888888888889,10,1,0,"[358.2, 136.05, 536.91, 346.48]",1,,frame_index_fps_fallback
-ri04Z7vwnc_5,0.5005000000000001,12,1,0,"[359.8, 140.19, 539.0, 348.98]",1,,frame_index_fps_fallback
-ri04Z7vwnc_5,0.6256333333333334,15,1,0,"[358.88, 139.31, 537.96, 349.75]",1,,frame_index_fps_fallback
-ri04Z7vwnc_5,0.7090444444444445,17,1,0,"[363.16, 139.38, 542.02, 351.2]",1,,frame_index_fps_fallback
-ri04Z7vwnc_5,0.8341666666666667,20,1,0,"[365.23, 142.65, 539.33, 350.79]",1,,frame_index_fps_fallback
-ri04Z7vwnc_5,0.9175888888888889,22,1,0,"[367.78, 142.43, 540.14, 349.83]",1,,frame_index_fps_fallback
-ri04Z7vwnc_5,1.0010000000000001,24,1,0,"[367.93, 141.73, 543.74, 352.03]",1,,frame_index_fps_fallback
-ri04Z7vwnc_5,1.1261333333333334,27,1,0,"[370.64, 147.14, 547.75, 354.56]",1,,frame_index_fps_fallback
-ri04Z7vwnc_5,1.2095444444444445,29,1,0,"[372.27, 153.82, 551.12, 361.35]",1,,frame_index_fps_fallback
-ri04Z7vwnc_5,1.3346666666666667,32,1,0,"[375.43, 156.62, 552.48, 361.97]",1,,frame_index_fps_fallback
-ri04Z7vwnc_5,1.418088888888889,34,1,0,"[375.96, 153.49, 554.21, 361.8]",1,,frame_index_fps_fallback
-ri04Z7vwnc_5,1.5015,36,1,0,"[376.63, 151.99, 553.37, 360.03]",1,,frame_index_fps_fallback
-ri04Z7vwnc_5,1.6266333333333334,39,1,0,"[378.19, 148.38, 551.97, 354.77]",1,,frame_index_fps_fallback
-ri04Z7vwnc_5,1.7100444444444445,41,1,0,"[375.3, 146.79, 549.13, 352.79]",1,,frame_index_fps_fallback
-ri04Z7vwnc_5,1.8351666666666668,44,1,0,"[370.45, 143.37, 546.7, 349.23]",1,,frame_index_fps_fallback
-ri04Z7vwnc_5,1.918588888888889,46,1,0,"[363.65, 137.6, 542.35, 347.34]",1,,frame_index_fps_fallback
-ri04Z7vwnc_5,2.0020000000000002,48,1,0,"[358.83, 134.88, 542.63, 347.14]",1,,frame_index_fps_fallback
-ri04Z7vwnc_5,2.1271333333333335,51,1,0,"[350.78, 138.52, 532.45, 347.84]",1,,frame_index_fps_fallback
-ri04Z7vwnc_5,2.2105444444444444,53,1,0,"[345.86, 134.7, 527.45, 347.77]",1,,frame_index_fps_fallback
-ri04Z7vwnc_5,2.3356666666666666,56,1,0,"[345.41, 140.24, 521.67, 348.67]",1,,frame_index_fps_fallback
-ri04Z7vwnc_5,2.419088888888889,58,1,0,"[343.93, 147.7, 523.8, 350.62]",1,,frame_index_fps_fallback
-ri04Z7vwnc_5,2.5025,60,1,0,"[345.71, 142.87, 523.61, 352.61]",1,,frame_index_fps_fallback
-ri04Z7vwnc_5,2.6276333333333333,63,1,0,"[350.96, 138.8, 528.87, 347.87]",1,,frame_index_fps_fallback
-ri04Z7vwnc_5,2.7110444444444446,65,1,0,"[357.64, 138.76, 537.14, 349.19]",1,,frame_index_fps_fallback
-ri04Z7vwnc_5,2.8361666666666667,68,1,0,"[362.1, 142.06, 540.37, 354.0]",1,,frame_index_fps_fallback
-ri04Z7vwnc_5,2.9195888888888892,70,1,0,"[367.96, 142.17, 543.96, 350.22]",1,,frame_index_fps_fallback
-ri04Z7vwnc_5,3.003,72,1,0,"[368.38, 144.54, 545.01, 351.62]",1,,frame_index_fps_fallback
-ri04Z7vwnc_5,3.1281333333333334,75,1,0,"[367.09, 141.66, 545.16, 351.26]",1,,frame_index_fps_fallback
-ri04Z7vwnc_5,3.2115444444444448,77,1,0,"[368.45, 140.87, 542.81, 350.68]",1,,frame_index_fps_fallback
-ri04Z7vwnc_5,3.336666666666667,80,1,0,"[368.1, 140.59, 542.12, 349.39]",1,,frame_index_fps_fallback
-ri04Z7vwnc_5,3.4618,82,1,0,"[365.71, 137.94, 539.5, 352.19]",1,,frame_index_fps_fallback
-s9qJ7ATP7w_1,0.0,0,1,0,"[798.65, 233.14, 941.5, 394.86]",1,,frame_index_fps_fallback
-s9qJ7ATP7w_1,0.1,3,1,0,"[801.86, 235.16, 940.08, 393.02]",1,,frame_index_fps_fallback
-s9qJ7ATP7w_1,0.2,6,1,0,"[802.77, 237.94, 937.18, 394.02]",1,,frame_index_fps_fallback
-s9qJ7ATP7w_1,0.3,9,1,0,"[804.69, 242.09, 938.83, 396.05]",1,,frame_index_fps_fallback
-s9qJ7ATP7w_1,0.4,12,1,0,"[804.55, 242.23, 936.23, 398.33]",1,,frame_index_fps_fallback
-s9qJ7ATP7w_1,0.5,15,1,0,"[808.91, 245.77, 938.94, 396.83]",1,,frame_index_fps_fallback
-s9qJ7ATP7w_1,0.6,18,1,0,"[808.03, 243.23, 939.75, 395.14]",1,,frame_index_fps_fallback
-s9qJ7ATP7w_1,0.7,21,1,0,"[806.2, 243.0, 941.38, 398.48]",1,,frame_index_fps_fallback
-s9qJ7ATP7w_1,0.8,24,1,0,"[807.19, 232.41, 941.54, 391.04]",1,,frame_index_fps_fallback
-s9qJ7ATP7w_1,0.9,27,1,0,"[812.43, 218.02, 955.64, 382.94]",1,,frame_index_fps_fallback
-s9qJ7ATP7w_1,1.0,30,1,0,"[816.79, 209.17, 956.63, 380.99]",1,,frame_index_fps_fallback
-s9qJ7ATP7w_1,1.1,33,1,0,"[819.93, 209.94, 960.55, 375.54]",1,,frame_index_fps_fallback
-s9qJ7ATP7w_1,1.2,36,1,0,"[821.79, 196.74, 963.85, 367.62]",1,,frame_index_fps_fallback
-s9qJ7ATP7w_1,1.3,39,1,0,"[823.34, 191.9, 962.06, 361.09]",1,,frame_index_fps_fallback
-s9qJ7ATP7w_1,1.4,42,1,0,"[825.66, 190.36, 959.61, 357.8]",1,,frame_index_fps_fallback
-s9qJ7ATP7w_1,1.5,45,1,0,"[827.9, 187.16, 961.2, 349.34]",1,,frame_index_fps_fallback
-s9qJ7ATP7w_1,1.6,48,1,0,"[826.09, 187.0, 960.42, 346.07]",1,,frame_index_fps_fallback
-s9qJ7ATP7w_1,1.7,51,1,0,"[827.68, 184.87, 962.02, 345.21]",1,,frame_index_fps_fallback
-s9qJ7ATP7w_1,1.8,54,1,0,"[829.0, 175.2, 964.62, 340.58]",1,,frame_index_fps_fallback
-s9qJ7ATP7w_1,1.9,57,1,0,"[831.65, 166.77, 966.33, 331.6]",1,,frame_index_fps_fallback
-s9qJ7ATP7w_1,2.0,60,1,0,"[833.53, 171.34, 962.52, 329.96]",1,,frame_index_fps_fallback
-s9qJ7ATP7w_1,2.1,63,1,0,"[829.28, 175.1, 964.07, 336.06]",1,,frame_index_fps_fallback
-s9qJ7ATP7w_1,2.2,66,1,0,"[829.92, 175.67, 962.87, 337.71]",1,,frame_index_fps_fallback
-s9qJ7ATP7w_1,2.3,69,1,0,"[828.46, 176.87, 961.09, 342.03]",1,,frame_index_fps_fallback
-s9qJ7ATP7w_1,2.4,72,1,0,"[824.36, 176.98, 958.86, 342.46]",1,,frame_index_fps_fallback
-s9qJ7ATP7w_1,2.5,75,1,0,"[823.63, 179.51, 958.68, 341.94]",1,,frame_index_fps_fallback
-s9qJ7ATP7w_1,2.6,78,1,0,"[822.83, 182.95, 955.79, 341.11]",1,,frame_index_fps_fallback
-s9qJ7ATP7w_1,2.7,81,1,0,"[823.44, 185.3, 958.18, 343.33]",1,,frame_index_fps_fallback
-s9qJ7ATP7w_1,2.8,84,1,0,"[826.36, 186.98, 956.13, 345.66]",1,,frame_index_fps_fallback
-s9qJ7ATP7w_1,2.9,87,1,0,"[822.63, 187.66, 957.43, 348.84]",1,,frame_index_fps_fallback
-s9qJ7ATP7w_1,3.0,90,1,0,"[815.5, 179.62, 957.1, 348.18]",1,,frame_index_fps_fallback
-s9qJ7ATP7w_1,3.1,93,1,0,"[817.71, 180.02, 954.66, 348.81]",1,,frame_index_fps_fallback
-s9qJ7ATP7w_1,3.2,96,1,0,"[817.02, 177.92, 953.41, 343.07]",1,,frame_index_fps_fallback
-s9qJ7ATP7w_1,3.3,99,1,0,"[818.15, 183.61, 957.05, 350.45]",1,,frame_index_fps_fallback
-s9qJ7ATP7w_1,3.4,102,1,0,"[815.29, 184.14, 961.91, 353.43]",1,,frame_index_fps_fallback
-s9qJ7ATP7w_1,3.5,105,1,0,"[819.88, 172.25, 962.19, 352.91]",1,,frame_index_fps_fallback
-s9qJ7ATP7w_1,3.6,108,1,0,"[822.58, 186.42, 958.12, 354.51]",1,,frame_index_fps_fallback
-s9qJ7ATP7w_1,3.6999999999999997,111,1,0,"[818.66, 180.04, 957.12, 345.33]",1,,frame_index_fps_fallback
-s9qJ7ATP7w_1,3.8,114,1,0,"[817.34, 172.23, 957.44, 337.83]",1,,frame_index_fps_fallback
-s9qJ7ATP7w_1,3.9,117,1,0,"[817.41, 174.01, 949.17, 335.83]",1,,frame_index_fps_fallback
-s9qJ7ATP7w_1,4.0,120,1,0,"[815.58, 179.69, 949.5, 344.34]",1,,frame_index_fps_fallback
-s9qJ7ATP7w_1,4.1,123,1,0,"[815.53, 176.27, 952.47, 341.41]",1,,frame_index_fps_fallback
-s9qJ7ATP7w_1,4.2,126,1,0,"[815.4, 176.03, 952.4, 343.99]",1,,frame_index_fps_fallback
-s9qJ7ATP7w_1,4.3,129,1,0,"[818.32, 179.84, 957.1, 344.85]",1,,frame_index_fps_fallback
-s9qJ7ATP7w_1,4.4,132,1,0,"[820.79, 182.93, 956.48, 348.31]",1,,frame_index_fps_fallback
-s9qJ7ATP7w_1,4.5,135,1,0,"[816.56, 183.85, 951.25, 344.66]",1,,frame_index_fps_fallback
-s9qJ7ATP7w_1,4.6,138,1,0,"[815.73, 176.67, 959.16, 349.2]",1,,frame_index_fps_fallback
-s9qJ7ATP7w_1,4.733333333333333,139,1,0,"[822.08, 181.34, 966.57, 349.96]",1,,frame_index_fps_fallback
-s9qJ7ATP7w_0,0.0,0,1,0,"[819.61, 218.16, 955.3, 378.2]",1,,frame_index_fps_fallback
-s9qJ7ATP7w_0,0.1,3,1,0,"[816.95, 221.32, 954.77, 374.8]",1,,frame_index_fps_fallback
-s9qJ7ATP7w_0,0.2,6,1,0,"[817.8, 222.92, 959.54, 380.72]",1,,frame_index_fps_fallback
-s9qJ7ATP7w_0,0.3,9,1,0,"[820.99, 222.28, 957.87, 382.16]",1,,frame_index_fps_fallback
-s9qJ7ATP7w_0,0.4,12,1,0,"[821.36, 214.81, 959.29, 376.99]",1,,frame_index_fps_fallback
-s9qJ7ATP7w_0,0.5,15,1,0,"[820.72, 214.25, 959.75, 370.83]",1,,frame_index_fps_fallback
-s9qJ7ATP7w_0,0.6,18,1,0,"[820.5, 212.33, 958.89, 378.96]",1,,frame_index_fps_fallback
-s9qJ7ATP7w_0,0.7,21,1,0,"[820.75, 214.2, 955.72, 381.43]",1,,frame_index_fps_fallback
-s9qJ7ATP7w_0,0.8,24,1,0,"[822.06, 219.95, 956.31, 381.25]",1,,frame_index_fps_fallback
-s9qJ7ATP7w_0,0.9,27,1,0,"[820.97, 220.28, 964.5, 383.41]",1,,frame_index_fps_fallback
-s9qJ7ATP7w_0,1.0,30,1,0,"[820.07, 225.33, 956.84, 385.39]",1,,frame_index_fps_fallback
-s9qJ7ATP7w_0,1.1,33,1,0,"[817.87, 232.74, 954.72, 387.38]",1,,frame_index_fps_fallback
-s9qJ7ATP7w_0,1.2,36,1,0,"[822.28, 221.69, 955.65, 382.78]",1,,frame_index_fps_fallback
-s9qJ7ATP7w_0,1.3,39,1,0,"[821.16, 213.26, 958.22, 370.31]",1,,frame_index_fps_fallback
-s9qJ7ATP7w_0,1.4,42,1,0,"[823.76, 195.36, 961.82, 360.65]",1,,frame_index_fps_fallback
-s9qJ7ATP7w_0,1.5,45,1,0,"[826.96, 183.6, 963.7, 347.65]",1,,frame_index_fps_fallback
-s9qJ7ATP7w_0,1.6,48,1,0,"[833.52, 168.11, 975.83, 333.05]",1,,frame_index_fps_fallback
-s9qJ7ATP7w_0,1.7,51,1,0,"[835.53, 157.73, 979.05, 329.44]",1,,frame_index_fps_fallback
-s9qJ7ATP7w_0,1.8,54,1,0,"[836.22, 158.36, 975.22, 328.02]",1,,frame_index_fps_fallback
-s9qJ7ATP7w_0,1.9,57,1,0,"[839.55, 143.86, 977.72, 322.16]",1,,frame_index_fps_fallback
-s9qJ7ATP7w_0,2.0,60,1,0,"[833.02, 148.01, 974.51, 317.81]",1,,frame_index_fps_fallback
-s9qJ7ATP7w_0,2.1,63,0,,,0,no_face_detected,frame_index_fps_fallback
-s9qJ7ATP7w_0,2.2,66,1,0,"[837.69, 174.41, 975.87, 337.33]",1,,frame_index_fps_fallback
-s9qJ7ATP7w_0,2.3,69,1,0,"[844.82, 180.81, 980.65, 347.57]",1,,frame_index_fps_fallback
-s9qJ7ATP7w_0,2.4,72,1,0,"[846.22, 177.53, 983.45, 349.43]",1,,frame_index_fps_fallback
-s9qJ7ATP7w_0,2.5,75,1,0,"[840.62, 179.66, 978.12, 346.86]",1,,frame_index_fps_fallback
-s9qJ7ATP7w_0,2.6,78,1,0,"[836.61, 186.9, 973.12, 350.72]",1,,frame_index_fps_fallback
-s9qJ7ATP7w_0,2.7,81,1,0,"[840.47, 183.56, 980.54, 353.57]",1,,frame_index_fps_fallback
-s9qJ7ATP7w_0,2.8,84,1,0,"[844.55, 183.18, 987.27, 350.22]",1,,frame_index_fps_fallback
-s9qJ7ATP7w_0,2.9,87,1,0,"[852.37, 192.2, 981.07, 354.74]",1,,frame_index_fps_fallback
-s9qJ7ATP7w_0,3.0,90,1,0,"[852.2, 189.25, 995.52, 358.36]",1,,frame_index_fps_fallback
-s9qJ7ATP7w_0,3.1,93,1,0,"[859.24, 189.98, 1008.33, 363.78]",1,,frame_index_fps_fallback
-s9qJ7ATP7w_0,3.2,96,1,0,"[867.96, 188.37, 1015.19, 360.97]",1,,frame_index_fps_fallback
-s9qJ7ATP7w_0,3.3,99,1,0,"[871.34, 191.46, 1015.16, 362.02]",1,,frame_index_fps_fallback
-s9qJ7ATP7w_0,3.4,102,1,0,"[875.86, 189.49, 1014.81, 361.67]",1,,frame_index_fps_fallback
-s9qJ7ATP7w_0,3.5,105,1,0,"[873.89, 189.27, 1015.66, 362.39]",1,,frame_index_fps_fallback
-s9qJ7ATP7w_0,3.6,108,1,0,"[874.99, 193.73, 1014.27, 362.37]",1,,frame_index_fps_fallback
-s9qJ7ATP7w_0,3.6999999999999997,111,1,0,"[873.43, 195.67, 1012.56, 363.63]",1,,frame_index_fps_fallback
-s9qJ7ATP7w_0,3.8,114,1,0,"[872.08, 194.36, 1010.53, 366.73]",1,,frame_index_fps_fallback
-s9qJ7ATP7w_0,3.9,117,1,0,"[864.63, 197.06, 1003.78, 371.1]",1,,frame_index_fps_fallback
-s9qJ7ATP7w_0,4.0,120,1,0,"[866.01, 190.73, 1005.16, 367.0]",1,,frame_index_fps_fallback
-s9qJ7ATP7w_0,4.1,123,1,0,"[864.54, 193.57, 1002.47, 368.01]",1,,frame_index_fps_fallback
-s9qJ7ATP7w_0,4.2,126,1,0,"[853.39, 198.29, 992.01, 363.5]",1,,frame_index_fps_fallback
-s9qJ7ATP7w_0,4.3,129,1,0,"[842.57, 204.04, 980.31, 365.97]",1,,frame_index_fps_fallback
-s9qJ7ATP7w_0,4.4,132,1,0,"[824.8, 202.68, 963.38, 368.98]",1,,frame_index_fps_fallback
-s9qJ7ATP7w_0,4.5,135,1,0,"[818.2, 211.21, 945.31, 371.52]",1,,frame_index_fps_fallback
-s9qJ7ATP7w_0,4.6,138,1,0,"[809.98, 207.91, 940.59, 368.61]",1,,frame_index_fps_fallback
-s9qJ7ATP7w_0,4.7,141,1,0,"[809.02, 203.56, 945.21, 367.55]",1,,frame_index_fps_fallback
-s9qJ7ATP7w_0,4.8,144,1,0,"[811.94, 198.76, 948.95, 367.25]",1,,frame_index_fps_fallback
-s9qJ7ATP7w_0,4.9,147,1,0,"[817.22, 202.57, 952.64, 365.22]",1,,frame_index_fps_fallback
-s9qJ7ATP7w_0,5.0,150,1,0,"[818.68, 215.12, 951.85, 371.84]",1,,frame_index_fps_fallback
-s9qJ7ATP7w_0,5.1,153,1,0,"[814.18, 219.7, 951.63, 379.76]",1,,frame_index_fps_fallback
-s9qJ7ATP7w_0,5.2,156,1,0,"[811.55, 222.12, 945.32, 378.26]",1,,frame_index_fps_fallback
-s9qJ7ATP7w_0,5.3,159,1,0,"[806.67, 225.19, 938.63, 383.83]",1,,frame_index_fps_fallback
-s9qJ7ATP7w_0,5.4,162,1,0,"[802.97, 220.37, 941.1, 385.66]",1,,frame_index_fps_fallback
-s9qJ7ATP7w_0,5.5,165,1,0,"[802.3, 233.55, 941.68, 390.66]",1,,frame_index_fps_fallback
-s9qJ7ATP7w_0,5.6,168,1,0,"[801.74, 231.8, 942.75, 390.17]",1,,frame_index_fps_fallback
-s9qJ7ATP7w_0,5.7,171,1,0,"[800.06, 231.8, 938.21, 392.82]",1,,frame_index_fps_fallback
-s9qJ7ATP7w_0,5.8,174,1,0,"[802.56, 239.25, 937.06, 397.1]",1,,frame_index_fps_fallback
-s9qJ7ATP7w_0,5.9,177,1,0,"[802.66, 239.2, 935.69, 397.13]",1,,frame_index_fps_fallback
-s9qJ7ATP7w_0,6.0,180,1,0,"[803.7, 239.12, 937.43, 397.5]",1,,frame_index_fps_fallback
-s9qJ7ATP7w_0,6.1,183,1,0,"[798.09, 233.92, 940.85, 395.5]",1,,frame_index_fps_fallback
-s9qJ7ATP7w_0,6.2,186,1,0,"[801.03, 233.96, 941.26, 394.03]",1,,frame_index_fps_fallback
-s9qJ7ATP7w_0,6.3,189,1,0,"[801.88, 239.38, 938.17, 394.36]",1,,frame_index_fps_fallback
-s9qJ7ATP7w_0,6.4,192,1,0,"[804.88, 240.53, 937.73, 393.76]",1,,frame_index_fps_fallback
-s9qJ7ATP7w_0,6.5,195,1,0,"[805.82, 242.5, 936.61, 397.03]",1,,frame_index_fps_fallback
-s9qJ7ATP7w_0,6.6,198,1,0,"[808.61, 245.43, 937.26, 396.71]",1,,frame_index_fps_fallback
-s9qJ7ATP7w_0,6.7,201,1,0,"[808.04, 243.31, 938.46, 395.79]",1,,frame_index_fps_fallback
-s9qJ7ATP7w_5,0.0,0,1,0,"[816.31, 242.3, 962.01, 410.85]",1,,frame_index_fps_fallback
-s9qJ7ATP7w_5,0.1,3,1,0,"[816.27, 238.14, 959.52, 405.35]",1,,frame_index_fps_fallback
-s9qJ7ATP7w_5,0.2,6,1,0,"[812.07, 231.74, 958.07, 400.24]",1,,frame_index_fps_fallback
-s9qJ7ATP7w_5,0.3,9,1,0,"[808.4, 229.34, 949.79, 396.78]",1,,frame_index_fps_fallback
-s9qJ7ATP7w_5,0.4,12,1,0,"[809.73, 228.07, 948.57, 392.0]",1,,frame_index_fps_fallback
-s9qJ7ATP7w_5,0.5,15,1,0,"[809.53, 223.79, 951.72, 394.32]",1,,frame_index_fps_fallback
-s9qJ7ATP7w_5,0.6,18,1,0,"[809.36, 224.4, 951.48, 389.54]",1,,frame_index_fps_fallback
-s9qJ7ATP7w_5,0.7,21,1,0,"[811.37, 222.05, 955.46, 393.49]",1,,frame_index_fps_fallback
-s9qJ7ATP7w_5,0.8,24,1,0,"[811.9, 221.88, 956.55, 393.47]",1,,frame_index_fps_fallback
-s9qJ7ATP7w_5,0.9,27,1,0,"[814.74, 226.26, 955.55, 394.82]",1,,frame_index_fps_fallback
-s9qJ7ATP7w_5,1.0,30,1,0,"[816.03, 222.62, 958.22, 397.57]",1,,frame_index_fps_fallback
-s9qJ7ATP7w_5,1.1,33,1,0,"[816.27, 223.29, 963.24, 399.73]",1,,frame_index_fps_fallback
-s9qJ7ATP7w_5,1.2,36,1,0,"[818.59, 225.05, 961.86, 398.21]",1,,frame_index_fps_fallback
-s9qJ7ATP7w_5,1.3,39,1,0,"[817.89, 224.36, 962.43, 397.8]",1,,frame_index_fps_fallback
-s9qJ7ATP7w_5,1.4,42,1,0,"[816.39, 224.3, 960.32, 395.54]",1,,frame_index_fps_fallback
-s9qJ7ATP7w_5,1.5,45,1,0,"[817.46, 224.89, 960.47, 395.22]",1,,frame_index_fps_fallback
-s9qJ7ATP7w_5,1.6,48,1,0,"[816.59, 229.1, 962.12, 399.23]",1,,frame_index_fps_fallback
-s9qJ7ATP7w_5,1.7,51,1,0,"[817.51, 232.85, 960.76, 403.95]",1,,frame_index_fps_fallback
-s9qJ7ATP7w_5,1.8,54,1,0,"[817.51, 230.56, 960.45, 404.21]",1,,frame_index_fps_fallback
-s9qJ7ATP7w_5,1.9,57,1,0,"[816.35, 226.82, 961.52, 398.91]",1,,frame_index_fps_fallback
-s9qJ7ATP7w_5,2.0,60,1,0,"[816.71, 223.57, 958.45, 391.7]",1,,frame_index_fps_fallback
-s9qJ7ATP7w_5,2.1,63,1,0,"[812.68, 214.56, 956.3, 389.21]",1,,frame_index_fps_fallback
-s9qJ7ATP7w_5,2.2,66,1,0,"[810.76, 209.29, 957.41, 383.52]",1,,frame_index_fps_fallback
-s9qJ7ATP7w_5,2.3,69,1,0,"[812.13, 208.37, 958.21, 382.42]",1,,frame_index_fps_fallback
-s9qJ7ATP7w_5,2.4,72,1,0,"[816.24, 211.51, 956.1, 383.72]",1,,frame_index_fps_fallback
-s9qJ7ATP7w_5,2.5,75,1,0,"[815.73, 214.4, 961.15, 386.29]",1,,frame_index_fps_fallback
-s9qJ7ATP7w_5,2.6,78,1,0,"[817.04, 218.94, 959.85, 385.4]",1,,frame_index_fps_fallback
-s9qJ7ATP7w_5,2.7,81,1,0,"[820.66, 227.71, 959.88, 394.69]",1,,frame_index_fps_fallback
-s9qJ7ATP7w_5,2.8,84,1,0,"[821.58, 232.42, 965.42, 404.68]",1,,frame_index_fps_fallback
-s9qJ7ATP7w_5,2.9,87,1,0,"[824.42, 227.53, 977.46, 407.05]",1,,frame_index_fps_fallback
-s9qJ7ATP7w_5,3.0,90,1,0,"[827.33, 228.17, 978.57, 411.52]",1,,frame_index_fps_fallback
-s9qJ7ATP7w_5,3.1,93,1,0,"[825.42, 228.07, 976.54, 409.81]",1,,frame_index_fps_fallback
-s9qJ7ATP7w_5,3.2,96,1,0,"[822.76, 226.74, 971.18, 403.77]",1,,frame_index_fps_fallback
-s9qJ7ATP7w_5,3.3,99,1,0,"[821.44, 224.4, 963.5, 398.21]",1,,frame_index_fps_fallback
-s9qJ7ATP7w_5,3.4,102,1,0,"[819.6, 225.23, 964.14, 395.02]",1,,frame_index_fps_fallback
-s9qJ7ATP7w_5,3.5,105,1,0,"[820.89, 226.77, 964.6, 400.45]",1,,frame_index_fps_fallback
-s9qJ7ATP7w_5,3.6,108,1,0,"[820.84, 228.93, 963.97, 401.74]",1,,frame_index_fps_fallback
-s9qJ7ATP7w_5,3.6999999999999997,111,1,0,"[818.69, 231.08, 965.3, 403.37]",1,,frame_index_fps_fallback
-s9qJ7ATP7w_5,3.8,114,1,0,"[816.14, 230.5, 960.34, 402.43]",1,,frame_index_fps_fallback
-s9qJ7ATP7w_5,3.9,117,1,0,"[814.34, 231.94, 961.82, 404.69]",1,,frame_index_fps_fallback
-s9qJ7ATP7w_5,4.0,120,1,0,"[816.46, 230.76, 961.22, 404.49]",1,,frame_index_fps_fallback
-s9qJ7ATP7w_5,4.1,123,1,0,"[813.92, 228.99, 960.2, 405.21]",1,,frame_index_fps_fallback
-s9qJ7ATP7w_5,4.2,126,1,0,"[813.21, 230.8, 963.77, 406.65]",1,,frame_index_fps_fallback
-s9qJ7ATP7w_5,4.3,129,1,0,"[812.04, 231.02, 963.44, 407.14]",1,,frame_index_fps_fallback
-s9qJ7ATP7w_5,4.4,132,1,0,"[812.14, 231.32, 963.87, 406.26]",1,,frame_index_fps_fallback
-s9qJ7ATP7w_5,4.5,135,1,0,"[812.36, 230.49, 961.98, 406.4]",1,,frame_index_fps_fallback
-s9qJ7ATP7w_5,4.6,138,1,0,"[811.72, 229.88, 962.9, 409.5]",1,,frame_index_fps_fallback
-s9qJ7ATP7w_5,4.7,141,1,0,"[813.4, 234.95, 959.71, 415.63]",1,,frame_index_fps_fallback
-s9qJ7ATP7w_5,4.8,144,1,0,"[811.41, 234.65, 957.72, 413.97]",1,,frame_index_fps_fallback
-s9qJ7ATP7w_5,4.9,147,1,0,"[809.26, 227.25, 955.78, 397.52]",1,,frame_index_fps_fallback
-s9qJ7ATP7w_5,5.0,150,1,0,"[807.99, 231.31, 957.17, 399.55]",1,,frame_index_fps_fallback
-s9qJ7ATP7w_5,5.1,153,1,0,"[810.18, 229.78, 956.61, 399.42]",1,,frame_index_fps_fallback
-s9qJ7ATP7w_5,5.2,156,1,0,"[810.44, 222.18, 956.46, 392.38]",1,,frame_index_fps_fallback
-s9qJ7ATP7w_5,5.3,159,1,0,"[808.08, 219.1, 954.8, 391.38]",1,,frame_index_fps_fallback
-s9qJ7ATP7w_5,5.4,162,1,0,"[808.98, 209.01, 954.99, 387.02]",1,,frame_index_fps_fallback
-s9qJ7ATP7w_5,5.5,165,1,0,"[804.68, 199.56, 949.85, 368.68]",1,,frame_index_fps_fallback
-s9qJ7ATP7w_5,5.6,168,1,0,"[803.56, 199.02, 947.76, 366.46]",1,,frame_index_fps_fallback
-s9qJ7ATP7w_5,5.7,171,1,0,"[810.24, 181.75, 957.29, 351.87]",1,,frame_index_fps_fallback
-s9qJ7ATP7w_5,5.8,174,1,0,"[818.02, 171.98, 961.33, 347.18]",1,,frame_index_fps_fallback
-s9qJ7ATP7w_5,5.9,177,1,0,"[814.72, 177.93, 962.57, 351.61]",1,,frame_index_fps_fallback
-s9qJ7ATP7w_5,6.0,180,1,0,"[816.33, 179.62, 962.22, 357.54]",1,,frame_index_fps_fallback
-s9qJ7ATP7w_5,6.1,183,1,0,"[816.96, 177.68, 960.67, 349.68]",1,,frame_index_fps_fallback
-s9qJ7ATP7w_5,6.2,186,1,0,"[813.98, 179.26, 960.15, 349.4]",1,,frame_index_fps_fallback
-s9qJ7ATP7w_5,6.3,189,1,0,"[813.85, 179.58, 960.82, 349.44]",1,,frame_index_fps_fallback
-s9qJ7ATP7w_5,6.4,192,1,0,"[814.24, 183.9, 959.89, 351.93]",1,,frame_index_fps_fallback
-s9qJ7ATP7w_5,6.5,195,1,0,"[815.29, 182.06, 960.93, 353.56]",1,,frame_index_fps_fallback
-s9qJ7ATP7w_5,6.6,198,1,0,"[813.71, 190.25, 954.02, 354.13]",1,,frame_index_fps_fallback
-s9qJ7ATP7w_5,6.7,201,1,0,"[812.99, 190.25, 951.13, 355.04]",1,,frame_index_fps_fallback
-s9qJ7ATP7w_5,6.8,204,1,0,"[812.76, 192.81, 955.29, 362.67]",1,,frame_index_fps_fallback
-s9qJ7ATP7w_5,6.8999999999999995,207,1,0,"[811.73, 193.83, 950.97, 359.49]",1,,frame_index_fps_fallback
-s9qJ7ATP7w_5,7.0,210,1,0,"[812.12, 193.5, 947.85, 358.4]",1,,frame_index_fps_fallback
-s9qJ7ATP7w_5,7.1,213,1,0,"[807.26, 194.69, 945.82, 367.64]",1,,frame_index_fps_fallback
-s9qJ7ATP7w_5,7.2,216,1,0,"[800.07, 206.48, 937.37, 370.95]",1,,frame_index_fps_fallback
-s9qJ7ATP7w_5,7.3,219,1,0,"[794.42, 208.13, 937.19, 374.18]",1,,frame_index_fps_fallback
-s9qJ7ATP7w_5,7.3999999999999995,222,1,0,"[798.92, 205.42, 939.26, 376.33]",1,,frame_index_fps_fallback
-s9qJ7ATP7w_5,7.5,225,1,0,"[792.34, 214.97, 928.59, 380.86]",1,,frame_index_fps_fallback
-s9qJ7ATP7w_5,7.6,228,1,0,"[790.73, 215.82, 926.01, 384.2]",1,,frame_index_fps_fallback
-s9qJ7ATP7w_5,7.7,231,1,0,"[789.87, 215.84, 928.0, 382.09]",1,,frame_index_fps_fallback
-s9qJ7ATP7w_5,7.8,234,1,0,"[789.99, 215.12, 929.86, 380.24]",1,,frame_index_fps_fallback
-s9qJ7ATP7w_5,7.8999999999999995,237,1,0,"[789.73, 212.18, 933.81, 380.11]",1,,frame_index_fps_fallback
-s9qJ7ATP7w_5,8.0,240,1,0,"[790.85, 212.79, 938.43, 380.94]",1,,frame_index_fps_fallback
-s9qJ7ATP7w_5,8.1,243,1,0,"[792.88, 218.65, 929.94, 383.51]",1,,frame_index_fps_fallback
-s9qJ7ATP7w_5,8.2,246,1,0,"[795.3, 216.86, 932.14, 386.25]",1,,frame_index_fps_fallback
-s9qJ7ATP7w_5,8.3,249,1,0,"[794.31, 216.62, 931.71, 387.04]",1,,frame_index_fps_fallback
-s9qJ7ATP7w_5,8.5,252,1,0,"[795.58, 229.04, 935.99, 394.01]",1,,frame_index_fps_fallback
-s9qJ7ATP7w_4,0.0,0,1,0,"[797.29, 207.35, 934.26, 379.95]",1,,frame_index_fps_fallback
-s9qJ7ATP7w_4,0.1,3,1,0,"[797.71, 214.79, 937.37, 383.67]",1,,frame_index_fps_fallback
-s9qJ7ATP7w_4,0.2,6,1,0,"[795.13, 219.65, 929.84, 385.64]",1,,frame_index_fps_fallback
-s9qJ7ATP7w_4,0.3,9,1,0,"[794.2, 215.96, 928.53, 382.09]",1,,frame_index_fps_fallback
-s9qJ7ATP7w_4,0.4,12,1,0,"[795.64, 215.49, 929.75, 375.72]",1,,frame_index_fps_fallback
-s9qJ7ATP7w_4,0.5,15,0,,,0,no_face_detected,frame_index_fps_fallback
-s9qJ7ATP7w_4,0.6,18,0,,,0,no_face_detected,frame_index_fps_fallback
-s9qJ7ATP7w_4,0.7,21,0,,,0,no_face_detected,frame_index_fps_fallback
-s9qJ7ATP7w_4,0.8,24,0,,,0,no_face_detected,frame_index_fps_fallback
-s9qJ7ATP7w_4,0.9,27,0,,,0,no_face_detected,frame_index_fps_fallback
-s9qJ7ATP7w_4,1.0,30,0,,,0,no_face_detected,frame_index_fps_fallback
-s9qJ7ATP7w_4,1.1,33,0,,,0,no_face_detected,frame_index_fps_fallback
-s9qJ7ATP7w_4,1.2,36,0,,,0,no_face_detected,frame_index_fps_fallback
-s9qJ7ATP7w_4,1.3,39,0,,,0,no_face_detected,frame_index_fps_fallback
-s9qJ7ATP7w_4,1.4,42,0,,,0,no_face_detected,frame_index_fps_fallback
-s9qJ7ATP7w_4,1.5,45,0,,,0,no_face_detected,frame_index_fps_fallback
-s9qJ7ATP7w_4,1.6,48,0,,,0,no_face_detected,frame_index_fps_fallback
-s9qJ7ATP7w_4,1.7,51,0,,,0,no_face_detected,frame_index_fps_fallback
-s9qJ7ATP7w_4,1.8,54,0,,,0,no_face_detected,frame_index_fps_fallback
-s9qJ7ATP7w_4,1.9,57,0,,,0,no_face_detected,frame_index_fps_fallback
-s9qJ7ATP7w_4,2.0,60,1,0,"[796.98, 206.69, 932.84, 370.17]",1,,frame_index_fps_fallback
-s9qJ7ATP7w_4,2.1,63,1,0,"[798.13, 198.17, 937.52, 368.04]",1,,frame_index_fps_fallback
-s9qJ7ATP7w_4,2.2,66,1,0,"[798.45, 206.94, 936.17, 371.13]",1,,frame_index_fps_fallback
-s9qJ7ATP7w_4,2.3,69,1,0,"[797.09, 214.82, 936.4, 375.63]",1,,frame_index_fps_fallback
-s9qJ7ATP7w_4,2.4,72,1,0,"[799.93, 226.68, 938.24, 388.39]",1,,frame_index_fps_fallback
-s9qJ7ATP7w_4,2.5,75,1,0,"[798.32, 225.59, 936.47, 390.99]",1,,frame_index_fps_fallback
-s9qJ7ATP7w_4,2.6,78,1,0,"[798.4, 226.18, 935.07, 387.32]",1,,frame_index_fps_fallback
-s9qJ7ATP7w_4,2.7,81,1,0,"[797.49, 228.4, 934.84, 388.5]",1,,frame_index_fps_fallback
-s9qJ7ATP7w_4,2.8,84,1,0,"[800.79, 230.91, 942.06, 394.28]",1,,frame_index_fps_fallback
-s9qJ7ATP7w_4,2.9,87,1,0,"[807.05, 232.77, 950.38, 402.54]",1,,frame_index_fps_fallback
-s9qJ7ATP7w_4,3.0,90,1,0,"[811.8, 241.01, 957.68, 407.74]",1,,frame_index_fps_fallback
-s9qJ7ATP7w_4,3.1,93,1,0,"[813.8, 245.31, 959.19, 413.03]",1,,frame_index_fps_fallback
-s9qJ7ATP7w_4,3.2,96,1,0,"[816.57, 244.78, 961.79, 412.61]",1,,frame_index_fps_fallback
-s9qJ7ATP7w_4,3.3,99,1,0,"[816.46, 241.4, 960.17, 406.72]",1,,frame_index_fps_fallback
-s9qJ7ATP7w_4,3.4,102,1,0,"[814.28, 227.75, 959.87, 400.25]",1,,frame_index_fps_fallback
-s9qJ7ATP7w_4,3.5,105,1,0,"[809.06, 230.24, 951.14, 398.41]",1,,frame_index_fps_fallback
-s9qJ7ATP7w_4,3.6,108,1,0,"[808.79, 228.05, 949.69, 393.29]",1,,frame_index_fps_fallback
-s9qJ7ATP7w_4,3.6999999999999997,111,1,0,"[809.48, 223.65, 951.15, 395.18]",1,,frame_index_fps_fallback
-s9qJ7ATP7w_4,3.8,114,1,0,"[808.39, 223.57, 952.28, 388.88]",1,,frame_index_fps_fallback
-s9qJ7ATP7w_4,3.9,117,1,0,"[810.36, 221.65, 953.73, 392.41]",1,,frame_index_fps_fallback
-s9qJ7ATP7w_4,4.0,120,1,0,"[812.22, 221.38, 957.54, 394.15]",1,,frame_index_fps_fallback
-s9qJ7ATP7w_4,4.1,123,1,0,"[814.3, 225.62, 955.41, 394.35]",1,,frame_index_fps_fallback
-s9qJ7ATP7w_4,4.2,126,1,0,"[816.65, 223.3, 957.52, 396.41]",1,,frame_index_fps_fallback
-s9qJ7ATP7w_4,4.366666666666666,128,1,0,"[816.57, 225.01, 963.8, 401.32]",1,,frame_index_fps_fallback
-s9qJ7ATP7w_7,0.0,0,1,0,"[776.45, 218.06, 911.62, 378.77]",1,,frame_index_fps_fallback
-s9qJ7ATP7w_7,0.1,3,1,0,"[776.67, 203.7, 916.41, 363.95]",1,,frame_index_fps_fallback
-s9qJ7ATP7w_7,0.2,6,0,,,0,no_face_detected,frame_index_fps_fallback
-s9qJ7ATP7w_7,0.3,9,0,,,0,no_face_detected,frame_index_fps_fallback
-s9qJ7ATP7w_7,0.4,12,0,,,0,no_face_detected,frame_index_fps_fallback
-s9qJ7ATP7w_7,0.5,15,0,,,0,no_face_detected,frame_index_fps_fallback
-s9qJ7ATP7w_7,0.6,18,0,,,0,no_face_detected,frame_index_fps_fallback
-s9qJ7ATP7w_7,0.7,21,0,,,0,no_face_detected,frame_index_fps_fallback
-s9qJ7ATP7w_7,0.8,24,0,,,0,no_face_detected,frame_index_fps_fallback
-s9qJ7ATP7w_7,0.9,27,0,,,0,no_face_detected,frame_index_fps_fallback
-s9qJ7ATP7w_7,1.0,30,0,,,0,no_face_detected,frame_index_fps_fallback
-s9qJ7ATP7w_7,1.1,33,0,,,0,no_face_detected,frame_index_fps_fallback
-s9qJ7ATP7w_7,1.2,36,0,,,0,no_face_detected,frame_index_fps_fallback
-s9qJ7ATP7w_7,1.3,39,0,,,0,no_face_detected,frame_index_fps_fallback
-s9qJ7ATP7w_7,1.4,42,0,,,0,no_face_detected,frame_index_fps_fallback
-s9qJ7ATP7w_7,1.5,45,0,,,0,no_face_detected,frame_index_fps_fallback
-s9qJ7ATP7w_7,1.6,48,0,,,0,no_face_detected,frame_index_fps_fallback
-s9qJ7ATP7w_7,1.7,51,0,,,0,no_face_detected,frame_index_fps_fallback
-s9qJ7ATP7w_7,1.8,54,0,,,0,no_face_detected,frame_index_fps_fallback
-s9qJ7ATP7w_7,1.9,57,0,,,0,no_face_detected,frame_index_fps_fallback
-s9qJ7ATP7w_7,2.0,60,0,,,0,no_face_detected,frame_index_fps_fallback
-s9qJ7ATP7w_7,2.1,63,0,,,0,no_face_detected,frame_index_fps_fallback
-s9qJ7ATP7w_7,2.2,66,0,,,0,no_face_detected,frame_index_fps_fallback
-s9qJ7ATP7w_7,2.3,69,0,,,0,no_face_detected,frame_index_fps_fallback
-s9qJ7ATP7w_7,2.4,72,0,,,0,no_face_detected,frame_index_fps_fallback
-s9qJ7ATP7w_7,2.5,75,0,,,0,no_face_detected,frame_index_fps_fallback
-s9qJ7ATP7w_7,2.6,78,0,,,0,no_face_detected,frame_index_fps_fallback
-s9qJ7ATP7w_7,2.7,81,0,,,0,no_face_detected,frame_index_fps_fallback
-s9qJ7ATP7w_7,2.8,84,0,,,0,no_face_detected,frame_index_fps_fallback
-s9qJ7ATP7w_7,2.9,87,0,,,0,no_face_detected,frame_index_fps_fallback
-s9qJ7ATP7w_7,3.0,90,0,,,0,no_face_detected,frame_index_fps_fallback
-s9qJ7ATP7w_7,3.1,93,0,,,0,no_face_detected,frame_index_fps_fallback
-s9qJ7ATP7w_7,3.2,96,1,0,"[669.84, 127.78, 914.54, 414.7]",1,,frame_index_fps_fallback
-s9qJ7ATP7w_7,3.3,99,1,0,"[671.01, 126.94, 918.7, 417.53]",1,,frame_index_fps_fallback
-s9qJ7ATP7w_7,3.4,102,1,0,"[672.07, 125.35, 927.14, 420.57]",1,,frame_index_fps_fallback
-s9qJ7ATP7w_7,3.5,105,1,0,"[682.17, 120.8, 923.52, 406.12]",1,,frame_index_fps_fallback
-s9qJ7ATP7w_7,3.6,108,1,0,"[691.49, 115.95, 929.88, 403.59]",1,,frame_index_fps_fallback
-s9qJ7ATP7w_7,3.6999999999999997,111,1,0,"[689.89, 116.87, 926.43, 406.36]",1,,frame_index_fps_fallback
-s9qJ7ATP7w_7,3.8,114,1,0,"[685.81, 112.85, 927.81, 406.95]",1,,frame_index_fps_fallback
-s9qJ7ATP7w_7,3.9,117,1,0,"[684.16, 119.96, 927.18, 412.43]",1,,frame_index_fps_fallback
-s9qJ7ATP7w_7,4.0,120,1,0,"[680.56, 120.52, 928.07, 415.98]",1,,frame_index_fps_fallback
-s9qJ7ATP7w_7,4.1,123,1,0,"[679.34, 116.17, 924.83, 409.16]",1,,frame_index_fps_fallback
-s9qJ7ATP7w_7,4.2,126,1,0,"[675.23, 117.06, 923.74, 411.07]",1,,frame_index_fps_fallback
-s9qJ7ATP7w_7,4.3,129,1,0,"[676.07, 119.2, 920.4, 409.87]",1,,frame_index_fps_fallback
-s9qJ7ATP7w_7,4.4,132,1,0,"[676.14, 117.88, 925.44, 410.24]",1,,frame_index_fps_fallback
-s9qJ7ATP7w_7,4.5,135,1,0,"[674.31, 122.91, 924.89, 412.2]",1,,frame_index_fps_fallback
-s9qJ7ATP7w_7,4.6,138,1,0,"[665.54, 122.57, 924.83, 410.42]",1,,frame_index_fps_fallback
-s9qJ7ATP7w_7,4.7,141,1,0,"[667.23, 118.94, 922.43, 416.83]",1,,frame_index_fps_fallback
-s9qJ7ATP7w_7,4.8,144,1,0,"[672.3, 113.08, 926.18, 407.59]",1,,frame_index_fps_fallback
-s9qJ7ATP7w_7,4.9,147,1,0,"[677.55, 112.88, 930.43, 410.15]",1,,frame_index_fps_fallback
-s9qJ7ATP7w_7,5.0,150,1,0,"[677.32, 115.18, 927.32, 409.09]",1,,frame_index_fps_fallback
-s9qJ7ATP7w_7,5.1,153,1,0,"[679.07, 114.08, 926.77, 401.18]",1,,frame_index_fps_fallback
-s9qJ7ATP7w_7,5.2,156,1,0,"[682.4, 108.78, 919.58, 389.79]",1,,frame_index_fps_fallback
-s9qJ7ATP7w_7,5.3,159,1,0,"[676.63, 115.04, 928.56, 405.12]",1,,frame_index_fps_fallback
-s9qJ7ATP7w_7,5.4,162,1,0,"[689.75, 110.89, 930.06, 395.99]",1,,frame_index_fps_fallback
-s9qJ7ATP7w_7,5.5,165,1,0,"[700.06, 104.57, 936.97, 382.87]",1,,frame_index_fps_fallback
-s9qJ7ATP7w_7,5.6,168,1,0,"[692.79, 111.64, 935.55, 400.74]",1,,frame_index_fps_fallback
-s9qJ7ATP7w_7,5.7,171,1,0,"[680.56, 123.18, 928.58, 416.97]",1,,frame_index_fps_fallback
-s9qJ7ATP7w_7,5.8,174,1,0,"[667.88, 119.86, 927.9, 421.21]",1,,frame_index_fps_fallback
-s9qJ7ATP7w_7,5.9,177,1,0,"[663.1, 128.75, 913.82, 424.49]",1,,frame_index_fps_fallback
-s9qJ7ATP7w_7,6.0,180,1,0,"[664.17, 136.04, 913.88, 430.56]",1,,frame_index_fps_fallback
-s9qJ7ATP7w_7,6.1,183,1,0,"[659.14, 123.15, 918.91, 428.98]",1,,frame_index_fps_fallback
-s9qJ7ATP7w_7,6.2,186,1,0,"[667.65, 122.84, 915.71, 425.1]",1,,frame_index_fps_fallback
-s9qJ7ATP7w_7,6.3,189,1,0,"[866.0, 153.22, 1124.47, 450.5]",1,,frame_index_fps_fallback
-s9qJ7ATP7w_7,6.4,192,1,0,"[867.52, 156.03, 1121.41, 446.84]",1,,frame_index_fps_fallback
-s9qJ7ATP7w_7,6.5,195,1,0,"[865.06, 151.21, 1121.51, 444.25]",1,,frame_index_fps_fallback
-s9qJ7ATP7w_7,6.6,198,1,0,"[865.23, 153.07, 1124.84, 457.56]",1,,frame_index_fps_fallback
-s9qJ7ATP7w_7,6.7,201,1,0,"[867.03, 150.93, 1125.96, 451.66]",1,,frame_index_fps_fallback
-s9qJ7ATP7w_7,6.8,204,1,0,"[869.29, 160.56, 1125.31, 449.16]",1,,frame_index_fps_fallback
-s9qJ7ATP7w_7,6.8999999999999995,206,1,0,"[864.18, 166.21, 1115.92, 460.16]",1,,frame_index_fps_fallback
-s9qJ7ATP7w_6,0.0,0,1,0,"[793.05, 206.84, 935.1, 377.13]",1,,frame_index_fps_fallback
-s9qJ7ATP7w_6,0.1,3,1,0,"[791.9, 214.43, 925.64, 378.67]",1,,frame_index_fps_fallback
-s9qJ7ATP7w_6,0.2,6,1,0,"[791.09, 215.58, 928.15, 383.94]",1,,frame_index_fps_fallback
-s9qJ7ATP7w_6,0.3,9,1,0,"[789.64, 217.01, 927.0, 380.48]",1,,frame_index_fps_fallback
-s9qJ7ATP7w_6,0.4,12,1,0,"[790.09, 212.88, 936.39, 378.68]",1,,frame_index_fps_fallback
-s9qJ7ATP7w_6,0.5,15,1,0,"[789.98, 212.27, 937.22, 381.86]",1,,frame_index_fps_fallback
-s9qJ7ATP7w_6,0.6,18,1,0,"[792.05, 214.93, 933.02, 381.34]",1,,frame_index_fps_fallback
-s9qJ7ATP7w_6,0.7,21,1,0,"[793.42, 217.6, 930.89, 385.68]",1,,frame_index_fps_fallback
-s9qJ7ATP7w_6,0.8,24,1,0,"[795.15, 216.75, 931.74, 386.69]",1,,frame_index_fps_fallback
-s9qJ7ATP7w_6,0.9,27,1,0,"[794.16, 216.09, 932.31, 387.18]",1,,frame_index_fps_fallback
-s9qJ7ATP7w_6,1.0,30,1,0,"[797.21, 227.82, 935.44, 391.95]",1,,frame_index_fps_fallback
-s9qJ7ATP7w_6,1.1,33,1,0,"[796.31, 230.13, 935.77, 397.42]",1,,frame_index_fps_fallback
-s9qJ7ATP7w_6,1.2,36,1,0,"[794.88, 233.74, 932.91, 396.19]",1,,frame_index_fps_fallback
-s9qJ7ATP7w_6,1.3,39,1,0,"[789.96, 229.99, 929.37, 390.44]",1,,frame_index_fps_fallback
-s9qJ7ATP7w_6,1.4,42,1,0,"[791.26, 227.66, 925.98, 387.49]",1,,frame_index_fps_fallback
-s9qJ7ATP7w_6,1.5,45,1,0,"[785.47, 224.12, 920.69, 384.78]",1,,frame_index_fps_fallback
-s9qJ7ATP7w_6,1.6,48,1,0,"[779.9, 218.91, 914.45, 381.04]",1,,frame_index_fps_fallback
-s9qJ7ATP7w_6,1.7,51,1,0,"[776.45, 218.06, 911.62, 378.77]",1,,frame_index_fps_fallback
-s9qJ7ATP7w_6,1.8,54,1,0,"[776.67, 203.7, 916.41, 363.95]",1,,frame_index_fps_fallback
-s9qJ7ATP7w_6,1.9,57,0,,,0,no_face_detected,frame_index_fps_fallback
-s9qJ7ATP7w_6,2.0,60,0,,,0,no_face_detected,frame_index_fps_fallback
-s9qJ7ATP7w_6,2.1,63,0,,,0,no_face_detected,frame_index_fps_fallback
-s9qJ7ATP7w_6,2.2,66,0,,,0,no_face_detected,frame_index_fps_fallback
-s9qJ7ATP7w_6,2.3,69,0,,,0,no_face_detected,frame_index_fps_fallback
-s9qJ7ATP7w_6,2.433333333333333,70,0,,,0,no_face_detected,frame_index_fps_fallback
-s9qJ7ATP7w_8,0.0,0,1,0,"[668.33, 120.06, 926.88, 419.82]",1,,frame_index_fps_fallback
-s9qJ7ATP7w_8,0.1,3,1,0,"[663.8, 135.0, 914.39, 428.51]",1,,frame_index_fps_fallback
-s9qJ7ATP7w_8,0.2,6,1,0,"[663.2, 134.68, 914.75, 430.89]",1,,frame_index_fps_fallback
-s9qJ7ATP7w_8,0.3,9,1,0,"[660.28, 123.02, 919.64, 428.26]",1,,frame_index_fps_fallback
-s9qJ7ATP7w_8,0.4,12,1,0,"[671.92, 123.47, 918.99, 427.67]",1,,frame_index_fps_fallback
-s9qJ7ATP7w_8,0.5,15,1,0,"[866.0, 153.1, 1124.34, 450.43]",1,,frame_index_fps_fallback
-s9qJ7ATP7w_8,0.6,18,1,0,"[865.34, 153.13, 1122.02, 445.74]",1,,frame_index_fps_fallback
-s9qJ7ATP7w_8,0.7,21,1,0,"[864.83, 154.98, 1119.52, 448.44]",1,,frame_index_fps_fallback
-s9qJ7ATP7w_8,0.8,24,1,0,"[865.83, 155.68, 1126.1, 457.13]",1,,frame_index_fps_fallback
-s9qJ7ATP7w_8,0.9,27,1,0,"[872.02, 155.75, 1129.04, 449.07]",1,,frame_index_fps_fallback
-s9qJ7ATP7w_8,1.0,30,1,0,"[869.11, 160.57, 1125.25, 449.25]",1,,frame_index_fps_fallback
-s9qJ7ATP7w_8,1.1,33,1,0,"[857.73, 162.65, 1111.31, 461.63]",1,,frame_index_fps_fallback
-s9qJ7ATP7w_8,1.2,36,1,0,"[843.14, 166.25, 1100.01, 464.56]",1,,frame_index_fps_fallback
-s9qJ7ATP7w_8,1.3,39,1,0,"[831.91, 172.02, 1084.2, 464.74]",1,,frame_index_fps_fallback
-s9qJ7ATP7w_8,1.4,42,1,0,"[825.96, 170.48, 1079.13, 466.5]",1,,frame_index_fps_fallback
-s9qJ7ATP7w_8,1.5,45,1,0,"[822.59, 167.78, 1075.7, 456.9]",1,,frame_index_fps_fallback
-s9qJ7ATP7w_8,1.6,48,1,0,"[832.63, 162.76, 1083.04, 443.86]",1,,frame_index_fps_fallback
-s9qJ7ATP7w_8,1.7,51,1,0,"[848.16, 153.44, 1099.82, 439.7]",1,,frame_index_fps_fallback
-s9qJ7ATP7w_8,1.8,54,1,0,"[860.16, 146.18, 1113.91, 434.91]",1,,frame_index_fps_fallback
-s9qJ7ATP7w_8,1.9,57,1,0,"[859.85, 147.21, 1114.0, 436.72]",1,,frame_index_fps_fallback
-s9qJ7ATP7w_8,2.0,60,1,0,"[854.02, 156.73, 1108.35, 443.93]",1,,frame_index_fps_fallback
-s9qJ7ATP7w_8,2.1,63,1,0,"[848.54, 166.48, 1102.29, 456.18]",1,,frame_index_fps_fallback
-s9qJ7ATP7w_8,2.2,66,1,0,"[850.21, 172.22, 1100.28, 455.74]",1,,frame_index_fps_fallback
-s9qJ7ATP7w_8,2.3,69,1,0,"[847.3, 170.86, 1099.43, 458.05]",1,,frame_index_fps_fallback
-s9qJ7ATP7w_8,2.4,72,1,0,"[845.76, 169.37, 1101.75, 461.64]",1,,frame_index_fps_fallback
-s9qJ7ATP7w_8,2.5,75,1,0,"[849.68, 166.69, 1105.98, 456.66]",1,,frame_index_fps_fallback
-s9qJ7ATP7w_8,2.6,78,1,0,"[859.79, 162.04, 1113.39, 448.72]",1,,frame_index_fps_fallback
-s9qJ7ATP7w_8,2.7,81,1,0,"[861.59, 160.63, 1114.05, 443.12]",1,,frame_index_fps_fallback
-s9qJ7ATP7w_8,2.8,84,1,0,"[853.47, 155.2, 1104.64, 444.02]",1,,frame_index_fps_fallback
-s9qJ7ATP7w_8,2.9,87,1,0,"[846.5, 151.36, 1105.52, 442.56]",1,,frame_index_fps_fallback
-s9qJ7ATP7w_8,3.0,90,1,0,"[844.16, 150.11, 1104.77, 443.95]",1,,frame_index_fps_fallback
-s9qJ7ATP7w_8,3.1,93,1,0,"[644.61, 120.54, 906.21, 427.4]",1,,frame_index_fps_fallback
-s9qJ7ATP7w_8,3.2333333333333334,96,1,0,"[656.87, 116.07, 907.35, 414.45]",1,,frame_index_fps_fallback
-yRb-Jum7EQ_1,0.0,0,0,,,0,no_face_detected,frame_index_fps_fallback
-yRb-Jum7EQ_1,0.1,3,0,,,0,no_face_detected,frame_index_fps_fallback
-yRb-Jum7EQ_1,0.2,6,0,,,0,no_face_detected,frame_index_fps_fallback
-yRb-Jum7EQ_1,0.3,9,0,,,0,no_face_detected,frame_index_fps_fallback
-yRb-Jum7EQ_1,0.4,12,0,,,0,no_face_detected,frame_index_fps_fallback
-yRb-Jum7EQ_1,0.5,15,1,0,"[274.88, 109.04, 415.14, 282.24]",1,,frame_index_fps_fallback
-yRb-Jum7EQ_1,0.6,18,1,0,"[266.59, 122.1, 397.58, 292.12]",1,,frame_index_fps_fallback
-yRb-Jum7EQ_1,0.7,21,0,,,0,no_face_detected,frame_index_fps_fallback
-yRb-Jum7EQ_1,0.8,24,1,0,"[256.09, 121.62, 393.89, 285.56]",1,,frame_index_fps_fallback
-yRb-Jum7EQ_1,0.9,27,1,0,"[252.18, 118.9, 386.24, 281.02]",1,,frame_index_fps_fallback
-yRb-Jum7EQ_1,1.0,30,0,,,0,no_face_detected,frame_index_fps_fallback
-yRb-Jum7EQ_1,1.1,33,2,1,"[250.7, 99.33, 390.0, 286.41]",1,,frame_index_fps_fallback
-yRb-Jum7EQ_1,1.2,36,0,,,0,no_face_detected,frame_index_fps_fallback
-yRb-Jum7EQ_1,1.3,39,1,0,"[247.17, 93.11, 399.93, 282.74]",1,,frame_index_fps_fallback
-yRb-Jum7EQ_1,1.4,42,1,0,"[249.02, 100.03, 395.45, 271.57]",1,,frame_index_fps_fallback
-yRb-Jum7EQ_1,1.5,45,1,0,"[253.23, 91.68, 394.82, 267.21]",1,,frame_index_fps_fallback
-yRb-Jum7EQ_1,1.6,48,1,0,"[247.92, 92.24, 378.96, 264.8]",1,,frame_index_fps_fallback
-yRb-Jum7EQ_1,1.7,51,1,0,"[246.05, 95.4, 385.3, 265.3]",1,,frame_index_fps_fallback
-yRb-Jum7EQ_1,1.8,54,1,0,"[243.6, 95.63, 374.22, 264.39]",1,,frame_index_fps_fallback
-yRb-Jum7EQ_1,1.9,57,1,0,"[243.54, 100.79, 376.3, 272.97]",1,,frame_index_fps_fallback
-yRb-Jum7EQ_1,2.0,60,1,0,"[243.16, 110.33, 378.77, 274.28]",1,,frame_index_fps_fallback
-yRb-Jum7EQ_1,2.1,63,2,0,"[236.61, 106.65, 373.02, 279.0]",1,,frame_index_fps_fallback
-yRb-Jum7EQ_1,2.2,66,2,0,"[224.88, 109.12, 361.33, 273.37]",1,,frame_index_fps_fallback
-yRb-Jum7EQ_1,2.3,69,1,0,"[211.48, 103.33, 346.48, 272.37]",1,,frame_index_fps_fallback
-yRb-Jum7EQ_1,2.4,72,1,0,"[188.86, 98.71, 329.07, 274.88]",1,,frame_index_fps_fallback
-yRb-Jum7EQ_1,2.5,75,1,0,"[170.35, 96.99, 311.45, 274.44]",1,,frame_index_fps_fallback
-yRb-Jum7EQ_1,2.6,78,2,0,"[136.77, 94.85, 283.66, 277.27]",1,,frame_index_fps_fallback
-yRb-Jum7EQ_1,2.7,81,2,0,"[113.42, 86.64, 258.26, 275.06]",1,,frame_index_fps_fallback
-yRb-Jum7EQ_1,2.8,84,2,1,"[79.3, 98.2, 223.54, 272.9]",1,,frame_index_fps_fallback
-yRb-Jum7EQ_1,2.9,87,2,1,"[796.19, 172.81, 932.6, 346.05]",1,,frame_index_fps_fallback
-yRb-Jum7EQ_1,3.0,90,2,1,"[19.24, 96.31, 169.25, 276.46]",1,,frame_index_fps_fallback
-yRb-Jum7EQ_1,3.1,93,1,0,"[7.34, 100.3, 150.66, 277.9]",1,,frame_index_fps_fallback
-yRb-Jum7EQ_1,3.2,96,2,0,"[789.41, 170.18, 926.47, 349.57]",1,,frame_index_fps_fallback
-yRb-Jum7EQ_1,3.3,99,2,0,"[783.62, 170.1, 920.07, 351.72]",1,,frame_index_fps_fallback
-yRb-Jum7EQ_1,3.4,102,0,,,0,no_face_detected,frame_index_fps_fallback
-yRb-Jum7EQ_1,3.5,105,1,0,"[770.31, 164.67, 924.37, 357.48]",1,,frame_index_fps_fallback
-yRb-Jum7EQ_1,3.6,108,1,0,"[753.89, 166.28, 901.56, 353.34]",1,,frame_index_fps_fallback
-yRb-Jum7EQ_1,3.6999999999999997,111,1,0,"[0.0, 92.2, 146.81, 268.62]",1,,frame_index_fps_fallback
-yRb-Jum7EQ_1,3.8,114,2,0,"[14.75, 88.69, 161.27, 261.71]",1,,frame_index_fps_fallback
-yRb-Jum7EQ_1,3.9,117,2,0,"[22.64, 88.1, 166.79, 266.89]",1,,frame_index_fps_fallback
-yRb-Jum7EQ_1,4.0,120,1,0,"[34.2, 97.02, 180.09, 264.11]",1,,frame_index_fps_fallback
-yRb-Jum7EQ_1,4.1,123,1,0,"[29.07, 87.57, 178.7, 275.61]",1,,frame_index_fps_fallback
-yRb-Jum7EQ_1,4.2,126,2,0,"[27.33, 89.67, 172.9, 272.62]",1,,frame_index_fps_fallback
-yRb-Jum7EQ_1,4.3,129,2,1,"[23.18, 90.07, 174.09, 269.83]",1,,frame_index_fps_fallback
-yRb-Jum7EQ_1,4.4,132,2,1,"[21.77, 90.01, 169.07, 267.41]",1,,frame_index_fps_fallback
-yRb-Jum7EQ_1,4.5,135,2,0,"[14.57, 85.16, 165.85, 274.72]",1,,frame_index_fps_fallback
-yRb-Jum7EQ_1,4.6,138,2,1,"[12.92, 91.48, 164.41, 275.93]",1,,frame_index_fps_fallback
-yRb-Jum7EQ_1,4.7,141,2,1,"[10.12, 90.08, 161.0, 277.66]",1,,frame_index_fps_fallback
-yRb-Jum7EQ_1,4.8,144,2,0,"[5.45, 88.97, 158.0, 274.26]",1,,frame_index_fps_fallback
-yRb-Jum7EQ_1,4.9,147,2,1,"[5.15, 87.23, 155.53, 280.47]",1,,frame_index_fps_fallback
-yRb-Jum7EQ_1,5.0,150,2,0,"[693.93, 174.66, 843.95, 365.94]",1,,frame_index_fps_fallback
-yRb-Jum7EQ_1,5.1,153,2,0,"[692.15, 177.21, 842.84, 363.72]",1,,frame_index_fps_fallback
-yRb-Jum7EQ_1,5.2,156,1,0,"[0.0, 86.21, 122.03, 277.64]",1,,frame_index_fps_fallback
-yRb-Jum7EQ_1,5.3,159,1,0,"[0.0, 82.39, 113.89, 279.58]",1,,frame_index_fps_fallback
-yRb-Jum7EQ_1,5.4,162,1,0,"[0.0, 81.48, 108.43, 278.78]",1,,frame_index_fps_fallback
-yRb-Jum7EQ_1,5.5,165,0,,,0,no_face_detected,frame_index_fps_fallback
-yRb-Jum7EQ_1,5.6,168,1,0,"[683.45, 171.49, 831.23, 361.73]",1,,frame_index_fps_fallback
-yRb-Jum7EQ_1,5.7,171,1,0,"[681.43, 166.35, 826.84, 349.82]",1,,frame_index_fps_fallback
-yRb-Jum7EQ_1,5.8,174,1,0,"[673.8, 153.61, 826.56, 344.33]",1,,frame_index_fps_fallback
-yRb-Jum7EQ_1,5.9,177,1,0,"[671.0, 150.13, 822.33, 341.11]",1,,frame_index_fps_fallback
-yRb-Jum7EQ_1,6.0,180,1,0,"[666.16, 149.08, 816.49, 340.14]",1,,frame_index_fps_fallback
-yRb-Jum7EQ_1,6.1,183,1,0,"[664.64, 148.26, 816.63, 341.36]",1,,frame_index_fps_fallback
-yRb-Jum7EQ_1,6.2,186,1,0,"[665.24, 153.35, 815.05, 341.53]",1,,frame_index_fps_fallback
-yRb-Jum7EQ_1,6.3,189,1,0,"[664.11, 155.09, 815.22, 340.55]",1,,frame_index_fps_fallback
-yRb-Jum7EQ_1,6.4,192,1,0,"[664.16, 150.89, 817.02, 343.84]",1,,frame_index_fps_fallback
-yRb-Jum7EQ_1,6.5,195,1,0,"[661.81, 150.09, 814.85, 349.25]",1,,frame_index_fps_fallback
-yRb-Jum7EQ_1,6.6,198,1,0,"[659.07, 149.3, 812.62, 348.71]",1,,frame_index_fps_fallback
-yRb-Jum7EQ_1,6.7,201,1,0,"[660.33, 148.6, 813.87, 348.64]",1,,frame_index_fps_fallback
-yRb-Jum7EQ_1,6.8,204,1,0,"[657.39, 149.3, 811.68, 349.13]",1,,frame_index_fps_fallback
-yRb-Jum7EQ_1,6.8999999999999995,207,1,0,"[656.16, 149.48, 808.99, 349.95]",1,,frame_index_fps_fallback
-yRb-Jum7EQ_1,7.0,210,1,0,"[654.85, 148.87, 809.05, 349.5]",1,,frame_index_fps_fallback
-yRb-Jum7EQ_1,7.1,213,1,0,"[653.45, 150.27, 806.56, 349.77]",1,,frame_index_fps_fallback
-yRb-Jum7EQ_1,7.2,216,1,0,"[652.49, 153.01, 804.33, 352.05]",1,,frame_index_fps_fallback
-yRb-Jum7EQ_1,7.3,219,1,0,"[649.03, 152.49, 805.98, 355.43]",1,,frame_index_fps_fallback
-yRb-Jum7EQ_1,7.3999999999999995,222,1,0,"[649.63, 152.54, 803.52, 358.65]",1,,frame_index_fps_fallback
-yRb-Jum7EQ_1,7.5,225,1,0,"[648.07, 155.74, 804.14, 356.92]",1,,frame_index_fps_fallback
-yRb-Jum7EQ_1,7.6,228,1,0,"[646.0, 155.01, 805.76, 356.37]",1,,frame_index_fps_fallback
-yRb-Jum7EQ_1,7.7,231,1,0,"[643.74, 153.81, 804.5, 357.59]",1,,frame_index_fps_fallback
-yRb-Jum7EQ_1,7.8,234,1,0,"[642.07, 152.66, 800.94, 360.89]",1,,frame_index_fps_fallback
-yRb-Jum7EQ_1,7.8999999999999995,237,1,0,"[641.17, 151.65, 800.45, 362.04]",1,,frame_index_fps_fallback
-yRb-Jum7EQ_1,8.0,240,1,0,"[638.43, 150.43, 800.58, 360.29]",1,,frame_index_fps_fallback
-yRb-Jum7EQ_1,8.1,243,1,0,"[638.21, 155.34, 800.73, 355.82]",1,,frame_index_fps_fallback
-yRb-Jum7EQ_1,8.2,246,1,0,"[630.45, 150.77, 792.25, 354.36]",1,,frame_index_fps_fallback
-yRb-Jum7EQ_1,8.3,249,1,0,"[632.47, 152.34, 794.37, 357.2]",1,,frame_index_fps_fallback
-yRb-Jum7EQ_1,8.4,252,1,0,"[634.09, 153.13, 802.42, 364.19]",1,,frame_index_fps_fallback
-yRb-Jum7EQ_1,8.5,255,1,0,"[637.98, 157.28, 806.66, 366.19]",1,,frame_index_fps_fallback
-yRb-Jum7EQ_1,8.6,258,1,0,"[650.68, 162.0, 816.66, 365.09]",1,,frame_index_fps_fallback
-yRb-Jum7EQ_1,8.7,261,1,0,"[659.44, 159.6, 829.66, 359.47]",1,,frame_index_fps_fallback
-yRb-Jum7EQ_1,8.8,264,1,0,"[679.54, 150.93, 848.74, 360.6]",1,,frame_index_fps_fallback
-yRb-Jum7EQ_1,8.9,267,1,0,"[691.13, 149.87, 858.14, 360.63]",1,,frame_index_fps_fallback
-yRb-Jum7EQ_1,9.0,270,1,0,"[693.69, 145.45, 862.09, 356.7]",1,,frame_index_fps_fallback
-yRb-Jum7EQ_1,9.1,273,1,0,"[695.15, 147.22, 859.91, 356.63]",1,,frame_index_fps_fallback
-yRb-Jum7EQ_1,9.2,276,1,0,"[689.78, 146.41, 854.61, 361.34]",1,,frame_index_fps_fallback
-yRb-Jum7EQ_1,9.3,279,1,0,"[683.58, 143.0, 851.04, 357.69]",1,,frame_index_fps_fallback
-yRb-Jum7EQ_1,9.4,282,1,0,"[676.14, 142.46, 844.62, 351.79]",1,,frame_index_fps_fallback
-yRb-Jum7EQ_1,9.5,285,1,0,"[670.88, 135.78, 839.99, 355.14]",1,,frame_index_fps_fallback
-yRb-Jum7EQ_1,9.6,288,1,0,"[658.79, 139.48, 832.52, 352.09]",1,,frame_index_fps_fallback
-yRb-Jum7EQ_1,9.7,291,1,0,"[645.72, 129.25, 825.6, 351.23]",1,,frame_index_fps_fallback
-yRb-Jum7EQ_1,9.8,294,1,0,"[638.2, 132.65, 819.76, 354.91]",1,,frame_index_fps_fallback
-yRb-Jum7EQ_1,9.9,297,1,0,"[637.76, 137.05, 818.98, 353.93]",1,,frame_index_fps_fallback
-yRb-Jum7EQ_1,10.0,300,1,0,"[635.81, 138.64, 814.04, 355.42]",1,,frame_index_fps_fallback
-yRb-Jum7EQ_1,10.1,303,1,0,"[636.23, 137.82, 816.71, 359.78]",1,,frame_index_fps_fallback
-yRb-Jum7EQ_1,10.2,306,1,0,"[635.43, 140.67, 815.69, 363.48]",1,,frame_index_fps_fallback
-yRb-Jum7EQ_1,10.3,309,1,0,"[633.2, 141.33, 813.17, 364.76]",1,,frame_index_fps_fallback
-yRb-Jum7EQ_1,10.4,312,1,0,"[632.07, 143.03, 813.98, 366.37]",1,,frame_index_fps_fallback
-yRb-Jum7EQ_1,10.5,315,1,0,"[629.88, 143.18, 813.22, 367.37]",1,,frame_index_fps_fallback
-yRb-Jum7EQ_1,10.6,318,1,0,"[630.1, 145.61, 813.05, 371.48]",1,,frame_index_fps_fallback
-yRb-Jum7EQ_1,10.7,321,1,0,"[629.58, 146.57, 813.54, 373.42]",1,,frame_index_fps_fallback
-yRb-Jum7EQ_1,10.8,324,1,0,"[628.41, 146.75, 815.69, 373.92]",1,,frame_index_fps_fallback
-yRb-Jum7EQ_1,10.9,327,1,0,"[628.69, 148.65, 815.15, 373.47]",1,,frame_index_fps_fallback
-yRb-Jum7EQ_1,11.0,330,1,0,"[629.24, 145.02, 816.19, 376.3]",1,,frame_index_fps_fallback
-yRb-Jum7EQ_1,11.1,333,1,0,"[628.25, 145.13, 817.42, 377.16]",1,,frame_index_fps_fallback
-yRb-Jum7EQ_1,11.2,336,1,0,"[627.68, 144.89, 818.24, 376.91]",1,,frame_index_fps_fallback
-yRb-Jum7EQ_1,11.3,339,1,0,"[628.76, 146.6, 818.3, 376.34]",1,,frame_index_fps_fallback
-yRb-Jum7EQ_1,11.4,342,1,0,"[631.59, 147.0, 819.84, 377.5]",1,,frame_index_fps_fallback
-yRb-Jum7EQ_1,11.5,345,1,0,"[632.33, 145.87, 819.33, 379.84]",1,,frame_index_fps_fallback
-yRb-Jum7EQ_1,11.6,348,1,0,"[629.77, 147.02, 818.5, 382.19]",1,,frame_index_fps_fallback
-yRb-Jum7EQ_1,11.7,351,1,0,"[629.66, 145.2, 818.55, 378.4]",1,,frame_index_fps_fallback
-yRb-Jum7EQ_1,11.8,354,1,0,"[629.84, 142.32, 818.35, 376.42]",1,,frame_index_fps_fallback
-yRb-Jum7EQ_1,11.9,357,1,0,"[630.18, 143.83, 818.9, 378.05]",1,,frame_index_fps_fallback
-yRb-Jum7EQ_1,12.0,360,1,0,"[629.01, 142.27, 818.81, 379.19]",1,,frame_index_fps_fallback
-yRb-Jum7EQ_1,12.1,363,1,0,"[626.2, 136.94, 819.63, 374.99]",1,,frame_index_fps_fallback
-yRb-Jum7EQ_1,12.2,366,1,0,"[623.58, 138.18, 818.21, 374.65]",1,,frame_index_fps_fallback
-yRb-Jum7EQ_1,12.3,369,1,0,"[621.2, 139.75, 816.19, 375.68]",1,,frame_index_fps_fallback
-yRb-Jum7EQ_1,12.4,372,1,0,"[620.97, 142.73, 814.95, 380.76]",1,,frame_index_fps_fallback
-yRb-Jum7EQ_1,12.5,375,1,0,"[619.69, 146.33, 814.2, 386.68]",1,,frame_index_fps_fallback
-yRb-Jum7EQ_1,12.6,378,1,0,"[623.4, 149.03, 818.76, 390.38]",1,,frame_index_fps_fallback
-yRb-Jum7EQ_1,12.7,381,1,0,"[626.65, 153.44, 817.49, 390.73]",1,,frame_index_fps_fallback
-yRb-Jum7EQ_1,12.8,384,1,0,"[628.02, 150.53, 816.82, 384.97]",1,,frame_index_fps_fallback
-yRb-Jum7EQ_1,12.9,387,1,0,"[624.44, 149.53, 811.64, 386.15]",1,,frame_index_fps_fallback
-yRb-Jum7EQ_1,13.0,390,1,0,"[623.44, 149.3, 812.1, 385.72]",1,,frame_index_fps_fallback
-yRb-Jum7EQ_1,13.1,393,1,0,"[618.85, 148.82, 807.83, 385.26]",1,,frame_index_fps_fallback
-yRb-Jum7EQ_1,13.2,396,1,0,"[619.91, 154.05, 810.93, 388.14]",1,,frame_index_fps_fallback
-yRb-Jum7EQ_1,13.299999999999999,399,1,0,"[620.98, 158.37, 809.95, 384.86]",1,,frame_index_fps_fallback
-yRb-Jum7EQ_1,13.4,402,1,0,"[618.42, 158.78, 808.81, 385.84]",1,,frame_index_fps_fallback
-yRb-Jum7EQ_1,13.5,405,1,0,"[618.99, 163.4, 807.16, 388.63]",1,,frame_index_fps_fallback
-yRb-Jum7EQ_1,13.6,408,1,0,"[617.45, 157.02, 808.1, 390.88]",1,,frame_index_fps_fallback
-yRb-Jum7EQ_1,13.7,411,1,0,"[614.85, 152.18, 807.1, 386.66]",1,,frame_index_fps_fallback
-yRb-Jum7EQ_1,13.799999999999999,414,1,0,"[614.95, 151.33, 805.69, 388.09]",1,,frame_index_fps_fallback
-yRb-Jum7EQ_1,13.9,417,1,0,"[616.38, 152.16, 807.07, 390.38]",1,,frame_index_fps_fallback
-yRb-Jum7EQ_1,14.0,420,1,0,"[618.19, 154.05, 810.97, 390.55]",1,,frame_index_fps_fallback
-yRb-Jum7EQ_1,14.1,423,1,0,"[616.38, 150.31, 809.09, 391.22]",1,,frame_index_fps_fallback
-yRb-Jum7EQ_1,14.2,426,1,0,"[617.7, 153.55, 810.17, 391.56]",1,,frame_index_fps_fallback
-yRb-Jum7EQ_1,14.299999999999999,429,1,0,"[617.8, 154.82, 810.22, 386.19]",1,,frame_index_fps_fallback
-yRb-Jum7EQ_1,14.4,432,1,0,"[621.14, 151.99, 812.73, 385.51]",1,,frame_index_fps_fallback
-yRb-Jum7EQ_1,14.5,435,1,0,"[615.58, 148.63, 811.54, 384.73]",1,,frame_index_fps_fallback
-yRb-Jum7EQ_1,14.6,438,1,0,"[610.13, 151.67, 805.44, 392.79]",1,,frame_index_fps_fallback
-yRb-Jum7EQ_1,14.7,441,1,0,"[607.65, 151.97, 803.71, 393.2]",1,,frame_index_fps_fallback
-yRb-Jum7EQ_1,14.799999999999999,444,1,0,"[602.65, 154.29, 798.86, 394.01]",1,,frame_index_fps_fallback
-yRb-Jum7EQ_1,14.9,447,1,0,"[603.64, 156.26, 799.74, 392.32]",1,,frame_index_fps_fallback
-yRb-Jum7EQ_1,15.0,450,1,0,"[599.18, 152.37, 796.4, 393.17]",1,,frame_index_fps_fallback
-yRb-Jum7EQ_1,15.1,453,1,0,"[599.64, 152.21, 794.47, 390.95]",1,,frame_index_fps_fallback
-yRb-Jum7EQ_1,15.2,456,1,0,"[600.71, 155.91, 792.71, 388.68]",1,,frame_index_fps_fallback
-yRb-Jum7EQ_1,15.299999999999999,459,1,0,"[601.92, 156.58, 793.78, 388.91]",1,,frame_index_fps_fallback
-yRb-Jum7EQ_1,15.4,462,1,0,"[605.18, 147.4, 797.48, 387.85]",1,,frame_index_fps_fallback
-yRb-Jum7EQ_1,15.5,465,1,0,"[605.31, 150.54, 796.84, 387.67]",1,,frame_index_fps_fallback
-yRb-Jum7EQ_1,15.6,468,1,0,"[604.7, 153.7, 794.85, 388.05]",1,,frame_index_fps_fallback
-yRb-Jum7EQ_1,15.7,471,1,0,"[601.79, 154.04, 792.46, 388.86]",1,,frame_index_fps_fallback
-yRb-Jum7EQ_1,15.799999999999999,474,1,0,"[596.38, 156.65, 790.55, 390.07]",1,,frame_index_fps_fallback
-yRb-Jum7EQ_1,15.9,477,1,0,"[597.12, 157.28, 791.42, 393.04]",1,,frame_index_fps_fallback
-yRb-Jum7EQ_1,16.0,480,1,0,"[601.09, 159.69, 793.43, 389.43]",1,,frame_index_fps_fallback
-yRb-Jum7EQ_1,16.1,483,1,0,"[605.6, 156.77, 801.9, 389.98]",1,,frame_index_fps_fallback
-yRb-Jum7EQ_1,16.2,486,1,0,"[618.36, 154.97, 817.48, 395.82]",1,,frame_index_fps_fallback
-yRb-Jum7EQ_1,16.3,489,1,0,"[626.92, 157.73, 824.05, 399.18]",1,,frame_index_fps_fallback
-yRb-Jum7EQ_1,16.4,492,1,0,"[637.11, 164.25, 830.74, 399.0]",1,,frame_index_fps_fallback
-yRb-Jum7EQ_1,16.5,495,1,0,"[640.97, 163.49, 832.22, 398.93]",1,,frame_index_fps_fallback
-yRb-Jum7EQ_1,16.6,498,1,0,"[646.26, 162.94, 836.33, 392.11]",1,,frame_index_fps_fallback
-yRb-Jum7EQ_1,16.7,501,1,0,"[647.05, 152.19, 837.83, 386.6]",1,,frame_index_fps_fallback
-yRb-Jum7EQ_1,16.8,504,1,0,"[645.79, 145.57, 838.31, 379.66]",1,,frame_index_fps_fallback
-yRb-Jum7EQ_1,16.9,507,1,0,"[642.81, 143.04, 835.04, 376.2]",1,,frame_index_fps_fallback
-yRb-Jum7EQ_1,17.0,510,1,0,"[639.6, 153.21, 827.19, 377.5]",1,,frame_index_fps_fallback
-yRb-Jum7EQ_1,17.1,513,1,0,"[636.1, 153.21, 826.23, 378.93]",1,,frame_index_fps_fallback
-yRb-Jum7EQ_1,17.2,516,1,0,"[630.56, 144.74, 825.33, 382.89]",1,,frame_index_fps_fallback
-yRb-Jum7EQ_1,17.3,519,1,0,"[630.76, 151.64, 822.31, 385.79]",1,,frame_index_fps_fallback
-yRb-Jum7EQ_1,17.4,522,1,0,"[626.15, 145.65, 820.22, 386.49]",1,,frame_index_fps_fallback
-yRb-Jum7EQ_1,17.5,525,1,0,"[625.54, 146.17, 818.21, 385.77]",1,,frame_index_fps_fallback
-yRb-Jum7EQ_1,17.6,528,1,0,"[622.45, 147.01, 816.71, 387.89]",1,,frame_index_fps_fallback
-yRb-Jum7EQ_1,17.7,531,1,0,"[623.92, 150.11, 815.78, 385.71]",1,,frame_index_fps_fallback
-yRb-Jum7EQ_1,17.8,534,1,0,"[627.08, 145.91, 818.8, 384.79]",1,,frame_index_fps_fallback
-yRb-Jum7EQ_1,17.9,537,1,0,"[629.19, 150.47, 821.32, 380.87]",1,,frame_index_fps_fallback
-yRb-Jum7EQ_1,18.0,540,1,0,"[634.25, 154.06, 824.89, 373.21]",1,,frame_index_fps_fallback
-yRb-Jum7EQ_1,18.1,543,1,0,"[634.46, 149.8, 825.05, 374.66]",1,,frame_index_fps_fallback
-yRb-Jum7EQ_1,18.2,546,1,0,"[632.36, 144.33, 826.53, 377.36]",1,,frame_index_fps_fallback
-yRb-Jum7EQ_1,18.3,549,1,0,"[628.63, 142.61, 820.31, 379.9]",1,,frame_index_fps_fallback
-yRb-Jum7EQ_1,18.4,552,1,0,"[622.91, 136.02, 817.47, 375.65]",1,,frame_index_fps_fallback
-yRb-Jum7EQ_1,18.5,555,1,0,"[619.68, 134.98, 815.4, 372.16]",1,,frame_index_fps_fallback
-yRb-Jum7EQ_1,18.6,558,1,0,"[616.31, 134.77, 813.76, 376.39]",1,,frame_index_fps_fallback
-yRb-Jum7EQ_1,18.7,561,1,0,"[616.48, 138.21, 811.42, 382.13]",1,,frame_index_fps_fallback
-yRb-Jum7EQ_1,18.8,564,1,0,"[614.39, 143.5, 808.78, 379.62]",1,,frame_index_fps_fallback
-yRb-Jum7EQ_1,18.9,567,1,0,"[613.55, 148.85, 808.14, 380.16]",1,,frame_index_fps_fallback
-yRb-Jum7EQ_1,19.0,570,1,0,"[610.48, 140.21, 808.07, 383.2]",1,,frame_index_fps_fallback
-yRb-Jum7EQ_1,19.1,573,1,0,"[609.68, 143.01, 806.41, 383.78]",1,,frame_index_fps_fallback
-yRb-Jum7EQ_1,19.2,576,1,0,"[611.0, 142.49, 804.92, 386.16]",1,,frame_index_fps_fallback
-yRb-Jum7EQ_1,19.3,579,1,0,"[610.07, 146.85, 804.09, 386.23]",1,,frame_index_fps_fallback
-yRb-Jum7EQ_1,19.4,582,1,0,"[609.38, 148.42, 801.84, 387.18]",1,,frame_index_fps_fallback
-yRb-Jum7EQ_1,19.5,585,1,0,"[609.06, 147.34, 801.85, 388.39]",1,,frame_index_fps_fallback
-yRb-Jum7EQ_1,19.6,588,1,0,"[609.18, 150.77, 800.45, 390.14]",1,,frame_index_fps_fallback
-yRb-Jum7EQ_1,19.7,591,1,0,"[606.73, 150.26, 798.08, 388.1]",1,,frame_index_fps_fallback
-yRb-Jum7EQ_1,19.8,594,1,0,"[606.68, 148.96, 800.38, 392.02]",1,,frame_index_fps_fallback
-yRb-Jum7EQ_1,19.9,597,1,0,"[609.73, 149.34, 806.02, 388.35]",1,,frame_index_fps_fallback
-yRb-Jum7EQ_1,20.0,600,1,0,"[611.9, 150.05, 805.46, 386.09]",1,,frame_index_fps_fallback
-yRb-Jum7EQ_1,20.1,603,1,0,"[613.3, 149.98, 807.82, 384.7]",1,,frame_index_fps_fallback
-yRb-Jum7EQ_1,20.2,606,1,0,"[615.97, 151.06, 808.02, 389.84]",1,,frame_index_fps_fallback
-yRb-Jum7EQ_1,20.3,609,1,0,"[619.04, 155.19, 811.57, 393.32]",1,,frame_index_fps_fallback
-yRb-Jum7EQ_1,20.4,612,1,0,"[619.77, 158.61, 811.81, 397.7]",1,,frame_index_fps_fallback
-yRb-Jum7EQ_1,20.5,615,1,0,"[619.1, 153.37, 811.82, 395.42]",1,,frame_index_fps_fallback
-yRb-Jum7EQ_1,20.6,618,1,0,"[620.18, 152.65, 811.3, 391.82]",1,,frame_index_fps_fallback
-yRb-Jum7EQ_1,20.7,621,1,0,"[620.34, 149.96, 810.69, 388.5]",1,,frame_index_fps_fallback
-yRb-Jum7EQ_1,20.8,624,1,0,"[617.83, 147.76, 809.59, 386.85]",1,,frame_index_fps_fallback
-yRb-Jum7EQ_1,20.9,627,1,0,"[617.88, 147.42, 809.36, 386.96]",1,,frame_index_fps_fallback
-yRb-Jum7EQ_1,21.0,630,1,0,"[618.66, 149.6, 810.22, 386.46]",1,,frame_index_fps_fallback
-yRb-Jum7EQ_1,21.1,633,1,0,"[618.64, 149.32, 810.06, 388.35]",1,,frame_index_fps_fallback
-yRb-Jum7EQ_1,21.2,636,1,0,"[615.99, 146.72, 809.61, 387.7]",1,,frame_index_fps_fallback
-yRb-Jum7EQ_1,21.3,639,1,0,"[613.39, 146.87, 809.26, 387.7]",1,,frame_index_fps_fallback
-yRb-Jum7EQ_1,21.4,642,1,0,"[612.67, 146.08, 805.96, 384.96]",1,,frame_index_fps_fallback
-yRb-Jum7EQ_1,21.5,645,1,0,"[611.94, 148.66, 803.89, 386.82]",1,,frame_index_fps_fallback
-yRb-Jum7EQ_1,21.6,648,1,0,"[606.99, 152.62, 800.17, 383.76]",1,,frame_index_fps_fallback
-yRb-Jum7EQ_1,21.7,651,1,0,"[605.02, 151.69, 797.57, 384.0]",1,,frame_index_fps_fallback
-yRb-Jum7EQ_1,21.8,654,1,0,"[604.57, 151.63, 799.06, 385.43]",1,,frame_index_fps_fallback
-yRb-Jum7EQ_1,21.9,657,1,0,"[609.25, 149.35, 802.48, 387.38]",1,,frame_index_fps_fallback
-yRb-Jum7EQ_1,22.0,660,1,0,"[613.1, 149.89, 805.49, 388.11]",1,,frame_index_fps_fallback
-yRb-Jum7EQ_1,22.1,663,1,0,"[613.43, 147.44, 806.52, 387.53]",1,,frame_index_fps_fallback
-yRb-Jum7EQ_1,22.2,666,1,0,"[615.8, 150.82, 808.65, 384.18]",1,,frame_index_fps_fallback
-yRb-Jum7EQ_1,22.3,669,1,0,"[617.61, 146.09, 809.83, 384.01]",1,,frame_index_fps_fallback
-yRb-Jum7EQ_1,22.4,672,1,0,"[619.97, 145.5, 808.98, 377.45]",1,,frame_index_fps_fallback
-yRb-Jum7EQ_1,22.5,675,1,0,"[618.03, 144.17, 809.42, 381.51]",1,,frame_index_fps_fallback
-yRb-Jum7EQ_1,22.6,678,1,0,"[609.79, 150.56, 800.34, 385.78]",1,,frame_index_fps_fallback
-yRb-Jum7EQ_1,22.7,681,1,0,"[607.29, 151.45, 797.56, 389.88]",1,,frame_index_fps_fallback
-yRb-Jum7EQ_1,22.8,684,1,0,"[602.28, 162.95, 794.3, 396.93]",1,,frame_index_fps_fallback
-yRb-Jum7EQ_1,22.9,687,1,0,"[600.73, 167.36, 795.15, 402.32]",1,,frame_index_fps_fallback
-yRb-Jum7EQ_1,23.0,690,1,0,"[597.27, 167.07, 794.29, 408.91]",1,,frame_index_fps_fallback
-yRb-Jum7EQ_1,23.1,693,1,0,"[597.37, 170.43, 794.98, 407.19]",1,,frame_index_fps_fallback
-yRb-Jum7EQ_1,23.2,696,1,0,"[596.23, 175.51, 793.09, 413.07]",1,,frame_index_fps_fallback
-yRb-Jum7EQ_1,23.3,699,1,0,"[591.94, 175.91, 794.4, 417.27]",1,,frame_index_fps_fallback
-yRb-Jum7EQ_1,23.4,702,1,0,"[592.32, 176.3, 793.71, 413.01]",1,,frame_index_fps_fallback
-yRb-Jum7EQ_1,23.5,705,1,0,"[591.78, 173.7, 792.19, 413.95]",1,,frame_index_fps_fallback
-yRb-Jum7EQ_1,23.6,708,1,0,"[589.43, 171.89, 787.98, 407.13]",1,,frame_index_fps_fallback
-yRb-Jum7EQ_1,23.7,711,1,0,"[588.33, 166.92, 786.74, 405.55]",1,,frame_index_fps_fallback
-yRb-Jum7EQ_1,23.8,714,1,0,"[586.87, 158.25, 784.47, 399.36]",1,,frame_index_fps_fallback
-yRb-Jum7EQ_1,23.9,717,1,0,"[585.97, 157.64, 783.39, 397.35]",1,,frame_index_fps_fallback
-yRb-Jum7EQ_1,24.0,720,1,0,"[585.16, 160.02, 780.86, 388.46]",1,,frame_index_fps_fallback
-yRb-Jum7EQ_1,24.1,723,1,0,"[585.08, 158.13, 782.86, 393.09]",1,,frame_index_fps_fallback
-yRb-Jum7EQ_1,24.2,726,1,0,"[588.26, 154.68, 785.68, 392.51]",1,,frame_index_fps_fallback
-yRb-Jum7EQ_1,24.3,729,1,0,"[586.67, 150.9, 783.19, 391.63]",1,,frame_index_fps_fallback
-yRb-Jum7EQ_1,24.4,732,1,0,"[581.58, 145.2, 778.56, 388.88]",1,,frame_index_fps_fallback
-yRb-Jum7EQ_1,24.5,735,1,0,"[580.57, 145.98, 776.49, 388.23]",1,,frame_index_fps_fallback
-yRb-Jum7EQ_1,24.6,738,1,0,"[576.16, 144.24, 774.42, 387.04]",1,,frame_index_fps_fallback
-yRb-Jum7EQ_1,24.7,741,1,0,"[574.13, 142.74, 772.4, 386.34]",1,,frame_index_fps_fallback
-yRb-Jum7EQ_1,24.8,744,1,0,"[569.87, 138.67, 767.34, 377.16]",1,,frame_index_fps_fallback
-yRb-Jum7EQ_1,24.9,747,1,0,"[568.54, 137.49, 764.68, 373.11]",1,,frame_index_fps_fallback
-yRb-Jum7EQ_1,25.0,750,1,0,"[567.92, 133.82, 763.63, 370.3]",1,,frame_index_fps_fallback
-yRb-Jum7EQ_1,25.1,753,1,0,"[569.85, 133.53, 764.26, 368.22]",1,,frame_index_fps_fallback
-yRb-Jum7EQ_1,25.2,756,1,0,"[572.86, 134.83, 766.57, 367.9]",1,,frame_index_fps_fallback
-yRb-Jum7EQ_1,25.3,759,1,0,"[580.87, 136.66, 772.15, 371.99]",1,,frame_index_fps_fallback
-yRb-Jum7EQ_1,25.4,762,1,0,"[588.91, 140.2, 780.33, 378.08]",1,,frame_index_fps_fallback
-yRb-Jum7EQ_1,25.5,765,1,0,"[590.15, 145.0, 784.55, 381.06]",1,,frame_index_fps_fallback
-yRb-Jum7EQ_1,25.6,768,1,0,"[590.37, 154.55, 784.81, 389.66]",1,,frame_index_fps_fallback
-yRb-Jum7EQ_1,25.7,771,1,0,"[586.4, 154.77, 783.12, 387.26]",1,,frame_index_fps_fallback
-yRb-Jum7EQ_1,25.8,774,1,0,"[577.52, 152.36, 774.57, 390.68]",1,,frame_index_fps_fallback
-yRb-Jum7EQ_1,25.9,777,1,0,"[571.41, 148.11, 766.5, 386.97]",1,,frame_index_fps_fallback
-yRb-Jum7EQ_1,26.0,780,1,0,"[561.25, 142.13, 755.19, 378.1]",1,,frame_index_fps_fallback
-yRb-Jum7EQ_1,26.099999999999998,783,1,0,"[554.66, 133.82, 750.97, 376.03]",1,,frame_index_fps_fallback
-yRb-Jum7EQ_1,26.2,786,1,0,"[554.61, 138.97, 744.45, 371.02]",1,,frame_index_fps_fallback
-yRb-Jum7EQ_1,26.3,789,1,0,"[552.82, 141.08, 741.56, 371.33]",1,,frame_index_fps_fallback
-yRb-Jum7EQ_1,26.4,792,1,0,"[551.16, 146.48, 740.08, 375.0]",1,,frame_index_fps_fallback
-yRb-Jum7EQ_1,26.5,795,1,0,"[547.22, 143.17, 738.67, 376.58]",1,,frame_index_fps_fallback
-yRb-Jum7EQ_1,26.599999999999998,798,1,0,"[546.67, 145.48, 736.75, 381.32]",1,,frame_index_fps_fallback
-yRb-Jum7EQ_1,26.7,801,1,0,"[545.74, 149.96, 735.51, 382.32]",1,,frame_index_fps_fallback
-yRb-Jum7EQ_1,26.8,804,1,0,"[542.93, 148.32, 734.58, 384.9]",1,,frame_index_fps_fallback
-yRb-Jum7EQ_1,26.9,807,1,0,"[542.11, 146.47, 733.51, 384.17]",1,,frame_index_fps_fallback
-yRb-Jum7EQ_1,27.0,810,1,0,"[542.9, 144.77, 734.95, 381.77]",1,,frame_index_fps_fallback
-yRb-Jum7EQ_1,27.099999999999998,813,1,0,"[542.87, 142.63, 735.33, 383.61]",1,,frame_index_fps_fallback
-yRb-Jum7EQ_1,27.2,816,1,0,"[543.65, 143.33, 737.28, 382.53]",1,,frame_index_fps_fallback
-yRb-Jum7EQ_1,27.3,819,1,0,"[542.75, 138.09, 740.74, 385.18]",1,,frame_index_fps_fallback
-yRb-Jum7EQ_1,27.4,822,1,0,"[542.2, 137.69, 740.76, 382.17]",1,,frame_index_fps_fallback
-yRb-Jum7EQ_1,27.5,825,1,0,"[541.6, 138.83, 739.76, 382.85]",1,,frame_index_fps_fallback
-yRb-Jum7EQ_1,27.599999999999998,828,1,0,"[540.83, 140.63, 739.22, 383.74]",1,,frame_index_fps_fallback
-yRb-Jum7EQ_1,27.7,831,1,0,"[541.39, 141.13, 739.69, 384.79]",1,,frame_index_fps_fallback
-yRb-Jum7EQ_1,27.8,834,1,0,"[543.83, 146.95, 738.71, 384.65]",1,,frame_index_fps_fallback
-yRb-Jum7EQ_1,27.9,837,1,0,"[545.91, 148.33, 739.93, 387.55]",1,,frame_index_fps_fallback
-yRb-Jum7EQ_1,28.0,840,1,0,"[550.31, 151.11, 741.2, 390.65]",1,,frame_index_fps_fallback
-yRb-Jum7EQ_1,28.099999999999998,843,1,0,"[553.45, 154.22, 743.68, 397.56]",1,,frame_index_fps_fallback
-yRb-Jum7EQ_1,28.2,846,1,0,"[554.48, 155.55, 744.8, 397.73]",1,,frame_index_fps_fallback
-yRb-Jum7EQ_1,28.3,849,1,0,"[552.4, 158.11, 744.25, 400.94]",1,,frame_index_fps_fallback
-yRb-Jum7EQ_1,28.4,852,1,0,"[548.94, 160.65, 745.83, 404.25]",1,,frame_index_fps_fallback
-yRb-Jum7EQ_1,28.5,855,1,0,"[545.83, 165.7, 744.98, 409.84]",1,,frame_index_fps_fallback
-yRb-Jum7EQ_1,28.599999999999998,858,1,0,"[541.73, 161.32, 740.73, 405.84]",1,,frame_index_fps_fallback
-yRb-Jum7EQ_1,28.7,861,1,0,"[540.31, 158.33, 736.71, 394.33]",1,,frame_index_fps_fallback
-yRb-Jum7EQ_1,28.8,864,1,0,"[540.71, 152.5, 736.21, 388.88]",1,,frame_index_fps_fallback
-yRb-Jum7EQ_1,28.9,867,1,0,"[540.58, 148.3, 737.27, 386.04]",1,,frame_index_fps_fallback
-yRb-Jum7EQ_1,29.0,870,1,0,"[542.23, 147.78, 739.36, 387.24]",1,,frame_index_fps_fallback
-yRb-Jum7EQ_1,29.099999999999998,873,1,0,"[542.27, 147.66, 739.66, 387.01]",1,,frame_index_fps_fallback
-yRb-Jum7EQ_1,29.233333333333334,874,1,0,"[542.95, 146.83, 741.06, 387.11]",1,,frame_index_fps_fallback
-yRb-Jum7EQ_5,0.0,0,1,0,"[574.43, 134.98, 772.7, 369.42]",1,,frame_index_fps_fallback
-yRb-Jum7EQ_5,0.1,3,1,0,"[577.08, 136.18, 772.2, 375.41]",1,,frame_index_fps_fallback
-yRb-Jum7EQ_5,0.2,6,1,0,"[578.36, 134.64, 774.08, 373.93]",1,,frame_index_fps_fallback
-yRb-Jum7EQ_5,0.3,9,1,0,"[583.97, 132.45, 780.13, 373.5]",1,,frame_index_fps_fallback
-yRb-Jum7EQ_5,0.4,12,1,0,"[585.59, 134.69, 777.36, 375.47]",1,,frame_index_fps_fallback
-yRb-Jum7EQ_5,0.5,15,1,0,"[586.38, 132.56, 780.82, 374.79]",1,,frame_index_fps_fallback
-yRb-Jum7EQ_5,0.6,18,1,0,"[586.82, 129.67, 780.36, 375.42]",1,,frame_index_fps_fallback
-yRb-Jum7EQ_5,0.7,21,1,0,"[586.21, 133.83, 780.61, 375.25]",1,,frame_index_fps_fallback
-yRb-Jum7EQ_5,0.8,24,1,0,"[585.83, 133.86, 780.99, 374.5]",1,,frame_index_fps_fallback
-yRb-Jum7EQ_5,0.9,27,1,0,"[584.19, 133.13, 780.34, 365.61]",1,,frame_index_fps_fallback
-yRb-Jum7EQ_5,1.0,30,1,0,"[584.46, 132.7, 779.89, 367.73]",1,,frame_index_fps_fallback
-yRb-Jum7EQ_5,1.1,33,1,0,"[586.0, 128.47, 781.26, 364.9]",1,,frame_index_fps_fallback
-yRb-Jum7EQ_5,1.2,36,1,0,"[587.41, 128.43, 781.79, 366.2]",1,,frame_index_fps_fallback
-yRb-Jum7EQ_5,1.3,39,1,0,"[588.8, 129.09, 781.82, 372.0]",1,,frame_index_fps_fallback
-yRb-Jum7EQ_5,1.4,42,1,0,"[587.52, 130.43, 782.07, 373.22]",1,,frame_index_fps_fallback
-yRb-Jum7EQ_5,1.5,45,1,0,"[586.98, 131.68, 781.73, 374.74]",1,,frame_index_fps_fallback
-yRb-Jum7EQ_5,1.6,48,1,0,"[586.87, 132.3, 781.03, 374.14]",1,,frame_index_fps_fallback
-yRb-Jum7EQ_5,1.7,51,1,0,"[586.04, 132.08, 781.15, 374.08]",1,,frame_index_fps_fallback
-yRb-Jum7EQ_5,1.8,54,1,0,"[585.19, 132.16, 778.9, 374.59]",1,,frame_index_fps_fallback
-yRb-Jum7EQ_5,1.9,57,1,0,"[585.43, 137.16, 777.84, 377.63]",1,,frame_index_fps_fallback
-yRb-Jum7EQ_5,2.0,60,1,0,"[585.81, 140.4, 777.9, 378.61]",1,,frame_index_fps_fallback
-yRb-Jum7EQ_5,2.1,63,1,0,"[583.7, 143.27, 778.6, 380.51]",1,,frame_index_fps_fallback
-yRb-Jum7EQ_5,2.2,66,1,0,"[582.19, 147.5, 775.97, 381.94]",1,,frame_index_fps_fallback
-yRb-Jum7EQ_5,2.3,69,1,0,"[581.06, 148.41, 775.42, 386.76]",1,,frame_index_fps_fallback
-yRb-Jum7EQ_5,2.4,72,1,0,"[580.69, 152.48, 776.69, 388.37]",1,,frame_index_fps_fallback
-yRb-Jum7EQ_5,2.5,75,1,0,"[579.59, 151.26, 776.91, 390.49]",1,,frame_index_fps_fallback
-yRb-Jum7EQ_5,2.6,78,1,0,"[580.72, 152.84, 777.43, 390.83]",1,,frame_index_fps_fallback
-yRb-Jum7EQ_5,2.7,81,1,0,"[579.82, 151.76, 779.76, 392.1]",1,,frame_index_fps_fallback
-yRb-Jum7EQ_5,2.8,84,1,0,"[583.66, 152.95, 779.85, 388.0]",1,,frame_index_fps_fallback
-yRb-Jum7EQ_5,2.9,87,1,0,"[582.0, 145.83, 778.21, 380.57]",1,,frame_index_fps_fallback
-yRb-Jum7EQ_5,3.0,90,1,0,"[580.56, 140.35, 776.44, 377.65]",1,,frame_index_fps_fallback
-yRb-Jum7EQ_5,3.1,93,1,0,"[581.9, 140.12, 777.2, 375.71]",1,,frame_index_fps_fallback
-yRb-Jum7EQ_5,3.2,96,1,0,"[581.54, 139.88, 778.61, 371.7]",1,,frame_index_fps_fallback
-yRb-Jum7EQ_5,3.3,99,1,0,"[582.78, 143.95, 781.77, 380.2]",1,,frame_index_fps_fallback
-yRb-Jum7EQ_5,3.4,102,1,0,"[585.53, 145.72, 782.84, 381.49]",1,,frame_index_fps_fallback
-yRb-Jum7EQ_5,3.5,105,1,0,"[591.81, 143.22, 789.17, 381.52]",1,,frame_index_fps_fallback
-yRb-Jum7EQ_5,3.6,108,1,0,"[599.95, 144.35, 797.59, 379.99]",1,,frame_index_fps_fallback
-yRb-Jum7EQ_5,3.6999999999999997,111,1,0,"[612.44, 140.54, 811.41, 378.89]",1,,frame_index_fps_fallback
-yRb-Jum7EQ_5,3.8,114,1,0,"[618.84, 141.16, 817.57, 378.04]",1,,frame_index_fps_fallback
-yRb-Jum7EQ_5,3.9,117,1,0,"[623.85, 138.24, 821.3, 377.51]",1,,frame_index_fps_fallback
-yRb-Jum7EQ_5,4.0,120,1,0,"[622.24, 133.82, 817.79, 374.6]",1,,frame_index_fps_fallback
-yRb-Jum7EQ_5,4.1,123,1,0,"[611.01, 139.51, 804.69, 375.82]",1,,frame_index_fps_fallback
-yRb-Jum7EQ_5,4.2,126,1,0,"[598.86, 132.43, 796.24, 373.14]",1,,frame_index_fps_fallback
-yRb-Jum7EQ_5,4.3,129,1,0,"[581.29, 133.02, 779.58, 375.22]",1,,frame_index_fps_fallback
-yRb-Jum7EQ_5,4.4,132,1,0,"[574.59, 138.57, 769.65, 371.15]",1,,frame_index_fps_fallback
-yRb-Jum7EQ_5,4.5,135,1,0,"[567.15, 135.69, 760.46, 364.93]",1,,frame_index_fps_fallback
-yRb-Jum7EQ_5,4.6,138,1,0,"[561.41, 130.85, 752.9, 364.46]",1,,frame_index_fps_fallback
-yRb-Jum7EQ_5,4.7,141,1,0,"[556.97, 132.29, 748.57, 362.83]",1,,frame_index_fps_fallback
-yRb-Jum7EQ_5,4.8,144,1,0,"[556.23, 132.39, 746.83, 364.39]",1,,frame_index_fps_fallback
-yRb-Jum7EQ_5,4.9,147,1,0,"[553.73, 137.66, 745.56, 369.54]",1,,frame_index_fps_fallback
-yRb-Jum7EQ_5,5.0,150,1,0,"[551.87, 132.16, 745.61, 367.71]",1,,frame_index_fps_fallback
-yRb-Jum7EQ_5,5.1,153,1,0,"[547.82, 129.97, 742.5, 372.2]",1,,frame_index_fps_fallback
-yRb-Jum7EQ_5,5.2,156,1,0,"[549.17, 130.99, 744.27, 374.03]",1,,frame_index_fps_fallback
-yRb-Jum7EQ_5,5.3,159,1,0,"[547.85, 129.5, 740.39, 374.37]",1,,frame_index_fps_fallback
-yRb-Jum7EQ_5,5.4,162,1,0,"[547.35, 129.66, 737.35, 375.57]",1,,frame_index_fps_fallback
-yRb-Jum7EQ_5,5.5,165,1,0,"[544.42, 131.77, 741.04, 370.82]",1,,frame_index_fps_fallback
-yRb-Jum7EQ_5,5.6,168,1,0,"[546.21, 129.62, 742.66, 374.16]",1,,frame_index_fps_fallback
-yRb-Jum7EQ_5,5.7,171,1,0,"[552.42, 132.69, 747.41, 376.42]",1,,frame_index_fps_fallback
-yRb-Jum7EQ_5,5.8,174,1,0,"[555.48, 134.6, 750.8, 375.87]",1,,frame_index_fps_fallback
-yRb-Jum7EQ_5,5.9,177,1,0,"[559.89, 136.65, 754.07, 377.73]",1,,frame_index_fps_fallback
-yRb-Jum7EQ_5,6.0,180,1,0,"[561.94, 140.47, 756.81, 371.17]",1,,frame_index_fps_fallback
-yRb-Jum7EQ_5,6.1,183,1,0,"[563.06, 139.08, 760.28, 375.29]",1,,frame_index_fps_fallback
-yRb-Jum7EQ_5,6.2,186,1,0,"[563.74, 137.62, 760.83, 377.21]",1,,frame_index_fps_fallback
-yRb-Jum7EQ_5,6.3,189,1,0,"[560.0, 141.96, 757.02, 375.03]",1,,frame_index_fps_fallback
-yRb-Jum7EQ_5,6.4,192,1,0,"[558.07, 145.25, 755.65, 379.95]",1,,frame_index_fps_fallback
-yRb-Jum7EQ_5,6.5,195,1,0,"[555.02, 153.89, 755.31, 386.61]",1,,frame_index_fps_fallback
-yRb-Jum7EQ_5,6.6,198,1,0,"[554.71, 154.12, 755.33, 389.07]",1,,frame_index_fps_fallback
-yRb-Jum7EQ_5,6.7,201,1,0,"[563.35, 154.36, 755.94, 390.19]",1,,frame_index_fps_fallback
-yRb-Jum7EQ_5,6.8,204,1,0,"[570.79, 150.12, 761.09, 384.21]",1,,frame_index_fps_fallback
-yRb-Jum7EQ_5,6.8999999999999995,207,1,0,"[578.5, 147.74, 766.29, 383.27]",1,,frame_index_fps_fallback
-yRb-Jum7EQ_5,7.0,210,1,0,"[578.29, 143.95, 769.09, 383.45]",1,,frame_index_fps_fallback
-yRb-Jum7EQ_5,7.1,213,1,0,"[577.4, 146.9, 766.61, 382.96]",1,,frame_index_fps_fallback
-yRb-Jum7EQ_5,7.2,216,1,0,"[574.76, 143.68, 765.31, 381.13]",1,,frame_index_fps_fallback
-yRb-Jum7EQ_5,7.3,219,1,0,"[574.8, 143.19, 765.79, 375.38]",1,,frame_index_fps_fallback
-yRb-Jum7EQ_5,7.3999999999999995,222,1,0,"[575.57, 139.99, 766.19, 375.58]",1,,frame_index_fps_fallback
-yRb-Jum7EQ_5,7.5,225,1,0,"[571.08, 141.04, 762.29, 380.3]",1,,frame_index_fps_fallback
-yRb-Jum7EQ_5,7.6,228,1,0,"[569.07, 132.46, 760.7, 374.8]",1,,frame_index_fps_fallback
-yRb-Jum7EQ_5,7.7,231,1,0,"[564.47, 129.0, 758.62, 376.45]",1,,frame_index_fps_fallback
-yRb-Jum7EQ_5,7.8,234,1,0,"[558.96, 115.76, 755.15, 362.26]",1,,frame_index_fps_fallback
-yRb-Jum7EQ_5,7.8999999999999995,237,1,0,"[555.43, 115.07, 751.69, 359.3]",1,,frame_index_fps_fallback
-yRb-Jum7EQ_5,8.0,240,1,0,"[553.35, 116.71, 747.78, 357.0]",1,,frame_index_fps_fallback
-yRb-Jum7EQ_5,8.1,243,1,0,"[553.01, 117.73, 748.06, 356.89]",1,,frame_index_fps_fallback
-yRb-Jum7EQ_5,8.2,246,1,0,"[552.92, 118.72, 749.83, 359.98]",1,,frame_index_fps_fallback
-yRb-Jum7EQ_5,8.3,249,1,0,"[556.33, 117.8, 753.55, 357.02]",1,,frame_index_fps_fallback
-yRb-Jum7EQ_5,8.4,252,1,0,"[556.89, 119.12, 753.41, 362.57]",1,,frame_index_fps_fallback
-yRb-Jum7EQ_5,8.5,255,1,0,"[555.49, 116.91, 755.64, 357.54]",1,,frame_index_fps_fallback
-yRb-Jum7EQ_5,8.6,258,1,0,"[554.29, 117.73, 755.11, 361.12]",1,,frame_index_fps_fallback
-yRb-Jum7EQ_5,8.7,261,1,0,"[561.78, 123.25, 758.68, 366.35]",1,,frame_index_fps_fallback
-yRb-Jum7EQ_5,8.8,264,1,0,"[568.22, 129.89, 764.4, 370.4]",1,,frame_index_fps_fallback
-yRb-Jum7EQ_5,8.9,267,1,0,"[570.02, 128.49, 766.92, 369.5]",1,,frame_index_fps_fallback
-yRb-Jum7EQ_5,9.0,270,1,0,"[568.81, 127.41, 765.22, 367.31]",1,,frame_index_fps_fallback
-yRb-Jum7EQ_5,9.1,273,1,0,"[567.19, 125.26, 762.96, 366.67]",1,,frame_index_fps_fallback
-yRb-Jum7EQ_5,9.2,276,1,0,"[565.81, 129.02, 763.27, 366.77]",1,,frame_index_fps_fallback
-yRb-Jum7EQ_5,9.3,279,1,0,"[557.88, 116.89, 759.91, 364.79]",1,,frame_index_fps_fallback
-yRb-Jum7EQ_5,9.4,282,1,0,"[552.17, 108.92, 755.47, 357.97]",1,,frame_index_fps_fallback
-yRb-Jum7EQ_5,9.5,285,1,0,"[541.59, 100.27, 745.23, 347.58]",1,,frame_index_fps_fallback
-yRb-Jum7EQ_5,9.6,288,1,0,"[540.18, 104.38, 743.6, 346.37]",1,,frame_index_fps_fallback
-yRb-Jum7EQ_5,9.7,291,1,0,"[540.05, 108.4, 742.38, 347.05]",1,,frame_index_fps_fallback
-yRb-Jum7EQ_5,9.8,294,1,0,"[538.96, 107.14, 743.63, 349.79]",1,,frame_index_fps_fallback
-yRb-Jum7EQ_5,9.9,297,1,0,"[541.57, 114.83, 744.8, 360.27]",1,,frame_index_fps_fallback
-yRb-Jum7EQ_5,10.0,300,1,0,"[542.28, 120.92, 748.94, 370.81]",1,,frame_index_fps_fallback
-yRb-Jum7EQ_5,10.1,303,1,0,"[551.2, 138.97, 756.05, 384.91]",1,,frame_index_fps_fallback
-yRb-Jum7EQ_5,10.2,306,1,0,"[555.03, 142.27, 758.17, 388.03]",1,,frame_index_fps_fallback
-yRb-Jum7EQ_5,10.3,309,1,0,"[555.12, 131.89, 759.59, 376.57]",1,,frame_index_fps_fallback
-yRb-Jum7EQ_5,10.4,312,1,0,"[552.64, 126.73, 756.96, 367.98]",1,,frame_index_fps_fallback
-yRb-Jum7EQ_5,10.5,315,1,0,"[547.58, 125.1, 750.19, 366.7]",1,,frame_index_fps_fallback
-yRb-Jum7EQ_5,10.6,318,1,0,"[545.74, 127.16, 748.78, 369.12]",1,,frame_index_fps_fallback
-yRb-Jum7EQ_5,10.7,321,1,0,"[545.54, 129.99, 749.48, 368.79]",1,,frame_index_fps_fallback
-yRb-Jum7EQ_5,10.8,324,1,0,"[547.76, 128.87, 751.05, 374.12]",1,,frame_index_fps_fallback
-yRb-Jum7EQ_5,10.9,327,1,0,"[551.44, 123.49, 755.81, 366.16]",1,,frame_index_fps_fallback
-yRb-Jum7EQ_5,11.0,330,1,0,"[554.73, 123.33, 757.19, 366.06]",1,,frame_index_fps_fallback
-yRb-Jum7EQ_5,11.1,333,1,0,"[562.49, 120.34, 760.19, 358.58]",1,,frame_index_fps_fallback
-yRb-Jum7EQ_5,11.2,336,1,0,"[558.88, 111.58, 757.79, 349.42]",1,,frame_index_fps_fallback
-yRb-Jum7EQ_5,11.3,339,1,0,"[549.96, 103.53, 753.87, 348.38]",1,,frame_index_fps_fallback
-yRb-Jum7EQ_5,11.4,342,1,0,"[545.03, 106.46, 750.98, 348.17]",1,,frame_index_fps_fallback
-yRb-Jum7EQ_5,11.5,345,1,0,"[544.6, 108.84, 750.61, 350.33]",1,,frame_index_fps_fallback
-yRb-Jum7EQ_5,11.6,348,1,0,"[544.83, 109.74, 748.48, 351.21]",1,,frame_index_fps_fallback
-yRb-Jum7EQ_5,11.7,351,1,0,"[546.7, 110.31, 750.5, 353.3]",1,,frame_index_fps_fallback
-yRb-Jum7EQ_5,11.8,354,1,0,"[552.67, 114.67, 750.64, 352.72]",1,,frame_index_fps_fallback
-yRb-Jum7EQ_5,11.9,357,1,0,"[556.35, 117.48, 756.69, 355.67]",1,,frame_index_fps_fallback
-yRb-Jum7EQ_5,12.0,360,1,0,"[555.2, 115.97, 757.97, 360.12]",1,,frame_index_fps_fallback
-yRb-Jum7EQ_5,12.1,363,1,0,"[554.78, 116.89, 758.18, 364.05]",1,,frame_index_fps_fallback
-yRb-Jum7EQ_5,12.2,366,1,0,"[558.0, 124.06, 756.62, 362.93]",1,,frame_index_fps_fallback
-yRb-Jum7EQ_5,12.3,369,1,0,"[557.63, 126.22, 757.33, 364.17]",1,,frame_index_fps_fallback
-yRb-Jum7EQ_5,12.4,372,1,0,"[556.0, 126.16, 758.51, 364.99]",1,,frame_index_fps_fallback
-yRb-Jum7EQ_5,12.5,375,1,0,"[556.8, 123.7, 758.71, 367.74]",1,,frame_index_fps_fallback
-yRb-Jum7EQ_5,12.6,378,1,0,"[557.99, 121.86, 758.96, 366.17]",1,,frame_index_fps_fallback
-yRb-Jum7EQ_5,12.7,381,1,0,"[565.17, 116.52, 760.05, 363.63]",1,,frame_index_fps_fallback
-yRb-Jum7EQ_5,12.8,384,1,0,"[566.5, 114.58, 764.23, 362.65]",1,,frame_index_fps_fallback
-yRb-Jum7EQ_5,12.9,387,1,0,"[570.36, 115.76, 765.12, 361.21]",1,,frame_index_fps_fallback
-yRb-Jum7EQ_5,13.0,390,1,0,"[573.68, 123.06, 768.02, 367.2]",1,,frame_index_fps_fallback
-yRb-Jum7EQ_5,13.133333333333333,393,1,0,"[573.23, 123.94, 768.69, 359.9]",1,,frame_index_fps_fallback
-yRb-Jum7EQ_6,0.0,0,1,0,"[554.5, 117.84, 759.05, 362.97]",1,,frame_index_fps_fallback
-yRb-Jum7EQ_6,0.1,3,1,0,"[554.95, 120.29, 758.43, 363.89]",1,,frame_index_fps_fallback
-yRb-Jum7EQ_6,0.2,6,1,0,"[557.46, 125.62, 757.03, 364.37]",1,,frame_index_fps_fallback
-yRb-Jum7EQ_6,0.3,9,1,0,"[556.97, 126.76, 757.44, 364.73]",1,,frame_index_fps_fallback
-yRb-Jum7EQ_6,0.4,12,1,0,"[556.32, 124.2, 758.57, 366.47]",1,,frame_index_fps_fallback
-yRb-Jum7EQ_6,0.5,15,1,0,"[557.08, 123.61, 758.33, 366.83]",1,,frame_index_fps_fallback
-yRb-Jum7EQ_6,0.6,18,1,0,"[560.64, 119.5, 759.76, 368.06]",1,,frame_index_fps_fallback
-yRb-Jum7EQ_6,0.7,21,1,0,"[566.97, 114.32, 761.97, 361.32]",1,,frame_index_fps_fallback
-yRb-Jum7EQ_6,0.8,24,1,0,"[569.71, 115.46, 763.82, 360.09]",1,,frame_index_fps_fallback
-yRb-Jum7EQ_6,0.9,27,1,0,"[570.9, 120.45, 766.5, 364.24]",1,,frame_index_fps_fallback
-yRb-Jum7EQ_6,1.0,30,1,0,"[573.31, 121.51, 769.2, 360.8]",1,,frame_index_fps_fallback
-yRb-Jum7EQ_6,1.1,33,1,0,"[574.61, 123.62, 769.85, 359.85]",1,,frame_index_fps_fallback
-yRb-Jum7EQ_6,1.2,36,1,0,"[576.34, 123.78, 771.21, 363.15]",1,,frame_index_fps_fallback
-yRb-Jum7EQ_6,1.3,39,1,0,"[573.32, 123.87, 769.62, 364.52]",1,,frame_index_fps_fallback
-yRb-Jum7EQ_6,1.4,42,1,0,"[573.27, 128.84, 770.87, 367.02]",1,,frame_index_fps_fallback
-yRb-Jum7EQ_6,1.5,45,1,0,"[574.86, 140.75, 771.48, 372.09]",1,,frame_index_fps_fallback
-yRb-Jum7EQ_6,1.6,48,1,0,"[575.92, 155.21, 772.66, 385.11]",1,,frame_index_fps_fallback
-yRb-Jum7EQ_6,1.7,51,1,0,"[578.43, 159.9, 776.73, 398.07]",1,,frame_index_fps_fallback
-yRb-Jum7EQ_6,1.8,54,1,0,"[579.3, 167.63, 777.62, 405.88]",1,,frame_index_fps_fallback
-yRb-Jum7EQ_6,1.9,57,1,0,"[580.37, 167.58, 776.84, 402.3]",1,,frame_index_fps_fallback
-yRb-Jum7EQ_6,2.0,60,1,0,"[580.54, 158.55, 775.77, 391.94]",1,,frame_index_fps_fallback
-yRb-Jum7EQ_6,2.1,63,1,0,"[577.59, 151.54, 775.17, 384.55]",1,,frame_index_fps_fallback
-yRb-Jum7EQ_6,2.2,66,1,0,"[579.06, 153.45, 778.02, 386.27]",1,,frame_index_fps_fallback
-yRb-Jum7EQ_6,2.3,69,1,0,"[583.73, 150.67, 781.69, 388.21]",1,,frame_index_fps_fallback
-yRb-Jum7EQ_6,2.4,72,1,0,"[589.14, 138.63, 783.68, 378.53]",1,,frame_index_fps_fallback
-yRb-Jum7EQ_6,2.5,75,1,0,"[589.58, 137.3, 786.52, 371.26]",1,,frame_index_fps_fallback
-yRb-Jum7EQ_6,2.6,78,1,0,"[592.57, 135.25, 786.69, 378.49]",1,,frame_index_fps_fallback
-yRb-Jum7EQ_6,2.7,81,1,0,"[593.82, 137.51, 784.95, 378.58]",1,,frame_index_fps_fallback
-yRb-Jum7EQ_6,2.8,84,1,0,"[591.55, 134.65, 788.06, 377.85]",1,,frame_index_fps_fallback
-yRb-Jum7EQ_6,2.9,87,1,0,"[591.04, 132.95, 790.25, 375.97]",1,,frame_index_fps_fallback
-yRb-Jum7EQ_6,3.0,90,1,0,"[590.11, 131.53, 790.78, 376.23]",1,,frame_index_fps_fallback
-yRb-Jum7EQ_6,3.1,93,1,0,"[589.4, 133.61, 789.66, 378.12]",1,,frame_index_fps_fallback
-yRb-Jum7EQ_6,3.2,96,1,0,"[587.24, 140.49, 779.38, 379.71]",1,,frame_index_fps_fallback
-yRb-Jum7EQ_6,3.3,99,1,0,"[582.98, 145.41, 772.95, 383.92]",1,,frame_index_fps_fallback
-yRb-Jum7EQ_6,3.4,102,1,0,"[576.29, 143.55, 770.04, 382.47]",1,,frame_index_fps_fallback
-yRb-Jum7EQ_6,3.5,105,1,0,"[574.4, 144.6, 767.47, 383.48]",1,,frame_index_fps_fallback
-yRb-Jum7EQ_6,3.6,108,1,0,"[573.1, 144.25, 768.25, 385.54]",1,,frame_index_fps_fallback
-yRb-Jum7EQ_6,3.6999999999999997,111,1,0,"[571.25, 149.55, 766.4, 387.03]",1,,frame_index_fps_fallback
-yRb-Jum7EQ_6,3.8,114,1,0,"[565.9, 150.55, 762.23, 388.06]",1,,frame_index_fps_fallback
-yRb-Jum7EQ_6,3.9,117,1,0,"[563.84, 148.09, 760.0, 383.32]",1,,frame_index_fps_fallback
-yRb-Jum7EQ_6,4.0,120,1,0,"[561.82, 153.23, 759.55, 390.51]",1,,frame_index_fps_fallback
-yRb-Jum7EQ_6,4.1,123,1,0,"[559.65, 154.83, 757.63, 393.0]",1,,frame_index_fps_fallback
-yRb-Jum7EQ_6,4.2,126,1,0,"[556.59, 158.27, 759.64, 395.66]",1,,frame_index_fps_fallback
-yRb-Jum7EQ_6,4.3,129,1,0,"[558.07, 158.83, 760.64, 395.79]",1,,frame_index_fps_fallback
-yRb-Jum7EQ_6,4.4,132,1,0,"[559.68, 159.01, 761.97, 396.99]",1,,frame_index_fps_fallback
-yRb-Jum7EQ_6,4.5,135,1,0,"[558.53, 159.96, 760.69, 396.77]",1,,frame_index_fps_fallback
-yRb-Jum7EQ_6,4.6,138,1,0,"[557.23, 160.51, 758.19, 395.04]",1,,frame_index_fps_fallback
-yRb-Jum7EQ_6,4.7,141,1,0,"[555.11, 155.47, 758.53, 393.47]",1,,frame_index_fps_fallback
-yRb-Jum7EQ_6,4.8,144,1,0,"[550.17, 141.1, 756.31, 383.94]",1,,frame_index_fps_fallback
-yRb-Jum7EQ_6,4.9,147,1,0,"[547.93, 132.64, 753.0, 378.68]",1,,frame_index_fps_fallback
-yRb-Jum7EQ_6,5.0,150,1,0,"[547.41, 129.29, 753.47, 377.59]",1,,frame_index_fps_fallback
-yRb-Jum7EQ_6,5.1,153,1,0,"[547.55, 128.77, 753.28, 377.18]",1,,frame_index_fps_fallback
-yRb-Jum7EQ_6,5.2,156,1,0,"[549.41, 130.03, 755.02, 377.01]",1,,frame_index_fps_fallback
-yRb-Jum7EQ_6,5.3,159,1,0,"[549.8, 130.4, 755.45, 377.42]",1,,frame_index_fps_fallback
-yRb-Jum7EQ_6,5.4,162,1,0,"[552.63, 131.73, 757.3, 374.68]",1,,frame_index_fps_fallback
-yRb-Jum7EQ_6,5.5,165,1,0,"[554.98, 131.01, 755.82, 378.04]",1,,frame_index_fps_fallback
-yRb-Jum7EQ_6,5.6,168,1,0,"[557.79, 123.82, 755.84, 369.63]",1,,frame_index_fps_fallback
-yRb-Jum7EQ_6,5.7,171,1,0,"[558.15, 118.09, 755.38, 363.87]",1,,frame_index_fps_fallback
-yRb-Jum7EQ_6,5.8,174,1,0,"[558.56, 117.3, 754.1, 365.33]",1,,frame_index_fps_fallback
-yRb-Jum7EQ_6,5.9,177,1,0,"[558.44, 118.21, 753.26, 365.64]",1,,frame_index_fps_fallback
-yRb-Jum7EQ_6,6.0,180,1,0,"[561.37, 127.38, 756.69, 369.18]",1,,frame_index_fps_fallback
-yRb-Jum7EQ_6,6.1,183,1,0,"[563.16, 125.12, 758.02, 365.83]",1,,frame_index_fps_fallback
-yRb-Jum7EQ_6,6.2,186,1,0,"[565.24, 126.82, 758.99, 365.19]",1,,frame_index_fps_fallback
-yRb-Jum7EQ_6,6.3,189,1,0,"[567.58, 130.93, 761.11, 364.41]",1,,frame_index_fps_fallback
-yRb-Jum7EQ_6,6.4,192,1,0,"[569.43, 132.16, 763.95, 362.83]",1,,frame_index_fps_fallback
-yRb-Jum7EQ_6,6.5,195,1,0,"[570.33, 130.37, 764.59, 366.22]",1,,frame_index_fps_fallback
-yRb-Jum7EQ_6,6.6,198,1,0,"[570.52, 129.94, 767.0, 368.47]",1,,frame_index_fps_fallback
-yRb-Jum7EQ_6,6.7,201,1,0,"[573.47, 131.11, 768.17, 377.12]",1,,frame_index_fps_fallback
-yRb-Jum7EQ_6,6.8,204,1,0,"[574.05, 129.95, 771.14, 376.42]",1,,frame_index_fps_fallback
-yRb-Jum7EQ_6,6.8999999999999995,207,1,0,"[572.98, 132.94, 768.42, 373.66]",1,,frame_index_fps_fallback
-yRb-Jum7EQ_6,7.0,210,1,0,"[567.72, 127.61, 766.26, 370.02]",1,,frame_index_fps_fallback
-yRb-Jum7EQ_6,7.1,213,1,0,"[567.56, 130.69, 765.92, 371.3]",1,,frame_index_fps_fallback
-yRb-Jum7EQ_6,7.2,216,1,0,"[565.72, 132.38, 763.29, 373.04]",1,,frame_index_fps_fallback
-yRb-Jum7EQ_6,7.3,219,1,0,"[564.08, 133.02, 764.11, 374.34]",1,,frame_index_fps_fallback
-yRb-Jum7EQ_6,7.3999999999999995,222,1,0,"[565.3, 136.58, 763.87, 375.74]",1,,frame_index_fps_fallback
-yRb-Jum7EQ_6,7.5,225,1,0,"[562.9, 138.09, 762.88, 376.31]",1,,frame_index_fps_fallback
-yRb-Jum7EQ_6,7.6,228,1,0,"[559.41, 143.88, 759.02, 377.97]",1,,frame_index_fps_fallback
-yRb-Jum7EQ_6,7.7,231,1,0,"[556.32, 143.87, 758.69, 378.4]",1,,frame_index_fps_fallback
-yRb-Jum7EQ_6,7.8,234,1,0,"[554.6, 143.63, 755.54, 375.3]",1,,frame_index_fps_fallback
-yRb-Jum7EQ_6,7.8999999999999995,237,1,0,"[552.75, 139.68, 755.77, 373.06]",1,,frame_index_fps_fallback
-yRb-Jum7EQ_6,8.0,240,1,0,"[550.02, 136.52, 757.83, 371.07]",1,,frame_index_fps_fallback
-yRb-Jum7EQ_6,8.1,243,1,0,"[550.28, 137.0, 757.25, 370.56]",1,,frame_index_fps_fallback
-yRb-Jum7EQ_6,8.2,246,1,0,"[550.43, 136.27, 757.42, 370.93]",1,,frame_index_fps_fallback
-yRb-Jum7EQ_6,8.3,249,1,0,"[550.47, 136.28, 757.37, 371.28]",1,,frame_index_fps_fallback
-yRb-Jum7EQ_6,8.4,252,1,0,"[552.63, 139.87, 755.79, 372.28]",1,,frame_index_fps_fallback
-yRb-Jum7EQ_6,8.5,255,1,0,"[555.04, 139.37, 756.38, 374.39]",1,,frame_index_fps_fallback
-yRb-Jum7EQ_6,8.6,258,1,0,"[555.46, 140.09, 756.76, 374.62]",1,,frame_index_fps_fallback
-yRb-Jum7EQ_6,8.7,261,1,0,"[555.46, 139.93, 757.1, 374.83]",1,,frame_index_fps_fallback
-yRb-Jum7EQ_6,8.8,264,1,0,"[553.39, 138.47, 756.27, 374.89]",1,,frame_index_fps_fallback
-yRb-Jum7EQ_6,8.9,267,1,0,"[553.7, 141.04, 755.1, 377.57]",1,,frame_index_fps_fallback
-yRb-Jum7EQ_6,9.0,270,1,0,"[550.62, 142.04, 749.21, 384.57]",1,,frame_index_fps_fallback
-yRb-Jum7EQ_6,9.1,273,1,0,"[551.95, 150.82, 744.99, 386.12]",1,,frame_index_fps_fallback
-yRb-Jum7EQ_6,9.2,276,1,0,"[546.84, 158.02, 741.57, 389.93]",1,,frame_index_fps_fallback
-yRb-Jum7EQ_6,9.3,279,1,0,"[545.61, 160.31, 739.22, 390.89]",1,,frame_index_fps_fallback
-yRb-Jum7EQ_6,9.4,282,1,0,"[550.37, 153.38, 746.13, 387.26]",1,,frame_index_fps_fallback
-yRb-Jum7EQ_6,9.5,285,1,0,"[552.43, 146.0, 748.2, 387.33]",1,,frame_index_fps_fallback
-yRb-Jum7EQ_6,9.6,288,1,0,"[553.74, 144.96, 752.96, 387.35]",1,,frame_index_fps_fallback
-yRb-Jum7EQ_6,9.7,291,1,0,"[553.96, 142.33, 754.47, 382.09]",1,,frame_index_fps_fallback
-yRb-Jum7EQ_6,9.8,294,1,0,"[561.05, 137.34, 763.16, 382.94]",1,,frame_index_fps_fallback
-yRb-Jum7EQ_6,9.9,297,1,0,"[568.63, 148.13, 767.8, 393.33]",1,,frame_index_fps_fallback
-yRb-Jum7EQ_6,10.0,300,1,0,"[581.02, 157.19, 774.54, 402.94]",1,,frame_index_fps_fallback
-yRb-Jum7EQ_6,10.1,303,1,0,"[582.93, 150.24, 777.66, 396.04]",1,,frame_index_fps_fallback
-yRb-Jum7EQ_6,10.2,306,1,0,"[584.02, 150.06, 780.07, 391.43]",1,,frame_index_fps_fallback
-yRb-Jum7EQ_6,10.3,309,1,0,"[582.44, 150.69, 777.15, 393.37]",1,,frame_index_fps_fallback
-yRb-Jum7EQ_6,10.4,312,1,0,"[582.92, 151.93, 775.24, 395.3]",1,,frame_index_fps_fallback
-yRb-Jum7EQ_6,10.5,315,1,0,"[585.74, 152.38, 777.55, 397.1]",1,,frame_index_fps_fallback
-yRb-Jum7EQ_6,10.6,318,1,0,"[577.27, 154.23, 775.69, 385.21]",1,,frame_index_fps_fallback
-yRb-Jum7EQ_6,10.7,321,1,0,"[574.65, 160.52, 772.42, 392.43]",1,,frame_index_fps_fallback
-yRb-Jum7EQ_6,10.8,324,1,0,"[583.67, 174.41, 757.78, 388.71]",1,,frame_index_fps_fallback
-yRb-Jum7EQ_6,10.9,327,1,0,"[585.9, 173.19, 761.35, 377.88]",1,,frame_index_fps_fallback
-yRb-Jum7EQ_6,11.0,330,1,0,"[591.85, 174.79, 773.23, 374.9]",1,,frame_index_fps_fallback
-yRb-Jum7EQ_6,11.1,333,1,0,"[596.28, 161.4, 795.42, 374.55]",1,,frame_index_fps_fallback
